"TOKEN";"REFTEXT"
"105mmHEAT";"105mm HEAT"
"11mm45ACP";"11,43mm"
"120mmHEAT";"120mm HEAT"
"12_7mm";"12,7mm"
"136mm";"136mm"
"136mmHEAT";"136mm HEAT"
"155mm";"155mm"
"160mm";"160mm"
"220mm";"220mm"
"25mm";"25mm"
"330kg";"330kg"
"35mm";"35mm"
"375kg";"375kg"
"450kg";"450kg"
"454kg";"454kg"
"58mmHEAT";"58mm HEAT"
"64mmHEAT";"64mm HEAT"
"67mmHEAT";"67mm HEAT"
"68mmHEAT";"68mm HEAT"
"70mmHEAT";"70mm HEAT"
"80mmHEAT";"80mm HEAT"
"84mmHEAT";"84mm HEAT"
"85mmHEAT";"85mm HEAT"
"89mmHEAT";"89mm HEAT"
"93mmHEAT";"93mm HEAT"
"AAA";"87mm"
"AAAQTWFGNM";"L44"
"AACWSMBPQV";"SeaCat"
"AAIUHEQSKB";"M548A2 보급"
"AAJWCTDKBZ";"11 Dywizja Pancerna"
"AALVGAILXQ";"SARH"
"AAM";"AAM"
"AAPDCBSJTJ";"MG-42/59"
"AAUUXHQSWV";"EE-11 URUTU"
"ABADWHZSCK";"2-95-y Gv. Tank. Polk"
"ABBNPXUAHZ";"Kom./12-ya Gv. Tank. Div."
"ABDMLZXLBS";"CH-53G MUN."
"ABESDAGQJQ";"N.G. M901 ITV"
"ABFHGHQSQY";"전자광학 교란기는 해당 지상 유닛을 표적으로 삼는 모든 유도미사일에 ECM 10% 페널티를 부여합니다."
"ABFHMYOIRT";"3-4. MSP"
"ABHXWSSYYG";"CENTURION Mk.5 AVRE ROMOR"
"ABHXXGGQAH";"FK20-2 20mm"
"ABJNJWUXBR";"1-55 pz"
"ABPPKWWFIM";"GVARDEITSY (Metis)"
"ABQKCQLERY";"79-YA GV. TANK. DIV."
"ABSBQCYNRM";"III./PR-11"
"ABVHMMYNTR";"Mortier 60mm"
"ABVQQMXMNT";"17-YA GV. TD OFFICIAL BATTLEGROUP"
"ABXEWWLNON";"PARA. SULTAN"
"ABXZZKEOVW";"M270 MLRS [HE]"
"ABZJZFFCLY";"CETME 306"
"ABZVLZDSML";"경보병 (RCL)"
"ABZZRTXXNU";"Spetz. Otd. Vertoletniy Polk"
"ACAOGGXXIM";"I./PR-11"
"ACAWDQDZZX";"4 pdes"
"ACCLMCNNMU";"2ste Wing"
"ACCWHHPRFW";"M41"
"ACDTKEFKEU";"1. LUFTLANDE-DIVISION"
"ACEANSDDRU";"2-68-y Gv. MSP"
"ACFBRAIIYM";"차량화소총병"
"ACFMDGCSNP";"20-y Otd. Tank. Bat."
"ACFVABOODA";"BM-27 URAGAN"
"ACOKFUBEAA";"건십 항공기"
"ACPUWIUFYN";"RAZV. T-64B1"
"ACWGOCTCQU";"3-11th Arm. Cavalry Rgt."
"ADBKNTNLBV";"LAW 80"
"ADDJEPCHQB";"M1A1"
"ADDWFTZCMH";"HSS.820"
"ADEDGBNKSU";"931-y ORAP"
"ADJOTWFDWT";"9M14P Malyutka-P"
"ADKSIEEMKY";"Carl Gustav M2"
"ADLBSHWBFM";"47 Painfbat"
"ADNABMLKBC";"FlaRak-Oerlikon (HE)"
"ADNYMLAFDK";"#US 1st Brigade"
"ADOTINBXUQ";"경보병 (LAW)"
"ADRUAFUAHP";"TOW 2"
"ADSOUOHZPQ";"3-PPCLI"
"ADXCMYZPGH";"BRDM-2 KONKURS"
"AEBIUFAKTA";"M3 ETAS"
"AECLNSXSKA";"Panzer-Bat. 224"
"AEGBBLTKWZ";"AH-1F ATAS"
"AEHIQWSITF";"Mi-24P [AT3]"
"AEINBNGLTE";"152E DIVISION D'INFANTERIE"
"AEOMLGDIKV";"HOCHGEBIRGSJÄGER"
"AEOPMJPYFC";"A wz. 1931/37/85 122mm"
"AEPGKDLZEJ";"T-72AK"
"AEPNPFBPRX";"MARECHAUSSEE"
"AESKREQCRA";"CMDT MARSOUINS"
"AEVGTOAMCA";"UH-1H CO"
"AEXZKCFCSZ";"Barret M82"
"AFAAMDFYAP";"#DDR 8. Panzer-Rgt."
"AFDRIJUSCW";"Kh-58U"
"AFEMZNLWIT";"전차포"
"AFEOBWUAJG";"1-239-y Gv. Tank. Polk"
"AFIOFRYZGO";"TOA-LAG"
"AFJCOTRQIO";"M60"
"AFJDSIVAHJ";"다연장로켓 발사기"
"AFJHHKUTVV";"S-61A"
"AFJRXKGQLD";"2A17"
"AFJWXFWHID";"16-ya Gv. IAD"
"AFKFHFCXWT";"35-y IAP"
"AFLMSJGIWC";"3-247-y Gv. MSP"
"AFMGUIIEAD";"Generální štáb ČSLA"
"AFPUXFVNKD";"152mm"
"AFRCYNDJOA";"M1IP ABRAMS CP"
"AFRKTAGWYH";"2-MSR. 9"
"AFSKFYGENE";"25-YA TANK. DIV."
"AFUPSCGVHW";"적외선"
"AFUXVYLQGF";"M72A3 LAW"
"AFXTUKTMCP";"1-PR-8"
"AFYWPQUBSY";"D-10T2S"
"AFZWMSBFVX";"N.G. M2 BRADLEY IFV"
"AGBQFAGBHU";"Luftwaffe"
"AGEJLNESRU";"I,/Royal Green Jacket"
"AGGXQFNIHU";"M113A3 DRAGON"
"AGKQYWXTMU";"Mi-8MT [RKT 1]"
"AGM_air";"공대지 미사일"
"AGOYWKHFDN";"공수공병"
"AGQCKLSPTX";"AH-64A APACHE"
"AGUPJGPAJY";"FLA-MG ZPU-4"
"AGWQLEKBYS";"CM.170 MAGISTER"
"AHABEXABNX";"미 공군 경비 순찰대"
"AHDJQGBNVN";"AS.11"
"AHEXZYLYSQ";"Konkurs-M"
"AHJPOIPHBW";"50 pułk zmech."
"AHKSXTETYU";"CRV-7 FAT"
"AHMSXHUILV";"BMP-1P (Konkurs)"
"AHNTSVVWQQ";"#RFA  7. Artillerie-Regiment"
"AHNVRDFHNY";"주방위군 항공여단"
"AHOANQGINT";"OH-58C CMD"
"AHRBWOLUIL";"1-30-y Gv. Tank. Polk"
"AHRDCEQTFS";"20-y otd. Razvedka Bat."
"AHUFFYISOA";"ASpide 1.A"
"AHVCVOILJF";"402 Rgt. d'Artillerie"
"AHWBWDIMAP";"MiG-23MLD [AA2]"
"AIGXQLTONK";"1 Field Rgt. RHA"
"AIGXXYSOTK";"USMC LAV-L"
"AIITRYYOBF";"7 BRYG. ART. ARMAT"
"AIKNEWCKVN";"Esc. de Chasse 2/3 Champagne"
"AILWOSUNPQ";"PUMA ORCHIDEE"
"AIMABJTUXN";"48-ya MSD"
"AIMXKTZUUE";"L4A4"
"AIWZAGRWYJ";"FlaRak-Bat. 35"
"AIZEQKRKMQ";"DSh. AFGANTSY"
"AJBSLWGETS";"SDRA 8"
"AJHTNBGUSH";"Su-7BKŁ [HE]"
"AJJMVVKDUM";"DSh. SAPERI KOM."
"AJKQDPWROU";"216. Protitankový Pluk"
"AJLQBJRPNP";"M3P"
"AJLYKXQOGW";"CN-105 F1"
"AJMCQNBLDE";"Geb.Sich.-Bat. 88"
"AJMHVBCZHE";"1-23 Baa"
"AJSCHOOPDI";"OA-10A"
"AJSWBANTOA";"11TH ARM. CAVALRY REGT."
"AJVJHHKJOS";"3-670-y Art. Polk"
"AJWXIFAQSE";"250kg"
"AJZGBZYDQL";"정찰 유닛"
"AKARAWTEKC";"I./AR 11"
"AKGGHMYQRW";"A-7D CORSAIR II"
"AKHYWDOXPE";"4-3rd Field Artillery Rgt."
"AKJZFEFBDM";"94mm HEAT"
"AKMTGSYWRY";"#FR 1e Brigade"
"AKQDOCIEDU";"2-PR-8"
"AKQFFHAKKU";"AUVERLAND A3"
"AKQQRURYNR";"s.Jäger-Bat. 522"
"AKQVWDMUOM";"1-6-34-ya Artilleri. Div."
"AKSEXBWRFV";"TELEOKA"
"AKTGYZPMMN";"2-153-y Tank. Polk"
"AKWMCPTQAT";"#SOV 30-ya Gv. MSD"
"AKXPHVOVGV";"Mi-24P [AT1]"
"AKYYYWAHWV";"F-8P CRUSADER [AA2]"
"AKZHVRMBJU";"JÄGER (PzF)"
"ALARNSNHJW";"Bofors L/60"
"ALBKAPAUKL";"이 유닛은 전자전 장비를 갖추고 있으며, 적의 전자장비·레이더·신호를 탐지하거나 교란하는 데 특화되어 있습니다."
"ALGTOSSQJM";"M3 BRADLEY CFV"
"ALHPTMHHOD";"3 GGW"
"ALKFQZOOCZ";"II./MSR. 22"
"ALKPBXLQQU";"23mm"
"ALLLZKRAJP";"S-53"
"ALOZJLFFIW";"CN-105 L/57"
"ALPNUWBDCU";"M38A1C M40A1"
"ALPXELOHYX";"DESANT. MOR. IGLA"
"ALQOHGHFXP";"#FR 1ère Division Blindée"
"ALVEDFDRFQ";"MNAD"
"ALWAYIBMIS";"M1008 CUCV 보급"
"ALWPCGMBSP";"JAGUAR 2"
"ALXZMLVUCG";"TU-143"
"ALZBLDVZPO";"근위대"
"ALZWVJWACC";"Faktoriya"
"AMASYORJLT";"25. MOT.-SCHÜTZEN-REGIMENT"
"AMAXUWWFSR";"M56 105mm"
"AMCKUQERYQ";"S-8KOM"
"AMGJNIXTWY";"3-57y GvMRD"
"AMHHORWQVK";"Jäger-Bat. 126"
"AMIROHSLAO";"대전차조"
"AMJTVUIMKK";"DANA"
"AMNVWRRRNO";"G3A3"
"AMQFXFYFWC";"KrAZ-260 (보급)"
"ANAOREKCJU";"MOR. RAZV. T-55AMD"
"ANIIELXLXU";"CLKA"
"ANIOMUAMCW";"MARINEPIONIER"
"ANLKTNVUHZ";"Panzer-Bat. 304"
"ANLVVDRSHL";"#RFA VBK 44"
"ANOCRSJMZP";"M110A2"
"ANPPTKTCFL";"üsMGSPz"
"ANRQMAYVUS";"W-3RR PROCJON"
"ANRXEKBTDA";"GR.-MG 30mm"
"ANXWOTDCFT";"#SOV 117-y Gv. MSP"
"AOBHAGRXZY";"EM-3e DB"
"AOBQXDQNAU";"#DDR  4. Panzer-Rgt."
"AOEDPQJPAX";"5. Stíhací Letecké Pluk"
"AOEHCYMAPL";"DAF YHZ-2300 VRACHT"
"AOGFTLIBWR";"322. Kanónová Dělostř. Brigáda"
"AOGIWTGQOU";"PALR MILAN 1"
"AOKOIQFIOW";"896-y Zen. Art. Polk"
"AORQXDFYXN";"AVL-100"
"AOSEDOIQMG";"1ste Karabiniers-W."
"APBQJLNXZR";"1 gb 51 pz"
"APBSJPZCMZ";"AMX-10 RC SPAHIS"
"APC";"장갑병력수송차"
"APCPSZEYBI";"2-47. DP"
"APDSZLWQLY";"2-1. TP"
"APNHOFRVSA";"VELITEL POHRANIČNÍKŮ"
"APOBVKZTNZ";"ZPU-4"
"APOTDIOQJK";"10 pułk zmech."
"APSOULRRPI";"LRS"
"APULYVEFXM";"WESSEX HC.2"
"APWHVTICZW";"42nd Field Art. Group"
"APYBNNJIAC";"#RFA PzGrenadier-Brigade 11"
"APYUTPTBWE";"ALOUETTE III"
"AQCDISWEEA";"4de Pantserinfanteriebrigade"
"AQDLNLWTIW";"M119 105mm"
"AQGIKGLSPI";"공중기동 정찰병"
"AQGIYBPDWI";"UNIMOG S404"
"AQLYVYIHLV";"3-MSR. 28"
"AQMSRANMEO";"3-26-y Tank. Polk"
"AQNOHCKCBQ";"TORNADO IDS [MW1]"
"AQQDJDWSHM";"4-Air Defence Rgt."
"AQSUDZPOIE";"409TFS"
"AQUDTEDJGF";"17-y otd. Gv. Razvedka Bat."
"ARAAVINTVS";"미 해병대 공중기동 소총병"
"ARDAQLIWOF";"2A72"
"ARDXKSHFIO";"AIRLIFT 특성을 지닌 헬리콥터는 AIRLIFT 유닛을 수송할 수 있습니다."
"AREQSWFXOZ";"3-MSR. 2"
"ARGPWMWYIP";"RCA Farnesio"
"ARUWMRHZOS";"Mi-2URP"
"ARYVBFPHLZ";"HR.15"
"ARZDNMYCBF";"7,62mm"
"ARZXNCXWES";"공중기동 소총병"
"ARZYZEUPHM";"#RFA  2. Panzer-Brigade"
"ASCLPQWUCF";"T-80BK"
"ASCTTIHICG";"Jäger-Bat. 351"
"ASGSZQMRWI";"HSS.804 x3"
"ASIXEZZPUC";"PzArt.-Lehr-Bat. 95"
"ASLYRKTTFT";"Type 63"
"ASNXDABRRI";"#CZ 15. Tankový Pluk"
"ASNXXHWTZY";"M72A3 LAW"
"ASTRZUIEKM";"4-14th Field Artillery Rgt."
"ASVSZZFSXM";"421TFS"
"ASXUVXPHEC";"1-221-y otd. Tank. Polk"
"ASYDABDYLS";"MILAN 1"
"ASYIJSXBNR";"M68A1"
"ASZEECLHWI";"#CZ 6. Motostřelecký Pluk"
"ATBGTTBOOP";"PKM 7,62mm"
"ATIJODDPQO";"PUMA PC"
"ATNHPRZBUA";"8. MOT.-SCHÜTZEN-DIVISION"
"ATOBOXCCCA";"USMC M60A1"
"ATRSJNNSTW";"3-1. TP"
"ATRWRPYAAX";"2-17. TP"
"ATVCNDPGYW";"M113 TUA"
"ATVFFBXGHR";"3-37 pa"
"ATWUBYUYAD";"HS 3-14 HA CH (보급)"
"ATZWDQSGLU";"9 ACC"
"AUAGASKMME";"L1A1 SLR"
"AUBZYRMSFQ";"RAF Wildenrath"
"AUHZNAMAIM";"28-y Korpus"
"AULMUXAGJS";"1er Cuirassiers"
"AULZGZNGFS";"공병 (FLASH)"
"AUNIBWUORN";"N.G. AH-1E Cobra"
"AURNOXUABU";"GAMA GOAT"
"AUWTEZSSWQ";"T-55AM2"
"AUXDJZLFZH";"MOTOSTRELKI (Metis)"
"AUZQMXVNXD";"1-JaboG 34"
"AUZXMJPIPI";"VBK 43"
"AVADEJZTGN";"Bofors L/70+"
"AVBROAADIC";"MiG-29 9.13"
"AVECFAUIAO";"3-33-y Tank. Polk"
"AVMYDCHIWT";"3-36 pz"
"AVNLSBUWRA";"MiG-21MF [AA]"
"AVOOYYZYCC";"The Queen's Own Hussars"
"AVQFEIEAFN";"PEGASO 3046 GAI BO1"
"AVVKXFJGYJ";"4-7th Cavalry Sq."
"AVWSBJWOHY";"SPW-50PK"
"AVXRSEIXOD";"Esc. de Chasse 3/2 Alsace"
"AVZSKMSVJJ";"CERBERE 76T2 20mm CPA"
"AWAHZETGFU";"HSS.630"
"AWBIYRISUB";"Ataka"
"AWDHJZIYNZ";"FUSILIER (RL-83)"
"AWEGMAKKKK";"3-MSR. 34"
"AWFBZXLLBJ";"Mig-23ML [UPK]"
"AWINESUMIZ";"82ND AIRBORNE DIVISION"
"AWIWEKVAIJ";"Napalmbombe 200"
"AWOBLGGOGY";"DPM"
"AWOIUKAHLW";"Fliegerhorstgruppen"
"AWPMDFADLP";" ROZP. BWP-1 "
"AWQBHAVGCB";"350ste Smaldeel"
"AWQFXCMCUG";"M50/63"
"AWQRWPHHGJ";"40L70 BOFI-L"
"AWUUHSJIKQ";"#US  1st Brigade"
"AWWVIEIQKI";"BEDFORD TM 보급차량"
"AWXLXVTEED";"MARINES M2HB 12,7mm M63"
"AWZLLXFHCI";"#BEL 9ste Wing"
"AXAIYZVLZL";"3M9M1"
"AXCMIJPHEH";"2S1 GOŹDZIK"
"AXGXNKCDFQ";"C6"
"AXJSSNYKIL";"Token inexistant KRMQACEQWU dans SERIOUS_Localisation_Unites"
"AXJVOHLXHJ";"1-47-y Gv. Tank. Polk"
"AXKUOHLDNS";"91-y Inzhenerno-Sapornyy Polk"
"AXKVXWZJCS";"2-15. TP"
"AXMFNDZZYM";"SICHERUNGS"
"AXNMBLVBYK";"AIM-9L"
"AXUCEPYFGX";"Mi-8PPA"
"AXWQXMNMYQ";"RAPIER FSB1"
"AXXAJYRSJC";"SPz BMP-2"
"AXXOOHWQNG";"SEA KING Mk.48"
"AYBGFCLHKR";"Panzer-Lehr-Bat. 94"
"AYFYMMOJWL";"PARA. M2HB 12,7mm"
"AYHDTFWXIG";"이 차량은 전장에서 포병 같은 중장비를 견인하도록 설계되었습니다. 견인차량은 지프와 대형 트럭부터 전용 포병 견인차까지 다양합니다."
"AYIXPSLCJI";"MiG-21bis [AA2]"
"AYJONPOBIT";"공중전 전투력"
"AYQBZBOJLZ";"StG 942"
"AYQCTBAHER";"GENDARMES"
"AYRHDRPHGK";"HSF"
"AYRQRMNAWN";"2-170-y Gv. MSP"
"AYRYJXRJAN";"Jäger-Bat. 731"
"AYSGUOHVLF";"MIRAGE F1 CT [LGB]"
"AYSVVGTMSJ";"D-30"
"AYVUFSWQPV";"3-27 pz"
"AYVZNNKUNS";"Fagot"
"AYWOZJLILB";"4-322. KDBr"
"AYYEXEKALK";"AMX-30EM2 MANDO"
"AYYFCURSKV";"3-6. MSP"
"AYYOIYKCVF";"kbk AKM"
"AZCAYKEDIE";"ZSU-57-2"
"AZHTLMUIBE";"#RFA  9. Panzer-Lehr-brigade"
"AZHWZCSBGK";"UAZ-469 KPV"
"AZLEVXCNHI";"Gr.Wfr. 2S12 120mm"
"AZMSQPHHAN";"Jäger-Bat. 641"
"AZMYQYGHBG";"2-6. DP"
"AZOQDXWRJB";"DESANT. PLAMYA 30mm"
"AZOUWBUTKS";"S-24"
"AZPGHXQUQG";"773-y IAP"
"AZSMLZYRTG";"41 Painfbat"
"AZUUMDKVLC";"MT-12 Rapira 100mm"
"AZZCODQNFN";"20. MOT.-SCHÜTZEN-DIVISION"
"AZZUSLJWXI";"#US  3rd Infantry Div."
"Attacker";"돌파전 - 공격측"
"B2";"PANZER B2(f)"
"BABJKBKYAG";"368-Y OCHAP"
"BABQINDBVH";"11. PLRP"
"BACEHWIRLX";"#US  72nd Field Artillery Brig."
"BAHLYMAFMD";"2ND ARM. CAVALRY REGT."
"BAOKCCLVWA";"L65/120"
"BAPEFRPLHH";"7e Blindee (Ally)"
"BARXEWGQRV";"GRENZER"
"BASZNBWSHJ";"L7A2"
"BAUAWSBGFV";"3-104. MSP"
"BAUDRTEJYI";"L7"
"BAWVOQSEFQ";"1-241-y Gv. MSP"
"BBAZGMOIJX";"#RFA  33. Panzer-Brigade"
"BBDDKKWNZB";"MOR. RAZVEDKA"
"BBESQIKHRT";"Escadre de Chasse 11"
"BBGZELWXDV";"Konkurs"
"BBHCKHRGFA";"MiG-23ML [AA2]"
"BBJUOPUDJW";"T-55AM"
"BBKBNBVBOL";"M2HB 12,7mm M63"
"BBQBDWUTJX";"중기관총"
"BBSAOYFJLI";"M43"
"BBYWJZBZJU";"2-70th Armored Bat."
"BBZGBCCNXQ";"LEOPARD 1A1A1"
"BCDKHVLUEI";"HQ-4th Armoured Div."
"BCECFLAJVP";"5. PLRP"
"BCEIRFSQBG";"PzArt.-Bat. 215"
"BCFSIRPXKP";"AIM-9L"
"BCHKCBMUMD";"14de Linie"
"BCIWIRCVLN";"LFP-54"
"BCJTMYGGCG";"VAB RASIT"
"BCKEMQPEEW";"S-8KOM"
"BCMOGMTUQN";"PSZH-F"
"BCMSMQVLPE";"FlaRak-Gruppe 43"
"BCOBGWUHGN";"Flugabwehr-Rgt. 200"
"BCQRVVEIBP";"Panzer-Bat. 24"
"BCSLBVNXON";"#RFA  32. Panzergrenadier-Brigade"
"BDBGCFEBCF";"#FR 11e Div. Parachutiste"
"BDECROSEDP";"8de Lansiers"
"BDEUDZTJCA";"T-72M-E2  INSTRUKT."
"BDHNCQBQOV";"N.G. M151A2 I-TOW"
"BDPDEDLPVU";"M-63 PLAMEN"
"BDUATMPNTH";"Kom./15-ya Gv. Tank. Div."
"BDUSIIVBJY";"MARINEPIONIER FÜH."
"BDUYPJLETE";"MT-LB STRELA-10M3"
"BDYMMVNDPQ";"1-8. TP"
"BDZHXVNXCH";"#BEL  COMRECCE"
"BEEDFVXRGO";"PRÁM-S"
"BEGLGQZKJN";"308th Cannon Art. Brig."
"BEGNJMRWDP";"S-60"
"BEGVNHDVYI";"3-64th Armored Bat."
"BEHVOMXOYJ";"#SOV 115-y otd. Tank. Polk"
"BEHVOTONRS";"ACM-52"
"BEKNBGQZUF";"M44A1"
"BELRVEDPKT";"STINGER MARINER"
"BEMTBGTJZR";"AH-64A APACHE [ATGM]"
"BEOPGTESSZ";"Pz.Gren.-Bat. 101"
"BEPTJMRWLH";"PzGrenadier-Bat. 51"
"BERDTBHNZD";"1-58th Mech. Infantry Bat."
"BERHQPQPHU";"이 유닛은 전파 방향탐지 장비를 갖추고 있습니다. 적의 무선 신호를 감청한 뒤 삼각측량하여 적 유닛의 대략적인 위치를 찾아냅니다.  "
"BETVYSVOTB";"3-24 Bm"
"BEUPSEPVHJ";"2-77th Field Artillery Rgt."
"BEWQHTIUUV";"4-7 Bah"
"BFAXTEPGBB";"Panzer-Bat. 354"
"BFCFNEMWNZ";"Dépôt de munition"
"BFCNXFWRBY";"M-240"
"BFGEBPUKMF";"STARSTREAK LML"
"BFGJWMXMMO";"M115"
"BFGQYFOYCG";"DESANT. 2B9 VASILEK"
"BFHCIUHWQJ";"12. PANZERDIVISION"
"BFIIQLYFYH";"II./MSR. 16"
"BFIYGCIITO";"303-ya Gv. Artilleri. Brigada (-)"
"BFJEKTSVNL";"Panzer-Bat. 324"
"BFJQSFCDMQ";"Kom. 8-y Gv. Armii"
"BFMMTTTZXB";"RAF Laarbruch"
"BFMTKMUMTD";"27-GV.MTSK. OFFICIAL BATTLEGROUP"
"BFQPKKNMLG";"EM-12e DBL"
"BFQQJSXJWJ";"2-MSR. 32"
"BFWAYRHQNE";"OKHRANA"
"BFWRDYPXZS";"9e RAMa"
"BGANMGCHQZ";"PMZ"
"BGGNUOZIAN";"T-55AM MERIDA"
"BGHQMTCHZK";"OT-64C"
"BGIPDWUZNN";"336-YA O.G. BRIGADA MORSKOY PEKHOTY"
"BGJCUOPZQO";"VÝS. PTŘS FAGOT"
"BGKHTMZYRF";"대공포(AA)는 저고도로 비행하는 공중 표적을 격추하도록 설계되었습니다. 빠른 선회와 높은 발사속도·고각을 확보하기 위해 2연장 또는 4연장 포가로 운용되는 경우가 많습니다. 구형 모델은 유도장비가 없어 활용에 제약이 있을 수 있지만, 발전된 체계는 거리측정기, 사격통제 컴퓨터와 레이더를 갖춥니다."
"BGKQWCFSDP";"130TH ENGINEER BRIGADE"
"BGKUESYGBX";"T-64BK"
"BGPZGJBSGN";"PaK K-52 85mm"
"BGSZOTEXKH";"19. MOTOSTRELECKE DIVIZE TEST"
"BGTDNRYIPH";"81st Tac. Fighter Sq."
"BGWEKLGCXX";"Type 60"
"BGWSAINBLP";"8th Canadian Hussars"
"BGYAZJVSTQ";"SD-100"
"BGYRIZVYJI";"GAZ-66 SNAB."
"BGZSZWUZOT";"OTDELENIE PODDERZHKI"
"BHALIAPYVX";"Type 60"
"BHEMODXOTX";"CENTURION Mk.5/1"
"BHGYSMJWHV";"1V119 REOSTAT"
"BHHDFFEOQK";"MIRAGE 2000C RDI"
"BHLOEJKNIW";"525th Tac. Fighter Sq."
"BHMSCBDQDA";"No. 17/31 Squadron"
"BHTPTWDFFG";"1-585-y Art. Polk"
"BHZJSYQRLF";"#up{AVERAGE}"
"BIDXNJSGPX";"Feldjäger-Bat. 742"
"BIEGGDXKZZ";"1-14. TP"
"BIHXAJRCJA";"TERRITORIALKOMMANDO SÜD"
"BINHREGTEN";"#CZ 104. Motostřelecký Pluk"
"BIQPQQKFVM";"1-96-y Art. Polk"
"BITCOFMASC";"#US  2nd Brigade"
"BITJAEVRZC";"VOPOS"
"BIUCNXPARH";"DRUZYNA PPANC."
"BIWUYYMXDT";"1-375-y Tank. Polk"
"BJADEMCCJI";"RAZVEDKA"
"BJAYTQSHTD";"454kg"
"BJBBCSKWUS";"Mi-2RO "
"BJDEVDCPXN";"FA-15"
"BJDUIBCFVY";"7 (Para) Rgt. RHA"
"BJDXYYKNIU";"NSVT x2"
"BJERYCGQQU";"RAZV. BMP-2D"
"BJLCHNUSPY";"3-75. ThdBr"
"BJNZNMAZSM";"VAB RASIT LEGION"
"BJPRTYYUXG";"II./PR-4"
"BJPWFGVBEE";"AMX-30 B CMDT"
"BJRIBMGVIX";"3-239-y Gv. Tank. Polk"
"BJZOKPPSDW";"Su-17M4 [AT2]"
"BKBCLGAHJM";"23-y Gv. Otd. Tank. Bat."
"BKHNVVNQZH";"CENTAG 본부"
"BKHOHZDYEP";"GEB. AUFKLÄRER"
"BKKBGGBUOP";"M134 Minigun x2"
"BKKEFZZJUL";"Su-25 [NPLM]"
"BKNTRGJEBT";"BRDM-2 MALUTKA-P"
"BKOLBMRIQL";"MiG-29A [AA1]"
"BKPYRQQIFW";"BMR C/C MILAN"
"BKQFEPTBLZ";"1ST CAN. DIV. OFFICIAL BATTLEGROUP"
"BKUCRAESPS";"Mi-24D [AT]"
"BKXHTQNNHX";"A-10A [HE]"
"BKZPJZFOKN";"2-322-y MSP"
"BLDBZMRWCI";"III./MSR. 42"
"BLHYCOFGDO";"M1 MOD"
"BLQSXRTGGF";" RT PRŮZKUMNÍCI"
"BLRMETPYPX";"6-y otd. Razvedka Bat."
"BLSURILPLC";"2S7M MALKA"
"BLTCCHOZOP";"M2HB 12,7mm"
"BLXZGUSGHQ";"7,62mm"
"BMELJKMRKB";"#RFA Geb.Artillerie-Rgt. 8"
"BMFMIPVPUJ";"SFL-H 2S1 122mm"
"BMGCJEXULQ";"1er RHC"
"BMIDZYRXLW";"MOR. OTDELENIE PODDERZHKI"
"BMJBJDYDLE";"INZH. RAZVEDKA"
"BMKDRHFIFY";"코만도 CMG"
"BMMTBEJABD";"M242 Bushmaster BSV"
"BMNRJAXIHJ";"GV. IGLA"
"BMQJOXODMC";"105mm"
"BMSDOLALYN";"1-3rd Aviation Rgt."
"BMSFCGSONA";"NIEB. BERETY PT-76B"
"BMSYWJPOLE";"Vz.18/47N"
"BMTMRSNLII";"9th Engineer Bat."
"BMYKUDUXYS";"DESANT. DRUZYNA PPANC."
"BNETWJPDIK";"MiG-23MLA [AA]"
"BNGCDPDXPE";"#RFA  12. Panzerdivision"
"BNIWDKFWOE";"3-47-y Gv. Tank. Polk"
"BNIZNBIMDJ";"II,/AR-1"
"BNJHRAEBDU";"BMR-PP"
"BNKOCGWPVU";"공수"
"BNKQKIVYZY";"Bantam"
"BNKSZLBREU";"1-244-y Gv. Tank. Polk"
"BNKZBOAJKN";"#BEL  7e Brigade d'Infanterie Blindée"
"BNONKTPZGF";"PARA. L1A1 12,7mm"
"BNQGQYRKIR";"2-3rd Attack Helo. Bat."
"BNRNDHTQIS";"II./MSR. 18"
"BNRSBPMKOR";"1-13 pz"
"BNSDNXSPFK";"BANDEIRANTE"
"BNUNMBCORZ";"PRÉVÔTÉ"
"BNWESQTSSO";"3-33. TP"
"BNZGDRSCCK";"YPR-765 PRI"
"BNZPDHCIAO";"AIM-9H"
"BOFTUPEWBA";"RANGERS (DRAGON)"
"BOHEATJWGD";"SPADOCHRONIARZE (METIS)"
"BOJCKZHIGK";"AH-1W SUPERCOBRA [SEAD]"
"BOMMTABPZG";"Gv m/75"
"BOOOFDTXXP";"HAUBITS M/50 105mm"
"BOOQRWIEXA";"SAXON"
"BOUNCE1";"BOUNCE"
"BOUNCE6";"Firing computer reset"
"BPCQDIABSJ";"17th Field Artillery Brig."
"BPCUSAKUIM";"1. Armáda"
"BPCVUWSSAW";"2A46-2"
"BPFZBTPTYX";"Stab-10. Panzerdiv."
"BPHFKTCWYP";"Su-25K [CLU]"
"BPHLLPDKZO";"234-y Otd. Bat. Okhrany"
"BPKQOYUOTF";"SDRA 8"
"BPNGZABMWI";"#NL 1e Legerkorps"
"BPNHAEUTWM";"MECH. FUSILEROS"
"BPRNATBCVK";"3-1054-y Art. Polk"
"BPTENRWJCF";"STINGER"
"BPTJAYDPUX";"Kampfgruppe von Jagow"
"BPVVKTKQJC";"6. PzBrig"
"BPWHSGAWKA";"MOR. T-55AMD"
"BPXOFDBAOP";"M1047 LAV"
"BQDKWIKUYZ";"ZPU-4"
"BQEOKGFQRX";"73mm"
"BQIHDJBTXV";"4-8th Mech. Infantry Bat."
"BQJCIIGIDK";"#DDR 1. Mot.-Schützen-Rgt."
"BQJQXPWHSZ";"주방위군 공병 지휘관"
"BQMNILJYYJ";"7 Brygada artylerii haubic"
"BQOTWELXQT";"2A36 Giatsint-B 152mm"
"BQPLRKXUXV";"M219 x2"
"BQRFNSFVNL";"WACHSCHÜTZEN (STOSS)"
"BQTTVTRPKI";"1 Luftland TEST"
"BQXKOGZJOB";"17e Brigade Blindée"
"BQYMRPEJCY";"T-72M1"
"BQYVCAJWQW";"1-36. DP"
"BRAUCUMIMB";"III./PR-14"
"BRECOXZJBB";"165mm"
"BRFWUEGMRN";"33rd Armoured Brigade"
"BRGVFIWEIT";"L4A4"
"BRGXCWBHWM";"BEUTE M151"
"BRIAIYLXZJ";"MFRW BM-21-1 [NPLM]"
"BRIMGLZFAN";"#NL 1 Lka"
"BRIRPZHSRX";"1-79-y Gv. Tank. Polk"
"BRIXYXQAIT";"JÄGER"
"BRKNTRMLOU";"57 Tkbat"
"BRLPOCJOET";"M108A2"
"BRMAVKUVAM";"ZiS-2"
"BRMDLHONKV";"#UK  20th Armoured Brigade"
"BRPJBSIWMD";"DSh. (Metis)"
"BRRYOMHXGN";"1-10th Special Forces Group"
"BRTDTTIRQX";"2-37 pa"
"BRUJGAAJMP";"회전식 기관포는 여러 개의 총열을 사용해 매우 짧은 시간에 대량의 탄을 발사할 수 있는 무기입니다. 구경, 작동 방식, 총열 수가 다양하며 개틀링 건 또는 미니건이라고도 불립니다.

이러한 고속사격 무기는 표적에 파괴적인 탄막을 퍼붓습니다. 회전식 기관포는 헬리콥터와 항공기에 흔히 장착되며, 지상·공중 표적 또는 대전차 임무에 사용할 수 있습니다."
"BRXFUPCHPW";"BERLIN CMD. OFFICIAL BATTLEGROUP"
"BRXLRGVNJB";"#NATO  NORTHAG"
"BRZIURMUHR";"M wz.37 82mm"
"BSAWNQBSVO";"Mk 84"
"BSCHVXJKJX";"#DDR 13. Mot.-Schützen-Rgt."
"BSEHYECWLL";"M256"
"BSHIYMRHLH";"2A20"
"BSJQUPPKET";"T-72M-E2"
"BSKBAZAHZA";"로켓"
"BSMXQSODPS";"D-10T2S"
"BSNLPYQGKY";"AMELI"
"BSWVAIMKUS";"MAG x2"
"BSXAGDQTQO";"Mi-2T"
"BTBNOQLWKM";"1-23-y Tank. Polk"
"BTBRQZPXQY";"2e Gidsen"
"BTEUXEWGGQ";"25 br"
"BTFXRUPCKU";"HARRIER GR.3 [CLU]"
"BTGCRAFYGD";"야전 보급소"
"BTGFRWPXNW";"27mm"
"BTHGTWFWRY";"27-YA GV. MOTOSTRELK. DIV."
"BTJPSARFMP";"FUCHS M40A1"
"BTMJHETUOU";"9. PANZERDIVISION"
"BTMQHWYRUB";"DESANT. SPETSRAZVEDKA"
"BTNQUBAFPU";"2-174-y Gv. MSP"
"BTODFACACR";"10th Engineer Bat."
"BTPRMRJEOC";"#CZ 4. Motostřelecký Pluk"
"BTRFSAENGT";"1-504th PIR"
"BTSTSSGEKN";"CANBERRA B(I).82 [HE]"
"BTTUSJCYJQ";"WASP 58"
"BTUAEVYFDL";"MORSKAYA PEKHOTA"
"BUAUVKNENZ";"11-y Razvedka Bat."
"BUCYBNIEML";"10 Dywizja Zmechanizowana"
"BUDEFKZPMQ";"2S12"
"BUDWSDGXXG";"PIECHOTA ZMECH."
"BUEVNPHETW";"POGRANVOISKA KGB"
"BUHNPWECSN";"L118 105mm"
"BUIJHLZNIN";"Res. Mot.-Schützenbat. 13"
"BULXVROMXO";"Sicherungs-Bat. 108"
"BUMNBOTIBN";"ØSTRE LANDKOM.  OFFICIAL BATTLEGROUP"
"BUOJKTWVBK";"Pionier-Bat. 740"
"BUQKATRXNN";"3RD ARMORED DIVISION"
"BUVHFWDFLI";"13 Painfbat"
"BUVHOMCBXW";"287-y Zen. Art. Polk"
"BUYTRAWJCH";"군사경찰"
"BUZUQOHZYL";"Raketenartillerielehr-Bat. 112"
"BVABHHGCXR";"48 Painfbat"
"BVDEAZQMMR";"2-138-y otd. Tank. Polk"
"BVGZQHARAE";"F-4E PHANTOM II [CLU]"
"BVMJTZRQND";"5. PANZERDIV. OFFICIAL BATTLEGROUP"
"BVOEXDKTPQ";"#SOV 210-y MSP"
"BVQQTSMKVD";"REZ. ZWIADOWCY"
"BVTIDKVIKG";"#SOV 10-ya Gv. Tank. Div."
"BVUTBLUIFJ";"VKK 442"
"BVVWZIIIHT";"Aufk.-Bataillon 1"
"BVWIURIPDV";"#SOV 9-ya Tank. Div."
"BVXUYKVFRN";"DHS Mi-24D"
"BVYPEUXRME";"II./PR-14"
"BVZUJZQPRM";"Forward HQ (2nd ArmDiv)"
"BWAKYABEBL";"공대지 로켓"
"BWAOCXQXOA";"2-944-y Gv. Art. Polk"
"BWCATBZYMJ";"PARA. MAG 7,62mm"
"BWCXIAFHNO";"PANSERINFANTERIFØRER"
"BWDLOLEUVL";"DESANT. PKM 7,62mm"
"BWDLXSNVGZ";"CN 90 F4"
"BWDSJWJXUP";"1-197-y Gv. Tank. Polk"
"BWEPKOFQKW";"Jäger-Bat. 631"
"BWJDJOJKAN";"Aufk.-Bataillon 10"
"BWMVTBRLWJ";"REZERVISTI"
"BWNFYSJGUN";"CF-188 [AA]"
"BWOSPRVTGE";"C.15 [AT]"
"BWRDKDQXET";"Mk 82"
"BWVDZIMIMQ";"UAV에는 ECM이 없지만 적의 사격으로 효과적으로 명중시키기 매우 어렵습니다. 또한 조종자가 지상에 안전하게 있기 때문에 UAV는 스트레스의 영향을 받지 않으며 자동으로 철수하지도 않습니다."
"BWYAAINWNB";"STRZAŁA-2M"
"BWZJSSSAFR";"2-23 pcz"
"BXDDAAOSPU";"DESANT. ZU-23-2"
"BXGTCBKSMP";"59 Tkbat"
"BXIVXTJSFH";"Kokon"
"BXKTALOAQP";"LEOPARD 1A5(BE)"
"BXLDJKXPSB";"Res. Mot.-Schützenbat. 33"
"BXRIWACKSF";"MIRAGE F1C-200"
"BXRXQEOWWO";"MIM-72G"
"BXUUWTLHZA";"HS 3-14 HA CH"
"BXVPWMVULZ";"Panzer-Bat. 63"
"BYCLQGEMWP";"C-3464 ABAS."
"BYDUTVAXXI";"Pz.Kan. 61"
"BYDZXPVCJK";"PATROUILLES"
"BYEJPUVTEN";"Type 56"
"BYGCWMBGRX";"833-y IAP"
"BYIDYPTVVX";"M/255 MILITÆRPOLITI"
"BYJJBERHPE";"HA.15"
"BYJZWRQEEO";"M72A3 LAW"
"BYMUWYYAHC";"MG/62"
"BYNRYFOWIU";"#SOV 100-y Tank. Polk"
"BYPYOYGIFJ";"#RFA  63. Heimatschutz-Brig."
"BYQIIEPKDR";" 3RD ARMORED DIVISION"
"BYRLCKHYZA";"DSh. KOM."
"BYSBJWYIKW";"MiG-27M [HE]"
"BYUMZLIEVS";"Esc. de Chasse 1/2 Cigognes"
"BYWHTUHHIT";"이 유닛은 군의 최정예 전력을 나타냅니다. 고도로 훈련된 전문 병력으로 장비가 우수하며 일반 병력보다 풍부한 전투 경험을 갖추고 있습니다."
"BYWPHLDPPY";"DELTA"
"BYXZRQBVSL";"Type 59-1"
"BYYMDTERDZ";"FALLSCHIRMJÄGER B1"
"BYZKEVTRRS";"Sprengbombe 200"
"BZFGOYLFQS";"#NL 101 Infanteriebrigade"
"BZKHDELOCK";"F-4F [HE2]"
"BZLFXSXAFE";"122mm"
"BZNAAEPHBT";"PzArtillerie-Bat. 125"
"BZPENPQYMB";"공수 코만도"
"BZPIHSWMOF";"COMMANDOS"
"BZRKWOSOYH";"AANF1 x2"
"BZSMGWUSTA";"SEP/VLK"
"BZSYBVHXYN";"Panzer-Bat. 61"
"BZTVLUEWCM";"RPO Rys x4"
"BZWHZEYGPD";"L7A3"
"BZWOHBZPPG";"1-18. TP"
"BZYPZCYIIU";"559-y APIB"
"BZYVIWSPLF";"PzGrenadier-Bat. 13"
"BZZGDKFYEH";"1-61 brop"
"Body_FFlag";"위장침투 유닛은 민간인 복장이나 심지어 적군 제복으로 위장하는 특수 군사 병력입니다. 침투 또는 특수작전에서 이러한 기만술을 사용하면 기습과 혼란을 일으킬 수 있지만, 위험성이 높고 전쟁법을 위반할 가능성도 있습니다."
"Bomb";"HE 폭탄"
"CACPFAMJCU";"240mm"
"CADXVCTOKR";"PARA. SPARTAN"
"CAGGAFIKVC";"3-12. MSP"
"CAHPLMPOBY";"Escadron Blindé"
"CAJUCIFHGO";"82nd AB. OFFICIAL BATTLEGROUP"
"CANCYTPFBM";"CMDT LEGION."
"CAPUQIFHNN";"BERLIET GBC 8KT"
"CAUNHZUXHK";"#SOV 295-y Gv. MSP"
"CAWOIOVAND";"M48A2GA2"
"CAZFQLPOMX";"Hovea m/49"
"CBAOXGYXCV";"GATLING"
"CBAZWMBOPC";"M249"
"CBBYUVOTJA";"NS-23"
"CBCLGJASPE";"JPK 90"
"CBEPFMBPNU";"1089-y otd. Zen.-Rak. Bat."
"CBEXPUYNKX";"1-37 pa"
"CBIBBJXPMH";"M1025 HUMVEE M2HB"
"CBITWWQBDH";"FAMAS"
"CBIVNPIPFV";"FALLSCHIRMJÄGER"
"CBKVZPPTZF";"2-119-y Otd. Tank. Polk"
"CBLWXXCVBA";"L44"
"CBNCXXUXGK";"#SOV  44-y Gv. Tank. Polk"
"CBUFCMRJVO";"PIONIER FÜH."
"CBYVMEVYWM";"SONDERWAGEN 4"
"CCCTKMMOEY";"JAGUAR [RKT2]"
"CCFEBELCQX";"DESANT. PPK FAGOT"
"CCIZFSJCSL";"M109A1"
"CCJHOHKXWZ";"Sicherungs-Bat. 48"
"CCMGSQMYXI";"Su-22M4K [AT2]"
"CCMHEMQRVL";"135mm"
"CCNBXIKRCW";"ESR-GVP"
"CCNDMWONKO";"GACA II/11"
"CCPBHITAXM";"HSS.804 x3"
"CCXTFHDPCW";"AR-70"
"CCYZVFZIEZ";"레이더"
"CDFQTJJCGI";"IV./Artillerie-Brigade 40"
"CDGVVFXPIS";"ASTROS II [CLU]"
"CDOEMFZSYO";"M35 보급"
"CDOZBHTGQI";"3-3. DP"
"CDUCNWKZOU";"기계화소총병"
"CDZGXQGWBC";"Kom./79-ya Gv. Tank. Div."
"CEDJUVPUMH";"Jäger-Rgt. 93"
"CEECUVLRUU";"MAV"
"CEGHUVHDBE";"1ste Bataljon Parachutisten"
"CEHDSAPLJN";"PATROUILLES PROV."
"CEHLEMHADD";"H D-30 122mm"
"CEKXUNXUHJ";"1-9. MSP"
"CEMRSGPRIA";"547th Engineer Bat."
"CEPYVCCORK";"Panzer-Bat. 243"
"CEQABIFDEY";"#RFA VBK 41"
"CEQKTMARIY";"SAS"
"CEQXYXPZPT";"Tarasnice T-21"
"CEUCOMDOCE";"III./MSR. 17"
"CEVARUUAHB";"GAZ-66"
"CEWXYGYIFS";"73 pułk czołgów"
"CEWZIEXABC";"2-283-y Gv. MSP"
"CEXCLKBVWO";"A wz. 1931/37/85 122mm"
"CFBSXCEFIR";"2-505th PIR"
"CFCGJNYLHZ";"1-Royal 22e Rgt."
"CFCJOBPSGP";"M38A1 VERK."
"CFFAXPSZGT";"Jäger-Bat. 843"
"CFFBAPKIXJ";"#DDR 34. Mot.-Schützen-Rgt."
"CFGDGILIWS";"SICHERUNGS"
"CFGRZAXEKZ";"HEIMAT-JÄGER"
"CFIORGPAAM";"72.5mm HEAT"
"CFKCAJDOLN";"AGS-17 30mm PLOMIEN"
"CFQLEPQNWQ";"#US  1st Brigade"
"CFSDLAFGUM";"#SOV 239-y Gv. Tank. Polk"
"CFTMXUHLSQ";"3-59 pz"
"CFVIWSMAFT";"2S23 NONA-SVK 120mm"
"CFWFKYPPKE";"Panzer-Bat. 33"
"CGAPCTQNFO";"MILAN 2"
"CGGGXVDQOW";"Feldjäger-Bat. 740"
"CGGLIDJGRD";"M-30 122mm"
"CGIFFEKCUY";"14 Afdva"
"CGIXNXPACN";"SAPERI KOM."
"CGJKPFGTOI";"#RFA  1. Panzerdivision"
"CGKHBPREDZ";"REZ. IS-2M"
"CGLTXUDSGK";"Panzer-Bat. 211"
"CGMJHRXKOU";"M693 F1"
"CGOIENWGDD";"AK-63F"
"CGQGYBNGUO";"1-MSR. 9"
"CGRBBHWZEZ";"Aufk.-Bataillon 11"
"CGTAWHRFYG";"PANZER 68"
"CGTPVSMERB";"2K12 KUB-M3"
"CGZGYWTWUC";"FFAR"
"CHBUYZYPSC";"6TH INFANTRY DIVISION (LIGHT)"
"CHCBSOJVCK";"51 Afdva"
"CHCTQLTFAV";"KPz. T-54AM"
"CHFNMQCTPE";"T-62MD"
"CHGYGNBRNG";"DESANT. SAPERI KOM."
"CHJMMGAZGL";"RESERVISTEN"
"CHKALGFITQ";"DESANT. USILENNIE"
"CHKNDEFHOZ";"ROVER PREVOTE"
"CHKSNFWOEZ";"BERLINER GRUPPIERUNG"
"CHLIPPPZKG";"22 Air Defence Rgt. RA"
"CHMPQYIPPU";"MB-240GD"
"CHMRJEPGFK";"PARA. AANF1 7,62mm"
"CHOSCNEZWP";"M-240 240mm [HE Cluster]"
"CHPOCHCCEK";"XM-477 SLAMMER"
"CHQTJLNQVD";"Mi-2URP SALAMANDRA"
"CHRNBOZXLK";"280mm"
"CHSBOQPHAG";"TRM-2000 TARASQUE LEGION"
"CHTYSQJGSZ";"PLRK KUB-M3"
"CHUGSTYGOZ";"AGM-45B Shrike"
"CHVJQTAYDS";"11E DIVISION PARACHUTISTE"
"CHVZJZGUDQ";"2S4 TYULPAN"
"CHXEQYJRNV";"#CZ 332. KDBr"
"CHXNQHZWOL";"Panzer-Bat. 294"
"CIBEACLEIW";"MARDER 1A3"
"CICSKOHCZU";"BGL-400"
"CIDSPLGZML";"3-17-y Gv. Tank. Polk"
"CIEPODBNHP";"CAV. TROOPERS LDR."
"CIGKTUYCZT";"MOR. SAPERI (RPO)"
"CIKSWOWQRH";"LEOPARD 2A3"
"CILPNVCGNJ";"ZMOT. ZWIAD"
"CIOCMWMBJA";"DOW. DESANT. KOMANDOSI"
"CIPIGVTPBP";"PTS-M ZAOP."
"CIQIGHVTOQ";"공중기동 공병 선도병"
"CISOZFOUBO";"4TH ARM. DIV. OFFICIAL BATTLEGROUP"
"CITCFSIPOU";"HK21"
"CIUMFWNSUQ";"R-33"
"CJDNWWFSZQ";"Hydra MK40"
"CJFTSAWOKR";"FAL"
"CJGCRTDXKG";"VKK 324"
"CJJHTCQBXK";"PzArtillerie-Bat. 15"
"CJKRQXNDMD";"MARSOUINS ECLAIREURS"
"CJOICEPDNA";"구르카 소총병"
"CJOIEGNKDR";"MAG"
"CJSNDIJSMM";"OT-62A"
"CJYCWMEAEA";"L23A1"
"CJYKVHYVXF";"BRF-1000"
"CKCDDQSLFM";"VKK 413"
"CKDRXWNFUO";"35TH INFANTRY DIVISION (MECH.)"
"CKEJBOPNPO";"M110A2G"
"CKETXTUSYC";"박격포"
"CKGSBFWDZL";"FLAK ZU-23-2 23mm"
"CKNLVPUQNZ";"REZ. T-10M"
"CKPBPAZFEH";"MAG 7,62mm"
"CKPZGCMLYI";"CH-135"
"CKQPAPSLYD";"LUCHS A1"
"CKSNLMFGUL";"2-221-y otd. Tank. Polk"
"CKTQPATQLX";"제17공수군단 본부"
"CKUFXVFYJJ";"DSh. MOT. RAZVEDKA"
"CKXXBXMNXT";"M1025 HUMVEE M2HB"
"CKYVSBETXA";"42 PAINFBAT"
"CKYXOWNHUA";"Teruel-2"
"CKZCDXRBEC";"PEGASO 3055 ABAS."
"CLABVOCPQS";"JG-2"
"CLBSQAABHG";"357-Y OCHAP"
"CLCDIQBCOY";"3-9 pz"
"CLFOCJLIHB";"6TH INFANTRY DIVISION (LIGHT)"
"CLKCYDQYYF";"K-1 CHETAK"
"CLKXZNOGJV";"Mk 84"
"CLMDGSOVRR";"FV721 FOX"
"CLNRPYBUAI";"MÉLYSÉGI FELDERITÕ"
"CLNZGQFCOU";"N.G. M2 BRADLEY IFV"
"CLPWWKCZRB";"M115 203mm"
"CLQVCRJXXO";"RECONOCIMIENTO"
"CLRVGOWCLQ";"CHINOOK HC.1 보급"
"CLSRRHXAEH";"3-3rd Field Artillery Rgt."
"CLVEVNGKJP";"Pionier-Bat. 7"
"CLVPWDMTZT";"MPR M/67"
"CLWOPTEBNE";"Type 56"
"CLXMBITBAY";"20. Stíhací Bomb. pluk"
"CLXVLKDDVT";"I-TOW"
"CLYLJXPBFA";"PHANTOM F.3 [AA]"
"CL_DEFVAL";"-"
"CMAUDRKJSW";"M198 155mm"
"CMDXIIGLNR";"Kh-29D"
"CMEODGSPXG";"19. MOTOSTRELECKE DIVIZE"
"CMFLVHNVRL";"RANGERS"
"CMITPBUQTN";"Grom"
"CMJGSNBUKT";"CAV. TROOPERS (DRAGON)"
"CMQOBJISNO";"ILTIS M2HB"
"CMRYTCZCZZ";"4-8th Arm. Cavalry Sq."
"CMSAOFUBKF";"2S1M MORSKI GOŹDZIK"
"CMSIADPTBF";"83 prplot"
"CMTIBXQFDZ";"M-46"
"CMUYESJGTE";"BL.755"
"CNBRRMKEOY";"무반동포"
"CNEQNNINQP";"#NL 51 Pantserbrigade"
"CNETMNSUDP";"30e Chasseurs"
"CNGVHWPPRV";"T-64B1V"
"CNHLRECLZC";"2-1-y Gv. Tank. Polk"
"CNLQQRQQHY";"1069-y Zen. Art. Polk"
"CNOMLIOMPK";"VKK 344"
"CNPKJJSYZU";"6 pułk zmech."
"CNVYNBMUKT";"Jäger-Bat. 37"
"CNVYTUGLCN";"N.G. M60 7,62mm"
"CNXMCXMEAO";"KOMEND. USILENNAYA"
"CNXSPFJQJU";"2A29"
"CNYIDREOLE";"M113 LML"
"CNZDARUMNL";"21 Engineer Rgt. RE"
"CNZJHGJZIX";"GeWa-4"
"COAHQBLIIN";"4-87-y Art. Polk"
"COBHYHAZNB";"145-Y OTD. TANK. POLK"
"COBTUEBJOK";"중부집단군"
"COCTCGEKVB";"GENIE PARACHUTISTE"
"COCUIJLWPM";"2. MOTOSTRELECKA DIVIZE"
"CODMEOMHDV";"DIVMOB"
"COEFLTISTE";"UZP-72"
"COERASTWXW";"WD-43"
"COFZKIOBLM";"91st Tac. Fighter Sq."
"COIDWSSUKB";"1-67-y Gv. Tank. Polk"
"COMXELQIDT";"A109BA HTPT."
"COULHYOQKT";"저격수"
"COVAGXACGN";"#FR 14e Div. Légère Blindée "
"COYSYRQGZJ";"SNAR-10"
"COZBYIDXCF";"DOW. NIEB. BERETY SAPERZY"
"CPFZEPTLPJ";"RBK-500"
"CPGMFLKQMN";"UH-1N DAS SCOUT"
"CPJLEJMNSC";"3e Cuirassiers"
"CPJLNEIEYW";"S-61A"
"CPPZATABGU";"#RFA Flugabwehr-Kdo. 1"
"CPRBESCKOI";"SAW FALO"
"CPRBQAODRU";"BMAN"
"CPRTHEUFUC";"SG-43"
"CPSQIYZAFZ";"C3"
"CPTBJPPZNN";"KRAKA M40A1"
"CPWIMTAFLD";"저격수"
"CPXODVMHZX";"JÄGER FÜH."
"CPYQOJKQKO";"22nd Tac. Fighter Sq."
"CQAFHWUHME";"D-56T"
"CQANHOBQYF";"3-1st Field Artillery Rgt."
"CQASETUQFB";"GUNNERS"
"CQBZNPQTFI";"35TH INFANTRY DIVISION (MECH.)"
"CQDFSINJOM";"1-MSR. 28"
"CQDTZUGAHD";"439TFS"
"CQFSZHADIL";"V,/The Light Infantry"
"CQLCIGLHSA";"BMR-PP VCZ"
"CQOSEGKPBX";"MiG-21SMT [AA]"
"CQQDJZBFJC";"UNIMOG U1350L PARA."
"CQRQSBWFJV";"JÆGERE"
"CQVJPYKITS";"#SOV 60-y MSP"
"CQYCULPSLZ";"PULEMETCHIKI"
"CRDOBBHPGY";"2-217. PTP"
"CREZDFEHXA";"M201 PC"
"CRITIC1";"탄약 폭발"
"CRITIC10";"궤도 파손"
"CRITIC103";"엔진 화재"
"CRITIC104";"연료탱크 화재"
"CRITIC106";"조종사 부상"
"CRITIC107";"사격통제컴퓨터 고장"
"CRITIC109";"G-LOC"
"CRITIC111";"엔진 정지"
"CRITIC112";"조종사 패닉"
"CRITIC114";"HUD 고장"
"CRITIC115";"유압유 화재"
"CRITIC116";"공기흡입구 손상"
"CRITIC117";"엔진 과열"
"CRITIC121";"주익 손상"
"CRITIC122";"컴프레서 스톨"
"CRITIC123";"터빈 엔진 고장"
"CRITIC124";"연료탱크 누유"
"CRITIC125";"보조익 손상"
"CRITIC126";"제트 엔진 이물질 흡입"
"CRITIC127";"꼬리날개 손상"
"CRITIC128";"방향타 손상"
"CRITIC129";"승강타 손상"
"CRITIC13";"포탑 고착"
"CRITIC130";"꼬리로터 손상"
"CRITIC131";"주로터 손상"
"CRITIC132";"터빈 화재"
"CRITIC133";"무장 체계 고장"
"CRITIC134";"승무원 부상"
"CRITIC2";"연료 폭발"
"CRITIC20";"엔진 화재"
"CRITIC21";"파편 비산"
"CRITIC23";"승무원 패닉"
"CRITIC3";"차체 파손"
"CRITIC5";"승무원 탈출!"
"CRITIC6";"변속기 손상"
"CRITIC8";"엔진 손상"
"CRITIC9";"엔진 파괴"
"CRJLZQHQRZ";"TOW 2"
"CRPNGZSTQE";"1-65. MSP"
"CRPTVFNSSI";"LEGION. TIREUR D'ELITE"
"CRRLUNWTUB";"ALPHA JET A [HE]"
"CRUMETCIRV";"2-JaboG 33"
"CRUYREPWFR";"76-YA GV VOZDUSHNO-DESANTNAYA DIVIZIYA"
"CRWNHVFKIN";"AMX-10 PC"
"CRXWHXDPIU";"42e Infanterie"
"CRYATYEDAJ";"42 Painfbat"
"CRYXRQVTBJ";"대전차유도미사일(ATGM)은 장갑차량을 파괴하도록 설계된 무기입니다. 소규모 팀이 운용하는 공용화기부터 차량 탑재형, 헬리콥터나 근접항공지원기에 장착되는 장거리 고성능 체계까지 종류가 다양합니다. 구세대 미사일은 운용자가 표적까지 지속적으로 유도해야 하지만, 최신형은 표적을 자동으로 추적합니다.

ATGM은 시야선이 유지되는 한 모든 종류의 차량을 상대로 매우 효과적입니다."
"CSDDTKXJEM";"지휘분대"
"CSDQNPGNLB";"N.G. I-TOW"
"CSFEKQZPYO";"MAN Z311 Mi.50"
"CSGVOVRHGE";"24e Chasseurs"
"CSILCDKFNB";"PARUSNIKI"
"CSJFZOCUOL";"LANDWEHR FÜH."
"CSLMEUDQTA";"2K12 KUB-M3"
"CSMLIEINKN";"MiG-23BN [AT]"
"CSOFVJJNXE";"UNIMOG S404"
"CSQXXUOORM";"FAL Scope "
"CSSPJURFHB";"Artillerie-Bat. 525"
"CSUKPTRVAR";"지휘관 유닛은 주변의 모든 유닛에 숙련도 +1단계를 부여합니다. 지휘 유닛으로 분류되므로 지휘 구역도 점령할 수 있습니다. "
"CSXZBJSTEY";"AH-1F HOG"
"CSXZJNPETD";"3-11. TP"
"CSZRAKUAIB";"OBÚS 155/23 M114"
"CTCWQYWNPH";"REZ. B-4M 203mm"
"CTDCNWACSW";"MiG-23BN [AT]"
"CTEEZLFDWA";"CH-135 [RKT]"
"CTIZOVRJLS";"Tarasnice T-21"
"CTNHLJMNMI";"M38A1 TOW"
"CTNKCIBQGF";"M106A1"
"CTOUSJOBMX";"R-24MR"
"CTQTJVIQEL";"M60E3"
"CTRNNJLBIQ";"M60"
"CTTEGAZBQP";"3-49 pz"
"CTTMXGGFKO";"DESANT. D-30 122mm"
"CTWTDRZHFN";"Type 56"
"CTXUECWKGU";"Jäger-Rgt. 82"
"CTYMXUOZSO";"Sicherungs-Bat. 118"
"CTYZQMENLP";"66-y Gv. Zen. Art. Polk"
"CUAIDGCGUQ";"BK90/L40"
"CUBCPEXHQI";"Geb.Jäger-Bat. 234"
"CUBUGLAUBX";"#UK RAF Bruggen"
"CUCGBGHAQY";"F-4F [RKT2]"
"CUDBYLTQFW";"STRZAŁA-2M"
"CUEWTCIFNK";"10. MOT.-SCHÜTZEN-DIVISION"
"CUNHLUUGLM";"LSV MILAN"
"CUPVXZXXOC";"2-PR-21"
"CUTTLKTPYT";"GeWa-8"
"CUVYCAIFIX";"303. TANKOVA DIVIZE"
"CUYIMYLVZV";"ML-20"
"CUYMUECWSZ";"3-50 pz"
"CVDCLMHJAA";"#FR 2e Corps d'Armée"
"CVEJUTWJEY";"II./PR-11"
"CVGUBZFAUS";"wz. 43/52"
"CVJXTSDRVX";"BS-3"
"CVKSNAOEVQ";"Geb.Jäger-Bat. 232"
"CVMXFLJZWO";"DOW. SAPERZY"
"CVNFVKACEI";"P4 ANF1 LEGION"
"CVNSHZPXDX";"BTR-70 KOMENDATURA"
"CVSQQAYTUD";"ILTIS"
"CVSRBVQTAS";"#DDR 5. Artillerie-Brig."
"CVUFVQTJJK";"A-109A [RKT]"
"CVYJPXMNJJ";"DSh. PLAMYA 30mm"
"CVYVYLYCVC";"M119"
"CVZUFGULPX";"12 Dywizja Zmechanizowana"
"CWAIGNVANX";"68mm"
"CWBCQJBMHY";"2A60"
"CWCBKHZYXJ";"NR-23 x3"
"CWDGYQVLLC";"저격수 유닛은 이동하지 않을 때 은밀성이 1단계 추가로 증가하고, 피해량이 +500% 증가하며 명중률 보너스를 받습니다. 이 효과가 발동하려면 최소 10초 동안 움직이지 않아야 합니다."
"CWFYFWPSMP";"TOW-2"
"CWHWNKWQNU";"2ste Smaldeel"
"CWLVKMNMRF";"SVO"
"CWMAEGWBOY";"LEOPARD 1A1A2"
"CWPSFLXNLC";"PAL BB 77 KAWEST"
"CWSHQEZXJG";"공수"
"CWTDSTPJKT";"Type 59-1"
"CWVVYQTJXU";"M6"
"CWYAPLUYLZ";"Sicherungs-Bat. 4301"
"CWYNGSKRIO";"#RFA  VBK 33"
"CWZPFGMHSE";"#SOV 360-y Tank. Polk"
"CXBPSPNWQT";"REZ. T-55U"
"CXCRBGXKQG";"NORTHAG"
"CXCYUDGLOZ";"T-64A Obr. 84"
"CXDFMXNOHN";"T-80U"
"CXDGFMYOBX";"I-HAWK"
"CXDSWGGXUF";"FH M1A2 (A2) 105mm"
"CXFUYRFZWP";"MILAN 1"
"CXGMAJPZYV";"BMP-1P (Fagot)"
"CXHCWYDAIT";"#SOV 27-ya Gv. MSD"
"CXHGUBAJDG";"2-MSR. 29"
"CXHHDPXXVR";"AAVP-7"
"CXHXCKLPOL";"#NL 102 Vagp"
"CXIVDNCGMA";"AERO-TOW-2"
"CXKPSEQNOD";"APILAS"
"CXLHCJRDZJ";"493rd Tac. Fighter Sq."
"CXNHGTNRHO";"2ND INF. DIV."
"CXNZJNJRUP";"12e Rgt. d'Artillerie"
"CXOLPZKDDB";"57-YA GV. STRELK. DIV."
"CXRQZNZYVC";"1 BE Corps"
"CXRROXCADH";"2-1054-y Art. Polk"
"CXSHJUGXCA";"#US  3rd Brigade"
"CXUXCRMRMZ";"3-9 pa"
"CXVXJCQQYU";"공수 화력조 (AT-4)"
"CXXYUCXANU";"55-y otd. Tank. Bat."
"CYDYFRFBCN";"CENTURION Mk.3 HJV"
"CYERCEXXVA";"4-128-y Art. Polk"
"CYFZSMWESQ";"1-33 pa"
"CYKIEXSNOK";"M1 81mm"
"CYKMFTMZCM";"4de Linie"
"CYKNHSXMWP";"RAZVEDKA"
"CYLSBPRBSI";"M55 Maxson"
"CYNQQHTUAA";"Su-7BKL [HE]"
"CYPBCTKPVR";"DOW. PIECHOTA ZMECH."
"CYPMHYOIWA";"HM-3 COUGAR"
"CYUDIUOCPZ";"#SOV 48-ya MSD"
"CYVHEDTMNO";"30-ya Gv. MSD"
"CYWUOHDAHJ";"1 Luftlande"
"CYWVEYXFSH";"DESANT. FAGOT"
"CYWWNNMWWP";"140mm"
"CYXTQJGAAQ";"Escadre de Chasse 2"
"CYYBEACSLI";"M274 MULE I-TOW"
"CZAPYYTEFR";"3-29-y Gv. MSP"
"CZBZXSZLWO";"1-1st Attack Helo. Bat."
"CZMBGCUTSD";"127mm HEAT"
"CZMROXMMAN";"6e Dragons"
"CZNROQDCEY";"PZ.BEF. LEOPARD  2A1"
"CZOHUXQNCE";"KORPUS DESANTOWY"
"CZOVVLJBIA";"AML-90 RESERVE"
"CZPIYHECLO";"Su-24M [CLU2]"
"CZQPSPLWVI";"M240B"
"CZSQNXGGTS";"17TH AIRBORNE CORPS"
"CZTEVHABHY";"공수 정찰대"
"CZUVVVUEVS";"#RFA  14. Panzer-Brigade"
"CZVKARQGZY";"공병 지휘관"
"CZYGFCFMEU";"Velitelství a štáb 1. TD"
"CZZISJGYRY";"STEYR 680 M-55"
"Command";"지휘차량"
"DAATBXUQUG";"DRUZYNA PPANC."
"DAAZIOYAEQ";"T-54B"
"DABPVABSEQ";"II,/AR-8"
"DABSSLYSSJ";"BUCCANEER S.2B [LGB]"
"DACRWSYRGX";"P4 PC PARA."
"DADVASFFRW";"D-48 85mm"
"DAFBTYJCLJ";"M1A1(HA) ABRAMS CP"
"DAFHUDFSFT";"Mw. 72"
"DAGDJGMPRS";"1 gb 25 pz"
"DAKACOTBYP";"FLA-RAK. STRELA-10M"
"DAKTMXHSEC";"RAZV. BMD-3"
"DANQOMKOVM";"178-y otd. Vertolotnyy Polk"
"DAPXJRPPFO";"1-17. Dovm"
"DAQAZBFJVU";"HTM16"
"DASDBRBLLO";"899-y otd. Desant. Bat."
"DAZGOFBJNR";"EC-90"
"DBEKGIMFMD";"GACA I/11"
"DBFCDCUZCS";"4. Tanková Divize"
"DBFDOHWQAR";"Hydra 70"
"DBHFYCCPBS";"2A29"
"DBKYMNZATR";"MiG-27K [AT1]"
"DBLFBJNJMP";"5 BRYG. ART. ARMAT"
"DBQHKRLUPB";"#CZ 10. Tankový Pluk"
"DBQHWXUVNN";"Zuni"
"DBQITIULTK";"Malyutka-M"
"DBRYSLKAFC";"15 DYW. ZMEC . OFFICIAL BATTLEGROUP"
"DBSAZYACBG";"2-24 pcz"
"DBSTXIWJOG";"12 bcz"
"DBVUQAKZIP";"F-16A [AT]"
"DBXQVRQECV";"FÜPZ. T-72MK"
"DBYNGRSHOC";"1E DIVISIE"
"DBYXVPLRAA";"M197"
"DBZYPQIPCP";"#DDR 43. Mot.-Schützen-Rgt."
"DCAZZAUBYF";"Token inexistant PQIVENMWSO dans SERIOUS_Localisation_Unites"
"DCBLAXXVZM";"#SOV 21-ya MSD"
"DCCWTOBFRU";"I,/Royal Anglian Rgt."
"DCDKFQRGZK";"ZSU-23-4M2 AFGHANSKII"
"DCELUBMUHA";"URAL-4320 SNAB."
"DCGHOEOJJL";"E-44"
"DCHNXJIZGH";"REZ. BTR-152K"
"DCIRUSVNPU";"DESANT. SAPERZY"
"DCIXMZRHIW";"CN-105 F1"
"DCKCCLOCRR";"예비 정찰병"
"DCLAWKODMD";"Pz.Gren.-Bat. 221"
"DCOMUMGDKL";"M998T ISC M2HB"
"DCPLBIYTNN";"16DE PANTSERDIVISION"
"DCRBOMEPVD";"#SOV 94-ya Gv. MSD"
"DCSPSPPECR";"MOR. ZSU-23-4M3 BIRYUSA"
"DCTVEIFAID";"9K33M3 OSA-AKM"
"DCVLQHBXWL";"TORNADO IDS [SEAD]"
"DCWTIRVUER";"AMX-10 P"
"DCYKEDXANC";"1-YA GV. MOTOSTRELK. DIV."
"DDAKOJQKVD";"TU-22 [HE]"
"DDANKNMMJV";"No. 9/14 Squadron"
"DDDIGEJHJV";"Panzer-Bat. 281"
"DDFEWPAUXK";"무유도 폭탄, 이른바 “덤 폭탄”은 항공기나 헬리콥터가 적 지상 유닛을 공격할 때 사용하는 폭발 무기입니다.
단순하면서도 파괴적인 무유도 폭탄은 중력폭탄이라고도 합니다. 투하하려면 항공기가 표적 상공을 지나야 하고 정확도가 비교적 낮다는 단점이 있습니다. 소형 자탄부터 강화 표적을 노리는 벙커버스터까지 형태와 크기가 매우 다양합니다. "
"DDHWHTLNJH";"Aufklärungs-Bat. 4"
"DDJERGMZBW";"Sicherungs-Bat. 128"
"DDJYXSYDSR";"DANA"
"DDTYLNZQAF";"3-221-y otd. Tank. Polk"
"DDUFJRCDTS";"MG m/85"
"DDWOSKDULP";"I./Queen's Lancashire Rgt."
"DDWVAZJBLB";"RECCE"
"DDYIBVMKVZ";"III,/AR-20"
"DEBEZAAINC";"89mm"
"DEEHQWCJEY";"3-68. MSP"
"DEEOWNNDSC";"T-72"
"DEFHISWTLF";"T-72B"
"DEGDEUGXHG";"2A36"
"DEHWUWMIWE";"TRTKDO SÜD OFFICIAL BATTLEGROUP"
"DEJQWXEREI";"The Royal Hussars"
"DEMQCSIIUO";"AUFKLÄRER"
"DEORUZWYVD";"41 Afdva"
"DEPREC";"_DEPREC"
"DEQFLVKAXY";"Type 54 12,7mm"
"DEVIBJWZNN";"3-211-y Gv. Tank. Polk"
"DEVROKPQCM";"DESANT. FAGOT"
"DEWPIQOJKT";"KOM. POGRANVOISK KGB"
"DEYLZMLGTO";"HOT-2"
"DEYZXXUEZF";"Vz. 53/59"
"DFAMNSIWHC";"2A18"
"DFCJHJCSFY";"2-216. PTp"
"DFEHOQSKNS";"M2 BRADLEY CP"
"DFEQGLNICU";"F-104G [HE]"
"DFHBGEUXHW";"12-YA GV. TANK. DIV."
"DFICUPIEQK";"BIMZ Las Navas"
"DFLKKZNIAU";"USMC M2HB 12,7mm M63"
"DFMCEHFZLW";"CN-105 F1"
"DFOUANWCDJ";"1. TANKOVA DIVIZE"
"DFWIFVDNZS";"HQ-1st Armoured Div."
"DFWUYUKNOR";"LYNX AH.7 FITOW"
"DFXVHCOHSI";"3-585-y Art. Polk"
"DGDKJJRDQY";"Jäger-Bat. 642"
"DGDOUOVBXB";"MG-3 7,62mm"
"DGFWCIVLZE";"UAZ-3151 KPV"
"DGIFBMUMMB";"BRDM-1 PSNR-1"
"DGIKOPFXFD";"DD-15 DZ"
"DGKCXOSSIM";"Su-17M4 [RKT2]"
"DGKPRUQHAX";"Fagot-M"
"DGNTZKHCFA";"#RFA  1. Panzer-Brigade"
"DGPQCPUOKD";"N.G. M109A2"
"DGTIZSWXBM";"S-13"
"DGUDRKZDUK";"박격포는 운용조가 사용하는 간접사격 보병화기로, 중거리까지 고각 탄도로 포탄을 날릴 수 있습니다.
박격포의 구경은 50mm부터 120mm, 드물게는 거대한 240mm까지 다양합니다. 구경에 따라 사거리, 운반 용이성, 발사속도와 파괴력이 달라집니다. 대형 박격포 중에는 전용 차량에 탑재되어 사격 후 신속히 진지를 옮길 수 있는 것도 있습니다. 고폭탄, 연막탄, 조명탄 등 다양한 탄종을 사용할 수 있어 전장에서 필수적인 자체 화력지원을 제공합니다."
"DGUURLVDNS";"24TH INFANTRY DIVISION (MECH.)"
"DGVHKXYWKN";"Blues & Royals"
"DGVXWJHNLX";"M-46"
"DGWBKFGYSA";"M2"
"DGZWORDCXN";"#UK 2nd ATAF"
"DHGODKNXYU";"Flugabwehr-Rgt. 240"
"DHIPZOAUST";"Staf-5 Divisie"
"DHOCWEFOZM";"12. PLRP"
"DHPCXIPJOW";"1. LUFTLANDE-DIVISION"
"DHUEGMAUNS";"P4 MILAN LEGION"
"DHXDOPOVXG";"SUPER ETENDARD [HE]"
"DHXLKINBJI";"3-71. KDBr"
"DHXMVYQSBW";"RPO A"
"DHYWLBVQEB";"#SOV 275-y Gv. MSP"
"DIALENBETF";"M63"
"DIBZMOOMFR";"27-YA GV. MOTOSTRELK. DIV."
"DIDKXPCIFL";"27 GMRD"
"DIFJRFWOPG";"72,5mm"
"DIHDDULMFR";"AERO-SAPEURS"
"DIOSAQYULZ";"1-YA GV. MOTOSTRELK. DIV."
"DIQPBCCOTP";"Su-25K [HE]"
"DIQVSQDDRY";"3-505th PIR"
"DISNFRKTFI";"OT PTRK MALJUTKA"
"DITASCPTJI";"T-64AM RAZV."
"DITNVZZTGG";"#RFA 1. Luftlande-Division"
"DIWUMFIXSF";"Kom./20-ya Gv. MSD"
"DIXNPRBWBX";"BRDM-1"
"DIXXFXQOSN";"2-41 pz"
"DIXXRUPJEM";"SAMP T200"
"DIYIMVVDDO";"Redeye"
"DIYVSUJTZC";"7 BRYG. DESANTOWA"
"DJHQJNPOBE";"#CZ 216. protitankový pluk"
"DJIVCIHOCG";"83 pz"
"DJJTJTODZZ";"Teritoriální Prapor"
"DJJXZAZLEW";"PHANTOM FGR.2 [HE]"
"DJLRFBXXCY";"T-55A"
"DJMDXGMXSR";"S-8KOM"
"DJMHMUNBJL";"2-MSR. 35"
"DJOTUZDKRK";"FV601 SALADIN"
"DJRDGZDMJR";"2-240-y MSP"
"DJTHNBUUPN";"#DDR 11. Panzer-Rgt."
"DJVBAUMLCS";"M32A1 (APFSDS)"
"DJWANPDZOJ";"13e Rgt. d'Artillerie"
"DJXFPDOXUS";"M135"
"DKCHAOPGKW";"17e Brigade Blindée"
"DKGYYKNGAG";"LRAC 73"
"DKIBWXCXZV";"#US 2nd Brigade"
"DKJXECIELM";"#NL CLKA"
"DKMLFOQVAP";"Fs-SPRENGTAUCHER"
"DKNDUESXMW";"AH-1W SUPERCOBRA [AT]"
"DKPPZCVMCA";"KrAZ-255B"
"DKSCRTRLEI";"HEIMAT-AUFKLÄRER"
"DKSIRMTYFO";"Mi-8MTPI"
"DKTTHVJBAC";"SAPERI KOM."
"DKVFRWUQVV";"ShH 2S1 122mm"
"DKWZNZELXZ";"Fs-UAZ-469 SPG-9"
"DKXMPLHWRQ";"PZ.GREN. FÜH."
"DKXSQATHIN";"1-280-y Gv. MSP"
"DLAIYULMFE";"BERLIET GBU 15 LOG."
"DLEJDNJWNZ";"박격포는 운용조가 사용하는 간접사격 보병화기로, 중거리까지 고각 탄도로 포탄을 날릴 수 있습니다.
박격포의 구경은 50mm부터 120mm, 드물게는 거대한 240mm까지 다양합니다. 구경에 따라 사거리, 운반 용이성, 발사속도와 파괴력이 달라집니다. 대형 박격포 중에는 전용 차량에 탑재되어 사격 후 신속히 진지를 옮길 수 있는 것도 있습니다. 고폭탄, 연막탄, 조명탄 등 다양한 탄종을 사용할 수 있어 전장에서 필수적인 자체 화력지원을 제공합니다."
"DLFZZFCUPK";"Jäger-Bat. 27"
"DLKOVOZFTL";"M2A2 BRADLEY CP"
"DLNMGCGOXJ";"1-27th Field Artillery Rgt."
"DLONYSLJQP";"Panzer-Bat. 123"
"DLQNIKRRDU";"CENTURION Mk.5/1"
"DLTMJZLEKV";"LO-1800"
"DLUJXFHHLH";"901-y Zen. Rak. Polk"
"DLZQMRTGPI";"CAA 20/120 BITUBO "
"DMBULEGFNN";"T-72A Obr. 79"
"DMHOBINVGS";"PARA. L16 81mm"
"DMJOPDRYUO";"A-19 122mm"
"DMJVBEMICM";"S-24"
"DMKHDTFDUN";"MAG 7,62mm"
"DMLTYEILDJ";"4 Brygada Saperów"
"DMPKIATYWQ";"3-914-y Art. Polk"
"DMSLWJQDYR";"85mm"
"DMSMTOSJYQ";"MIRAGE 5BA [RKT]"
"DMTHDNYLYU";"Mi-24V [RKT2]"
"DMTQBQGHVR";"2S19 MSTA-S"
"DMVNVGMMKN";"TRM-2000 LOG."
"DMXEBLBGXM";"Mi-8T"
"DMYNRGJLAS";"#RFA  36. Panzer-Brigade"
"DMZRVMDQQG";"M40A1 RCL"
"DNABNXVADF";"DESANT. KONKURS"
"DNBTVISQJI";"CH-136"
"DNDZMUGFCJ";"Sicherungs-Bat. 18"
"DNEPCESTOI";"288-ya Gv. Artilleri. Brigada"
"DNFQMSMCTY";"AGM-65B Maverick"
"DNJOYKFFWA";"Su-27S [AA1]"
"DNKNVDUUFE";"1ST CAVALRY OFFICIAL BATTLEGROUP"
"DNLMBTAJCI";"이 유닛은 과거 복무한 군인, 주방위군 또는 그 밖의 예비역 등 이전 군 경력이 있는 병력으로 구성됩니다. 연령에 따라 차이는 있지만 일정 수준의 훈련을 받았고 군의 무기, 전술과 장비에 전반적으로 익숙합니다."
"DNMQLSSQPI";"M274 MULE M2HB"
"DNQXBMIGUZ";"2-10. MSP"
"DNRVRBZGHY";"3-MSR. 33"
"DNSJIDATTX";"17-YA GV. TANK. DIV."
"DNZLCAJJBE";"견인차량은 포병이나 방공 체계 같은 견인 장비를 운반할 수 있는 수송 유닛입니다. 보병, 화기조 또는 운용조 공용화기를 수송하는 데 쓰이기도 합니다."
"DNZRNNXCJD";"2-56-y Gv. Tank. Polk"
"DOCSWWXCDT";"19e Rgt. d'Artillerie"
"DOEAUTZCNT";"MCLOS"
"DOFDHKGIET";"MARECHAUSSEE"
"DOFSVFQIFF";"Fallschirm.-Bat. 254"
"DOHRXUDMYN";"개틀링 건은 여러 개의 총열을 회전시키며 매우 짧은 시간에 막대한 양의 탄을 발사하는 자동 회전식 기관포입니다.
전자식 발사기구를 사용하는 현대 개틀링 건(미니건이라고도 함)은 몇 초 만에 탄약을 소진할 정도로 빠르게 사격할 수 있습니다. 대체로 크고 무거워 항공기나 안정적인 지상 플랫폼에 장착되며, 탄막으로 일정 구역을 뒤덮는 근접방어 체계, 대공포, 또는 많은 장갑차의 얇은 상면 장갑을 관통하는 공중 대전차 무기로도 활용할 수 있습니다."
"DOIOQPVSTP";"Pallad-D wz.83"
"DOMNCWCSET";"Teritoriální Prapor"
"DOSYVGHHEC";"#DDR  23. Mot.-Schützen-Rgt."
"DOVCLRRXYO";"23ste Smaldeel"
"DOVFEYAGBN";"로켓은 로켓 엔진으로 추진되는 탄두 탑재 무유도 발사체입니다. 다른 차이점도 있지만, 능동 유도 체계가 없다는 점에서 미사일과 구별됩니다.

로켓을 사용하는 포병 유닛은 낮은 정확도를 다수의 로켓으로 넓은 지역을 신속하게 포화하고 파괴하는 능력으로 보완합니다."
"DOVSFKMMCO";"F-111F [CLU]"
"DOXFRWXQZK";"유탄발사기"
"DPBXJDJOUH";"#FR 4e Division Aéromobile"
"DPDBAHJBPJ";"T-55AM1K"
"DPGDEIBGCN";"P4 MILAN"
"DPKGYGOKYC";"3-322. KDBr"
"DPPBVOODHU";"#SOV 248-y Gv. MSP"
"DPRKVUNVHL";"3-28 pcz"
"DPVCUWJCVR";"M30"
"DPWKOGVBLR";"INFANTERI"
"DPXVSKXFEI";"Su-22M4 [NPLM]"
"DPYSHFASNH";"Type 62-85TC"
"DPZFNAINUO";"check unités"
"DQDZJWIHZJ";"MP5A3"
"DQIJBQIWPW";"2-41-y MSP"
"DQNPZKCRDD";"MILITÄRSTREIFEN"
"DQPAVSADOO";"VIII,/The Light Infantry (V)"
"DQSFLBGQXF";"LEGION. 53T2 20mm"
"DQSIIPKQFH";"개틀링 건은 여러 개의 총열을 회전시키며 매우 짧은 시간에 막대한 양의 탄을 발사하는 자동 회전식 기관포입니다.
전자식 발사기구를 사용하는 현대 개틀링 건(미니건이라고도 함)은 몇 초 만에 탄약을 소진할 정도로 빠르게 사격할 수 있습니다. 대체로 크고 무거워 항공기나 안정적인 지상 플랫폼에 장착되며, 탄막으로 일정 구역을 뒤덮는 근접방어 체계, 대공포, 또는 많은 장갑차의 얇은 상면 장갑을 관통하는 공중 대전차 무기로도 활용할 수 있습니다."
"DQUYKZOYVL";"F 35 WDNS [AA]"
"DQWQWFWMIN";"HEIMAT. KANJPZ"
"DRDPVNDROF";"Type 56"
"DREEUCVVTI";"ZAPADORES"
"DRINYNWKXQ";"3-22 pa"
"DRKWUSHPSG";"REZ. T-10MK"
"DRMDGXQFLA";"4-67th Armored Bat."
"DRNJAVYWZZ";"공수수송"
"DRQGJKSPMW";"106mm"
"DRRIAEXMOV";"HRU.15"
"DRRNGFWLVA";"F-8P CRUSADER [AA1]"
"DRSPHZMLFJ";"35 pułk czołgów"
"DRSYSPJLGL";"3-7th Cavalry Sq."
"DRUUTWCUTU";"유탄발사기는 단거리까지 탄을 곡사로 발사할 수 있습니다. 운용조가 사용하는 공용화기이며 차량에 탑재되는 경우도 있습니다. 일부 모델은 반자동 또는 완전자동 사격기구를 사용합니다.

유탄발사기는 직접사격뿐 아니라 빠르게 사격하는 박격포와 유사한 간접사격 무기로도 사용할 수 있으며 적 보병에 효과적입니다."
"DRWWVBIHEG";"PULEMETCHIKI"
"DRYIHDCTPI";"2 dar"
"DSBKUZZXTK";"21e RIMa"
"DSCOQBSCCN";"정찰"
"DSFEPHPBZJ";"RALCA I/62"
"DSFJKKSXVE";"MO-81-61-C 81mm"
"DSGHCCLQMB";"20. Motostřelecká Divize"
"DSHMLRLGUM";"185. PLRO"
"DSHWMBVPBU";"CH-136 MINI-TAT"
"DSHZMVPFXK";"TOA CARGA"
"DSIBQNICZF";"Kom./9-ya Tank. Div."
"DSISALYWOT";"기계화소총병 (LAW)"
"DSJLMQLATT";"M1008 CUCV"
"DSMWVNZUZW";"URAL-4320"
"DSOHUGSISS";"3-8. TP"
"DSUQNQVPOI";"무반동포"
"DSVAUOTTUV";"3-288-y Gv. MSP"
"DSWOIZJJLV";"8. PLMB"
"DSWZYYQEKQ";"Su-22M4P [SEAD]"
"DSXSIOQXPM";"WACHSCHÜTZEN"
"DSXUQALVDP";"OT-65"
"DTEXNFFJFR";"Pallad-D"
"DTFAPFYDKO";"1-117-y Art. Polk"
"DTFIWUJSEK";"GSh-6-30"
"DTJGLPXJCZ";"공병 선도병"
"DTNMQBUQTC";"10de Pantserinfanteriebrigade"
"DTOCEYRBVI";"Fs.-WOLF"
"DTOWMOPLKD";"GIAT F1"
"DTQGONDKUN";"923-y Otd. Zen. Rak. Bat."
"DTUEMIXLEF";"GV. SPG-9"
"DTUTEFIODS";"Barret M82"
"DTVSYPZQUV";"TOP KSM-65 100mm"
"DTXAMMOWFE";"5 GGW"
"DTZUTDFOET";"BMD-1K"
"DUAXJDUNWD";"DSh. IGLA"
"DUBDAMROWU";"Mi-24W"
"DUHOQDJXQL";"#RFA  VBK 22"
"DUKVTQVJKR";"AUFKL.Pz BRM-1K"
"DUROVPFRMS";"OTDELENIE PODDERZHKI"
"DURQGNYVHO";"3-27 pcz"
"DUSWQRGOFW";"90mm"
"DUUEZBMIHQ";"C6"
"DUVJOVGCKS";"Panzer-Bat. 84"
"DUVWCIBOSE";"#FR 1e Corps d'Armée"
"DUWANATRIS";"4 ACC"
"DUWTISHHYI";"ALPINI"
"DUXFKIQAHA";"UAZ-469 SPG-9"
"DUYUZBSOUV";"MTW M113A1G"
"DUYWPKRIES";"PzGrenadier-Bat. 352"
"DVBOFOHIXN";"2-319th Field Art."
"DVBXUSUJGU";"34e Rgt. d'Artillerie"
"DVIMMANEAT";"2-49. DP"
"DVIVDDWSXF";"M201 106SR"
"DVKSUZNODX";"PROVINCIAUX"
"DVOBWUQUVW";"28-y otd. Tank. Bat."
"DVODPWBUTW";"레이저 표적지시 유닛은 표적을 시야선 안에 유지하는 동안 유도탄약의 명중률을 향상시킵니다."
"DVOWQBFLMH";"저격수"
"DVPCHEQJIG";"VBK 32"
"DVQVPNIGPN";"이 유닛은 산악과 기타 험지에서 작전하도록 특별히 훈련되고 장비되었습니다. 군수 부담이 비교적 작으며, 산악전 부대는 특수 차량과 무기를 자주 사용합니다."
"DVSQESDWNO";"OH-6"
"DVTYRLQWGA";"#CZ 217. Protitankový Pluk"
"DVUAMGKBXK";"6-YA OG MOTOSTRELK. BRIG."
"DVYOMOYEHE";"PzGrenadier-Bat. 42"
"DWBQAIGDXJ";"Pionier-Bat. 742"
"DWEOYFPKWB";"1-63-y Gv. Tank. Polk"
"DWHTFDEKTP";"FV510 WARRIOR APPLIQUE"
"DWIBIJFRAL";"187. PLRO"
"DWLFAVMKGH";"AGM-122 Sidearm"
"DWNETNLBRU";"5de Linie"
"DWPDWBCEFI";"M vz.52 82mm"
"DWROEOLSAH";"PARA. M1 81mm"
"DWRZFRXTIY";"FERRET SWINGFIRE"
"DWSIGTXKUR";"Pz.Gren.-Bat. 112"
"DWTZKOBUJB";"4-914-y Art. Polk"
"DWUBSSSYHK";"SAPERZY ZWIADOWCY"
"DWYBANLVHC";"VAB PC"
"DWZPPYPFAC";"MOR. PT-76B"
"DXCBAJABTD";"128 prplot"
"DXDVKCXEDF";"1-56-y Gv. Tank. Polk"
"DXEAUGGNXH";"Pz.Kan. 61"
"DXEXHXHFAO";"BMP-2K"
"DXGOPCKINI";"M108A2"
"DXJITYJVZT";"CN 90 F3"
"DXKFNWMLIP";"MNAD OFFICIAL BATTLEGROUP"
"DXLGMORJAP";"58 Tkbat"
"DXOJRAKHKF";"BM-21-1 GRAD"
"DXQANQXVGH";"M29 81mm"
"DXQTREBCRD";"Type 65"
"DXRRDCMFTQ";"485-y Otd. Vertoletniy Polk"
"DXRUKLAZUG";"T-80BVK"
"DXRZSUFGRN";"3-67th Armored Bat."
"DXSUOXJJXP";"KPV 14,5mm"
"DXUQFLOVUX";"Pionierkommando 2"
"DYBCZVLKWP";"41 da"
"DYBETHJSZK";"19e Chasseurs"
"DYBIDTVTEY";"3-PR-22"
"DYCXHURQMX";"PKT"
"DYDOVXYFNC";"T-64R"
"DYDXERZARY";"30mm"
"DYJHESKHRI";"OBÚS 105/26 REINOSA"
"DYJVEUAGFP";"PKM"
"DYKDCAQATF";"20 Dywizja Pancerna"
"DYNRBYIDMK";"2-28-y Gv. Tank. Polk"
"DYWANQFOQP";"127mm"
"DYWXTLDKWR";"120mm"
"DYYKESRSNH";"PzGrenadier-Bat. 332"
"DZBYJBXASG";"구르카 소총병 지휘관"
"DZBZPLSQTQ";"AT-26 XAVANTE [HE]"
"DZDYKPYPZY";"RM vz.70/85"
"DZEZKHXAXZ";"GAZ-66B ZAOP."
"DZHBDVIFBY";"3-61-y Gv. Tank. Polk"
"DZHJMSOOJX";"RESERVISTES (LRAC)"
"DZIULIBMZA";"III./PR-17"
"DZNRZHMWRY";"(reco)"
"DZTTOSCXCV";"1. MOT.-SCHÜTZEN-DIVISION"
"DZVNXKQOCY";"Su-22M4 [HE]"
"EABNCKRVXM";"MARINEPIONIER (Flam.)"
"EABZJNLULG";"GDF-002"
"EAEODEHFWL";"Panzer-Bat. 361"
"EAFKWUVFKS";"Hydra 70"
"EAHAVYVMDY";"303. TANK. DIV. OFFICIAL BATTLEGROUP"
"EAHJTPNGYF";"L7A3"
"EAHMWNJHHG";"403 Rgt. d'Artillerie"
"EAHNFCIBPG";"INFANTERIFØRER"
"EAHWBCLHKZ";"BEDFORD MJ2P"
"EAJYROBSXU";"6-1st Field Artillery Rgt."
"EAMPZUCIZK";"VAB T20/13"
"EAOVGVRCQA";"AB M252 81mm"
"EAQBYVOCOX";"VKK 471"
"EARLQFYVMA";"KS-19"
"EATQPMXDPZ";"10-y Razvedka Bat."
"EAXEUNBMDE";"CN 90 F3"
"EAYHSDCLCO";"KH vz.37 152mm"
"EAZFDGDONO";"FN 4RM/62F ABC"
"EAZTAOIGWT";"BPzV SVATAVA"
"EBECBWLJER";"1. LVD"
"EBGUHMZGJJ";"3-744-y Art. Polk"
"EBIGVCONRK";"#RFA  VBK 25"
"EBJYGQZVSD";"MORT. PESADO M2 120mm"
"EBKQBGCEHE";"레이저 유도폭탄"
"EBKSFYPDOX";"N.G. AH-1E COBRA"
"EBMIAYFDRH";"GREEN BERETS (ODA)"
"EBMITSDCGZ";"FUSILEROS MANDO"
"EBMNBKJIWP";"VAB MEPHISTO LEGION"
"EBQNXMTUJH";"M201 RASURA"
"EBRPFAPXZY";"6E DIVISION BLINDEE"
"EBSJRMHQID";"2-62-y Gv. Tank. Polk"
"EBTCBUMCNE";"237th Engineer Bat."
"EBTITPCGZO";"Fs-Gr.Wfr. M-43 82mm"
"EBYNMBXWYF";"USMC M109A3"
"EBYWILXMBO";"400kg"
"EBZXPUKMTQ";"1-JaboG 33"
"ECBELZCQMJ";"LVK M/60 40mm"
"ECGMWQOEZA";"8TH INFANTRY DIVISION (MECH.)"
"ECHOCRUPAP";"대공포"
"ECHVWYFSFM";"M113A1-B-SCB"
"ECKLITJEAT";"MECH. RIFLES (C6)"
"ECLXTRWQSK";"112-y Razvedka Bat."
"ECMEUFNUCF";"MPi-KMS-72"
"ECPYYRDZVV";"217. Protitankový Pluk"
"ECQYKLVHMO";"MECH. FUSILEROS MANDO"
"ECVAKBDJSG";"AERO-M2HB 12,7mm"
"ECYEKYITXJ";"76mm"
"EDALYXUMOS";"#SOV  244-y Gv. MSP"
"EDCFMQAIOT";"PARA. GROUPE ANTICHAR"
"EDCQERZRHH";"6-YA OG MOTOSTRELK. BRIG."
"EDDDSQXJDF";"Mrs. 120mm Tampella"
"EDGVMVBWED";"#NL 101 Luagp"
"EDHNQLWFLW";"4th Royal Tank Rgt."
"EDKSESFKOW";"4TH ARMOURED DIVISION"
"EDQLAONOLE";"119-ya Ind. Tank. Polk"
"EDQWQUTORJ";"M48A2GA2"
"EDSEHFDWYU";"4450th Tactical Group"
"EDTQOHWAKC";"#RFA  Flugabwehr-Kdo. 1"
"EDUXNFFRJV";"122-JROF-L"
"EDWGPYPSTZ";"FUSILEROS (M65)"
"EDWHEFIVZR";"T-72"
"EDZAETDNRP";"MiG-21bis [HE]"
"EEDUALOYSR";"Strela-2M"
"EEGCTFSYFJ";"FALLSCHIRMJÄGER"
"EEIGDJNUOQ";"3-68 pcz"
"EEKQUTQLXJ";"CHASSEURS-PARAS"
"EEMKEFIPPM";"RBU-6000"
"EENIZELYKB";"M2HB M63"
"EENMDTCOJJ";"FLA-RAK. STRELA-2M"
"EEOZNJEUHH";"UAZ-3151 SNAB."
"EEQCIAVDDZ";"Rh105"
"EERQGMIMID";"RM wz.70/85"
"EEWWCJNQPV";"RB-24B"
"EEXPHQAIIQ";"AS.12"
"EFBZOPCCEE";"I./MSR. 14"
"EFEYPHGGMX";"LLR F1"
"EFFQSWKXHR";"901-y otd. Desant. Bat."
"EFFSOFCOVX";"2-17-y Gv. Tank. Polk"
"EFKUOIWYHS";"ZiS-3"
"EFLYCMULWB";"Feldartillerie-Bat. 11"
"EFOGZNLWDO";"Mi-8TV [RKT 1]"
"EFPJFMKBXG";"STEYR 680"
"EFQEMCRFYC";"I./MSR. 43"
"EFUVCPEICD";"FASTA-4"
"EFZKLQAYPC";"TOA-PM-81"
"EFZPDEUKFP";"I,/AR-1"
"EGAHUJHMNV";"2A21"
"EGGKLRNDTK";"ECLAIREURS"
"EGHFHSLGCF";"FALLSCHIRM.-PKM 7,62mm"
"EGHHQHKPHO";"곡사포는 장거리 간접사격이 가능한 포병 화기입니다. 사격 준비와 발사에 시간이 걸립니다. 견인식과 자주식이 모두 있으며, 구경에 따라 최대 사거리와 포탄의 위력이 달라집니다."
"EGKAQZRJSD";"REZERVISTI (SVD)"
"EGKDLLRGQX";"Mw. 72"
"EGMCSUAQEM";"RAPIER FSB2 DARKFIRE"
"EGPMWBVWWT";"T20-13"
"EGPXSAYCXO";"20 DYWIZJA PANCERNA"
"EGSMRQFWAT";"DLWP"
"EGSQEVCXIX";"3-6. DP"
"EGYWVNTJSH";"Bofors L/70"
"EHDQBOOBLI";"M20 SuperBaz"
"EHDXDDWVCP";"PZ.BEF. LEOPARD 1A1A1"
"EHFAIBYHJF";"BLU-82 ""Daisy Cutter"""
"EHGPGAACDW";"Minimi Para"
"EHJLOAVAXE";"3-sMSR. 25"
"EHMDGAYXHS";"대공 유닛은 항공기와 헬리콥터를 상대하도록 설계되었습니다. 대공포, 유도미사일 또는 둘을 결합한 체계를 사용합니다. 레이더나 적외선 같은 센서가 표적 추적과 유도를 담당합니다. MANPADS 팀을 포함한 방공 유닛은 일반적으로 단거리·중거리·장거리 가운데 특정 교전거리에 최적화되어 있습니다."
"EHPGHKMUTX";"F-16A [AA]"
"EHQIPKCEKX";"CM.170 MAGISTER [AT]"
"EHRPKPGBNI";"TERRIERS 포조"
"EHUJNNZXOY";"VKK 251"
"EHUXOPZKLQ";"FAB-250"
"EHVYVFAQMB";"#RFA  52. Heimatschutz-Brig."
"EICNAAHZEI";"Hydra 70"
"EIDJSQOOIJ";"GROUPE ANTICHAR"
"EIFQWKHWYF";"#UK  7th Armoured Brigade"
"EIGJCEZBOL";"Blowpipe"
"EIGRLDFAEC";"UAZ-469"
"EIITAZBQTW";"FAL"
"EILGBJABHL";"20mm"
"EIPLTIFKJC";"CENTURION Mk.13"
"EISIZBMNUX";"M41"
"EISXNGMBFW";"#SOV 7-y Gv. Tank. Polk"
"EIVNAHOCNY";"MiG-29A [AA2]"
"EIWZFZZDWB";"3-724-y Gv. Art. Polk"
"EIYDAGPDKL";"SPW-60PB"
"EIYJQXSNDN";"개틀링 건은 여러 개의 총열을 회전시키며 매우 짧은 시간에 막대한 양의 탄을 발사하는 자동 회전식 기관포입니다.
전자식 발사기구를 사용하는 현대 개틀링 건(미니건이라고도 함)은 몇 초 만에 탄약을 소진할 정도로 빠르게 사격할 수 있습니다. 대체로 크고 무거워 항공기나 안정적인 지상 플랫폼에 장착되며, 탄막으로 일정 구역을 뒤덮는 근접방어 체계, 대공포, 또는 많은 장갑차의 얇은 상면 장갑을 관통하는 공중 대전차 무기로도 활용할 수 있습니다."
"EJATKPMNGY";"Su-22M4 [RKT2]"
"EJCLKWOKDJ";"PANSERINFANTERI"
"EJFQBQSFVI";"SAMP T25"
"EJGCYAHXTU";"Vz.59"
"EJGPHYZPET";"3-361. DP"
"EJGUWZNWTR";"1st Canadian Division"
"EJIRWXHJIR";"Su-17M4 [HE/CLU]"
"EJKVCCXIMP";"5-6th Air Cavalry Sq."
"EJOAGSXZCG";"MAN Z311 HSS.630-3"
"EJRFFZLPLC";"T-72K"
"EJRHDYWFFW";"3-240-y  MSP"
"EJSVUWUHYN";"M20 SuperBaz"
"EJVINZUHAB";"유도탄약은 직사 또는 간접사격으로 사용하는 폭탄이나 포탄일 수 있으며, 레이저로 지시된 표적을 공격할 때 명중률 보너스를 받습니다."
"EJYBCLPRAR";"A-6E INTRUDER"
"EJZETSKQNG";"357-y OShAP"
"EKHBCECRGK";"L23A1"
"EKHLXQCJCH";"DSh. KONKURS"
"EKHOVCJBHW";"SPzA1FüA"
"EKHZQZPLWT";" M1008 CUCV M60"
"EKKNAVTTWM";"VKK 311"
"EKLAMHOJAT";"ZWIAD. UAZ-469 KPV"
"EKLDFHPFDI";"14. Tanková Divize"
"EKSIQUUPGF";"M901 ITV"
"EKSPQFZMNP";"vz.52"
"EKUHWNEBDZ";"Geb.-Art.-Bat. 81"
"EKZORLDYAP";"M561 SUPPLY GOAT"
"ELBASQLCSN";"USMC L.A.I. SCOUTS"
"ELDFELQHJU";"MARINES (Dragon)"
"ELGALDSPZX";"SS-60"
"ELHWVVDEAK";"HQ-3rd Armoured Div."
"ELMHGEZSIT";"MILITÄRSTREIFEN"
"ELMVKFMLOH";"REZ. M wz. 1951 240mm"
"ELQCEHRLCT";"90kg"
"ELWECTGOHB";"Token inexistant LZTJKYFJFO dans SERIOUS_Localisation_Unites"
"ELWLUQLCLJ";"PARA. L16 81mm [CLU]"
"ELWPSYWEEF";"T-55AS"
"ELXGQCPERN";"#SOV 2-ya Gv. Tank. Armiya"
"EMBGDQYNFQ";"FIRLING 12,7mm"
"EMCDQRFBPV";"BMD-1"
"EMCNRZFLZM";"N.G. M60A3 (TTS) ERA"
"EMCTLSPSCS";"5-y Zen.-Rak. Brig."
"EMDHFKEBVY";"Sicherungs-Bat. 4451"
"EMDMBCMHDJ";"MO-81-61C"
"EMFEARNMQP";"UH-1N"
"EMMVJVCWVI";"2-70-y Gv. Tank. Polk"
"EMNEUHSUIY";"1-9 pa"
"EMNQTTTYTY";"40. PLMB"
"EMSLYQXIIG";"SKYGUARD SWE 35mm"
"EMTJZGOINC";"T815 MUN."
"EMWRLJXZXG";"94-YA GV. STRELK. DIV."
"EMYEHKLKYO";"KPZ. T-34/85M"
"EMYYCRMQWY";"T-72A Obr. 79"
"ENCKULZGYH";"USMC M1025 HUMVEE M2HB"
"ENFBAVRYEA";"SVD"
"ENFPMTUFHJ";"152e Infanterie"
"ENFUZFRZJE";"II. Korps"
"ENGIPDHTAB";"M110A2"
"ENGONVZYEG";"Colt Commando"
"ENGQSIWHOP";"DANA"
"ENGXHHYZEM";"1-MSR. 1"
"ENKSNPIBRS";"F-111E [CLU]"
"ENOENDTOWI";"4e Chasseurs à Cheval"
"ENQFOACWCY";"M32A1"
"ENTOBYEOQX";"M1025 HUMVEE M2HB"
"ENVTXAPIKO";"5e Cuirassiers"
"ENWOTYGKWE";"EM-14e DBL"
"ENXLLJAOYW";"공수 포병"
"ENYGKSPQVA";"T-72M1"
"ENZJIPOUHA";"M36"
"EOADIWDGRO";"CENTURION Mk.5/2"
"EOAFOZJJZK";"DTM"
"EODTHKAKVD";"422-y otd. Zen.-Rak. Bat."
"EODYKHOORX";"CHALLENGER MK.3"
"EOEGCXHSIG";"M1919A4"
"EOEXEVWFKY";"80mm"
"EOFGRIGVYK";"100mm"
"EOJBIIMAAH";"2-59 pz"
"EONOCHKEKZ";"F-16C [AA]"
"EOQJZQQKCB";"UNIMOG U1350L"
"EOSLHGXVSB";"#SOV 33-y Tank. Polk"
"EOTHPQNCQU";"L5A1"
"EOVILAAMSO";"MPi-AK 74N"
"EOVKRRAMBN";"Mi-17MT [RKT 3]"
"EOVVHDSZPX";"URAL-375D"
"EOWHICNVPA";"Geb.Panzer-Bat. 8"
"EOXTTBGRFB";"1-111th Attack Helo. Bat. (NG)"
"EOYTHZQPZA";"2A15"
"EOZHUGTRFT";"MIRAGE 5 F [NPLM]"
"EOZJZHQIYM";"Electro-optical"
"EPDXWQICJB";"HEIMAT-JÄGER"
"EPEMIJQTUE";"II,/AR-19"
"EPFHFALITZ";"MG-51"
"EPFHOVYCLZ";"NSV 12,7mm"
"EPFWMECZIP";"5.56mm"
"EPFYKJUDJS";"DSh. NSV 12,7mm"
"EPHTVWXLMD";"T-55AK"
"EPJXBKIZCM";"94th Engineer Bat."
"EPNNOJERFE";"S-53"
"EPNVAMFVPA";"FV432 WOMBAT"
"EPPNIIEJHC";"BTR-70 AGS"
"EPPZWJCOLM";"M-43"
"EPTCYEWXNW";"#up{VERY HIGH}"
"EPXSENFNWC";"TCM-20"
"EQADPNULIM";"84-y otd. Razvedka Bat."
"EQASTBEBQW";"FR-19"
"EQAXAPJZQZ";"#US 1st Infantry Division (Mech.)"
"EQCEAMZAYY";"PARA. SCORPION"
"EQEHTEQBVH";"HEIMAT-JÄGER"
"EQGPZDDPPY";"N.G. OH-58A"
"EQIJISUUXM";"Mi-17 [RKT 3]"
"EQJNLVYMVL";"TK SUD"
"EQMLHXVNPQ";"I./AR-3"
"EQRKOEWRWL";"Kom./39-ya Gv. MSD"
"EQTBSMIQJJ";"JAGUAR [HE]"
"EQTOVWSYGC";"20 DIV. PANCERNA"
"EQVANCEUBN";"3-41st Infantry Rgt."
"EQWHSFBFWU";"MiG-29A [AA]"
"EQXDBXAADN";"368-y OShAP"
"EQYLCKGFHP";"지휘차량"
"EQYUTSARPL";"114e Infanterie"
"ERBCFGVDUK";"#SOV 북부집단군"
"ERFWVIMJRI";"134 Afdva"
"ERJHJDAIXJ";"#RFA  Territorialkommando Nord"
"ERNSYDGBUW";"1-944-y Gv. Art. Polk"
"ERQHJQHDGC";"USMC CATFAE"
"ESAQKOKQAM";"4. Stíhací Letecké Pluk"
"ESGVHRWUCP";"7TH ENGINEER BRIGADE"
"ESKPIAWQGE";"PzGrenadier-Bat. 11"
"ESLFRVBVUN";"BMP-2"
"ESNPZXMNOJ";"헌병 순찰대"
"ESUYAADOCP";"14 pappanc"
"ESVBTBOYWO";"3-28 pz"
"ESVLJCXLVZ";"ZU-23-2"
"ESYABMOZJU";"T-55AMK"
"ESZCCWKILN";"#US 4th ATAF"
"ETCJQTKOED";"chasseur"
"ETDPPSMYTR";"T-72M-E3"
"ETEBSCIGSM";"PLRK KRUG"
"ETEFWHZWJZ";"JG-9"
"ETETUEUKTJ";"PzArtillerie-Bat. 205"
"ETFBWQYHMJ";"JAGUAR [NPLM]"
"ETJIAVSQGI";"#CZ 75. ThDBr"
"ETKSWJEJYV";"1-204-y Gv. MSP"
"ETPKVPUVIQ";"24e RA"
"ETQPLKDOOA";"SF2 110mm"
"ETQWJOWNVX";"R-3R"
"ETSBXIEFMQ";"TKA MODEL 1939 85mm"
"ETTKPELYDH";"RB-24B"
"ETWXUOGKHG";"#SOV 125-ya ADIB"
"EUBFZGPGSF";"AT-4"
"EUBVMWIPKF";"MECH. FUSILEROS"
"EUCCDCWAWN";"REZ. SAPERI (LPO)"
"EUCKWLPKPE";"M1025 HUMVEE M2HB"
"EUDHFKLNMV";"Gepárd M1"
"EUGYTHQBNA";"ESCORTE PC"
"EUQUXKDWZK";"35TH INFANTRY DIVISION (MECH.)"
"EUROIXZVMK";"FV107 SCIMITAR SPYGLASS"
"EURRCMQTVF";"MK-20 Rockeye II"
"EUSTISJNDP";"4. PPR"
"EUURNGVQIC";"154 Afdva"
"EUVPKZFISA";"LEOPARD 2A4(B)"
"EVANNPMFIW";"2-6th Mech. Infantry Bat."
"EVCMESGHLS";"4-27th Field Artillery Rgt."
"EVGZYBGHCC";"911-y APIB"
"EVHVZBAMLI";"HVAR"
"EVIBHABNUA";"AB ILTIS TOW"
"EVIEPNWFQD";"3-325th PIR"
"EVIFZGPEHG";"JAGUAR [HE]"
"EVIPITVECG";"PzGrenadier-Bat. 312"
"EVJBIDRBJA";"2-44-y Gv. Tank. Polk"
"EVJFJYDIXI";"221-Y OTD. TANK. POLK"
"EVLSSRPCMB";"JAGUAR [SEAD2]"
"EVLTHGXGQM";"BAW-485 ZAOP."
"EVMAJDUEBS";"16th Engineer Bat."
"EVMFJOVVIK";"M2"
"EVMIDXSFCG";"MH-47D CHINOOK"
"EVPKXSIHSW";"Heeresflieger-Rgt. 16"
"EVRTHJUBXN";"Sh M 2S4 TULIPÁN"
"EVTAGXNEPV";"1-MSR17"
"EVUHPOWJRQ";"BLOWPIPE"
"EVYIVPZVOJ";"반능동 레이더"
"EWAIRCEINO";"#DDR 19. Panzer-Rgt."
"EWDZYWGWDH";"Token inexistant YINGLZSRLH dans SERIOUS_Localisation_Unites"
"EWHAZBPHIT";"1-6. DP"
"EWKNDNQHXI";"M2HB 12,7mm"
"EWLLDMDMFA";"T-55A"
"EWNVKQCQNV";"공대지 로켓"
"EWOIOHQJJT";"4E DIVISIE"
"EWPCMOOLZX";"LVS"
"EWVBNSLVXG";"PUMA KANGOUROU"
"EWZJJYXJNS";"26 dar"
"EWZMBYRGOK";"해병 공병 지휘관"
"EXBCFNVHOI";"II,/The Queen's Rgt."
"EXCRZDJXFD";"#UK  6th Armoured Brigade"
"EXEFNUFAYO";"5 DYWIZJA ZMECH."
"EXERDSUJJN";"STRIM-65"
"EXGVXBZNYP";"Aufklärungs-Bat. 3"
"EXJTQZXBNX";"#medium{연막탄 발사기}"
"EXMDVBCGAZ";"117/118 Afdva"
"EXOFQTEUVF";"251. Plrp"
"EXPLEVEL0";"정규병"
"EXPLEVEL1";"숙련병"
"EXPLEVEL2";"정예병"
"EXPLEVEL3";"최정예"
"EXQDOWMNAA";"C.14A [HE]"
"EXRVLEJDNE";"Pionier-Bat. 340"
"EXSKICGHVD";"2-28 pz"
"EXUHFEMNOA";"Teile/Pionier-Regiment 3"
"EXWZDFHBRM";"RAZV. BMP-1P"
"EXXLKUVWCR";"2-243-y Gv. MSP"
"EYADCOEDRX";"Mi-24D [AT]"
"EYBIRRVWLK";"STRELA-2M"
"EYCCSRCVJQ";"4-18th Field Artillery Rgt."
"EYCWPHWHBK";"LuAZ-967M FAGOT"
"EYDBMEKQBR";"Mi-4A"
"EYFJFJBTDU";"336-y Otd. Vertoletniy Polk"
"EYIZVISIGI";"#RFA 5. Artillerie-Regiment"
"EYKCGOHKBG";"베를린 사령부"
"EYLWOOXAPX";"F 35 WDNS [HE]"
"EYMUPEXBQF";"MiG-27K [AT2]"
"EYNCBNQCKB";"M185"
"EYNUUVRUNT";"1-23 pcz"
"EYOWOOTHHX";"R-24R"
"EYPMSOCEBO";"#SOV 400-y MSP"
"EYQZGDQWNO";"공중기동 공병"
"EYSRZUZSRI";"AIM-9P"
"EYZQIHRUXO";"BEDFORD MJ"
"EYZYYQAXLY";"주방위군 소총병 (LAW)"
"EZEVCDEEWN";"MiG-23ML [AA]"
"EZGKDXVNEH";"L13A1 "
"EZGUCUEKLE";"313th Tac. Fighter Sq."
"EZHQBLQBEA";"Model 30-11"
"EZHUXHAFSZ";"FH-70"
"EZMLHTGFVL";"#CZ 13. Tankový Pluk"
"EZOKSHWMQB";"2A46-1"
"EZPQIERZBS";"돌격공병 (Carl.G)"
"EZQIDHUCBW";"DSh. SPG-9"
"EZSNDKXGCH";"17th Engineer Bat."
"EZSTBIPTDR";"1-PR-1"
"EZTUABCJVU";"9K121 Vikhr"
"EZWUTCAYVX";"BO-105 CB MINIGUN"
"EZXCQNTEEO";"M20"
"EZYNIQMBKS";"#RFA  3. Artillerie-Regiment"
"Ext_FFlag";"위장침투 유닛은 전투의 혼란 속에서 중립군이나 심지어 아군으로 오인되기 쉽습니다. 전투 중 위장침투 유닛의 위협도는 다른 모든 유닛보다 낮게 취급되므로 적군이 항상 가장 마지막에 표적으로 삼습니다."
"FAGRPBRKFK";"공중기동 소총병 (AT-4)"
"FAIGAZVONH";"F-111F [HE]"
"FAIR01";"항공기: 전투기"
"FAIR02";"항공기: 전자전"
"FAIR03";"항공기: 다목적"
"FAIR04";"항공기: 정찰"
"FAIR05";"항공기: 지상지원"
"FAJTUZFVCZ";"PARA. MILAN 2"
"FAKXXBQKLA";"M-240"
"FAUT01";"보급"
"FAUT02";"정찰"
"FAUT03";"방공"
"FAUT04";"포병 관측"
"FAUT05";"포병: MLRS"
"FAUT06";"포병: 곡사포"
"FAUT07";"포병: 박격포"
"FAUT08";"전차"
"FAUT09";"수송: IFV"
"FAUT10";"수송: APC"
"FAUT11";"수송: 비장갑차량"
"FAUT12";"대전차: 차량"
"FAUT13";"대전차: 포"
"FAUT14";"화력지원"
"FAVZZGVELS";"vz.61 Škorpion"
"FBALQJOGIQ";"FLAMMENWERFER 42/55"
"FBAPLIAEOO";"이 유닛은 날아오는 포탄을 탐지하도록 설계된 대포병 레이더를 갖추고 있습니다. 탄도의 궤적을 추적하여 적 화기 체계의 지상 위치를 찾아낼 수 있습니다."
"FBFOWLPIBS";"자탄"
"FBGQZSRZXA";"JÄGER FÜH."
"FBGVFFTZXT";"AB Mk.19 40mm"
"FBKUZZVVQQ";"31-YA TANK. DIV."
"FBNLRMLPSK";"DA-DLWP"
"FBOJVVUDTZ";"AK-74"
"FBOZALOPKR";"HK21"
"FBQIDKOWTQ";"35-GV.DSHB OFFICIAL BATTLEGROUP"
"FBRWAHBOQS";"#FR CA1CA"
"FBSWAUVCRP";"M201A1"
"FBTBJRTPCK";"II./AR-7"
"FBTTAUJYIK";"M240"
"FBUAYHIBHP";"#CZ 12. Motostřelecký Pluk"
"FBVQTNKGDN";"수송 유닛의 주 임무는 보병과 다른 유닛을 전장 곳곳으로 신속하게 운반하는 것입니다. 수송차량은 빠른 지프와 트럭부터 무장 APC, IFV, 심지어 헬리콥터까지 크기와 종류가 다양합니다. 일부 수송차량은 견인차량 역할을 하여 포병과 방공 체계를 끌기도 합니다."
"FBWAOMHKKU";"1098-y otd. Zen.-Rak. Bat."
"FBXZORVGKR";"REZ. T-34/85M"
"FBZDPVYZSM";"3-87-y Art. Polk"
"FCBJFOQSMA";"M-240"
"FCGDJFXUKO";"M113A1"
"FCIEBEGVTW";"3-35th Armored Bat."
"FCMD01";"지휘: 전차"
"FCMD02";"지휘: 차량"
"FCMD03";"지휘: 보병"
"FCMD04";"지휘: 헬리콥터"
"FCMDHDUUTO";"이 수송차량은 정찰대와 화기조를 포함한 보병 유닛을 수송하도록 설계되었습니다. "
"FCMDKFKHPY";"Pz.Kan. 61"
"FCOHWPXWDE";"31-YA GV. TD OFFICIAL BATTLEGROUP"
"FCWRSTELXH";"산악병"
"FCYGQQXGDB";"#TCH 34. Stíhací Bomb. Letecká Divize"
"FCZBARMXSE";"1-7 Bah"
"FDEHXKQKCJ";"CBU-72"
"FDFMWFKKOY";"LEOPARD 1A4"
"FDKKWUCITO";"Pionier-Bat. 741"
"FDMCMZVIUH";"VKK 431"
"FDNFASOZGI";"UNIMOG U1350L LOG."
"FECWZUIRGI";"M106A2 박격포"
"FEDDLRDOEW";"Fs-FK20-2 20mm"
"FEEXJVACQX";"FV102 STRIKER"
"FEMMHQKSLF";"1-15-y Gv. Tank. Polk"
"FEODPPMDXP";"DOW. NIEBIESKIE BERETY"
"FEOFZUGCIH";"PRAM"
"FEOWXBHQJE";"#RFA  26. Luftlandebrigade"
"FERDWAMBKP";"1-6th Mech. Infantry Bat."
"FESTKWBRQT";"PIECHOTA "
"FFCLQNNZAO";"Panzer-Bat. 74"
"FFCTWGMKOZ";"N.G. M60A1 RISE"
"FFENGVKVSY";"AH-1T SEACOBRA [RKT2]"
"FFIOYDIIYB";"AS.11"
"FFJOKCJRXA";"공수 지휘관"
"FFJVIWDBPZ";"FALLSCHIRM. AUFK."
"FFLXDWNIBO";"A-6E INTRUDER [SEAD]"
"FFMTOYKEJQ";"GAZELLE LISSE"
"FFMYWTNUEL";"DINOPS"
"FFRHFWIDXP";"CBU-72"
"FFSGXLNWRT";"CMDT FUSILIERS"
"FFXMDZQVPY";"2-PR-1"
"FFYVHXAZAZ";"D-1"
"FFZYBPEVUC";"N.G. M48A5 ACAV"
"FGBFJZRGBV";"2-12. MSP"
"FGBOFZUMNF";"Mi-8MT [RKT 2]"
"FGCHGURRII";"RPG-7VR"
"FGFQAIUNMN";"1. Stíhací Letecké Pluk"
"FGHTKFQOTP";"LEOPARD 1A1A2"
"FGJTZXLJVU";"N.G. M901 ITV"
"FGKLRTQMSA";"SS.11"
"FGQFEPWLDG";"MLVW 보급차량"
"FGQOPQZNWC";"II./MSR. 7"
"FGUBVNEQKH";"공중기동 포조"
"FGVAXLSTJV";"6de Artillerie"
"FGXHUVKXRA";"MPi-AKS 74N"
"FGYDQGQMLK";"LO-1800 ZPU-2"
"FGZRNHBZWG";"439-y otd. Vertolotnyy Polk"
"FHEL01";"헬리콥터: 수송"
"FHEL02";"헬리콥터: 건십"
"FHEL03";"헬리콥터: 대전차"
"FHEL04";"헬리콥터: 대공"
"FHFZEGBXLW";"F-111E [HE]"
"FHGHTHRXHW";"JRROF"
"FHHTZYWIPP";"1-68 pcz"
"FHILFVEKSD";"#DDR  4. MSD"
"FHJIPIEJXI";"DESANT. LuAZ-967M"
"FHLLZYDBKV";"L21A1 RARDEN"
"FHMJZPUDWV";"M-240 (3F2 Gagara)"
"FHPSFVSOSD";"#RFA 4. Pz.Gren.-Division"
"FHQEDISCUJ";"10 br"
"FHRSSZUVTM";"DShKM"
"FIAQOUSIWG";"MG3S"
"FICEJGYDUQ";"(크림 방위군)"
"FIDWVAJGHK";"99e Infanterie"
"FIDZLDPPLO";"LEOPARD C1"
"FIEMKRMPDX";"CH-47C CHINOOK"
"FIEYLFVBDN";"A-7D CORSAIR II [HE]"
"FIFQEADZRH";"1-15. TP"
"FIFWYJHTGW";"3-63. MSP"
"FIHQPQMIKK";"M198"
"FIJJGECVMS";"AMX-10 P MILAN"
"FINF01";"보병: 소총"
"FINF02";"보병: 대공"
"FINF03";"보병: 대전차"
"FINF04";"보병: 돌격"
"FINF05";"보병: 중기관총"
"FINOOYGRFL";"A-7D CORSAIR II [CLU]"
"FIQBSCAMRQ";"MOT. RAZVEDKA"
"FIQDKYOYSH";"Pz.Gren.-Bat. 111"
"FIQMEQMUTK";"전차포"
"FIRCMRJLTY";"Colt Commando"
"FISKEJVBBF";"PM-63 RAK"
"FISTHXAXCT";"171. PLRP"
"FJCOWPOMZU";"Geb.Jäger-Bat. 87"
"FJCRHIOGOU";"21-y Otd. Ognemetniy Bat."
"FJDHKYYUHE";"M2HB 12,7mm M63"
"FJESUSRQLH";"M41C CAXIAS"
"FJFDPOBXCY";"CHIEFTAIN MK. 11"
"FJJDCSJCNE";"Model 30-11"
"FJLPBERWSS";"Panzer-Bat. 334"
"FJMYKIXCQG";"KPz. T-72S"
"FJOZCWAHGT";"M621"
"FJPGXBJJHP";"2nd ATAF"
"FJRHPYEODE";"FV510 WARRIOR"
"FJRYNDDRYJ";"1-36 pa"
"FJSSFWDQFW";"M150A1"
"FJUHCAHHGZ";"ARMBRUST"
"FJVDWQMQTR";"NF-5A [RKT]"
"FJWHNVXCUU";"F-18 [AA1]"
"FJYKJBEVGW";"M256"
"FJYLNRUTGL";"PZ.GRENADIER"
"FKCGJKVASJ";"Aufklärungs-Bat. 2"
"FKGVYRVZIK";"GV. PULEMETCHIKI"
"FKODPDHTST";"ZiS-3 76,2mm"
"FKRGEUYHOI";"FV432"
"FKXDCYUQXX";"HQ-82nd AB"
"FKYHPGLRCQ";"1-841-y Art. Polk"
"FKYQUGDTTW";"C.14B [AA]"
"FLAKMDRFWX";"1-15th Mech. Infantry Bat."
"FLAOVJBRAZ";"Pz.Gren.-Bat. 242"
"FLARKOAOYS";"III,/AR-19"
"FLATTBBUOQ";"N.G. M1 ABRAMS"
"FLAXNEBGVH";"GBU-12"
"FLHJNKBUWG";"미 해병대 경비대"
"FLIGQGONAI";"영국 제1군단 본부"
"FLIMDKGAKO";"Bofors AC130"
"FLJZTYYJUJ";"Igla-V"
"FLKWCZCSNP";"Su-17M4 [CLU]"
"FLOTCMWGPU";"Skyflash"
"FLQPPKVRCM";"TU-22KDP [HE]"
"FLZPKTCMPR";"HR.15"
"FMBEZQMQMN";"AEROMOBILES"
"FMCNICOQBM";"Panzer-Bat. 83"
"FMCTHBSXYK";"ML-20S"
"FMDWQLQRIM";"AH-1F HOG"
"FMFINMBFXR";"Pz.Gren.-Bat. 292"
"FMGVSMMXTG";"M1025 HUMVEE CP"
"FMMQQGWUHR";"T-62M"
"FMPJJNRQZR";"MARSOUINS M2HB 12,7mm"
"FMSSHFWGSV";"Panzer-Bat. 524"
"FMVFOPSRJL";"A-12.7"
"FMVT01";"AA"
"FMVVXCCNRF";"AMX-10 RC"
"FMXKRJNSYC";"#US  8th Infantry Div."
"FMZPBDLBJB";"DESANT. UAZ-3151 SNAB."
"FNABTUEHJS";"Flugabwehr-Rgt. 330"
"FNAFLIYGHI";"BRP-250"
"FNDBQOWKLF";"2A20"
"FNDEHHDUNN";"Dépôt de munition"
"FNKTCLWRIN";"A-7D CORSAIR II"
"FNLDCHDYDN";"4-12th Field Artillery Rgt."
"FNLLFEJDGY";"F-16A [CLU]"
"FNLTZZIJHQ";"A-19"
"FNMSQGEPRC";"USMCR AAVP-7"
"FNPXTBEHJU";"793rd MP Battalion"
"FNRTDEWQIW";"3e RPIMa"
"FNSIMJKQLR";"N.G. AH-1F TOWCOBRA"
"FNTSCTFQIG";"BM-14M"
"FNVLDFBGDJ";"1-62-y Gv. Tank. Polk"
"FNXVEFFBRX";"1er Artillerie"
"FOBFRA";"Dépôt de munition"
"FOBGER";"Felddepot"
"FOBNL";"Munitiedepot"
"FOBQZRPWXQ";"PUNTO DE ABASTECIMIENTO"
"FOBSMBCIDP";"MILAN 2"
"FOBSOV";"Sklad Snabzheniya"
"FOBUSUK";"야전 보급소"
"FOEHEVHOFI";"HARRIER GR.3 [RKT2]"
"FOFSOPRCPI";"81-y otd. Razvedka Bat."
"FOKRPICVFM";"#BEL 3ste Wing"
"FOMRBIEDNQ";"1. Luftlande-Division"
"FOMUKMMLNY";"C.12 [HE]"
"FONKCFBSWU";"BTR-70"
"FOSDNTTRUQ";"Strela-2M"
"FOSHMZJIFS";"2-145-y otd. Tank. Polk"
"FOUMNVZCJZ";"HONKER RYS"
"FOVTZBUCUS";"Feldartillerie-Bat. 71"
"FOWVGFBVEH";"26th Field Rgt., RE"
"FOWWAHLVMF";"RAF Bruggen"
"FOYBIJVVMP";"L85A1"
"FOYJDGIRXZ";"Kh-25 MPU"
"FOZZQUYGFW";"EM-5e DB"
"FPAGDGQXLD";"USMC AAVC-7A1"
"FPAGUORCSH";"3-2. TP"
"FPAJPWGMER";"3-45-y Gv. Tank. Polk"
"FPFQOTUJGD";"M113A1"
"FPIETNUZSV";"2-64th Armored Bat."
"FPKRVEDLCX";"LEOPARD 1A5(BE) PC"
"FPMXNFPKHK";"F-4F [RKT]"
"FPODEKCOAL";"4-159th Aviation Rgt."
"FPQLBBUPJX";"#US  17th Field Artillery Brig."
"FPTCWRLCEV";"3-332. KDBr"
"FPUDXJHFBG";"CH-47C CHINOOK"
"FPVBLJYFBI";"능동방호체계"
"FPVDUPYIFO";"민병대"
"FPVMZXCBHR";"CH-135"
"FPVTINHMIX";"BEZPEČNOSTNÍ ODDÍL"
"FPXQEWRFUQ";"F-16A [CLU]"
"FQAQJUEKSA";"M102"
"FQAVUEQSAZ";"SPADOCHRONIARZE (PKM)"
"FQCSEJATVQ";"FAB-500"
"FQEREYHQJI";"R-40TD1"
"FQGWMVHKZE";"SPW-60PUM"
"FQGYRKLUGU";"M-46 130mm"
"FQHKTFIGHK";"ROVER YEOMAN"
"FQJJNIABQV";"GV. KONKURS"
"FQMBYQBVBV";"1-74. RMBr"
"FQNQRWSTPW";"II./PR-16"
"FQNSWMGYJH";"CH-53G"
"FQPNHLZZKR";"I-TOW"
"FQQQINLJKT";"#UK  11th Armoured Brigade"
"FQTOXYRUIS";"91 pappanc"
"FQVQPCDBOS";"M240 D"
"FQWDKTINEZ";"T813"
"FRABJZURBD";"2A36"
"FRBNTAEVHH";"매우 먼 거리에서 운용되는 장거리 반능동 미사일입니다."
"FRDBRFQWZF";"AMX-30RE1"
"FREDRXOMPL";"968-y IAP"
"FREQBLDMTX";"TOW"
"FRFDICYAEC";"C5"
"FRFTLVWPIR";"BDX 81mm"
"FRGLSOWZWS";"ØSTRE LANDKOMMANDO"
"FRKFCSJQSJ";"VKK 243"
"FRKMIGYSZV";"T-72M1"
"FRMAOGHIDR";"GSh-23L x3"
"FROFYKQLDU";"M-110A2"
"FROLTBMMWX";"M2A1-7"
"FRORTHETMQ";"BM-24M"
"FRQHPAFNBI";"W-3W SOKOŁ [RKT]"
"FRSAEHFPOZ";"Panzer-Bat. 23"
"FRVKPGUSUE";"KOMENDATURA"
"FRVTTYDZUG";"SPW-40P2(K)"
"FRWWKDIDND";"ROVER YEOMAN"
"FRXHTCHOCO";"39-GV.MTSK OFFICIAL BATTLEGROUP"
"FSAJGCENQC";"M2A1 BRADLEY CP"
"FSBZVYFDCE";"54 Tkbat"
"FSDUZRZVNL";"DD-8 DZ"
"FSFTIIPQGX";"SPW-50PK"
"FSMDSBBTFH";"PATHFINDERS"
"FSMZRCQJTS";"P4 ANF1"
"FSNJSFRQHV";"213mm"
"FSNXRCIWDO";"L7A3"
"FSOFHQPDDH";"CAÑÓN 122/45 RUSO .31"
"FSQWUMDOBO";"LO-1800 FASTA-4"
"FSTIXCDKOZ";"I (Br.) Corps Engineers"
"FSTQXJCOKC";"Su-24M [NPLM]"
"FSTYXEPODO";"132 Infbat"
"FSVJFFBOHE";"Fallschirm-Bat. 262"
"FSWBRJXSRF";"MiG-25RBF [HE]"
"FSWLBWRVCS";"TB 100"
"FSXAAYARUI";"2-172-y Gv. MSP"
"FSZXQDZFDJ";"SMAW"
"FTASMGHFYV";"#US 3rd Air Force"
"FTBWDYULLT";"CFMP"
"FTEZHHUCFA";"#RFA Gebirgsbrigade 23"
"FTNWLNRSXV";"SKOT-2"
"FTOULNBXQP";"MiG-21MF [NPLM]"
"FTR01";"IsCommander"
"FTR02";"IsReco"
"FTR03";"IsSF"
"FTR04";"IsPara"
"FTR05";"수송"
"FTR06";"Softskin"
"FTR07";"Unarmed"
"FTRAHMBIVC";"11. Stíhací Letecké Pluk"
"FTSDRSSHAN";"RT SHPz"
"FTTFDEKYPR";"UH-1N DAS [RKT]"
"FTVRWGRMFW";"LÉGIONNAIRES-PARAS"
"FTWBHKTBXZ";"근위 저격수"
"FTZMZQGNXM";"27-YA GV. MOTOSTRELK. DIV."
"FUBCIOAZQV";"MT-12 upgrade"
"FUCVOGQOWH";"곡사포"
"FUDUBNXRHD";"5-77th Armored Bat."
"FUEGLVUDYG";"85 pz"
"FUHRUIXMXS";"NS-23"
"FUIINKXPMQ";"Strela-2M"
"FUJCURVUVT";"PARA. ENGINEERS (CarlG)"
"FUQCRZJUJQ";"중기관총은 중거리에서 자동사격이 가능한 화기입니다. 탄띠 급탄식 기관총은 병사 한 명이 운반할 수 있을 정도로 가볍지만, 효율적으로 운용하려면 소규모 운용조가 필요한 경우가 많습니다. 중기관총은 동축무장을 포함해 각종 차량에도 흔히 장착됩니다.

중기관총은 단거리에서 중거리까지 보병을 상대로 효과적입니다."
"FURSUIWGLB";"PANZERFAUST 3"
"FUSUSSGDHX";"#UK 공수연대 전투단"
"FUUYEAWDCE";"CF-116 [CLU]"
"FUWGHQYVOX";"677-y Otd. Zen. Rak. Bat."
"FUWWGJOIOG";"DSh. 2B14 82mm"
"FUYMSLGESC";"4E DIVISIE"
"FUYNKNKEUQ";"M30 107mm"
"FVBOFHEDQI";"SCOUTS"
"FVCIKEPMNZ";"MOR. T-55AMK"
"FVETQMKNEF";"9e RCP"
"FVEULXNYUV";"NF-5A [AA]"
"FVGLODQTJQ";"GREN.-VOLTIGEURS (FR-F1)"
"FVJJHXKJME";"595-y Razvedka Bat."
"FVKROOSDDV";"L42"
"FVLSLTUGMY";"Fallschirm-Bat. 261"
"FVSWPOBCSR";"CMDT GREN.-VOLTIGEURS"
"FVUTSALYDC";"9M333"
"FVVWZFYQBF";"54 Afdva"
"FVWCHOWEDQ";"#SOV 239-y MSP"
"FVWWJFOSHG";"II./AR 17"
"FVXRHDRPBA";"BTR-40B"
"FVXWTHWCVC";"4-41st Field Artillery Rgt."
"FWACUZDMOF";"ČSLA"
"FWBRRHVUJN";"VBL RECO"
"FWEIJWNFYV";"Electro-optical Dazzler"
"FWEKKFGSBO";"D-10T2S"
"FWGAITSLBW";"Gr.Wfr. M43 120mm"
"FWHFPHNWKS";"M26"
"FWJPLTUGHE";"MOTOSTRELKI (RPG-22)"
"FWJULMBWQP";"T-64AK Obr. 83"
"FWOKIILJSN";"L7A3"
"FWP01";"Napalm"
"FWP02";"Cluster"
"FWP20";"보병"
"FWPJWFQRGX";"M21"
"FWRWYYMEFT";"BTR-152S"
"FWRXZAZDDX";"1-1. DP"
"FWSKZFVRBJ";"MOTOSTRELKI (BMP)"
"FWWBORSLAJ";"L33"
"FWXVNOHBPU";"Su-25 [AT]"
"FWYDGVFPHK";"공수 코만도 (RL)"
"FXAZWNSWAD";"T-72BK"
"FXDRWIKVUX";"#POL 2 Armia"
"FXDSXOQHMU";"PEACEKEEPER"
"FXIEEZIILK";"Stab-4. Pz.Gren.-Div."
"FXKKFVWLAM";"NSV 12,7mm"
"FXLUVIFOBO";"CH-53E SEA STALLION"
"FXMNIFSUBD";"2-68 pcz"
"FXMURIZNPF";"USMC M1025 HUMVEE AGL"
"FXNQRHJPDA";"#SOV 41-y MSP"
"FXOTADQGPW";"31ste Smaldeel"
"FXOYVDJVXX";"PzGrenadier-Bat. 53"
"FXPXGOLYUZ";"EH-60A QUICK FIX II"
"FXSBNXEPBE";"HQ-1ere Division d'Infanterie"
"FXVEOLAXQG";"PRIZIVNIKI"
"FXZFGJWQHN";"PIONIER (CarlG)"
"FYBVFFZMVJ";"3rd Field Rgt. RA"
"FYENPYALTF";"2-120-y Gv. MSP"
"FYEPXQNCPI";"PATROUILLE PARA-CMDO."
"FYHCZXYVQB";"1-120-y Gv. MSP"
"FYJJCVFIUT";"2S7 PIWONIA"
"FYNXJRKFCS";"125 Afdltlua"
"FYPZJTCVGF";"G3A4"
"FYQSTSZWPR";"MiG-23MF [AT]"
"FYUMFOLYOQ";"CRV-7"
"FYVQZGCUJR";"9M117"
"FYZETRXSJI";"대공포(AA)는 빠르게 움직이는 공중 표적을 격추하기 위한 무기입니다.
이런 포는 빠른 선회와 높은 발사속도·고각을 갖춘 포탑에 탑재되는 경우가 많습니다. 발전된 체계는 사격통제 컴퓨터와 레이더를 사용하여 항공기와 헬리콥터를 즉시 추적하고 사격할 수 있습니다. 대공포는 2연장 또는 4연장으로 운용되는 경우가 많으며, 경장갑 지상 표적을 상대로 직접사격할 때도 매우 효과적입니다.  "
"FZASMFHSBP";"PzGrenadier-Bat. 362"
"FZGRMUGLMY";"28 pułk czołgów"
"FZIGMHFLJZ";"GAU-2B/A"
"FZNTWYXYOM";"2A37"
"FZOKMKMJHV";"PUMA HET"
"FZOLLUXQXS";"UAZ-469 AGS-17"
"FZPDSJDTOP";"2-229th Attack Helo. Bat."
"FZQDEFDXPF";"KPZ. T-34/85M"
"FZSSSJZRIE";"Pionier-Bat. 5"
"FZTSGXHQER";"#SOV 170-y Gv. MSP"
"FZTSPKAKIY";"ROVER MILAN  (Berlin)"
"FZTTVPRTDM";"(reco) BMP-1P(C)"
"FZUTPEJENN";"Mi-8MTA"
"FZYIPBSROI";"5-18th Mech. Infantry Bat."
"FZYZAVVYTB";"9K330 TOR"
"Flame";"화염방사기"
"FlameDes";"화염방사기는 조절 가능한 화염 줄기를 분사하는 파괴적인 무기입니다. 액체연료 또는 네이팜과 같은 소이 혼합물을 사용하며 차량에 장착하거나 보병이 휴대할 수 있습니다. 

사거리는 매우 짧지만 엄폐한 보병에게도 매우 효과적입니다."
"GAAWXJSLQL";"M1008 CUCV MP"
"GAFYKHWDVX";"11-Y ORAP"
"GAKRKOBOPD";"#UK  15 Infantry Brigade"
"GALWRZJJEQ";"Fallschirm.-Bat. 262"
"GAMCVTSWLG";"Bloodhound"
"GANKMEFIZZ";"ZIL-157 SNAB."
"GARWNSXRNK";"VKK 222"
"GASLZRBGHF";"KRAKA TOW"
"GAVYIYPSXS";"LEOPARD C1 CP"
"GAWRQONTYA";"KH vz.18/47N 152mm"
"GAXSQVIFTD";"T-55AM1K"
"GAYIRKIQVT";"A-109A HIRUNDO"
"GBAFHBTYTI";"MOT.-SCHÜTZEN FÜH."
"GBEIMUVUFT";"GUARDS"
"GBFFBCIDFY";"M/85"
"GBFQVMCWJU";"중무장 헬리콥터"
"GBFWCTJNIP";"4-7th Field Artillery Rgt."
"GBGAGJNBPW";"Mk 82"
"GBGBUWVHNE";"The Royal Yeomanry"
"GBNPZXMYUR";"MOT.-SCHÜTZEN (s.MG)"
"GBOWSKCJQT";"BTR-60PUM"
"GBPLFTKGMZ";"W50 LA/A"
"GBQPRYEOAE";"1-36 pz"
"GBSJSVGXEG";"MILAN"
"GBXCRBBHZN";"3-79. MSP"
"GBXVIJBDTF";"TOA-VCZ"
"GCAOLDXDWR";"MARINES (AT-4)"
"GCCUEIHHKG";"126-ya IAD"
"GCGDOHYSPM";"Mi-2US ADDER"
"GCGVXMHJEK";"#SOV 353-y Gv. Tank. Polk"
"GCINNOHWKQ";"Panzer-Bat. 291"
"GCLEVKKGZI";"MiG-29S"
"GCOZBJCCFF";"3rd Arm/Cavalry Recon Group"
"GCPMTPFHQX";"ML-20"
"GCQELASUUK";"CT-133 SILVER STAR [RKT]"
"GCQKXEFPDO";"M113A1-B"
"GCQZSNGHSW";"AB M1025 HUMVEE TOW"
"GCVRYSXYNZ";"FV432 지휘"
"GCXZNUOXNK";"PzGrenadier-Bat. 72"
"GCZNJZWZXI";"MAN KAT 6x6"
"GDCRQKMGXF";"2A21"
"GDDFRNWOFL";"3-44th ADA"
"GDDLFCMDGE";"M813A1 보급"
"GDECFLEZQI";"CH-47C 보급"
"GDPMCGDQYZ";"MiG-31 [AA2]"
"GDTPDSKXCI";"Esc. de Chasse 3/11 Corse"
"GDUXCDNYTN";"3e Bataillon Parachutiste"
"GDXKUQTPHM";"VBK 20"
"GDZDHKXZGC";"MD-2"
"GEEWFWTUTL";"AANF1 7,62mm"
"GEFBTMRHWG";"[SHOCK#trait_SHOCK] [PARA#trait_PARA] "
"GEHMSVIEHC";"INGENIØR"
"GEIOJRJUNF";"2-64. TP"
"GEJCOXHKJG";"107/108 Afdva"
"GEJQTUPJLR";"ALOUETTE II"
"GEKKGVXETN";"#CZ 71. KDBr"
"GEOKXHSJLK";"3-333-y MSP"
"GEOVZDBVBT";"특수부대"
"GEPAINRAOW";"FRR-8"
"GEQRWBOAOB";"AB M1025 HUMVEE AGL"
"GETCEMTEXN";"RAZVEDKA"
"GETVYKFIZY";"1-16 pa"
"GEWKQOCEYW";"75 prplot"
"GEYEXTFOLS";"Tampella"
"GFCDWHXWCY";"9K38 Igla-N"
"GFGBAARGRY";"336-Y.G.BR.M.P. OFFICIAL BATTLEGROUP"
"GFGCODEPDU";"MT-12"
"GFKMTBVWQB";"2-670-y Art. Polk"
"GFNUITUCTT";"YPR-765 PRV"
"GFOCGQLFWZ";"673-y otd. Zen.-Rak. Bat."
"GFPIIZPGWH";"#CZ 67. Motostřelecký Pluk"
"GFPOVZIUSB";"Malyutka-M"
"GFQWVQQMOF";"DESANTNIKI"
"GFRRRCMPNH";"COMMANDOS DE L'AIR"
"GFSLQQCBAK";"R-330T TARAN"
"GFTUKJDEOT";"1-237-y Tank. Polk"
"GFVXXKIHKF";"ATO-54"
"GFWNXDRICX";"Escadre de Chasse 3"
"GFZYSJTMQK";"TRF1"
"GGCMOWMBPX";"TOA-PM-120"
"GGEFVCFREY";"LEOPARD 2A4(C)"
"GGJCEUOFXK";"16 br"
"GGKYGZQTEG";"L7A3"
"GGMGMNUOSV";"M101 105mm"
"GGSLNBFHEX";"저격소총"
"GGSXJPQQHB";"FAL"
"GGUQIREIWT";"GRIZZLY CP"
"GGUYVLGVCX";"지상감시 레이더 유닛은 이동하지 않을 때 관측 능력 단계가 +1 증가합니다."
"GGXXIFAVGF";"DAF YA-4400"
"GHBUQBKXUA";"1-6 pz"
"GHCLPNTROY";"3-11 pz"
"GHCXUAITJS";"ERC-90 SAGAIE"
"GHFVOYWFSU";"Res. Mot.-Schützenbat. 43"
"GHIXPHTPNX";"I./MSR. 13"
"GHNAICDKEH";"M29 81mm"
"GHQNKQJJNK";"1-41st Infantry Rgt."
"GHTAXOCZQL";"LARO"
"GHVPUBTTQB";"3de Linie"
"GHWFJOJVAI";"PT-76B"
"GHWSJWIOPT";"RESERVISTES"
"GHYMQKZAYZ";"Su-7BKŁ [HE]"
"GHZKLGAEAE";"3-29-y Gv. Tank. Polk"
"GHZUTLOIZT";"1-75 pz"
"GIDPRVDYNR";"BTR-60PB"
"GIEZRYAKVY";"9M117"
"GIJCBPHKYU";"AMX-30EM1"
"GIJGJEPZGT";"MOR. OTDELENIE PODDERZHKI"
"GILNRDFPMA";"BRDM-2 STRELA-1"
"GILTMXTTQD";"USMC Mk.19 40mm"
"GINEUORKPC";"RESERVISTES"
"GIRNYMXRRE";"BM-24M"
"GIRTMPJTLJ";"GREEN BERETS"
"GISLRKYQAT";"A-19"
"GIUDKCQGEX";"#CZ 19. Motostřelecká Divize"
"GIWDPIMXKI";"Stab.-1. MSD"
"GIWEOMABSS";"Teritoriální Prapor"
"GIXMUPKTNG";"M113A1 DOZER"
"GIYRFLGJXE";"AMX-13 VCG F1"
"GIZJVXGLTH";"45 Field Rgt. RA"
"GJBFTLDATS";"AH-1W SUPERCOBRA [AT]"
"GJFWKKLFSP";"1-8 Bah"
"GJHFCZGGRB";"2-244-y Gv. MSP"
"GJIVKSDYZS";"N.G. ENGINEERS (M67)"
"GJJPMPNJNU";"DB-7 DDdes"
"GJKDBHMCEN";"T-62MV"
"GJKMDBDKZK";"DESANT. SNAJPER"
"GJKXWLAGPM";"ATMP MILAN"
"GJONSQJWIG";"MIRAGE III E [AT]"
"GJPCTNKLBZ";"DECKUNGSGRUPPE"
"GJSNLWDGDR";"AGM-65E Maverick"
"GJTATOXEWM";"L11A5"
"GJXNWFIDRH";"86-y otd. Tank. Bat."
"GKBLUEOPUG";"#DDR 9. PzD"
"GKESZLUTXP";"V3S"
"GKFLMOGKFQ";"421TFS"
"GKGKVOWLLI";"TMG M/50 12,7mm"
"GKOUWMLVWS";"Igla"
"GKPQWKKPZK";"I,/Royal Irish Rangers"
"GKSQUEBHOA";"challenge 11 ACR"
"GKSSJLCNLS";"1er Rgt. d'Artillerie"
"GKUVRUDXNW";"T815 MUN."
"GKVKDPJRZL";"Sicherungs-Bat. 4432"
"GLCHUFJCAE";"2-YA GV. MOTOSTRELK. DIV."
"GLCJZUHTEL";"Mk.5 Incendiary"
"GLCZEVUTIJ";"ØSTRE LANDSDELSKOMMAND"
"GLEPREONRL";"3-243-y Gv. MSP"
"GLGEEBMBGJ";"1-28-y Gv. Tank. Polk"
"GLIGKLOZZT";"264kg"
"GLIHWWCESI";"F-16A [AA1]"
"GLOBCNVQEK";"5e RALC"
"GLPCGKHAGP";"Su-22M4 [NPLM]"
"GLPROVHJGF";"CVR(T) STRIKER"
"GLPZNUXNZV";"1000kg"
"GLUDUBWHXC";"#DDR 15. Panzer-Rgt."
"GLVGFHXELM";"1-744-y Art. Polk"
"GLVQKASIWS";"3-275-y Gv. MSP"
"GLVWPWJDUA";"BO-105 PAH-1A1"
"GLZVUWJPDZ";"FlaRak-Bat. 36"
"GMEAMNTOCF";"CHEVROL CHEVRETTE PM"
"GMESKVNKCY";"#SOV 53-ya. Zen. Rak. Brigada"
"GMEZVXTAMY";"BME-330 C"
"GMHKFXKBNB";"M126"
"GMJECVYZVR";"Velitelství a štáb 13. TD"
"GMLQQSLCAX";"NORTHAG 본부"
"GMMEULKJQS";"ZÁSOBOVACÍ T813"
"GMOKTYCSXJ";"PARA. FV105 SULTAN"
"GMOOBGVHCL";"FlaRak-Gruppe 42"
"GMOVZCGEIH";"BM59-TA"
"GMRKWLNWXW";"#RFA VBK 43"
"GMSVVBVNTM";"#BEL 1ste Wing"
"GMUBTEYDAR";"LehrPz T-72"
"GMULELFSWX";"ODAB-500PM"
"GMVRCNIUFC";"4-y Gv. Razvedka Bat."
"GNCKODYAFU";"SAS 저격수"
"GNGOLUBGKI";"286-y Zen. Rak. Polk"
"GNIFXKTHNO";"9 TD"
"GNMPCDEVUB";"USMCR AAVP-7A1 WEGS"
"GNOEOVZIJC";"L7A1"
"GNOSBZVIXZ";"BWP-1"
"GNOULDGFIU";"SPW-152A ZPU-2"
"GNSJNMEFJT";"3-MSR. 29"
"GNSPHTHQAB";"LARO"
"GNTKMVQKGO";"1 Regiment AAC"
"GNWAMPYREC";"M55 75"
"GNZXZPTABP";"ATO-54"
"GOBTHMUEXB";"LEOPARD 1 DK"
"GOCYYSBJAJ";"VAB RECO"
"GOHLOJAZQD";"#CZ 55. Motostřelecký Pluk"
"GOMSACYMBS";"MNAD"
"GOOEGYDUTP";"100mm HEAT"
"GOUYKHYXFB";"2-51-y Gv. Tank. Polk"
"GOXLFPUHQX";"2-YA GV. MOTOSTRELK. DIV."
"GOYSWQVKZE";"URAL-4320 ZPU-4"
"GOZTBGYTSL";"MK-77"
"GPETQPLYQS";"MiG-27K [LGB1]"
"GPFACVPVNW";"125mm"
"GPGDZAFZEB";"6800kg"
"GPHAFYSFQC";"1-49. DP"
"GPKBBTQEVG";"T-55AMS MERIDA"
"GPNIXTMLGI";"Aufk.-Bataillon 9"
"GPPWECJXYL";"1-47. DP"
"GPWYRTEKKK";"PzGrenadier-Bat. 82"
"GQGYEISFZE";"3-Royal Canadian Rgt."
"GQHDRYRYZH";"F-15C EAGLE [AA2]"
"GQHGRPMFRT";"M-30"
"GQLAHAUNQF";"Feldartillerie-Bat. 121"
"GQOMDRTMRU";"HS Mk.V"
"GQPQRAFLDI";"Line"
"GQPRSBMQUP";"TORNADO GR.1 [CLU]"
"GQQEHPVWNF";"7,/115-y otd. Tank. Polk"
"GQUCGOCIMG";"M1040 FAV"
"GQUHTWOJGC";"KS-19"
"GQXLQBYQAX";"9M55K5"
"GQXUYULQCB";"11 Tkbat"
"GQZEJGRFAK";"2e Cuirassiers"
"GRCWTGUSTP";"CN-105 F1"
"GRDKJKSWDX";"T-34/85M"
"GRGBDRYTKO";"UNIMOG S404"
"GRIXIPPHOU";"27-YA GV. MOTOSTRELK. DIV."
"GRJBFYQFRM";"MW-1 KB44"
"GRKNWDXKXI";"13. tanková divize"
"GRLGBHATHJ";"Mi-2T"
"GRMJOZGBNX";"AKMS"
"GRNPBWQUVH";"KPVT"
"GRQPLASXQR";"526-y Otd. Zen. Rak. Bat."
"GRTNXIVLPA";"TOP M-43 76,2mm"
"GRWQKTCNQX";"D-30"
"GRZIQBGQGQ";"Jäger-Bat. 712"
"GRZSIGUNIY";"60e Rgt. d'Artillerie"
"GSBIYBJLMY";"FAL"
"GSHEDDHURZ";"RPK"
"GSJNHUIYCT";"3ste Wing"
"GSJPMSOYRZ";"CHIEFTAIN MK. 1/4"
"GSOHQTSLLY";"GEBIRGSJÄGER FÜH."
"GSQHTZMARI";"ALPINI GUASTATORI"
"GSTTAMYEQN";"ADATS"
"GSTZPNINTG";"EM-4e DAM"
"GSXHYQXRIH";"M47E2"
"GSXXTTUETX";"AIM-54 Phoenix"
"GTAHLPQSHT";"#ESP Brigada Acorazada 12"
"GTAVNFKFHP";"AH-1W SUPERCOBRA [AT]"
"GTBHIHTZAL";"F-111E [HE]"
"GTDCYFQWGR";"FRR-17"
"GTFCQRBLSB";"1-5 pz"
"GTKHRNPJUC";"UK Vz.59"
"GTQGBWZKHZ";"244 Afdva"
"GTTSDXHUJS";"2-11 pz"
"GTTZBOGNHM";"PARA. M101 105mm"
"GTVDVDUOHA";"VIB"
"GTVNJNQBMI";"2A36"
"GTVZTGDTWN";"ROVER WOMBAT"
"GTZMNCZKEE";"ALOUETTE III"
"GTZOKXIAOY";"238-y otd. Vertolotnyy Polk"
"GUBDCOXOJE";"MiG-23MLD [AA1]"
"GUCKZLWCRO";"이 정찰 유닛은 휴대용 지상감시 레이더를 장비하여 가시거리 밖의 표적을 탐지합니다. 전개한 뒤 기능하려면 정지 상태를 유지해야 합니다."
"GUDMZCWNOE";"B-11"
"GUFKTDEUDC";"BAW-485"
"GUFTQLBODW";"T-55A"
"GUIHINFIES";"화력조 (LAW)"
"GULGXMUGGT";"A.109HA-2"
"GULNKRORCZ";"Carl Gustav M2"
"GUNPOVZTCC";"GEB. SCHARFSCHÜTZE"
"GUQDRYXBFW";"T-72B1 Obr. 84"
"GUQUYPXNMN";"중기관총"
"GURMIZNFUM";"Mi-24P [AA]"
"GURQWANHLM";"저격수 (M82)"
"GURYHOMCRY";"JYSKE DIVISION OFFICIAL BATTLEGROUP"
"GUUELEYSEC";"1-724-y Gv. Art. Polk"
"GUUFLVAQLE";"kbk AKMS"
"GUVPKNSFEA";"240mm"
"GUWQSALBOZ";"AIM-9L(i)"
"GVAFFOSAKJ";"DSh. PULEMETCHIKI"
"GVBVCGWYYL";"공수공병"
"GVGMMSYWCC";"1185-y otd. Desant. Bat."
"GVKTGGDEWI";"19. MOTOSTRELECKE DIVIZE"
"GVMWHXMHGU";"I./Royal Rgt. of Fusiliers"
"GVQCRFUAOZ";"#RFA  73. Heimatschutz-Brig."
"GVRTXWTSXD";"M-108"
"GVSUAECMHM";"SEP/ELK"
"GVWXIKSWWN";"519-y Otd. Zen. Rak. Bat."
"GVZGFSNAMD";"RALCA II/62"
"GWECBXZFHB";"3-302-y Gv. MSP"
"GWERMIMSPM";"M47"
"GWEURNCXIL";"2-96-y Art. Polk"
"GWHKWPIMCE";"#US 4th (Aviation) Brigade"
"GWHTQVXRKM";"방공"
"GWJRTCPXVK";"공수 포조"
"GWLJBZLLUR";"9M33M3"
"GWMUGGFPRZ";"전자전 항공기는 강력한 전자대응책(ECM) 장비를 갖추고 있으며 일정 범위에 효과를 투사합니다. 이 범위 안의 적 방공 레이더는 교란되어 해당 유닛 무장의 명중률이 20% 감소합니다. 전자전 항공기는 SEAD 수준의 공중 관측 능력도 갖추어 멀리서 레이더 장비를 사용하는 적 유닛을 탐지할 수 있습니다."
"GWNXQAXDUV";"PTS-2"
"GWRNITVDHR";"N.G. M728 CEV"
"GWWYWGALIT";"7-6th Mech. Infantry Bat."
"GXBUHJPXEF";"Pz.Kan. 61"
"GXCTESPTZX";"ALOUETTE II PC"
"GXIJGWRFEM";"I,/The Green Horwards"
"GXJBWRADYP";"무유도 공대지 로켓은 항공기와 헬리콥터에서 지상 표적을 향해 발사합니다.
흔히 쓰이는 로켓은 일반적으로 능동 유도 체계가 없어 미사일과 구별됩니다. 단순하고 사용하기 쉬운 대신 정확도는 높지 않지만, 단거리 공격이나 지역 포화에 편리합니다. 다양한 탄두를 탑재하며 로켓 포드에서 일제사격하여 막대한 화력을 퍼붓는 경우가 많습니다."
"GXJKQMQNKU";"2-36. DP"
"GXJMRVHXOO";"MFRW RM-70M [NPLM]"
"GXLCMHRNQH";"M16A2"
"GXNLSRUAKG";"C.14A [HE/CLU]"
"GXSSPUTXSJ";"LUFTSTURM-JÄGER"
"GXTUSODCCT";"1 Brygada Saperów"
"GXVOSABVJZ";"PZR KUB-M3"
"GXVZANBEUY";"3RD INFANTRY DIVISION"
"GXWAXUMLFI";"A-10A [RKT]"
"GXXHELBYEE";"YPR-765 PRAT"
"GXYVXIQXVW";"SPW PSH"
"GYBHUOUTOD";"#DDR 29. Mot.-Schützen-Rgt."
"GYFEDUSQGR";"Kom./207-ya MSD"
"GYPOTPNSDB";"3rd Armoured Division"
"GYQZLKPCXT";"T-64BV"
"GYRPBPCKNG";"SGMB"
"GYSKBPOUPJ";"2e Chasseurs"
"GYTEAVAREE";"2-237-y Tank. Polk"
"GZCUNBYSJD";"Panzer-Bat. 311"
"GZELJWKNKM";"667-y otd. Zen.-Rak. Bat."
"GZIRYXVNAQ";"#NL 4e Divisie"
"GZLGDVETLB";"510th Tac. Fighter Sq."
"GZMTMDBYHT";"#SOV 168-y Gv. MSP"
"GZOJSZLAJM";"PPLRK IGLA"
"GZOMFMKNGP";"#DDR  7. Panzerdivision"
"GZOTVZSZAM";"Mi-8T ZAOP."
"GZPALNGOYC";"LEOPARD 1 DK"
"GZPEGOUCYY";"#SOV 46-y Zen.-Rak. Brig."
"GZUJVESEXF";"8.6mm"
"GZVQUYSAGO";"3-16-y Gv. Tank. Polk"
"GrenSMK";"연막수류탄"
"GrenSOV";"RDG 33"
"GrenUS";"Mk.2 Grenade"
"Grenade";"Explosives"
"HAAXMEIALA";"DESANTNIKI (BMD)"
"HABIBUZCHJ";"2-MSR. 3"
"HABTQWXJKV";"9M117"
"HAICSNUMDK";"3e RCP"
"HAINDEIBFY";"GACA ATP XII"
"HALSKQEVOY";"E-44"
"HANDQQBIWU";"Panzer-Bat. 34"
"HAPIVYHVCS";"1-MSR. 32"
"HAQNKPSWJP";"#SOV 55-y Gv. Tank. Polk"
"HARAXTYDGA";"MPi 81"
"HASBHNNBYW";"REZ. MAKSIM 7,62mm"
"HATUJCWMAV";"차량화소총병 (CarlG)"
"HATVFNEETM";"L1A1 12,7mm"
"HAUDUVJUHB";"HEIMAT-JÄGER"
"HAWGZNZOIC";"Kannone 1948/73"
"HAXNFGIIRI";"25 dar"
"HAZUTDBIVA";"MiG-25RBF [HE]"
"HBCFCBUCQE";"REZ. 2B14 82mm"
"HBDTLOOCFQ";"PzGrenadier-Bat. 323"
"HBECOFYDPI";"MiG-23P [AA]"
"HBFZKAGDFL";"Su-24M [SEAD]"
"HBJNCPCXQE";"1-20. TP"
"HBKVFOADXE";"Su-22M4P [SEAD]"
"HBLOGNOHVD";"Su-25K [RKT]"
"HBNUINTDLL";"경보병 (LAW)"
"HBOFOYIZLI";"3. div. protivzdušné obrany"
"HBOMXSXIYI";"CH-136"
"HBYNRMCOJI";"DSh POGRANVOISKA KGB"
"HBZXRINZCI";"Ka-50 AKULA [AA]"
"HCABMXOJGT";"SPz 63/73"
"HCBIYFVGXV";"MO-81-61C"
"HCEYQEJOTG";"MARINES (LAW)"
"HCFPUMJVVQ";"MT-LBu"
"HCGEERBCDF";"MOR. BRDM-2 STRELA-1"
"HCHUHTBIYJ";"차량"
"HCHYGOJSST";"JÄGER (CarlG)"
"HCLTYSZFOY";"Sicherungs-Bat. 28"
"HCNKWQSIJT";"많은 전선 병사들이 사용하는 표준 무기인 전투소총은 중거리에서 적 보병을 상대하는 데 효과적입니다.
무겁고 강력한 전투소총은 사수가 정지해 있을 때 매우 정확하고 치명적이지만, 이동 중에는 돌격소총보다 성능이 크게 떨어지며 탄창 용량도 더 작습니다. 대부분의 전투소총에는 조준경, 수직손잡이, 야시장비 또는 단발식 유탄발사기 같은 부착물을 장착할 수 있습니다."
"HCPLCTXCHC";"Mk.3M-A1"
"HCUYKKACCT";"PaK D-44 85mm"
"HCYDSUJAFH";"AUVERLAND ANF1"
"HCYYPSFGOA";"AV-8B HARRIER II [RKT]"
"HDBCLNPLID";"Aspide 1.A"
"HDBXTINOHE";"C-90CR"
"HDCXNUNGIY";"FUZILEIROS"
"HDGSCRZWNC";"Bidons spéciaux"
"HDJXZZLXPD";"Su-15TM [AA2]"
"HDKOQEHCJN";"HM-3 COUGAR"
"HDOWAKNQNK";"CHINOOK HC.1"
"HDPEQOQKBX";"M35 보급"
"HDPGHPSFLE";"M109A2"
"HDQPSYLNXS";"2ND INFANTRY DIVISION"
"HDRSCYUFRV";"SPz BMP-1P(D)"
"HDSGRGVEZW";"#SOV 288-y Gv. MSP"
"HDUNJBXEON";"Mi-14PL"
"HDVZGBPYOU";"LEOPARD 1V"
"HDWFLFGHNW";"F 35 WDNS [RKT]"
"HDWKSKWHQT";"3-319th Field Art."
"HDZECGFPGR";"ALARM"
"HEAFRSSEJL";"MFG BOFORS 40L70G"
"HEFQFWZCJE";"PzGrenadier-Bat. 192"
"HEFRKMJXZB";"24TH INFANTRY DIVISION (MECH.)"
"HEFSOSEAGJ";"PZ.GRENADIER (CarlG)"
"HEKYMTBRBF";"VPB GR.-MG 30mm"
"HELEEEWWHS";"1ST CAVALRY DIVISION"
"HENLGLHHAL";"3-3rd Attack Helo. Bat."
"HENQIQMGMR";"1st Royal Tank Rgt."
"HENWCUXLTN";"FlaRak-Bat. 34"
"HESIEMSOLD";" M1008 CUCV AGL"
"HEWSNUTIYY";"MNAD"
"HEXLCZCEKY";"F-111F [LGB2]"
"HFDYJGVXLK";"SPAHIS"
"HFGKKWWJDX";"PIONIER (Flam.)"
"HFMCQDUSQA";"17. MOT.-SCHÜTZEN-DIVISION"
"HFPUEYYLWJ";"210th Field Artillery Brig."
"HFQFUMFNPM";"BWP-2"
"HFQJIOKJHG";"294-y ORAP"
"HFSIDMHYQJ";"3-37 pz"
"HFSKEQIYIF";"CENTURION Mk.5/2"
"HFVMTIDTKF";"TRACKED RAPIER"
"HFVNREOUFF";"SNEB"
"HFYMGWDAEP";"340kg"
"HGAUZMNKNM";"BMR-PC"
"HGAVKPVDVL";"#RFA  I. Korps"
"HGCUNCZPPL";"MIRAGE IV [HE]"
"HGDCPBVKWS";"23 Brygada artylerii armat"
"HGDVQNTZRP";"M43 120mm"
"HGEDJUSXQE";"#NL 101 Vagp"
"HGFBDYPFYR";"Mi-24V [RKT]"
"HGGLVRDUTJ";"F-14A TOMCAT [AA]"
"HGIIPZBLIZ";"VELITEL STŘELCŮ"
"HGKISXPUEB";"F-104G [AT]"
"HGLOCHPOWM";"Panzer-Lehr-Bat. 213"
"HGPGDUUVOQ";"7-YA GV. TANK. DIV."
"HGQEITXRLI";"LEGION. MILAN 2"
"HGQPDPGGLB";"Mi-8MT GRUZOVOI"
"HGRWTNZYMJ";"2-117-y Gv. MSP"
"HGTLIRAAYA";"RCLA Santiago"
"HGUSBWTDMB";"8 Brygada artylerii haubic"
"HGVNIVVCTQ";"M113A1 KSN"
"HGYVSAUCIQ";"CHIEFTAIN MK. 9"
"HGZLEWELYV";"FV103 SPARTAN"
"HGZURXFLTT";"MT-LB SNAB."
"HHAJRVECJX";"FUSILIERS"
"HHHTNBWMHE";"DIVISION ACORAZADA 'BRUNETE'"
"HHICQWQLBH";"RPG-27"
"HHJOAYIDFL";"MORSK. BRDM-2 STRELA-1"
"HHORUFBNQE";"ROVER RMP"
"HHPZKQXUBF";"GBU-27"
"HHQCJJZLLP";"AGM-65D Maverick"
"HHSUYRJKEA";"3-73 pcz"
"HHSYRLLZLC";"Type 54"
"HHUGAYSCFV";"MO-81-61C"
"HHYAUDURND";"1-67th Armored Bat."
"HIAQOFBAUJ";"1-3. DP"
"HICGPFBOCE";"DESANT. MOR. 2S12 120mm"
"HICQRFDZVX";"PKM 7,62mm"
"HIDFEZYDOV";"MD JUPITER MUN."
"HIDHCFQITV";"Artillerie-Bat. 545"
"HIEFMUCUBB";"SANTANA MANDO"
"HIJNGDVVOO";"Token inexistant IVOQGNOYZG dans SERIOUS_Localisation_Unites"
"HIKHLYMCGU";"AS.30L"
"HIMGUDXXCO";"TRABANT MILITÄRSTREIFE"
"HINQLXQGMR";"3-204-y Gv. MSP"
"HIOJWYCKZX";"BRDM-2"
"HIPYAUFBUI";"M1038 HUMVEE"
"HIQWVAEJEE";"#SOV  70-y Gv. Tank. Polk"
"HISBEL16PD";"16e Pantserdivisie(제16기갑사단)는 벨기에 육군 I (BE) 군단을 구성하던 두 개의 원래 사단 중 하나로, 1951년부터 NORTHAG 전방에 배치되어 있었습니다. 벨기에는 NATO에 대한 공약을 흔들림 없이 유지했지만, 냉전기의 대부분 동안 예산이 부족한 이중언어 군대는 동맹 내에서도 전력이 약한 편으로 평가되었습니다. 그러나 1980년대 말에는 벨기에군을 현대화하고 신형 무기를 도입하려는 본격적인 노력이 이루어졌습니다.

16e Pantserdivisie는 기계화보병사단에 가까운 편성이며, 훈련도가 높은 정찰부대로 증강되어 있습니다. 여기에 룩셈부르크가 NATO에 제공한 소규모 전력도 포함되는데, 미제 장비를 운용하는 경보병 대대입니다. 벨기에가 비교적 최근 도입한 장비 중 하나인 AIFV 장갑차 계열은 Mech. Fusiliers 보병을 수송합니다. 기갑 지원은 Leopard 1 (BE)가 담당하며, 희귀한 Leopard 1A5 (BE)도 포함됩니다. 사단 정찰부대는 Spartan에서 Scimitar 경전차에 이르는 CRV(T) 계열 차량을 폭넓게 운용하며, 6인 정찰조 또는 2인 저격조로 편성 가능한 ESR 특수부대가 이를 지원합니다. 소수의 A.109HA 헬리콥터도 현역에 투입되었으며, Gepard 2B 자주대공포, Épervier UAV, Mistral 대공 MANPADS, HE 및 집속탄 무장을 사용하는 벨기에 공군 F-16A와 함께 벨기에 육군이 보유한 가장 현대적인 장비군을 이룹니다."
"HISBELDIMO";"Division Mobilisation은 유사시 서독의 I (BE) 군단을 증원하기 위해 소집될 벨기에 육군의 여러 국내 방위부대를 통칭한 명칭입니다. 적의 돌파나 공수강습으로 벨기에 영토가 직접 위협받는 경우, 이 NATO 후방지역 편성은 주요 시설과 육군 자산의 현지 경계도 담당했습니다. Division Mobilisation에는 다수의 영토방위 연대, 정규 경보병, 헌병대와 그 장갑중대, 그리고 비밀스러운 잔류 특수부대가 포함되었습니다. 무기고에 비축된 구형 장비와 중대공부대 또한 이 사단의 지휘를 받았습니다.

Division Mobilisation은 구형 무기를 운용하지만 본질적으로는 기계화 전투단입니다. 경전차 M41, 더 무거운 M47 주력전차, M75 APC 및 지휘차량, BDX 차륜형 APC, FN 4RM 62F 헌병 장갑차 등을 운용합니다. Chasseurs Ardennais 경보병은 위장침투 특성을 지닌 SDRA8 사보타주 분대와 함께 배치됩니다. 포병은 제2차 세계대전 시기의 Long Tom 155mm와 M1 8인치 203mm 곡사포에서 비교적 현대적인 M108A2 105mm 및 M55 203mm 자주포까지 다양합니다. HSS.630-3 20mm 3연장포와 Bofors M/54 57mm 중대공포, I-Hawk SAM이 강력한 방공망을 제공합니다."
"HISCAN1ID";"캐나다 제1사단은 두 차례 세계대전에서 뛰어난 전투 기록을 남겼지만 냉전기에는 대부분 비활성 상태였습니다. 1988년에 재창설되면서 서독 남부 라르에 주둔한 캐나다 지상군을 통합하는 편성이 되었습니다. 제1캐나다항공사단을 포함한 Canadian Forces Europe은 전시 SOUTHAG에서 프랑스군 지휘하에 들어갈 예정이었습니다.

제1캐나다사단은 두 개 보병여단, 즉 중(重)편성인 4 Canadian Mechanized Brigade-Group과 훨씬 경량화된 5e Groupe-Brigade Mécanisé du Canada를 중심으로 합니다. 보병은 각 모여단의 전력과 기동성에 맞춰 구성되며, Mech. Rifles, Tank Hunters, CFMP 군사경찰, 캐나다식 제식 소화기를 사용하는 Reserve 분대 등이 있습니다. 이들은 궤도형 M113 또는 차륜형 Grizzly APC로 전개하며, 희귀한 Grizzly CP 호위차량도 포함됩니다. 냉전 말기 캐나다의 주력전차는 Leopard 1A3에 더 정확한 사격통제장치를 탑재한 Leopard C1입니다. 화력지원차량으로 운용되는 Cougar도 독특한 전력입니다. 고속 CL-89 무인기는 귀중한 공중 정찰 능력을 제공하며, 독특한 ADATS는 대전차와 대공 임무를 겸하는 유도미사일을 발사합니다. 캐나다 왕립공군은 최신예 CF-18(F-18)을 다양한 무장으로 운용하고, CF-5A, Silver Star MK.3AT 훈련기, EF-101B Electric Voodoo 전자전기가 이를 지원합니다."
"HISCZ19MD";"체코슬로바키아 인민군의 19. Motostřelecká Divize(제19차량화소총사단)는 1958년 플젠에서 창설되어 냉전 기간 내내 그곳을 주둔지로 삼았습니다. 다른 바르샤바 조약기구 회원국과 마찬가지로 ČSLA의 차량화소총사단도 소련군 편제를 본떠 조직되었습니다. 전쟁이 발발하면 제19차량화사단은 보병연대 하나를 내주는 대신 유명한 제22공수여단과 헬리콥터 연대를 배속받도록 재편될 예정이었습니다.

19. Motostřelecká Divize는 T813 대형 보급트럭과 OT-62/R4MT 지휘 APC를 비롯한 강력한 군수·지휘 전력을 갖춥니다. 이들은 수는 제한적이지만 능력 있는 Motostřelci 기계화보병을 지원하며, 무반동포·Igla 대공미사일·Konkurs ATGM을 운용하는 화기조를 포함한 정예 Výsadkáři 공수특수부대도 소수 편성됩니다. 체코슬로바키아제 Dana 자주곡사포, 120mm 박격포 탑재 Prám-S, 장거리 SHK 2S7 등의 포병 전력은 T-72M1 전차, 개량형 T-55AM1, OT PTRK Konkurs 구축전차, PLRK Kub 이동식 SAM과 함께 운용됩니다. 이 밖에도 재머와 SIGINT 특성을 동시에 가진 Mi-17Z2 헬리콥터, MiG-29 방공전투기, 대량의 Su-25 지상공격기, 여러 형식의 Mi-24V 건십 등 강력한 전력이 사단 무기고를 채웁니다."
"HISCZ1TD";"1. Tanková Divize(제1전차사단)는 1958년 Československá ľudová armáda, 즉 체코슬로바키아 인민군(ČSLA)에 의해 창설되었습니다. 1968년 프라하의 봄 이후 ČSLA의 사회주의 체제에 대한 정치적 충성도는 심각한 의심을 받았으며, 1980년대 말까지도 낮은 사기와 엄격한 소련의 감시가 영향을 미쳤습니다. 하지만 체코슬로바키아의 탄탄한 산업 기반 덕분에 소화기에서 IFV와 항공기까지 자국에서 폭넓게 공급할 수 있었고, 그 군대는 바르샤바 조약기구 내에서도 장비가 우수한 편으로 평가되었습니다.

ČSLA 제1군 소속인 1. Tanková Divize는 잘 훈련된 돌파 후 종심진격 부대로 운용될 예정이었습니다. 사단의 기계화부대는 성능 좋은 T-72M과 T-72S, BMP-2를 대량 운용하며 이들 장비는 모두 국내에서 면허생산되었습니다. 정규 Motostřelci 보병과 Ženist 전투공병은 BVP-1 및 OT-64 APC(폴란드제 SKOT)로도 전개할 수 있습니다. 포병 전력은 M Vz.52 82mm 박격포, 자주식 SH M 2S4 Tulipan 240mm 박격포, 거대한 240mm 단거리 지뢰제거 로켓을 쓰는 SVO 지뢰제거차량까지 다양합니다. 정찰도 강점으로, SHPZ 정찰특수부대, BPVZ Svatava 레이더 정찰차량, Tu-143 정찰무인기 등을 운용합니다. Československé letectvo, 즉 체코슬로바키아 공군은 다양한 지상공격 무장의 MiG-23BN과 방공 임무의 MiG-23MLA를 투입합니다."
"HISCZ2MD";"체코슬로바키아의 2. Motostřelecká Divize(제2차량화소총사단)는 공산권 국가 남부 국경에 배치된 전방 제1군 소속이었습니다. 체코슬로바키아·서독·오스트리아가 맞닿는 삼국 접경을 방어했기 때문에 국경수비대가 이 바르샤바 조약기구 전투단의 중요한 구성요소를 이룹니다. 전시에는 ČSLA에서도 비교적 전투력이 높은 편성으로 투입될 예정이었지만, 적의 돌파나 측면공격을 막는 데에는 영토방위대대에 크게 의존했을 것입니다.

기계화사단인 2. Motostřelecká Divize는 다수의 OT-64 APC뿐 아니라 현대화된 T-55AM2 전차를 풍부하게 운용합니다. 여기에는 ATGM을 탑재한 AM2B 형식도 포함되며, 전차연대는 성능 좋은 T-72M1으로 전환 중입니다. 구형 T-54B도 전투단의 기갑전력을 보완하며 정규 Motostřelci, 예비군, Mountaineer 특성을 지닌 대규모 Pohraničníci 국경수비대와 여러 보병 정찰조가 함께 싸웁니다. 사단은 MT-LB 기반 R-330T Taran SIGINT 차량, 군단 직할부대에서 지원받은 경량 M-46 130mm 곡사포와 집속탄 탑재 RM-70 다연장로켓 등 여러 강력한 전력을 운용할 수 있습니다. 구형 SU-7BKL “폭탄 트럭” 지상공격기는 더 현대적인 Su-22M4, MiG-21MA, MiG-23MLA 제공전투기의 엄호를 받습니다."
"HISCZ303TD";"체코슬로바키아의 303. Tanková Divize(제303전차사단)는 전시에 후방지역 본토방어 임무로 동원될 예정이었습니다. 사단의 기간요원은 훈련부대 인원으로 구성하고 예비군과 영토민병대로 충원하며, 장비는 제2선 보관시설에서 꺼내 사용할 계획이었습니다. 일부 현대식 차량과 무기도 배치되어 제303전차사단의 전투력을 보강합니다.

이 전투단은 수많은 보병을 보유하며 무기의 품질과 연식도 매우 다양합니다. Lidové milice부터 OT-65VP 및 OT-810/R2 반궤도차량 등을 이용하는 대규모 Záložníci 예비군 분대까지 대량 배치할 수 있습니다. 명목상 기갑편성이지만 대규모 전차전력의 대부분은 T-34/85M, SD-100 구축전차 같은 구형 차량이며, 조금 덜 오래된 T-54B와 소수의 T-72M-E2가 이를 보강합니다. KH Vz.18/47N 152mm 곡사포, PTK Vz.52 85mm 대전차포, Mi-4 헬리콥터 같은 노후 장비도 운용합니다. 사단의 강점 중 하나는 방공으로, 대형 PLRK Krug SAM부터 대구경 PLK KS-30 130mm를 포함한 각종 견인식 대공포까지 폭넓게 갖춥니다. 공중엄호도 강력하여 경량 L-39 제트훈련기를 근접항공지원에 투입하고, 널리 운용되는 MiG-21MF와 지상공격형 Su-22M4를 함께 사용합니다."
"HISDKJyske";"덴마크 왕립육군의 Jyske Division(유틀란트 사단)은 냉전기 덴마크군에서 가장 큰 부대이자 몇 안 되는 상비 편성 중 하나였습니다. 1951년에 창설되어 프레데리시아에 사령부를 둔 이 Hæren 편성은 Western Command 소속이었으며, 전시에는 NATO의 LANDJUT 지휘하에 들어갈 예정이었습니다.
소규모 덴마크 육군은 적의 침공으로부터 유틀란트 반도를 방어하고 슐레스비히-홀슈타인의 서독 동맹군을 지원하는 데 Jyske Division에 의존했습니다. 동원에는 다소 시간이 걸릴 가능성이 있었으며, 1980년대 말 사단은 3개 기계화여단과 1개 포병여단, 그리고 여러 독립대대로 구성되었습니다.

Jyske Division은 능력 있는 Panserinfanteri 기계화보병, Ingeniører 전투공병, 차량화 Infanteri Pnæv 분대와 중무장한 Jægere 특수부대를 운용합니다. Bedford M2JP 트럭, M113A1, Laro 지프가 수송수단으로 제공됩니다. 2세대 Leopard 1 DK 주력전차와 개량형 Leopard 1A5-DK가 기갑지원을 담당하며, 원래의 20파운더 전차포를 장착한 구형 Centurion Mk.V와 현대화된 M41-DK1 정찰전차가 이를 보완합니다. 그 밖에 Oerlikon 25mm 기관포를 장착하도록 덴마크가 개조한 M113A2 PNMK APC, PVH Fennec 헬리콥터, 향토방위군의 SEP/VLK 장거리 정찰분대가 주목할 만합니다. 덴마크 왕립공군은 다양한 무장의 F-16A와 상징적인 스웨덴제 Saab 35 Draken으로 영공을 방어합니다."
"HISDKOstre";"Østre Landsdelskommand(동부사령부)는 덴마크 제도, 특히 코펜하겐이 있는 셸란섬과 외딴 보른홀름 주둔군의 방어를 위해 배정된 모든 부대를 포괄했습니다. 독립 셸란여단과 셸란전투단이 전투력의 핵심을 이루었고, 대규모 덴마크 Hjemmeværnet(향토방위군)이 이를 보강했습니다. 다른 예비군과 비슷하게 덴마크군 육상부문에 속한 향토방위군은 냉전기 어떤 형태의 적 침공에도 맞서기 위해 높은 동기와 훈련 수준을 유지했습니다.

Østre Landsdelskommand는 예비편성으로, 정규 Infanteri부터 더 많은 수의 12인 향토방위군 분대와 덴마크 해군 전투잠수부 Frømænd까지 다수의 보병을 배치할 수 있습니다. 장갑차량은 상당히 노후하여 Centurion Mk. V/2 DK, M41-DK1 경전차, 심지어 제2차 세계대전 시기 M10c Achilles 구축전차를 재사용한 HJV M/10도 포함됩니다. 방공은 LRKT Hamlet MANPADS 팀부터 I-Hawk와 Bedford Firling 12.7mm 대공트럭까지 강력합니다. 덴마크 해군은 S-61A 헬리콥터를 레이더 정찰 또는 보급 유닛으로 운용합니다. Flyvevåbnet, 즉 덴마크 왕립공군은 Saab F-35 Draken 전력으로 제공 및 근접항공지원 임무를 수행하며 강력한 공중엄호를 제공합니다. 미 해병대 역시 F/A-18A 전투기와 SEAD 무장을 투입해 NATO 동맹군을 지원합니다."
"HISDZNMXRJ";"2A26"
"HISFR11DP";"프랑스 11e Division Parachutiste(제11공수사단)는 여러 신속대응 및 공수부대를 통합해 1971년에 창설되었습니다. 프랑스 사단은 대체로 다른 NATO 국가의 동급 편성보다 작았지만, 이 냉전기 전투단은 예외적으로 무려 7개 공수보병연대를 보유했습니다. 프랑스 신속개입부대 Force Terrestre d’Intervention의 절반을 구성해 차드, 자이르, 레바논에 파병되었으며, 전시에는 서독의 가장 긴급한 NATO 전선으로 신속히 전개될 예정이었습니다.

11e Division Parachutiste는 강력하고 기동성이 뛰어난 보병을 중심으로 하며 많은 유닛이 Airborne 특성을 지닙니다. 베테랑 Chasseurs-Paras와 Sapeurs-Paras, 정예 Legionnaires-Paras, 그리고 각종 지원 화기조와 차량이 포함됩니다. 두 번째 제파는 Puma 헬리콥터를 이용하는 Aeromobiles와 Reservistes 보병으로 구성됩니다. 프랑스 장비는 기동성에 초점을 맞춰 VBL 장갑차, 경량 차륜전차 ERC-90 Sagaie, 정찰차 AML-90, VLRA Milan 등을 운용합니다. 대공형 Gazelle Celtic, 보급·지휘 임무의 Puma 중형헬리콥터, 건십형 Puma Pirate가 사단의 헬리콥터 전력을 이룹니다. Armée de l’Air는 여러 무장을 사용하는 Mirage 5F와 Jaguar 같은 지상공격기부터 SEAD 및 집속탄 폭격기까지 강력한 공중엄호를 제공하며, Mirage 2000C RDI와 Mirage F1C-200 전투기, 레이저 유도폭탄을 탑재하는 최신 F1 CT도 투입합니다."
"HISFR152DI";"프랑스 152e Division d’Infanterie(제152보병사단)는 프랑스 남동부 알비옹 고원 인근에 주둔한 예비편성이었습니다. 냉전기 임무는 명확했습니다. Base Aérienne 200에 있는 프랑스의 핵무기와 미사일 사일로를 적의 침투, 사보타주, 공중강습으로부터 방호하는 것이었습니다. 1979년 5e Division Militaire 예하 훈련부대로 창설되어 직업군인 기간요원을 두었고, 전시에는 추가 예비군부대가 배속될 예정이었습니다. 여기에는 Régiment d’Infanterie de Marine 2개 연대와 정규 보병, 기갑기병, 전투공병이 포함됩니다.

152e Division d’Infanterie는 Base Aérienne 200 자체 방어전력을 활용해 화력을 보강합니다. 중무장한 Commandos de l’Air 기지경비 특수부대, 소수의 Reserviste 분대, Marsouins 해병보병, 여러 형식으로 운용되는 VIB APC가 포함됩니다. AML-90 장갑차는 대량 배치할 수 있으며, 방공전력도 Cerbere 20mm 2연장포에서 강력한 Crotale SAM까지 상당합니다. 공중전력은 기민한 Alpha Jet E부터 구형 Fouga Magister까지 갖추고 있으며, 프랑스 Aéronavale 해군항공대의 F-8P Crusader와 Super Etendard 전폭기도 중요한 근접항공지원을 제공합니다."
"HISFR5DB";"프랑스 5e Division Blindée(제5기갑사단)는 제2차 세계대전에서 뛰어난 전공을 세웠고, 전후에도 서독에 계속 주둔했습니다. 프랑스가 1960년대 NATO 통합지휘체계에서 공식적으로 탈퇴한 뒤에도 프랑스군은 군사동맹과 긴밀한 협조를 유지했습니다. 5e Division Blindée는 장갑 방호보다 속도를 중시하는 프랑스 교리에 맞춘 기동성 높은 전차사단이었습니다. 전쟁 징후가 나타나면 프랑스 선봉부대의 일부로 신속 전개하여 SOUTHAG 소속 서독군과 미군을 증원할 예정이었습니다.

5e Division Blindée의 핵심 전차는 당시 프랑스 주력전차인 AMX-30B2로, 장갑은 얇지만 빠르고 강력한 전차포를 갖췄습니다. 최신형 가운데 하나인 AMX-30B2 Brenus는 ERA 반응장갑을 장착합니다. 기계화보병은 AMX-10P IFV에 탑승하는 8인 Chasseurs 분대 또는 VAB APC를 이용하는 10인 Grenadier-Voltigeurs로 운용되며 Commandos 특수부대가 지원합니다. 장거리 HOT 2 미사일을 발사하는 대전차미사일 차량으로 VAB Mephisto와 AMX-10 HOT을 배치할 수 있습니다. 지원전력도 강력하여 고속 정찰차 AMX-10RC Surblindé, 최신 AMX AuF1 155mm 자주포, TRM-2000 Tarasque 대공트럭, 레이더 통제식 AMX-13 DCA 등이 있습니다. 항공전력은 Mirage 5 F와 Jaguar 지상공격기, Mirage III E 전투기와 더 현대적인 Mirage F1C-200 제공전투기로 구성됩니다."
"HISFR6DLB";"프랑스 6e Division Légère Blindée(제6경기갑사단)는 제1차 세계대전기의 기병사단에서 기원을 찾을 수 있으며 제2차 세계대전에도 참전했습니다. 냉전기에는 여러 차례 개편되다가 1980년대 말 프랑스의 대응기동군 Forces d'Action Rapide에서 기갑 선봉을 담당하는 부대로 이름을 알렸습니다. 매우 가벼운 편제와 장비, 전장 기동성을 극도로 중시한 특성 덕분에 단시간 내 전개 능력은 프랑스 육군에서 독보적이었습니다.

6e Division Légère Blindée는 궤도차량이나 둔중한 장비를 최소화해 속도를 극대화한 매우 빠른 전투단입니다. Légion Etrangère, 즉 외인부대 보병도 다수 운용하며 일반 보병, 지휘분대, Sapeurs, ATGM조, 화기조 모두 높은 숙련도로 배치할 수 있습니다. 외인부대만의 고유 차량도 여러 종류 존재하여 Legion. Mo-120-RT61 120mm 박격포, VAB PM-81 Legion 자주박격포, AMX-10RC SB Legion, P4 Milan 지프 등을 운용합니다. 기동성을 우선한 편성답게 Gazelle CP 지휘헬리콥터, Berliet GBU 15 보급트럭 등 다양한 유닛이 혼재하며, 특히 TRF-1 155mm 견인포는 당시 최첨단 무기입니다. 정찰 또한 강점으로 Spahis 정찰분대, AMX-10RC Legion 정찰장갑차, SA.330B Puma Orchidee 정찰헬리콥터까지 폭넓게 갖춥니다."
"HISFRDdR";"프랑스 Division du Rhin(라인 사단)은 냉전 말기에 존재했던 가장 단명한 편성 중 하나였습니다. 프랑스 제1군의 여러 후방지역 및 제2제대 병력을 통합했으며, 7e Division Blindée의 증원부대와 서독 영토방위부대도 포함했습니다. SOUTHAG의 일부로서 핵심 임무는 하나였습니다. 전시 프랑스에서 서독 남부로 여러 사단이 이동할 수 있도록 중요한 라인강 교량 주변의 교통을 방어하고 통제하는 것입니다.

Division du Rhin은 다수의 전투공병과 공병장비, Reservistes를 포함한 지원 보병, 강력한 방공망으로 구성됩니다. Sapeurs, 각종 화기조, 경찰 청색 도색의 Traffic Gendarmerie 차량이나 VBRG 장갑차로 수송 가능한 Gendarmes Mobiles, 서독 Jäger 분대가 이를 지원합니다. 차량과 무기는 비교적 구형이 많아 M47 Dozer와 AMX-13 전차, 오래된 SS.11 미사일을 탑재한 AMX-13 T75, F3 Automoteur 155mm 자주포, M55 Maxson 4연장 대공포 등을 운용합니다. 한편 LRM 다연장로켓과 여러 항공기 같은 현대 전력도 일부 배치할 수 있습니다. Alpha Jet E, 대전차 및 SEAD 무장의 Mirage III E, 방공형 Mirage 2000C RDM, Mirage 5 F 전폭기가 이에 포함됩니다."
"HISNL4D";"네덜란드 왕립육군 4e Divisie(제4사단)는 I (NL) 군단 소속으로 NORTHAG 최북단 구역을 방어했으며, 독일 내륙국경에 가까워 노출된 Covering Force Area도 담당했습니다. 정치적 사정 때문에 네덜란드의 전시계획은 군단 주력 대부분을 본국에 두도록 했습니다. 전시 동원은 낙관적인 계획보다 늦어질 가능성이 높았고, 서독에 전진배치된 네덜란드군은 예상보다 훨씬 오래 자체 전력으로 버텨야 했을 것입니다.

4e Divisie의 주력은 당시 최신예 Leopard 2A4로, 기계화보병사단의 기갑화력을 크게 강화합니다. 구형 Leopard 2A1과 Leopard 1NL 계열도 사용할 수 있습니다. 벨기에군과 같은 AIFV 계열 APC/IFV는 Landmacht에서 YPR-765로 불리며, 복잡한 명칭의 PRRDR 레이더정찰형부터 지휘·보급·화물형, TOW-2를 탑재한 YPR-765-PRAT까지 여러 파생형이 배치됩니다. 기계화보병은 Pantserinfanterie와 Genie 전투공병으로 구성되고 Natres 예비군이 병력을 보충합니다. 정찰전력도 강력하여 Verkenners 정찰대, Korps Commandotroepen 특수부대, 25mm 기관포를 탑재한 M113 C&V, Gepard 자주대공포의 네덜란드형인 Cheetah PRLT 등을 운용합니다. 네덜란드 왕립공군은 NATO에서 F-16을 가장 먼저 도입한 국가 중 하나였으며, 구형 NF-5A Freedom Fighter가 다양한 임무로 이를 보조합니다."
"HISNLCLKA";"네덜란드 Commando LegerKorpsAchtergebied, 약칭 CKLA는 후방지역사령부를 뜻하며, NORTHAG에서 싸우는 I (NL) 군단의 전시 동원 사령부로 창설될 예정이었습니다. 독일 내륙국경에 가까운 네덜란드 주력사단의 직후방을 확보하는 것이 임무였습니다. Landmacht 편성의 핵심은 101. Infanteriebrigade였으며 VerkBat 105 정찰대대가 지원했습니다. 보병 대부분은 최근 소집된 동원예비군이지만 훈련과 장비 수준은 정규군에 가까웠고, 장거리 방공부대에서 중포병까지 전략적 후방자산을 경계하는 역할을 맡았습니다.

CKLA는 DAF YHZ-2300 Vracht 대형 보급트럭, Beveiling 경비병력, 헌병대의 M113 C&V KMAR APC부터 다양한 형식의 상징적인 YP-408 차륜장갑차 계열까지 유용한 전력을 폭넓게 보유합니다. YP-408 PWCO 지휘형, YP-408 PWRDR 레이더정찰형, YP-408 PWAT 구축전차형 등이 포함됩니다. 구세대 Leopard 1V 주력전차는 소수의 강력한 Leopard 2A4(B)와 함께 운용됩니다. 지원전력은 집속탄을 사용하는 M270 MLRS, 현대화된 M114/39 155mm 견인포, M110A2 중자주포 등으로 구성됩니다. 지상군과 마찬가지로 항공지원도 다양하여 방공 임무의 네덜란드 F-16A, 근접항공지원을 담당하는 미군 F-16C, NF-5A 전폭기, 그리고 제공 및 SEAD 임무의 F-4E/F-4G Phantom을 사용할 수 있습니다."
"HISPOL15DM";"폴란드 인민군의 15 Dywizja Zmechanizowana(제15기계화보병사단)는 덴마크 제도 공격계획에 투입될 예정이었습니다. 1차 상륙군단에 뒤따르는 제2제대로서 적 해안에 수송되어 남은 저항을 소탕하는 역할을 맡았습니다. 사단 병력의 대부분은 예비군이었고 일부 정규군이 혼합되었습니다. 제24박격포여단은 오래되었지만 여전히 강력한 화력체계로 사단 포병을 보강할 예정이었습니다. 발트해를 건너는 전시 침공에서는 동독 해군보병과 소련 공군의 추가지원도 받을 수 있었습니다.

15 Dywizja Zmechanizowana는 다수의 Rezerwiści 분대를 운용하며 Topas-2A 또는 LO-1800 수송차량으로 전개할 수 있고, 예비 정찰조 Rez. Zwiadowcy도 보유합니다. Nationale Volksarmee의 ‘장갑 수병’ Panzermatrosen도 SPW-70 APC를 타고 폴란드 Formoza 특수부대와 함께 적 해안에 상륙할 수 있습니다. 포병은 M43 160mm부터 초중량 M240 240mm 박격포, A-19 122mm 견인포, BM-14M 및 BM-24M 다연장로켓까지 풍부합니다. 구세대 전차로는 개량형 T-55U와 조금 더 오래된 T-55A, 지뢰제거 로켓을 탑재한 T-55AS 등이 있습니다. 폴란드 Su-7BKL은 네이팜 무장과 비무장 전자전형으로, 동독 MiG-21bis는 방공 임무로, 고성능 소련 Su-27S는 제공전투기로 투입되어 세 바르샤바 조약기구 공군이 상공을 엄호합니다."
"HISPOL20PD";"20 “Warszawska” Dywizja Pancerna(제20 ‘바르샤바’ 전차사단)는 1951년 슈체치네크에서 창설되어 1955년에 완전한 기갑사단으로 개편되었습니다. 1967년 제1바르샤바기병여단의 전통을 계승하면서 ‘Warszawska’라는 명예칭호도 받았습니다. 폴란드 최북단 제1군의 유일한 기갑사단으로, 동독 제5군과 협동해 덴마크 또는 함부르크 방면을 공격할 예정이었습니다.

20 “Warszawska” Dywizja Pancerna는 폴란드 인민군에서 드물게 BWP-2(BMP-2의 폴란드 제식명) 대대를 운용하며, 이 IFV가 Piechota 기계화보병 분대를 전장으로 수송합니다. 기갑 선봉은 T-55와 T-72 전차로 이루어지며 폴란드 국내개량형 T-72M2 Wilk도 포함됩니다. 성능 좋은 차륜형 AHS WZ.77 Dana 152mm 자주포가 이를 지원합니다. 지상감시레이더를 장비한 Rozp. Specjalne (GSR) 특수정찰조는 폴란드제 Honker 지프나 BRDM-1 장갑차로 전개할 수 있습니다. 회전익 전력은 많지 않지만 Mi-2US 정찰형과 Malyutka 미사일을 탑재한 경대전차형 Mi-2URP Salamandra가 있습니다. Ludowe Lotnictwo Polskie, 즉 폴란드 인민공군은 방공 또는 근접항공지원형 MiG-21과 로켓 또는 대전차 무장을 장착한 Su-22M4를 운용합니다."
"HISPOL4DM";"4 Dywizja Zmechanizowana(제4기계화보병사단)는 1944년 우크라이나에서 폴란드 공산군에 의해 처음 창설되었습니다. 제2차 세계대전 뒤 새로 조직된 폴란드 인민군 Ludowe Wojsko Polskie(LWP)에 편입되었고, 이후 제4 ‘포메라니아’ 기계화사단으로 재편되었습니다. 냉전기 내내 완전한 전투준비태세를 유지했으며 전시에는 동원된 폴란드 제2군에 편입되어 NORTHAG와 싸울 예정이었습니다.

폴란드 제4기계화보병사단은 장비와 편제 면에서 동독군과 비슷한 점이 많습니다. 1세대 T-55 주력전차가 주력이며 BWP-1(폴란드군의 BMP-1 제식명)이 기본 IFV입니다. 소련식 표준화에도 불구하고 LWP는 많은 국산 무기와 차량을 운용했습니다. Piechota, Komandosi, Saperzy 보병은 RPG-7VM 또는 국산 RPG-76 Komar를 사용합니다. 체코슬로바키아-폴란드 공동개발 Skot은 주요 차륜형 APC이며, Star-266은 트럭과 견인차량으로 널리 쓰입니다. 정밀한 사격통제장치를 갖춘 개량형 T-55AM Merida도 성공적인 폴란드 설계의 사례입니다. 폴란드는 경량 Mi-2 헬리콥터의 여러 파생형과 W-3W Sokol도 개발했습니다."
"HISPOLKD";"Korpus Desantowy는 전시에 공수강습과 상륙작전을 결합해 덴마크 외곽 섬 침공의 선봉을 맡도록 구상된 폴란드군 혼성편성이었습니다. 폴란드 인민군의 1차 공격은 고도로 훈련된 6 Brygada Powietrznodesantowa(제6공수여단) 공수부대와 완전 전투준비태세의 7 Brygadę Desantowa(제7상륙여단) 해군보병이 담당하고, 뒤이어 15 Dywizja Zmechanizowan(제15기계화보병사단)이 후속제대로 투입될 예정이었습니다.

Korpus Desantowy는 폴란드 인민해군의 지원을 받아 중형 PTS-M Zaop 궤도식 수륙양용 보급차량, Mi-6 Zaop 헬리콥터, TOPAS R-3M 지휘유닛을 운용합니다. 보병이 이 전투단의 강점으로, 무장이 우수한 Spadochroniarze 공수부대, Desant. Saperzy 분대, 화염방사기 운용형을 포함한 다양한 Niebieski Berety 해군보병이 있습니다. 지원차량으로 SPG-9 무반동포를 장착한 TOPAS APC, ASU-85 경공수 구축전차, 자주식 2S1M Morski Gozdzi, W-3RR Procjon 정찰헬리콥터 등을 운용합니다. 공중강습 편성답게 Mi-24D 건십에서 W-3W Sokol까지 헬리콥터 지원도 풍부합니다. 폴란드 공중지원 역시 강력하여 MiG-21 9.12와 Su-22M4를 SEAD, 로켓, 네이팜 등 다양한 무장으로 투입할 수 있습니다."
"HISRDA20MD";"Nationale Volksarmee의 20. Motorisierte Schützendivision(제20차량화보병사단)은 서류상으로는 구형 장비와 예비군 중심 병력을 사용하는 동원사단이었습니다. 그러나 전차연대가 T-72 훈련부대를 기반으로 창설될 예정이어서, 이 동독 사단은 동급 편성과 달리 강력한 중기갑 타격력을 갖출 수 있었습니다. 5. Armee 소속으로서 이 차량화보병사단은 바르샤바 조약기구 최북단 선봉의 좌익에서 JUTLAND 사령부와 맞서 NATO의 Covering Force Area를 장악할 임무를 맡았습니다. 지역의 지연전을 제거하기 위해 추가 소련 중기갑부대를 포함한 여러 강력한 독립부대가 증원될 예정이었습니다.

20. Motorisierte Schützendivision은 구형 소화기와 포탑 없는 Res. BTR-60PA APC를 사용하는 대규모 Reservisten 보병분대를 운용합니다. VPB 경찰과 DHS Mi-24D로 전방전개하는 Funkaufklärer가 이를 보강합니다. 포병은 BM-21 Grad와 SPW-50PK (MRF) 지뢰제거차량을 포함해 풍부합니다. 주력 기갑전력은 구형 KPZ T-55와 T-54AM이며, 더 성능 좋은 KPZ T-72가 제한된 수량으로 지원합니다. 소련군은 강력한 T-64A Obr. 83과 더 희귀한 T-64AM 전차를 제공합니다. 구형 KuB-M1, Shilka 자주대공포, MT-LB Strela 10M 등 방공유닛은 다수 보유하지만 공격헬리콥터와 항공지원은 눈에 띄게 부족합니다. 고정익 전력은 동독 Luftstreitkräfte가 제공하는 소수의 Su-22M4 공격기, MiG-21bis, 제공 임무의 MiG-23 정도로 제한됩니다."
"HISRDA4MD";"동독 4. Motorisierte Schützendivision(제4차량화보병사단)은 1950년대 새 공산권 군대 Nationale Volksarmee의 일부로 창설되었습니다. 풀다 맞은편 고타와 에르푸르트에 주둔한 동독군은 훈련도가 높고 정치적으로 신뢰받았기 때문에 독일 내륙국경을 넘는 바르샤바 조약기구 공세에서 크게 활용될 예정이었습니다. 전시에는 NATO 영토에 대한 초기 공격에 참가하는 이 기계화보병편성에 NVA의 정예 공수부대 Luftsturmregiment 40이 증원될 계획이었습니다.

제4차량화보병사단은 국산 장비 또는 소련제 장비의 수출형을 주로 사용합니다. 따라서 T-55, 개량형 T-55AM2, 포신발사식 9M117 Bastion 유도미사일을 사용하는 T-55AM2B 같은 구형 전차가 중심입니다. 보병은 값싸면서도 끈질긴 Motorisierte Schützen, Panzerjäger, Pioneer 분대로 구성되며 트럭, BTR-50PK와 SPW-70 APC, SPZ BMP-1 IFV로 전개할 수 있습니다. 동독 정예 공수부대는 Airborne 배치가 가능한 Fallschirmjäger 분대와 독특하고 비밀스러운 Fs-Einsatzgruppe 및 Fs-Sprengtaucher 정찰유닛을 제공합니다. 이 사보타주 분대는 NATO군 복장을 하고 위장침투 작전을 수행할 수 있습니다. 헬리콥터 전력도 우수하여 Mi-8과 Mi-24를 로켓포드형, 대전차형, 건십형 등 여러 형식으로 운용합니다. 동독 Luftstreitkräfte는 구형이고 저렴한 MiG-21Bis와 MiG-23BN 공격기, MiG-23MF 전폭기를 운용하며, 더 현대적인 MiG-29A와 Su-22M4P SEAD기가 이를 보강합니다."
"HISRDA7PzD";"7. Panzerdivision(제7기갑사단)은 공산권 Nationale Volksarmee가 창설된 1956년에 함께 만들어졌습니다. 다른 동독 편성과 마찬가지로 소련군식으로 조직되었지만, 국산 또는 수출형 장비에 의존했고 일부 장비는 인접한 바르샤바 조약기구 국가에서 도입했습니다. 전시에는 제7기갑사단이 독일 내륙국경을 넘어 남서쪽으로 공격할 가능성이 높았습니다.

제7기갑사단은 잘 훈련된 병력을 보유하지만 비교적 오래되고 단순한 무기를 사용해야 합니다. 편성의 핵심 화력은 기본형 T-72 ‘동원전차’를 중심으로 하며, 더 성능 좋은 T-72M과 T-72M1이 이를 보완합니다. 1세대 T-55A와 T-55AK 지휘전차, SPW-40P2 Konkurs ATGM 차량도 기갑전력을 구성합니다. 지원 보병은 수가 제한적이며, 화염방사기를 사용하는 Pioneer 전투공병부터 PKM·자동유탄발사기 화기조, SPW-70 APC 또는 BMP-1 IFV로 전개하는 Motorisierte Schützen까지 포함됩니다. 체코슬로바키아제 T813 대형 보급트럭과 MFRW RM-70 로켓발사차량도 배치할 수 있습니다. 정찰전력은 Aufkl.Pz. BRM-1, Spezialaufklärer 분대, 기민한 Mi-2 헬리콥터 등으로 구성됩니다. 동독 공군은 구형 MiG-21Bis와 더 현대적인 MiG-23MF를 근접항공지원을 비롯한 방공 임무에 투입하고, 성능 좋은 Su-22M4 공격기도 운용합니다."
"HISRDA9PzD";"9. Panzerdivision(제9기갑사단)은 Nationale Volksarmee의 최정예 사단으로, 훈련도가 높고 장비도 풍부했습니다. 동독 공산군의 다른 부대와 마찬가지로 1956년 NVA 창설과 함께 만들어졌습니다. 에게진을 주둔지로 하여 전시 NORTHAG와 맞설 제5군에 배속될 예정이었습니다. 이 기갑사단은 NVA에서 유일하게 전 전차부대를 T-72로 완편한 사단이었고, 동독군에서 BMP-2를 운용한 유일한 편성이기도 했습니다.

9. Panzerdivision의 전차는 모두 T-72 계열이며 상당한 수량을 보유합니다. KPz T-72M1, T-72MUV2, 당시 최신 소련 수출형인 T-72S 등이 포함됩니다. 기계화보병은 BMP를 타고 전투에 투입됩니다. 일반 SPz BMP-1과 Konkurs ATGM 발사가 가능하도록 개량한 신형, 그리고 더 성능이 좋지만 희귀한 SPz BMP-2가 있으며, 최신 RPG-27을 사용하는 Motorisierte Schützen 분대를 수송합니다. 눈에 띄는 다른 유닛으로는 대형 T813 보급트럭, 이를 기반으로 네이팜 로켓을 발사하는 RM-70/85 MLRS, 수륙양용 Schimmwagen MAV 지프, Shturm-S Kokon 미사일을 발사하는 GF 구축전차가 있습니다. 동독 Luftstreitkräfte는 Su-22M4 전폭기와 MiG-23 전투기를 혼합 운용하여 사단에 충분한 지상지원을 제공합니다."
"HISRDABerl";"Berliner Gruppierung(베를린 집단)은 동독 1. Motorisierte Schützendivision을 중심으로 구성된 혼성 전투단이었습니다. 서베를린을 포위하듯 배치된 이 부대는 포병과 전투공병, 국경수비대, 군사경찰, 특수부대의 지원을 받았습니다. 전시에는 Unternehmen Zentrum(중앙 작전)의 일부로 전선 깊숙한 후방에 있는 NATO의 서베를린 거점을 제거하는 임무를 맡았습니다.

Berliner Gruppierung은 고강도 시가전에 특화되어 있으며 MT-LB부터 Mi-8T 보급헬리콥터까지 탄탄한 군수전력을 갖춥니다. 보병은 Strela MANPADS를 가진 Motorisierte Schützen, KdA 민병대, AGI 소이로켓발사기를 사용하는 Pionier, 정예 Stasi Wachschutzen까지 다양합니다. 사단에는 T-55A 전차부터 오랜 T-34/85, 경량 ZiS-2 57mm 대전차포까지 각종 구형 장비가 포함됩니다. 포병은 120mm 박격포, SFL-H 2S1 122mm 및 D-20 152mm 곡사포 등으로 충실하며, 장비를 남김없이 활용하기 위해 제2차 세계대전기의 다목적 ZiS-3와 M-30 견인포도 다시 사용합니다. 방공은 다수의 Fla-Sfl 23-4 Shilka와 장거리 2K12 Kub으로 강력합니다. 항공지원은 로켓과 네이팜 무장을 한 지상공격기에 집중되어 Su-22M4, MiG-21Bis 경폭격기, 저렴한 L-39ZO 훈련기 등이 포함됩니다. 전선에서 다소 떨어져 있어 전투기 엄호는 MiG-23ML로 제한됩니다."
"HISRDAKdA";"Kampfgruppen der Arbeiterklasse Bezirk Erfurt, 즉 에르푸르트 지구 노동계급 전투단은 시민병과 준군사조직으로 구성된 동독 예비전력이었습니다. 비축된 퇴역 장비를 사용하는 이 방어편성은 바르샤바 조약기구의 후방을 확보하고 주요 군사시설, 포병과 방공부대 같은 아군 군단급 중전력을 보호하는 데 투입될 예정이었습니다.

K.d.A. Bezirk Erfurt는 구형 소화기를 사용하는 특히 대규모 KdA 민병대 분대를 중심으로 합니다. Sicherungs, Militarstreifen, 소련 Zagradotryad 군사경찰이 추가되고, BTR-152와 BTR-50 APC를 이용하는 Reservisten도 배치할 수 있습니다. 사단의 군수기반은 넉넉하며 대형 M-26 보급헬리콥터도 포함됩니다. 포병 또한 강력하여 M-46 130mm 곡사포부터 초중량 2S7M Malka까지 운용합니다. 노후한 중형 BM-24M, 네이팜 탄두를 사용하는 BM-21, 집속탄을 장착한 BM-30 Smerch 등 여러 MLRS도 막대한 로켓 화력을 퍼부을 수 있습니다. 방공유닛은 ZSU-57-2 자주대공포와 장거리 9K37 Buk-M1 등이 있습니다. 장비 상당수가 구세대거나 이미 구식이므로 기갑전력은 T-54B와 소수의 T-62, PT-76 및 그 정찰형, 박물관에 있을 법한 T-34/85M까지 운용해야 합니다. 고정익 지원은 소련과 동독 공군이 분담하며 로켓 무장의 MiG-21bis, 대전차 MiG-27M, SEAD Su-24MP, MiG-23MF 전투기가 투입됩니다."
"HISRDARug";"Rügener Gruppierung(뤼겐 집단)은 동독 발트해 연안의 뤼겐섬에서 이름을 따왔습니다. 이곳에는 공산권 Volksmarine의 주요 해군기지가 있었습니다. 매우 중요한 이 시설을 방어하기 위해 Nationale Volksarmee는 Besondere Gruppierung II(특수집단 II)라는 상당한 규모의 주둔군을 두었습니다. 전시에는 예비군, 훈련병력, 폴란드 동맹부대가 증원될 예정이었습니다. 이 혼성 전투단은 소련의 전략 군수물자 상당량이 동독으로 들어오는 인근 자스니츠 페리항도 확보해야 했습니다.

동독과 폴란드 병력이 섞인 Rügener Gruppierung은 여러 동원분견대와 편성을 단일 지휘부 아래 운용합니다. 동독 Marinepionier 분대와 Reservisten, Vopos 민병대, STAR-266 트럭이나 TOPAS-2A APC로 이동하는 폴란드 Piechota Zmech. 보병이 포함됩니다. 지원 전력은 단거리 지뢰제거용 SPW-50PK(MRF) MLRS, SPW-40P 정찰장갑차, 대형 수륙양용 Schwimmwagen PTS-M 궤도식 보급차량, 견인식 PAK K-52 85mm, 동독 정찰공병 잠수조와 정예 KSK 특수부대까지 다양합니다. Mi-8TB 헬리콥터와 희귀한 대함형 Mi-14PL, Flak KS-19M2 100mm 대공포, Fasta-4 SAM, 거대한 2K11M3 Krug-M3도 지원합니다. 항공지원 역시 강력하여 기민한 폴란드 LiM-6M부터 대인 집속탄을 탑재한 MiG-23BN [KMGU]까지 운용합니다."
"HISRFA1LLD";"서독 1. Luftlandedivision(제1공수사단)은 Bundeswehr 창설 1년 뒤인 1956년에 만들어졌습니다. 초기에는 전략예비대로 운용되어 서독의 3개 주요 군단에 분산 배치되었습니다. 냉전 말기 Bundeswehr는 사단 대부분을 바이에른 남부에 통합했고, Gebirgsjägerbrigade 23과 중무장한 Heimatschutzbrigade 56의 영토방위부대를 증원했습니다.

1. Luftlandedivision은 훈련도가 높은 Airborne 및 Mountaineer 보병을 운용합니다. 전방배치 가능한 Fallschirmjäger부터 Gebirgsjäger와 정예 Hochgebirgsjäger까지 포함되며 각종 헬리콥터와 Airliftable 수송수단이 지원합니다. 이들은 험지 전투에 특히 뛰어납니다. 이러한 전문성은 정찰부대에도 이어져 대규모 Gebirgsjäger Aufklärer 및 Jagdkommando 병력이 Fallschirmjäger B1 코만도와 함께 투입됩니다. 차량은 Marder 1A1 IFV, 희귀한 Leopard 1A1A2, Aufkl. Leopard 1A5 정찰전차, 예비군이 운용하는 M48A2GA2까지 다양합니다. 산악전을 위해 특별히 설계된 이탈리아제 경량 FS-M56 105mm 곡사포, 고속 CL-289 정찰무인기, 트럭 탑재형 Unimog S404 FK-20 대공포도 배치할 수 있습니다. Bundeswehr 항공기 개량 기술센터 Wehrtechnische Dienststelle 61 인근에 위치한 덕분에 레이저 유도폭탄형 F-4F, SEAD형 Tornado IDS, HFB-320/ECM 전자전기, 대전차미사일을 장착한 기민한 Alpha Jet A KWS 등 여러 시험형 항공기도 사용할 수 있습니다."
"HISRFA2PzG";"2. Panzergrenadier-Division(제2기갑척탄병사단)은 1956년 Bundeswehr 창설 당시의 초기 편성 중 하나였습니다. 서독 III 군단 소속 기계화보병사단으로 CENTAG 북부에서 임무를 수행했습니다. 카셀을 주둔지로 삼아 NATO의 여러 전략지휘부를 잇는 중요한 연결고리를 이루었습니다. 전시에는 벨기에 정찰연대와 RAF 항공전력이 추가로 지원할 예정이었습니다.

2. Panzergrenadier-Division은 전차와 긴밀히 협동하는 기계화보병을 중심으로 합니다. Panzergrenadier 분대를 지원하기 위해 Marder IFV부터 Leopard 2A3 주력전차까지 당시 가장 현대적인 서독 장갑차량 일부를 운용합니다. 공수보병은 경무장한 Fallschirmjäger 분대, 정찰조, 화기조로 전방배치할 수 있습니다. 벨기에 정찰부대에는 Eclaireurs 정찰대와 영국제 CVR(T) 차량 계열, 즉 Scimitar 경전차, Spartan APC, Striker ATGM 차량 등이 포함됩니다. 포병과 방공유닛도 강력하고 풍부하여 LARS 2 MLRS, 견인식 I-Hawk, Gepard 1A1 자주대공포를 운용합니다. 상공은 Luftwaffe, 벨기에 공군, RAF Germany가 함께 방어합니다. 서독은 여러 형식의 Phantom F-4F와 Tornado 공격기를, 벨기에는 F-16 전투기와 Mirage 5BA 전술폭격기를, 영국은 Harrier GR.3와 제공·SEAD형 Tornado F.3 및 GR.1을 제공합니다."
"HISRFA5PzD";"Bundeswehr의 5. Panzerdivision(제5기갑사단)은 CENTAG 북부의 III 군단에 배속되었습니다. 1956년 새 서독군 창설과 함께 헤센에 자리 잡은 기갑사단입니다. 전시에는 풀다 북쪽 지역에서 바르샤바 조약기구 병력을 저지한 뒤 반격하는 데 사단 전차부대가 중요한 역할을 할 예정이었습니다.

5. Panzerdivision의 전차전력은 막강합니다. 구형 Leopard 1A1A1과 Leopard 1A5를 다수 보유할 뿐 아니라 Jaguar 1·2 ATGM 차량, 현대적인 Leopard 2A3, 그리고 방호력과 성능이 가장 높은 Leopard 2A4까지 운용합니다. 서독 편성은 Panzergrenadier 기계화보병과 Sicherungs, Jäger 분대를 보유하며 비장갑차량, Marder IFV, M113A1G로 전개합니다. 정찰부대에는 Alouette II 헬리콥터와 Fernspaher 특수부대가 포함됩니다. 포병은 Panzermorser 박격포차량, MARS 로켓포병, FH155-1 곡사포 등 견인식과 자주식을 모두 갖춥니다. Gepard 1A1과 Roland 2·3 SAM 체계는 치명적인 방공망을 형성합니다. Luftwaffe는 F-4F를 대전차, 로켓, 전술폭격, 제공 임무로 운용합니다. 현대적인 Tornado IDS 공격기도 여러 근접항공지원을 수행하며, 대보병용 MW-1 집속탄 살포기를 장착한 형식도 포함됩니다."
"HISRFA6PzG";"서독 6. Panzergrenadier-Division(제6기갑척탄병사단)의 주 임무는 덴마크 국경에 접한 서독 슐레스비히-홀슈타인 지역을 NATO LANDJUT의 일부로 방어하는 것이었습니다. 추가 NATO 증원군이 이 전구에 도착할 때까지 최대한 오래 버티기 위해 제6기갑척탄병사단은 Bundeswehr에서 가장 큰 편성 중 하나로 유지되었고, 영토군 여단 Heimatschutzbrigade 51과 헬리콥터 연대, 현지 해군기지의 Bundesmarine 부대까지 대규모로 증원되었습니다.

6. Panzergrenadier는 기계화사단과 기갑사단의 중간 성격을 지닌 혼성편성이지만 최신·최중량 장비 일부는 부족합니다. 일부가 공중강습 훈련을 받은 Panzergrenadier와 Heimat. Jäger 분대가 다수 편성되지만, 전차는 Leopard 1A1A2와 1A2A1 같은 구형 Leopard 1 계열만 배치할 수 있습니다. 그 밖에 CL-89 UAV, Bofors L/70 MFG 대공포, FRR Roland MFG 대공 SAM이 주목할 만합니다. 서독 해군의 지원도 풍부하여 돌격공병 Strandmeister, Marinesicherungs 분대, Kampfschwimmer 특수부대 등 여러 해군보병 유닛이 제공됩니다. 해군항공대 Marinefliegergeschwader는 Sea King 헬리콥터와 비무장 정찰기 Do-28D-2를 운용하며, 집속탄·SEAD 무장의 Tornado MFG와 전폭 임무의 F-104G MFG도 중요한 항공지원을 제공합니다. 덴마크 F-16A는 서독 동맹군에 핵심적인 공중엄호를 제공합니다."
"HISRFATKS";"Territorialkommando Süd(남부 영토사령부)는 CENTAG와 SOUTHAG 지역에 주둔한 서독의 여러 후방부대와 예비부대를 포괄했습니다. 소수의 NATO 동맹부대도 이 사단급 전투단을 지원했습니다. 이러한 제2선 전력은 사보타주나 공수작전에 가장 먼저 대응하거나, 바르샤바 조약기구의 돌파를 막기 위한 최후 방어선으로 투입될 예정이었습니다.

Territorialkommando Süd는 MAN Kat 6x6, UH-1D, CH-53G 헬리콥터 보급유닛을 바탕으로 훌륭한 군수기반을 갖춥니다. 보병은 저렴하고 수가 많아 Jäger 분대, Heimatschützen, Feldjäger 군사경찰, MTW M113A1G MILAN 수송차량을 사용하는 MILAN ATGM조 등이 있습니다. NATO 지원전력으로 정예 미군 Green Berets, 프랑스 헬리본 Aeromobiles 분대, 정찰형 AMX-10 RC, Gazelle 헬리콥터가 투입됩니다. 기갑전력은 서독 예비전차에 의존하며 주로 구형 M48A2CGA1·A2와 Kanonenjagdpanzer를 운용합니다. 포병은 Hs.30 Panzermorser와 장거리 M110A2 203mm 곡사포를 포함합니다. 방공은 훨씬 강력해 견인식 Flak L/70 Bofors 40mm와 I-Hawk부터 자주식 Roland 2·3 SAM까지 갖춥니다. 항공엄호는 구형 Luftwaffe 기체가 뒤섞인 편성으로, 박물관급 GINA G.91R/3부터 Alpha Jet 훈련기와 예비 F-104G까지 사용하며, 더 성능 좋은 프랑스 Mirage 2000C RDI 전투기와 미군 F-111F LGB형이 지원합니다."
"HISSO119OG";"소련 119-y Odtelniy Tankoviy Polk(제119독립전차연대)는 동독 바트랑엔잘차에 주둔했습니다. 이런 종류의 제2제대 편성은 돌파가 이루어진 뒤 NATO 작전 후방 깊숙이 진격하는 종심기동 전력으로 운용될 예정이었습니다. 풀다 갭 공세에서는 소련 제8근위군의 기갑 선봉으로서 공병여단과 정찰연대를 배속받아 소규모 작전기동군의 핵심이 될 계획이었습니다.

이 전투단은 소련 주력전차 가운데 가장 위협적이고 현대적인 중장갑 T-80UD와 그 이전형 T-80U를 운용합니다. T-80BVK 지휘전차가 현장 지휘를 담당하고 TO-55 화염방사전차와 Rapira 견인 대전차포가 추가 화력을 제공합니다. 파괴력이 막대한 단거리 열압력 로켓발사기 TOS-1 Buratino도 배치할 수 있습니다. 기갑전력은 강력하지만 군수와 보병을 비롯한 지원전력은 제한적입니다. 보병은 소수의 Spetsnaz 특수부대와 Saperi 전투공병으로 구성됩니다. 포병과 방공도 제한되어 2S1 Gvozdika 자주포와 2A65 Msta-B 152mm 견인곡사포, 2K22 Tunguska 자주대공포, MT-LB Strela-10 SAM 정도를 운용합니다. 헬리콥터와 항공전력은 우수하여 다수의 Mi-24V 공격헬리콥터를 MiG-29·Su-27S 전투기와 여러 무장의 Su-24M 공격기가 지원합니다."
"HISSO157";"소련 157-ya Motostrelkovaya Diviziya(제157차량화소총사단)는 크림반도에 주둔하며 세바스토폴 인근의 중요한 흑해함대 기지를 방어했습니다. 평시에는 소수 직업군인 기간요원만 유지하는 동원사단으로, 이 방어편성은 1969년에 처음 창설되었습니다. 소련군 제32군단 소속으로서 전시에는 사단 예비군이 인근 훈련부대와 소련 해군 자산까지 흡수할 예정이었습니다.

제157사단은 소수의 정규 Motostrelki 분대와, 구형 BTR-152K 및 BTR-40 APC를 이용하는 다수의 Rezervisiti를 운용합니다. 트럭으로 이동하는 Partizani 분대는 박물관에 있을 법한 구형 소화기를 대량 사용하며, 비축고에서 꺼낸 마찬가지로 오래된 IS-2M 전차가 이를 지원합니다. 조금 더 현대적인 기갑전력은 T-54B와 T-55A지만, 지원화기의 상당수는 제2차 세계대전 시기로 거슬러 올라갑니다. BS-3 100mm 대전차포, D-1 152mm 곡사포, BM-24M MLRS, 초중량 B-4M 203mm 및 Br-5M 280mm 중포 등이 포함됩니다. 해군 및 해안방어부대에는 K-1 정찰헬리콥터, 최신예 A222 Bereg 130mm 자주포, KSM-65 100mm 견인 대전차포가 있습니다. 항공지원은 구형 Su-15TM 요격기와 소련 해군 조종사가 운용하는 해군형 Su-27K인 T-10K가 담당합니다."
"HISSO17TDG";"17-ya Gvardeyskaya Tankovaya Diviziya(제17근위전차사단)는 명망 높은 ‘근위’ 칭호와 달리 우크라이나 SSR에 주둔한 낮은 준비태세의 동원사단이었습니다. 최소한의 기간요원만 유지하는 제2제대 사단으로, 전쟁이 나면 예비군을 신속히 동원할 계획이었습니다. 제17근위사단은 인근 체코슬로바키아로 이동하면서 여러 군급 직할부대를 흡수한 뒤 전투에 투입될 가능성이 높았습니다.

제17근위전차사단은 남아 있는 초기생산형 T-64R 주력전차를 모두 집중 운용합니다. 제2차 세계대전기의 ISU-152K 자주포도 상당수 보유하며, 전후 Iosef Stalin 계열 중전차의 최종형인 T-10M은 그보다 더 많이 운용합니다. 소수의 정규 Motostrelki 분대에 Rezervisti와 소련-체코슬로바키아 내부 국경에 배치된 Pogranvoiska KGB 국경수비대가 추가되며 정찰형도 포함됩니다. 동독과 폴란드 장비도 여러 종류 전투단에 들어와 예비군이 운용하는 ML-20 152mm 곡사포, BM-14M MLRS, 2S7M Malka 자주포, 초중량 2S4 Tyulpan 240mm 박격포, ZSU-23-4M1 Shilka 자주대공포 등을 사용할 수 있습니다. 항공엄호는 MiG-23ML과 장거리형 MLA가 담당하고, Su-17M4가 열압력탄과 HE·집속탄 혼합무장을 비롯한 다양한 형태로 대규모 근접항공지원을 제공합니다."
"HISSO25TD";"소련군 25-ya Tankovaya Diviziya(제25전차사단)는 제2차 세계대전 종전 뒤 창설되어 소련 점령 독일에서 주둔 임무를 맡았습니다. 폴란드 국경에 가까운 동독 포겔장에 주둔하며 제20근위제병군 소속이었습니다. 강력한 후속전력으로서 공산권이 북독일 평원에서 돌파에 성공하면 이를 이용해 종심으로 진격하는 역할을 맡을 예정이었습니다.

제25전차사단은 다른 어떤 소련군 편성과도 달리 최신예 T-64 주력전차로 완편되었을 뿐 아니라 일반적인 3개가 아닌 4개 전차연대를 보유합니다. 보병연대가 없는 특이한 편제 때문에 Motostrelki와 Saperi 분대는 제한된 수만 사용할 수 있습니다. 전차전력은 강력하여 T-64B, T-64B1, 구형 T-64A Obr. 83을 폭넓게 운용하며 각 형식은 사격통제체계, ERA, 장갑 또는 대전차유도미사일 발사능력에서 차이가 납니다. T-64B1 Razv.는 강력한 정찰전차로 배치할 수 있고 Schmel-1 UAV가 상공을 감시합니다. 제34포병사단에서 지원하는 장거리 2S5 Giatsint-S와 신형 2S19 Msta-S 등 일부 중자주포도 운용할 수 있습니다."
"HISSO27G";"27-ya Gvardeyskaya Motostrelkovaya Diviziya(제27근위차량화소총사단)는 1989년 차세대 소련군 편성으로 지정되었습니다. ‘사단 90’ 개념의 시험부대로 선정되어 주독소련군집단이 여러 최신 무기를 도입했습니다. 그러나 유럽에서 전쟁 위기가 고조되면서 실험은 이 하나의 현대화 제병사단에만 한정되었습니다.

제27근위사단은 당시 소련군에 배치된 최신 장비 일부를 사용할 수 있습니다. Motostrelki와 Saperi 분대는 신형 위장복과 RPG-26·RPG-27 로켓발사기를 사용하며, Spetsrazvedka 정찰분대, Otdelenie Podderzhki 전차사냥꾼, Konkurs-M ATGM조도 배치할 수 있습니다. 최신예 BMP-3가 IFV로 제공되고 T-80BV 전차가 이를 지원합니다. 차륜형 BRDM-2 Konkurs-M과 강력하지만 단거리인 견인식 2A45M Sprut-B가 추가 대전차화력을 제공합니다. 포병 역시 현대적이어서 2S12 120mm 박격포, 차륜형 2S23 Nona-SVK, 견인식 2A36 Giatsint-B 152mm 곡사포, 개량형 2S3M1 Akatsiya의 정밀유도포탄을 운용합니다. 방공도 Strela-10M3와 9K330 Tor 등으로 강력합니다. 소련 공군은 Su-17M4 공격기, MiG-23MLD·MiG-29 전투기, 다수의 Vikhr 대전차미사일을 장착한 차세대 근접지원기 T-8M을 투입합니다."
"HISSO2G";"소련 2-ya Tamanskaya Gvardeyskaya Motostrelkovaya Diviziya(제2근위 타만 차량화소총사단)는 소련 수도를 방어하는 명문 편성이었습니다. 1940년 제127소총사단으로 시작해 대조국전쟁에서 광범위한 전투를 치렀고, 붉은 군대에서 가장 유명하고 많은 훈장을 받은 부대 중 하나가 되어 ‘근위’와 ‘Tamanskaya’ 명예칭호까지 획득했습니다. 냉전 말기 모스크바에 주둔한 사단은 높은 훈련도와 풍부한 장비를 갖췄습니다. 외부 공격뿐 아니라 반란 같은 국내 위협에도 대응할 편성이었기 때문에 장교들은 충성도를 기준으로 엄선되었습니다.

제2근위사단은 소련군이 보유한 최신 전차와 제공전투기 일부를 운용하며, Gvardeitsy 보병분대는 고유한 제복과 소화기를 사용합니다. 기계화보병사단으로서 차량화 Motostrelki 분대와 상당한 규모의 주력전차 전력을 결합한 전형적인 소련식 편제를 따릅니다. 기갑전력은 T-72A Obr. 83과 Kontakt-5 ERA를 장착한 최신 T-80U obr. 1989 소수로 구성됩니다. 특수유닛으로 SIGINT 능력을 가진 R-330 RAMA 트럭, 정찰형 Razv BTR-80 APC 등이 있으며, 수도 상공은 지상공격형 MiG-23P, Su-15TM 요격기, 최신 MiG-29 9.13 전투기가 순찰합니다."
"HISSO31TD";"소련 31-ya Tankovaya Diviziya(제31전차사단)는 제2차 세계대전기 붉은 군대 제31전차군단의 직계 후신입니다. 전쟁을 체코슬로바키아에서 마친 이 부대는 여러 차례 개편된 뒤 인접한 헝가리에 주둔했고, 1968년 프라하의 봄 당시 바르샤바 조약기구의 개입에도 참가했습니다. 이후 냉전 기간 동안 체코슬로바키아 동부에 계속 주둔하면서 소련 중부군집단 예하에 있었습니다.

제31전차사단은 거대한 Mi-22 지휘헬리콥터부터 방대한 T-72 계열 전차까지 성능 좋은 소련군 유닛을 폭넓게 운용합니다. 주력은 T-72A obr. 79이며, Grad 계열보다 무거운 9A51 Prima MLRS도 사용할 수 있습니다. 전투단은 다수의 체코슬로바키아군 지원도 받아 Střelci 보병과 ATGM 화기조, RM Vz.51 130mm MLRS, H D-30 122mm 곡사포, 자주식 Ještěrka 30mm 2연장 자주대공포 등을 투입할 수 있습니다. 특이한 정찰유닛으로 BMAN이 있는데, 로켓을 장비한 관측차량이며 소련군에서 드물게 최신 전자광학 교란체계를 갖춘 차량 중 하나입니다."
"HISSO35VDV";"35-ya Gvardeyskaya Desantno-Shturmovaya Brigada(제35근위공중강습여단)는 1940년대 말까지 계보가 거슬러 올라갑니다. VDV(소련 공수군) 소속으로 공중강습을 위해 특별히 훈련되고 장비되었습니다. 아프가니스탄에 잠시 배치된 뒤 동독으로 이동하여 제35근위공중강습여단이 되었습니다. 전시 VDV는 핵심 전략지점을 공격하거나 적 후방에서 작전을 수행할 예정이었습니다.

제35근위공중강습여단은 훈련된 Desantniki, 아프간전 참전 베테랑 Afgantsy, Spetsnaz 분대를 혼합 운용하며 이들은 전방배치가 가능합니다. 후속 보병은 Mi-2 및 Mi-8T 헬리콥터로 전개합니다. 공중강습편성으로서는 이례적으로 기계화 수준이 높아, 중무장이지만 경장갑이며 Airborne 특성을 지닌 BMD와 BTR 계열을 적극 활용합니다. BMD-1·2, 대전차 BTR-RD Robot, 대공 BTR-D Skrezhet, 정찰형 1V119 Reostat 등이 포함됩니다. 전차는 전혀 없고 지원전력 대부분은 경량·특수유닛으로 구성되어 2B9 Vasilek 자동박격포, 2S9 Nona 자주포, BM-21V Grad-V MLRS, 견인식 ZU-23-2 23mm 대공포, D-44 85mm 대전차포 등을 운용합니다. 헬리본 지원은 정찰형 Mi-24K부터 최신이지만 희귀한 Ka-50 공격헬리콥터까지 상당합니다. 항공엄호는 여러 무장의 MiG-27 폭격기, MiG-25BM SEAD 및 MiG-25RBF 폭격기, MiG-23ML·MiG-29 전투기로 구성됩니다."
"HISSO39G";"소련 39-ya Gvardeyskaya Motostrelkovaya Diviziya(제39근위차량화소총사단)는 1942년 스탈린그라드의 붉은 10월 제철소에서 화려한 전투경력을 시작해 1945년 베를린 브란덴부르크문에서 승리로 전쟁을 마쳤습니다. 동독에 주둔한 상시 전투준비 사단으로 소련 제8근위군 소속이었습니다. 전시에는 장비가 우수한 이 사단이 풀다 갭을 통과하는 바르샤바 조약기구 공세의 선봉을 맡을 예정이었습니다.

차량화소총사단인 제39근위사단은 제병협동작전에서 견고하게 방어된 구역을 돌파하는 역할을 맡습니다. 정규 Motostrelki 보병과 Saperi 돌격분대는 RPG-7V·RPG-22 대전차로켓, 단거리 Metis ATGM, 차륜형 BTR-60, 궤도형 BMP-1·BMP-2 IFV 등 다양한 무기와 차량으로 전개합니다. 상당수 T-80B와 T-80BV가 기갑지원을 제공하며 장거리 MT-LB Shturm-S ATGM 차량이 이를 보완합니다. Razvedka 정찰대는 동독 Grenzer 국경수비대와 정찰헬리콥터와 함께 전장정보를 수집합니다. 2S3M Akatsiya, BM-27 Uragan MLRS, 9K33M3 OSA-AKM, 2K12 Kub SAM 등이 자주포 및 방공전력을 구성합니다. 헬리콥터는 Mi-8과 중무장 Mi-24 건십으로 강력하며, 항공지원도 장갑이 두꺼운 저속 Su-25부터 Su-24 공격기, 동독 Su-22M4와 MiG-23MF 전술폭격기, 레이저 유도폭탄을 사용하는 MiG-27K, MiG-23MLD·Su-27S 제공전투기까지 매우 풍부합니다."
"HISSO56VDV";"소련 56-ya Otdel’naya Gvardeyskaya Desantno-Shturmovaya Brigada(제56독립근위공중강습여단)의 역사는 1980년대 소련-아프가니스탄 전쟁과 밀접하게 연결되어 있습니다. 여러 독립부대를 묶어 창설된 이 VDV 전투단은 창설 불과 두 달 뒤 아프가니스탄 초기 침공에 참가했습니다. 시간이 지나며 BMP-2와 T-62 전차의 추가화력을 활용하는 기계화보병편성에 가까워졌습니다. 유럽에서의 충돌 가능성이 높아지자 경험 많은 제56독립근위공중강습여단은 동독으로 이전되어 NATO를 상대로 한 바르샤바 조약기구 공세계획의 핵심 전력으로 편입되었습니다.

제56독립근위공중강습여단은 소련군에서 가장 실전경험이 풍부한 공수 베테랑을 운용하며, 전장에서 개조된 독특한 차량들이 이를 지원합니다. 노획한 NATO 무기로 무장한 Spetsnaz GRU (Stinger) 특수부대부터 RPO Rys와 RPG-16 로켓발사기를 사용하는 경무장 Okhrana 분대까지 다양합니다. 즉석 개조유닛으로는 대공 자주포를 지상감시용으로 전환한 ZSU-23-4M2 (PSNR), LuAZ 수륙양용 지프, 여러 차륜형 BTR-70 및 궤도형 GM-TU 차량, 초중량 견인 M-240 박격포가 있습니다. 상공에서는 Mi-8PPA 전파방해 헬리콥터와 Mi-24P 건십이 활동하고, MiG-27이 강력한 대전차 항공지원을 제공합니다."
"HISSO6GOB";"소련 6-ya Gvardeyskaya Motostrelkovaya Brigada(제6독립근위차량화소총여단)는 서베를린의 NATO 주둔군에 대응하는 바르샤바 조약기구 측 부대였습니다. 1962년 베를린 위기 이후 창설되어 공산권 동베를린을 방어하고 군사경찰 및 의장병 임무를 수행했습니다. 그러나 전시에는 바르샤바 조약기구의 Unternehmen Zentrum 공세계획에 맞춰 증강되어 좁은 시가지 내부에서 도시 공격의 선봉을 맡을 예정이었습니다.

제6근위전투단은 경험 많은 보병을 다수 보유합니다. 대부분 소련 Motostrelki와 Saperi 분대, Komendatura 군사경찰이며, 동독 Vopos 민병대와 BMP를 사용하는 Motorisierte Schützen이 지원합니다. 특수부대와 공수부대도 여러 분대 운용할 수 있으며, 무장 Mi-2·Mi-8 헬리콥터로 수송 가능한 동독 Luftsturm-Jäger와 민간인 복장 및 위장침투 특성을 지닌 KGB 정예 Spetsgruppa “A” 사보타주 분대가 포함됩니다. 개량형 T-64B를 포함한 T-64 전차가 부족한 기갑지원을 제공하고, 장거리 2S5 Giatsint-S와 강력한 BM-27 Uragan MLRS가 포병전력을 구성합니다. 전선에서 멀리 떨어진 만큼 적 침입기와 폭격기를 막는 방공은 소련 방공군의 장거리 MiG-31M 요격기가 담당합니다. 경폭격 임무도 수행하는 L-39ZO 훈련기 같은 다른 항공기도 사용할 수 있습니다."
"HISSO76VDV";"소련 76-ya Gvardiyska Vozdushno-Desantnaya Diviziya(제76근위공수사단)의 계보는 제2차 세계대전기 붉은 군대 제157소총사단까지 거슬러 올라갑니다. 모부대는 스탈린그라드, 쿠르스크, 바그라티온 작전, 베를린 전투 등 여러 대전투에서 뛰어난 전공을 세웠습니다. 전후에는 VDV 소속 소련 공수사단으로 개편되어 공중강습 임무에 맞게 특별히 장비되었습니다. 유럽에서 제3차 세계대전의 위기가 고조된 상황에서 훈련도가 높은 이 사단은 바르샤바 조약기구의 고위험 심층작전으로 프랑스 핵무기를 파괴하는 막중한 임무를 맡을 예정이었습니다.

제76근위공수사단은 병력 상당수가 경량이면서도 최첨단인 장비로 전투에 투입됩니다. 최신 BMD-3 장갑차를 전투 및 정찰 용도로 운용하며, BTR-D 같은 이전 세대 BMD 계열도 사용하여 Desantniki, Desant. Sapery, 대규모 Desant. Usilennie VDV 보병분대를 수송합니다. 특수유닛으로 Desant. Gaz-66B SNAB 보급트럭, LuAZ Korrektirovschik 포병지휘차량, LuAZ 2F62 Zenitchik 대공유닛, 원격 공중정찰용 Schmel-1 UAV 등이 있습니다. 소련 공군은 신형 Su-24M을 이용한 장거리 항공지원도 제공하며 강력한 열압력폭탄을 사용하는 형식도 있습니다. 고속 MiG-31 방공전투기가 이를 엄호합니다."
"HISSO79G";"소련 79-ya Gvardeyskaya Tankovaya Diviziya(제79근위전차사단)는 스탈린그라드 전투에서 단련된 뒤 크림반도, 폴란드, 동프로이센을 거쳐 끝내 베를린까지 진격했습니다. 전후 동독에 남아 1965년 전차사단으로 개편되었습니다. 높은 전투준비태세를 유지한 제79사단은 주독소련군집단에서도 장비와 훈련 수준이 가장 우수한 편성이었습니다. 전시에는 제8근위군 소속으로 풀다 갭에서 발생한 돌파구를 확대하는 역할을 맡을 계획이었습니다.

제79근위사단은 최신 소련 주력전차의 기동성과 화력을 적극 활용합니다. 반응장갑을 갖춘 T-80BV를 운용하며, 고출력 엔진을 탑재한 독특한 형식도 있고 구형 T-80B가 이를 지원합니다. 차륜형 APC, BMP-1 또는 BMP-2 IFV를 사용하는 제한된 수의 Motostrelki 분대가 보병지원을 담당합니다. 정찰전력은 Spetsnaz G.R.U.와 Razvedka 정찰분대로 구성되며 BMP-2 또는 로켓무장 헬리콥터로 전개할 수 있습니다. 자주식 방공체계를 대량 활용하여 Strela-10M, 중장거리 Buk-M1, 최신 2K22 Tunguska 자주대공포까지 운용합니다. 소련 공군 역시 Su-25의 여러 근접항공지원을 비롯해 Su-24M 전술폭격기, MiG-27K SEAD기, MiG-23ML·MiG-29 제공전투기를 총동원합니다."
"HISSOV1G";"소련 1-ya Gvardeyskaya Proletarskaya Motostrelkovaya Diviziya(제1근위 프롤레타리아 차량화보병사단)는 소련군에서 가장 오랜 기간 복무한 편성 중 하나였습니다. 1926년 모스크바 지역의 여러 독립대대와 훈련대대를 통합해 처음 창설되었으며 제2차 세계대전 중 적어도 한 번 전멸한 뒤 재창설되었습니다. 1945년 동프로이센 쾨니히스베르크 인근에서 전쟁을 마쳤고 명예로운 ‘근위’ 지위를 얻었습니다.

발트 군관구 칼리닌그라드주에 주둔한 축소 전투준비 사단으로, 전시에는 신속히 동원되어 전략공세의 제2제대로 사용될 예정이었습니다. 전선으로 급파되고 여러 대전차편성의 증원을 받은 뒤 동독 마그데부르크 지역에 도착하여 NATO의 기습적인 반격을 막는 역할이 예상되었습니다.

제1근위 프롤레타리아사단은 초기형 T-72를 가장 먼저 지급받은 소련군 사단 가운데 하나였지만, 냉전기에는 이 전차들이 크게 현대화되지 않았습니다. 따라서 추가장갑을 장착한 T-72 Ural-1과 ERA를 갖춘 T-72AV를 운용합니다. 레이더 유도식 견인 MT-12R Ruta 100mm 대전차포와 최신 장거리 MT-LB Ataka ATGM 구축전차도 배치할 수 있습니다. 그 밖에 R-330T Taran SIGINT 차량, 희귀한 Pero UAV, MiG-25PD 요격기, 복고풍 외형의 YaK-28PP 전자전기 등이 주목할 만합니다."
"HISSOV336";"소련 336-ya Otdel’naya Gvardeyskaya Brigada Morskoy Pekhoty(제336독립근위해군보병여단)는 소련 해군의 정예 상륙강습편성 중 하나였습니다. 소련 해병대는 검은 군복과 제2차 세계대전에서 보여준 끈질긴 전투력 때문에 ‘검은 죽음’이라는 별명을 얻었습니다. 1963년부터 칼리닌그라드에 주둔한 이 소규모 발트함대 편성은 완전한 전시편제를 갖추려면 동원이 필요했습니다. 소련 해군은 수륙양용형을 포함해 표준 장갑차량의 특수파생형을 운용했습니다. 제336근위해군보병은 핵심적인 발트해 해협을 확보하기 위해 북유럽, 특히 덴마크를 상대로 전투에 투입될 가능성이 높았습니다.

제336근위해군보병여단은 Morpekhi 해군보병 분대를 지원하기 위한 특수차량을 다수 운용합니다. 일부 보병은 공중강습 훈련을 받았으며 Rezervisti, Komroti 지휘분대, Spetsnaz 등 다양한 규모와 형식으로 편성됩니다. 해군보병 특수장비로는 탄약 적재량을 늘린 Mor. 2S9-1 Sviristelka, Mi-14PL 정찰헬리콥터, Zil-131 차대의 BM-21-1 Grad, 수륙양용 PTS-2 보급차량이 있습니다. 소련 해군은 Drodz 능동방호체계를 갖춘 최신 T-55AMD 주력전차도 운용하며 장거리 Bastion ATGM을 사용하는 T-55AM이 이를 지원합니다. 항공지원으로는 중형 Tu-22 융단폭격형과 Tu-22KDP 전자전형을 사용할 수 있습니다."
"HISSOV94";"94-ya Gvardeyskaya Motostrelkovaya Diviziya(제94근위차량화소총사단)는 주독소련군집단의 가장 북쪽 끝, 동독 발트해 연안이 내려다보이는 지역에 배치되었습니다. 서독 국경지대를 가로질러 북서쪽으로 덴마크까지 진격해 후속 폴란드 제1군이 유틀란트를 공격할 교두보를 마련하는 임무를 맡았기 때문에 돌파작전을 위해 대규모로 증강되었고 소련군이 제공할 수 있는 최상급 장비 일부를 지급받았습니다. 강력한 T-64 주력전차로 가장 먼저 전환한 사단 중 하나였지만 1989년에는 장비와 편제가 점차 노후화되고 있었습니다.

제94근위차량화소총사단은 다수의 Motostrelki 기계화보병과 Saperi 전투공병을 운용하며, 비무장 Potok-2 지휘 IFV, PTS-2 수륙양용 수송차량, UR-67 지뢰제거차량도 사용합니다. 사단 기갑전력은 T-64A Obr. 81, T-64A Obr. 84, 반응장갑형 T-64AV 등 성능 좋은 T-64의 초기형으로 구성됩니다. 그 밖에 레이더 유도식 MT-12R Ruta 대전차포, 수륙양용 공병 BMP인 IRM Jouk, Tu-143 Reys UAV, 경무장 Mi-8TARK 정찰헬리콥터 등이 특징적인 유닛입니다."
"HISSPA1DM";"스페인 División Mecanizada «Brunete» n.º 1, 즉 제1기갑사단 ‘Brunete’는 1943년 프랑코 정권에 의해 창설되었으며 스페인 내전에서 국민파가 승리한 중요한 전투의 이름을 받았습니다. 민주화된 스페인이 1982년 NATO에 가입했을 당시 이 전차사단은 Ejército de Tierra에서 가장 무장이 우수한 편성 중 하나로 평가되었습니다. 전시에는 서독의 SOUTHAG를 신속히 증원할 예정이었습니다.

제1기갑사단 ‘Brunete’는 2개 여단만으로 구성된 소규모 편성이며 스페인 국산, 프랑스제, 미제 장비를 혼용합니다. 주력전차는 경량 동축기관총을 장착한 스페인형 AMX-30입니다. 보병은 Fusileros와 Zapadores 분대로 편성되며 Pegaso 트럭, Santana PA 지프, 궤도형 TOA(M113), 6x6 차륜형 BMR APC 계열로 전개합니다. Brigada de Caballería “Jarama” I 연대 일부가 배속되어 Francotiradores 저격수부터 차륜형 VEC-25·VEC-90 장갑차, 정찰형 AMX-30EMI 전차까지 우수한 정찰전력을 제공합니다. 방공은 AMX-30RE 자주대공포, Apside Toledo 견인 SAM과 각종 대공포 플랫폼을 포함합니다. Ejército del Aire는 세 종류의 항공기로 뛰어난 항공지원을 제공합니다. C.12(미제 F-4C)는 지상공격, C.14A(프랑스 Mirage F1)는 폭격 및 전투, C.15(미제 F-18)는 대전차 또는 방공 임무를 수행합니다."
"HISSPA2DM";"스페인 División Mecanizada «Guzmán el Bueno» n.º 2, 즉 제2기계화사단 ‘Guzmán el Bueno’는 냉전 말기 스페인 육군에서 가장 큰 편성 중 하나였습니다. 안달루시아 남부에 주둔하고 중세 스페인의 귀족이자 영웅의 이름을 받은 이 부대는 적대적인 아프리카 국가에 신속 대응하거나 서독에서 분쟁이 발생하면 NATO 동맹군을 지원하도록 계획되었습니다. 명칭은 기계화사단이지만 실제로는 차량화 성격이 강했으며, 출동 시 여러 군단급 자산이 추가 배속될 예정이었습니다.

‘Guzmán el Bueno’는 다양한 BMR APC 파생형으로 수송되는 비교적 소규모 보병분대를 중심으로 하며, 경량 M47E2와 더 성능 좋은 M48A5E2 전차가 지원합니다. Guerilleros 정찰특수부대는 Fusileros와 Zapadores로 구성된 주력보병보다 앞서 전개할 수 있습니다. 추가 군단자산으로 제2차 세계대전기의 Cañón 122/45 (Ruso .31), L-10D3 300mm MLRS, Teleoka 전자전 지상차량, 대형 C-3464 군수트럭 등이 있습니다. UH-1H Mamee 헬리콥터 건십이 국지 항공엄호를 제공하며, Ejército del Aire는 수출형 Mirage III(스페인 제식 C.11)와 Mirage F1(C.14)을 다양한 근접항공지원을 비롯한 방공 임무에 운용합니다."
"HISUK1AD";"영국 제1기갑사단의 부대마크는 복잡한 전통을 반영하여 제2차 세계대전 당시 동명부대의 코뿔소 문양과 제1사단의 붉은 테두리 삼각형을 결합했습니다. 독일 내륙국경 인근에 상시 주둔한 냉전 말기의 ‘중(重)’ 제1기갑사단은 영국 라인군 소속이었습니다. NORTHAG에 배치된 전차·대전차 전력은 영국 본토의 공수예비대와 함께 바르샤바 조약기구의 공세를 저지한 뒤 반격할 예정이었습니다.

제1기갑사단은 FV432 Command부터 Warrior IFV까지 다양한 영국 장갑차량을 운용하며 Armoured Rifles와 Gun Group 기계화보병 분대를 투입합니다. 전방배치가 가능한 Terriers Paras와 화기조도 여러 종류 사용할 수 있습니다. 전차전력은 현대적인 Challenger I Mk.2와 Mk.3을 중심으로 하며 구형 Chieftain Mk.9와 Mk.11이 이를 지원합니다. 장거리 ATGM 차량 FV438 Swingfire와 FV102 Striker도 배치 가능합니다. 정찰전력은 FV101 Scorpion, FV721 Fox, Scout, Sniper, 정예 4인 SAS Patrol로 구성됩니다. 지원전력은 자주식 FV432 Mortar, FV433 Abbot 105mm 곡사포, Tracked Rapier 방공체계를 포함합니다. RAF Germany는 Harrier와 Jaguar GR.1 근접항공지원기, Tornado F.3 방공전투기와 Tornado GR.1 공격기를 제공합니다."
"HISUK2ID";"영국 제2보병사단은 거의 200년에 달하는 역사 동안 여러 차례 해체와 재창설을 거친 복잡한 이력을 지녔습니다. 1983년 개편으로 경량 공중기동 전력이 편입되었습니다. 영국 라인군 소속이었지만 실제 주둔지는 영국 본토였으며, 전시에는 즉시 전개하여 NORTHAG와 영국 제1군단을 최대한 빨리 증원할 예정이었습니다.

제2보병사단은 장갑보다 기동성을 중시합니다. 보병이 강점으로, 신속한 Airmobile 보병과 Airmobile Pioneers부터 다수의 영토예비군 Terrier 분대와 화기조까지 운용합니다. AT-4 로켓발사기와 Stinger 대공미사일을 장비한 정예 SAS 코만도는 적 후방에서 큰 피해를 줄 수 있으며, Saxon APC로 이동하는 Motorized Airmobiles와 Warrior IFV를 사용하는 소수 Armoured Rifles 분대도 지상전력을 보강합니다.

전략예비대에서 차출된 소수의 Challenger I 전차도 사용할 수 있습니다. 자주포는 M107A2 175mm가 유일합니다. 방공은 Blowpipe와 Javelin MANPADS 팀에서 견인식 및 Tracked Rapier까지 다양합니다. Gazelle과 Lynx 헬리콥터가 다양한 무장으로 저고도 지원을 제공하며, RAF의 Harrier·Jaguar 지상공격기, Phantom F.3 전투기, Tornado GR.1 공격기가 상공을 방어합니다."
"HISUK4AD";"영국 제4기갑사단은 워털루 전투에서 보어전쟁, 제1·2차 세계대전에 이르기까지 여러 유명 전쟁에 참가한 화려한 전력을 지녔습니다. 1970년대 말 복잡한 여러 차례의 개편 뒤 제4기갑사단은 영국 라인군 소속으로 서독의 NORTHAG 전선부대로 지정되었습니다.

제4기갑사단은 1980년대 말 영국군 편제의 과도기적 모습을 보여주는 부대로, 실제로는 구형 장갑장비를 사용하는 기계화보병사단에 가깝습니다. 전차는 2세대 Chieftain만 운용하며 Mk.6/2와 Mk.11 형식이 포함됩니다. 다수의 Assault Pioneers, Rifles, Motorised Rifles 분대도 비장갑차량, FV432 장갑차 또는 가볍고 빠른 Saxon APC를 타고 전투에 투입됩니다. FV432는 지휘형, 화물형, SCAT 대공형, MILAN형, Wombat형으로도 활용됩니다. 주목할 만한 유닛으로 오래된 AEC Militant Mk.3 대형 보급트럭, Royal Engineer Armoured Squadron의 폭파탄 발사형 Centurion Mk.5 AVRE ROMOR, 레이더를 탑재한 Lynx AH.7 Chancellor, 로켓무장 Gazelle AH.1 헬리콥터 등이 있습니다. RAF는 여러 무장의 Jaguar와 Phantom을 운용하며, HE 폭탄과 날개 위 공대공미사일을 장착한 Jaguar GR.1A, HE 및 집속탄을 사용하는 Phantom FGR.2 전폭기도 포함됩니다."
"HISUKBerl";"Berlin Command는 냉전의 상징적 도시 서베를린에 주둔한 여러 연합군 주둔부대로 구성되었습니다. 미군 Berlin Brigade, 영국 Berlin Infantry Brigade, 프랑스 Forces Françaises à Berlin가 군사적 억제력을 제공했습니다. 사방이 포위된 다국적 Berlin Command는 병력과 화력 모두 압도적으로 열세였습니다. 그럼에도 시가전에 특화된 현지 NATO군은 바르샤바 조약기구가 도시를 공격할 경우 극도로 큰 대가를 치르게 만드는 것을 목표로 했습니다.

Berlin Command는 군사경찰, 보병, 돌격부대, 전투공병을 폭넓게 운용합니다. 미군 정예 PSSE-B 정찰분대부터 급조된 영국 RAF Rifles까지 다양한 병력이 포함됩니다. 30mm 기관포를 장착한 FV432 Rarden은 화력지원차량으로 개조되어 사용됩니다. 프랑스군은 경량 53T2 20mm 대공포를, 미군은 견인식 M198 곡사포를 야전포병으로 운용합니다. 조약 제약 때문에 서독군은 SEK 돌격분대와 Fr. Polizei-Reserve 같은 경찰 병력만 배치할 수 있었습니다. 중기갑 전력으로 미군 M728 CEV와 M1IP Abrams, 독특한 시가 위장무늬의 영국 Chieftain Mk.10, 프랑스 AMX-13/90과 AMX-30B가 있습니다. 항공전력도 지상군만큼 다양하여 비밀리에 반입된 RAF Harrier 수직이착륙기, LGB 운용이 가능한 최신 F-117A Nighthawk 스텔스 폭격기가 포함됩니다. 대형 고속 프랑스 Mirage IV는 SEAD 및 융단폭격 임무를 수행합니다."
"HISUKHDR";"영국 Home Defence Region London은 냉전기 런던에 배치된 영국 육군과 영토군 부대를 관할했습니다. 수도 주둔군에 가까운 역할로 여러 방어부대가 뒤섞인 편성이었으며, 제56(런던)보병여단의 근위대대들이 핵심을 이루었습니다. 북아일랜드 임무에 투입된 분견대, War Materiel Reserve, 의장포병, 훈련부대, 정예 SAS 대테러조를 포함한 여러 예비연대가 추가로 지원했습니다.

Home Defence Region London은 붉은 군복과 곰가죽 모자를 착용한 Guards 분대, 공수 영토군, 북아일랜드에서 재배치되는 Rifles Patrol, 회색 복장의 SAS 특수부대까지 다양한 인원과 장비를 운용합니다. FV1613 Humber 장갑차는 많은 수량과 여러 형식으로 제공되고 Centurion Mk.13 전차, 대형 Chinook HC.1B 헬리콥터, Bedford TM 보급트럭, 제2차 세계대전기의 QF 25-pdr 88mm 포, L5 105mm 포, 최신예 AS.90 155mm 자주포 시제차량 몇 대가 이를 지원합니다. 방공과 항공엄호는 현대적인 Starstreak LML부터 대형 Bloodhound Mk.2 SAM까지 강력합니다. 포클랜드 전쟁 중 아르헨티나에서 노획한 소수의 A.109A 헬리콥터도 다시 투입되며, 노후 Canberra 폭격기, Hawk T.1A 훈련기, 방공형 Phantom FGR.2, Harrier GR.5 공격기도 운용됩니다."
"HISUKMNAD";"NATO의 MultiNational Airborne Division(MNAD)은 냉전 말기 NORTHAG 신속대응군으로 제안되었지만 문서상의 구상을 넘어서지 못했습니다. 각 국가 군단이 보유한 전략예비대가 부족하다는 점이 공산권 공세 시 위험요소로 간주되었습니다. 제3차 세계대전 위기가 다가오자 MNAD 구상은 신속히 부활하여 벨기에·네덜란드·서독의 다양한 경량부대를 영국 통합지휘 아래 묶는 형태가 될 예정이었습니다.

유연한 MNAD는 영국 5 Airborne Brigade, 서독 27. Luftlandebrigade, 벨기에 Para-Commando Regiment의 정예전력을 중심으로 합니다. 서독 Fs.-Jäger, 영국 Paras, 벨기에 Para-Commando 같은 공수분대는 Airborne 및 Shock 특성을 지니며 각 군이 보유한 최고 수준의 소화기를 사용합니다. 유명한 Ghurkas와 네덜란드 Mariniers 해군보병도 포함됩니다. 전장 기동성을 극우선하여 장갑전력은 거의 없지만 Airlift 가능한 유닛이 많습니다. ATMP 차량, 집속탄을 사용하는 L16 81mm 박격포, TOW 탑재 Kraka, 서독 Wiesel 경장갑차, 빠른 LSV M2HB 버기 등이 있습니다. 헬리콥터 전력은 Scout AH.1 Helarm, Agusta A109BA HTPT에서 대형 CH-53G와 Chinook HC.1 수송헬리콥터까지 강력합니다. 항공지원 역시 Buccaneer 폭격기, Mirage 5BA 전폭기, F-16A 제공전투기로 충실합니다."
"HISUS101AB";"유명한 미 제101공수사단(공중강습)은 제2차 세계대전 당시 공수부대로 처음 창설되어 D-Day와 마켓가든 작전에서 대규모 강하를 실시했고 벌지 전투에도 참가했습니다. 베트남전에도 참전한 뒤 대대적인 개편을 거쳐 헬리콥터와 공중강습 보병을 긴밀히 결합한 공중기동사단이 되었습니다. 냉전 말기 ‘Screaming Eagles’는 미 육군 신속대응군인 XVIII Airborne Corps 소속이었음에도 실제 전개는 제한적이었습니다.

제101공수사단은 경보병사단이지만 일반 미 육군 편성보다 높은 훈련 수준과 기준을 적용하며 훨씬 많은 헬리콥터를 보유합니다. 미 특수부대 항공전력인 제160특수작전항공연대(공수)도 포함됩니다. 제194기갑여단에서 소수 M1IP Abrams 전차를 지원받습니다. 경량 전투편성은 Aero-Rifles 분대, Green Berets(ODA), 정예 Delta 대원부터 독특한 6x6 Gama Goat 및 M274 Mule 수송차량까지 다양한 특수장비를 운용합니다. 항공지원으로 중무장 MH-47D Chinook, 기민한 AH-6H Little Bird, MH-60A DAP, AH-64A Apache ATAS 헬리콥터와 EF-111A Raven 전자전기, 제공 임무의 F-15C Eagle을 사용할 수 있습니다."
"HISUS11ACR";"미 제11기갑기병연대 “Blackhorse”는 CENTAG의 조기경보선 역할을 맡아 독일 내륙국경 바로 앞에 배치된 차폐부대였습니다. 전쟁이 발발하면 연대의 각 기병대대는 일부 서독 및 미군 대대의 증원을 받아 바르샤바 조약기구를 가능한 오래 저지할 계획이었습니다. 유명한 OP Alpha 같은 전초기지를 지키던 제11기갑기병연대 “Blackhorse”의 풀다 갭 인근 전시 임무는 사실상 희생을 전제로 했으며 예상 생존시간이 시간 단위로 계산될 정도였습니다.

제11기갑기병연대의 정찰전력은 최고 수준입니다. LRS 특수부대와 M1025 Humvee AGL부터 레이더를 갖춘 서독 Green Archer, 경량 Bundesgrenzschutz 국경수비대까지 다양하며, 특히 M1A1 ACAV 정찰전차가 인상적입니다. 군수와 지원전력처럼 연대 기계화보병도 배치비용은 높지만 Engineers와 Dismounted Troopers를 포함합니다. 기병연대의 기갑전력은 M1A1 Abrams의 강력한 전차포를 중심으로 합니다. 공격헬리콥터는 비교적 저렴하게 배치할 수 있지만 구형 AH-1F Cobra와 TOW-2 미사일을 사용하는 AH-1F C-Nite로 제한됩니다. 상공에서는 여러 무장의 F-16 Fighting Falcon이 엄호하며 레이저 유도폭탄형 F-16CG도 포함됩니다. 강력한 A-10 Thunderbolt는 파괴적인 근접항공지원을 제공합니다."
"HISUS1CAV";"미 제1기병사단은 1921년 기마기병부대로 창설되어 제2차 세계대전 태평양 전선과 이후 한국전쟁에 참전했습니다. 동아시아에 계속 주둔하다 공중강습사단으로 개편되어 베트남전에 투입되었고, 특히 이아드랑 전투로 유명해졌습니다. 1980년대 말에는 미 본토에 주둔하는 시험편성 역할을 하고 있었습니다.

전시에는 REFORGER 계획의 일부로 유럽에 수송되어 현지 POMCUS 비축기지의 즉시 운용 가능한 장비를 인수할 예정이었습니다. NATO의 마그데부르크 역공작전에 급히 투입되면서 평소 배속된 주방위군 여단 없이 전개하게 되고, 전장전력을 보강하기 위해 영국 제4기갑여단을 임시 지휘하게 됩니다.

제1기병사단은 미국식 ‘경’기갑사단이지만 독특한 무기체계를 여럿 운용합니다. 대공형 M2 Bradley BSFV, M3 Bradley CFV 정찰차량, 전자광학 정찰마스트를 장착한 M3 ETAS 등 다양한 M2 Bradley IFV 계열과 Cav. Troopers 화력조, 레이저 유도포탄을 발사하는 M109A2 (GLCP), CQM-121A Pave Tiger 전자전 무인기, 추가장갑형 M1 MOD 주력전차 등이 포함됩니다. 영국 지원전력으로 Challenger Mk.2 전차, Stolly 보급차량, Warrior IFV와 하차 Rifles 분대 등이 제공됩니다."
"HISUS24ID";"미 제24보병사단(기계화)은 제2차 세계대전 태평양 전선에서 싸우기 위해 창설되었고 이후 한국전쟁에도 참전했습니다. 냉전기에는 유럽과 미국을 오가며 여러 차례 배치가 바뀌었고 1970년대 말 기계화편성으로 재활성화되었습니다. REFORGER 사단으로 지정되지는 않았기 때문에 전시 이 전투단이 유럽에 전개하려면 상당한 시간이 필요했을 것입니다.

최신 장비 일부를 갖춘 기계화사단이지만 병력의 약 3분의 1은 주방위군 예비부대가 차지합니다. 이들은 경험이 적고 구형 소화기·차량·무기를 사용하며 Reservist 특성을 지니지만, 수적으로 운용하면 충분한 전투력을 발휘할 수 있습니다. 주방위군 유닛에는 M2 Bradley에 탑승하며 Dragon 또는 LAW 대전차무기를 쓰는 보병분대, M60 기관총 및 Stinger MANPADS 화기조, 105mm 포의 M1 Abrams, 지프 탑재 I-TOW, M109A2 자주곡사포, 심지어 AH-64A Apache 공격헬리콥터도 포함됩니다. 정규군 전력으로 궤도형 M548A2 보급차량, M1IP Abrams, 대규모 군사경찰 전투분대가 있습니다. 상공은 당시 가장 현대적인 전투기 중 하나인 F-15가 두 형식으로 방어합니다. F-15C Eagle은 제공전투기, F-15E Strike Eagle은 레이저 유도폭탄을 사용하는 공격기입니다."
"HISUS2MAR";"미 해병대 제2해병사단은 1930년대에 창설되어 제2차 세계대전 태평양 전선에서 과달카날, 타라와, 사이판, 티니안, 오키나와 등 치열한 섬 전투를 거치며 유명해졌습니다. 냉전기에는 1980년대 초 레바논에, 1989년에는 Just Cause 작전으로 파나마에 전개되었습니다. 유럽에서 제3차 세계대전이 발발하면 제2해병사단은 NATO JUTLAND 사령부 방어를 강화하기 위해 덴마크로 긴급 수송될 예정이었습니다.

제2해병사단은 원정전 임무에 맞춰 경량 또는 수륙양용 차량을 다수 보유합니다. LARC-60 Cargo 바지선, 지휘형·APC·IFV·박격포차량 등으로 구성된 차륜형 LAV 계열, CATFAE 지뢰제거형을 포함한 궤도식 수륙양용 AAVP-7A1 계열이 있습니다. 해병대 보병은 대형 13인 소총분대로 편성되며 정예 Force Recon 특수부대가 지원합니다. 대공 및 로켓 무장을 동시에 탑재한 OV-10 Bronco 정찰기는 AH-1W Super Cobra와 협동해 즉각적인 근접항공지원을 제공합니다. USMC 자체 항공전력으로 여러 형식의 AV-8B Harrier도 운용하며, 1980년대 미 해군을 대표하던 강력한 F-14A Tomcat 제공전투기도 지원합니다."
"HISUS35ID";"미 제35보병사단(기계화)은 제1차·제2차 세계대전에 참전한 긴 복무기록을 보유합니다. 파란 원 안에 십자가가 있는 독특한 부대마크 때문에 ‘Santa Fe Division’이라는 별명을 얻었습니다. 1980년대 초 다수의 기갑대대를 갖춘 기계화보병사단으로 재창설되었으며, 미 육군의 기계화사단과 전차사단 사이를 잇는 성격을 지녔습니다. 핵심 전력은 캔자스, 미주리, 네브래스카, 콜로라도, 켄터키 주방위군 부대로 보강되었습니다.

제35보병사단은 진정한 주방위군 편성으로, 보병부터 차량까지 많은 N.G. 유닛이 Reservist 특성을 지닙니다. 사단 무기 상당수는 베트남전에서도 쓰였을 만큼 오래되었습니다. Rifles와 Engineer 분대가 사용하는 소화기, RISE 개량형·ERA 반응장갑형·ACAV 정찰형 등 다양한 M60A1 주력전차가 대표적입니다. 지원전력으로 군사경찰 M1025 Humvee MP, 대형 M813A1 보급트럭, UH-1M Gunship, 정찰 및 근접항공지원을 수행하는 저속 A-37B Dragonfly가 있습니다. 특수유닛으로 시험형 XM1058 US-Roland SAM이 있으며, 오래된 M42A1 Duster 자주대공포와 함께 방공을 담당합니다."
"HISUS3AD";"미 제3기갑사단 “Spearhead”는 노르망디에서 독일의 유럽전승일까지 전투를 이어간 뛰어난 제2차 세계대전 전력을 지녔습니다. 1950년대 중반 재활성화되었으며, 가장 유명한 복무자 중 한 명인 엘비스 프레슬리도 서독에서 이 사단과 함께 군복무를 했습니다. CENTAG 소속으로 프랑크푸르트와 주변 지역에 사령부가 있었습니다. 전시에는 V 군단의 중전차전력으로 신속히 전선에 투입되어 풀다 갭을 통한 바르샤바 조약기구 침공을 저지할 예정이었습니다.

제3기갑사단은 전차 및 대전차 유닛으로 전장을 지배합니다. 최신 M1A1 Abrams뿐 아니라 NATO에서도 가장 중장갑인 전차 중 하나인 M1A1(HA)을 운용합니다. 장거리 TOW-2 ATGM은 M901A1 ITV에 탑재하거나 하차 화기조가 운용할 수 있습니다. 보병은 반분대 규모의 화력조로만 배치되지만 성능 좋은 Bradley IFV를 이용합니다. 지원유닛으로 정찰형 M981 FISTV, 대형 HEMTT 수송차량, 집속탄두 M270 MLRS가 있습니다. 항공전력도 강점으로 AH-64A Apache는 강력한 공격헬리콥터이며 F-111E와 F-4E Phantom II는 다양한 근접항공지원을 수행합니다. 최신 F-15C가 뛰어난 제공능력을 제공합니다."
"HISUS6LID";"미 제6보병사단(경)은 제2차 세계대전에 참전한 뒤 냉전기의 대부분 동안 비활성 상태였습니다. 1986년 재창설되면서 주요 미군기지를 포함한 알래스카 방어를 담당하는 미 육군의 핵심 북극전 사단으로 지정되었습니다. 멀리 떨어진 알류샨 열도가 공격받을 경우 ‘얼음 장막’을 넘어 소련 극동지역으로 전투를 확대하는 방안도 구상되었습니다. 장갑차량이 제한된 제6보병사단은 여러 보병·공수·해군·공군·주방위군 부대를 결합했습니다.

제6보병사단의 핵심은 다양한 무장의 Light Rifles와 Airborne Rifles 분대입니다. 미 육군 장비로 대형수송 CH-54B Tarhe 헬리콥터, M119 105mm 곡사포, 베트남전 시기의 AH-1S Cobra도 운용합니다. 주방위군은 Alaskan Scouts, N.G. M48A5 ACAV 정찰전차, A-7D Corsair II 공격기를 제공합니다. 지역의 핵심 기지를 방어하는 미 공군은 OA-10A Thunderbolt 정찰기뿐 아니라 Peacekeeper 차륜형 APC를 사용하는 USAF Security 보병분대도 투입합니다. 미 해군도 A-6E Intruder와 EA-6B Prowler를 운용하며, 해군시설을 지키는 USMC Security가 Dragon 300 APC를 사용합니다. 유명한 Navy Seals가 특수부대 지원을 제공합니다."
"HISUS82AB";"명성이 높은 미 제82공수사단은 D-Day의 유명한 강하를 포함한 여러 제2차 세계대전 공수작전과 마켓가든 작전, 벌지 전투를 통해 전투명성을 굳혔습니다. 전후에는 XVIII Airborne Corps의 전략예비대로 편성되어 도미니카공화국, 베트남, 이후 1983년 그레나다에 파병되었습니다. 신속대응군으로서 전시에는 미 본토에서 서독으로 빠르게 이동할 예정이었습니다.

제82공수사단은 보병, 공용화기, 차량 대부분을 전방배치할 수 있어 전투 초기에 큰 이점을 얻습니다. 높은 기동성이 특징으로 CH-47C 보급헬리콥터, AB M1025 TOW, AT-4를 사용하는 Airborne 분대, 차륜형 장갑정찰 M1047, M551 TTS Sheridan 전차 등이 있습니다. 방공유닛은 AA M998 Avenger와 견인식 M167 Vulcan 20mm를 포함합니다. 헬리콥터 지원도 두드러져 Zuni 로켓무장 AH-1 Heavy Hog와 대공형 AH-1 ATAS, 기민한 AH-6 Little Bird, 현대적인 AH-64A Apache를 운용합니다. 항공지원은 A-10A Thunderbolt, 방공 임무의 강력한 F-15C와 F-4E Phantom II, 그리고 F-16C·F-111F 전술폭격기로 구성됩니다."
"HISUS8ID";"미 제8보병사단(기계화)은 제2차 세계대전 유럽전선에서 광범위하게 전투했으며, 1944년 말 악명 높은 휘르트겐 숲 전투에도 참가했습니다. 1950년대 중반 재활성화되어 바트크로이츠나흐에 사령부를 두었고 예하 여단은 프랑크푸르트 서쪽 여러 지역에 분산 배치되었습니다. 전시에는 프랑크푸르트를 방어하거나 침공하는 바르샤바 조약기구에 대한 V 군단의 반격에 참가할 예정이었습니다.

제8보병사단은 M113 APC를 타는 우수한 Mechanized Infantry, 단거리 Dragon ATGM을 사용하는 병사, UH-60A Black Hawk로 수송되는 Aero Rifles, Ranger 분대를 운용합니다. 이 밖에 다양한 Combat Engineers, Gunner 분대, I-TOW 및 TOW-2 ATGM 팀이 있습니다. 전차도 존재하지만 수가 제한되고 배치비용이 높습니다. 구형 M60A3 (TTS), 105mm 전차포의 초기 M1 Abrams, 소수 M1A1을 운용합니다. 포병은 M125 박격포차량부터 대형 M110A2 203mm 자주곡사포까지 강력합니다. 미 공군은 여러 무장의 현대적 F-16 Fighting Falcon으로 공중엄호를 제공하며, 개량형 F-111F는 정밀 레이저 유도폭탄형을 포함한 전술폭격 임무를 수행합니다."
"HISUS9Mot";"제9보병사단(차량화)의 풍부한 전력은 두 차례 세계대전과 베트남전을 아우릅니다. 그러나 진정한 특징은 1981년 미 육군의 특별 시험편성으로 지정되면서 나타났습니다. 제9보병사단은 신속히 전개할 만큼 가볍지만 가장 강력한 위협도 상대할 수 있도록 구상되었습니다. 이를 위해 첨단장비를 대거 도입해 ‘Toys 'R' Us Division’이라는 별명까지 얻었습니다. 대규모 주방위군 기계화여단이 포함된 이 전투단은 원래 덴마크에 전개할 예정이었으나 전쟁 위기가 고조되면서 NORTHAG로 재배치될 계획이 되었습니다.

제9보병사단(차량화)은 두 종류의 신형 차량계열을 운용합니다. 하나는 CUCV 다목적트럭, 다른 하나는 HMMWV 또는 Humvee입니다. 두 계열 모두 Light Infantry와 주방위군 보병이 M1008 CUCV Supply부터 M998T Interim Squad Carrier, 정찰형 M1025 Humvee G/VLLD까지 매우 다양한 용도로 사용합니다. 독특한 유닛도 대거 포함되어 Copperhead 유도탄을 사용하는 M198 155mm (CLGP), M60A1 AVLM 지뢰제거차량, 지상발사 Hellfire 미사일을 탑재한 M1008 CUCV GLH, JOH-58 정찰헬리콥터, 견인식 대공 XM895 T-CHAP, MQM-10 Aquila UAV, 상징적인 M82 대물저격소총을 사용하는 2인 Sniper 팀 등이 있습니다."
"HITWPCPNLB";"F-104G [AA]"
"HIWYMHJACN";"HARRIER GR.5 [HE]"
"HJBDBQRGTS";"SEA KING Mk.48"
"HJBECMSWKU";"Mi-24K"
"HJCXZUCELZ";"MFRW BM-21-1 [HE]"
"HJFAENQHCY";"PC-7Ö"
"HJGWVKMTQP";"9 br"
"HJMNSPKKCT";"9M22S"
"HJPUOFQMXD";"10 bdes"
"HJQGNDYOTC";"F-16A [AA]"
"HJSAPJSNRJ";"VKK 321"
"HJUUXSFLYB";"40 dar"
"HJVBVNGGAW";"1-1. TP"
"HKCVPAHNIJ";"3-11. MSP"
"HKECURNZUQ";"1-51. MSP"
"HKFNCASJRP";"4-229th Attack Helo. Bat."
"HKGELOTAJT";"REZ. PM-43 120mm"
"HKGVMJRDSY";"III./AR 11"
"HKIQYHXAQO";"CMDT CHASSEURS ARDENNAIS"
"HKIZENKRYF";"ZÁSOBOVACÍ T805"
"HKMDOEDPKI";"Stab-II. Korps"
"HKPJSUXVHJ";"Jäger-Bat. 531"
"HKQRLEJVQX";"20 GMRD"
"HKRBNLSHMT";"No. 2/15 Squadron"
"HKTKAQTTYM";"DESANT. MOR. KOMROTI"
"HKVQXVUZXW";"REZ. T-34/85M DOW."
"HKWPCXGRQP";"2-244-y Gv. Tank. Polk"
"HLBCOJEHEZ";"PIONIER FÜH."
"HLDFYGDXFH";"Mi-24P [AT1]"
"HLFBCHRWDK";"46 paplot"
"HLFNAMUUYD";"Escadre de Chasse 2"
"HLJDAUKDTD";"M3A2 BRAT"
"HLKJXDHWOF";"CVR(T) SPARTAN"
"HLNDNMVPLP";"2e Carabiniers"
"HLTLQPBBVT";"M63 120mm"
"HLWIIJGOLY";"M151"
"HMAPJZIOAC";"Fs-PALR MILAN 2"
"HMEXBJNLUT";"MARSOUINS INSTRUCT."
"HMFGGTZAAX";"HM-55S"
"HMHERAJHKG";"FV103 SPARTAN ZB-298"
"HMLNKOBPUE";"개틀링 건은 여러 개의 총열을 회전시키며 매우 짧은 시간에 막대한 양의 탄을 발사하는 자동 회전식 기관포입니다.
전자식 발사기구를 사용하는 현대 개틀링 건(미니건이라고도 함)은 몇 초 만에 탄약을 소진할 정도로 빠르게 사격할 수 있습니다. 대체로 크고 무거워 항공기나 안정적인 지상 플랫폼에 장착되며, 탄막으로 일정 구역을 뒤덮는 근접방어 체계, 대공포, 또는 많은 장갑차의 얇은 상면 장갑을 관통하는 공중 대전차 무기로도 활용할 수 있습니다."
"HMLPODUZWB";"MAN KAT 6x6"
"HMMKZICMXI";"3-10. MSP"
"HMNGALJGAU";"M1A1 ABRAMS"
"HMPDALADMU";"Mi-2URN"
"HMRIHHWDWC";"28. Stíhací Bomb. pluk"
"HMSDSNIOAH";"정찰 유닛은 주력부대보다 앞서 배치할 수 있어 전투 초반에 유리한 출발 위치를 확보합니다. 이 능력은 전투 시작 시 배치 단계에서만 사용할 수 있습니다."
"HMULKLUAIO";"#DDR 2. Mot.-Schützen-Rgt."
"HMUQXSDQBD";"2-1st Field Artillery Rgt."
"HMVXUFIJTA";"3. Motostřelecká Divize"
"HNAZTOFAMS";"BS-3"
"HNBICIECDO";"2-65. MSP"
"HNDNZGYMNN";"BMP-2K"
"HNDTBGHYGH";"1. TANKOVA DIVIZE"
"HNHZUTJDRS";"N.G. M113A1"
"HNILSJNPVD";"WACH. PANZERJÄGER"
"HNJRLHEOXC";"CN 90 F1"
"HNLWOITNGN";"#SOV  8-ya Gv. Armiya"
"HNPYRMPCQB";"ALPHA JET E [HE]"
"HNQCLHNGMF";"1-170-y Gv. MSP"
"HNRQXDBUOQ";"Su-22M4 [HE2]"
"HNRXMIUKRW";"vz. 53"
"HNSABQXFUS";"2-197-y Gv. Tank. Polk"
"HNTUMNXBLN";"2-6. MSP"
"HNUVKSYCSV";"227kg"
"HNVPJAYHUW";"Jammer"
"HNWPOOMFTT";"FÜPZ. PT-76B"
"HNXAACUGZZ";"L16 Merlin"
"HNXDWUSPQU";"Folgore"
"HNZNXXZOEE";"MO-120-RT61"
"HNZXEYTQEC";"Su-25K [HE]"
"HOBJWSNMQI";"Feldartillerielehr-Bat. 51"
"HODATRZFPR";"FAL"
"HOEKMONNHN";"M125 박격포"
"HOIFEWQVZG";"미 공군 경비대"
"HOKLPYWVIZ";"SPW FUG"
"HOLZWQKVRK";"Electro-optical m."
"HOPJUAENSM";"VAB MILAN LEGION"
"HOQFWWSOGZ";"RAZVEDKA SAPERI"
"HOQOMUBNPC";"Su-22M4 Seria 30 [AT]"
"HOTIMADFQW";"1-265-y Gv. MSP"
"HOTXQSQNZD";"Yak-28PP [EW]"
"HOUSUTBFMX";"L4A4"
"HOVSLMGDMN";"76-YA GV VOZDUSHNO-DESANTNAYA DIV."
"HOWZPIVARK";"L11A5"
"HOXFZSGNVI";"주방위군 화력조 (LAW)"
"HPACTNNZUM";"3e Infanterie"
"HPDCPSSROQ";"Type 56"
"HPHAWATGSP";"GEB. JAGDKOMMANDO"
"HPHNILGFYS";"VKK 354"
"HPHRBPNVTU";"미 해병대 경비대"
"HPMIKNFHKN";"Python 3"
"HPNSMGFMQT";"MT-LB MUN."
"HPOEKVVFFI";"BLOWPIPE"
"HPTOQNGJYT";"203mm"
"HPUDOVRSTA";"#CZ 17. dělostřelecký oddíl vm"
"HPYENREAPM";"L1A1 SLR"
"HPYRXBMKXB";"3-841-y Art. Polk"
"HQDDSTSYMB";"ALOUETTE III"
"HQHMUKLTQH";"CHIEFTAIN MK. 6/2"
"HQRKJFRKJQ";"PARA. MILAN  1"
"HQSKTIWTVD";"Reserve-PzR 15"
"HRAWIJWYKV";"8ste Smaldeel"
"HREPBFQXEG";"#SOV 145-y otd. Tank. Polk"
"HRIUTBDTYO";"MiG-21bis [CLU]"
"HRJICHANKA";"BO-105M"
"HRKASCHPDG";"35 pdes"
"HRMLYKZLFC";"M68A1"
"HRMVXYUHNH";"Minimi Para"
"HRSFDHHKXN";"GV. FAGOT"
"HRYMQIJPQD";"M60"
"HSAOLGQDUE";"1-75. ThdBr"
"HSAZKKPAOD";"1-210-y MSP"
"HSFMADAPDE";"AUFKLÄRER"
"HSFTFMAEUC";"BMP-2AG"
"HSHVQSBONM";"3-3. MSP"
"HSMLDWOADR";"GUARDS L16 81mm"
"HSQNSLSYKC";"(북부집단군)"
"HSQWKIHCWI";"JBG-77"
"HSRQMGKHBI";"M60A1 AVLM"
"HSULNUGORT";"PIONIERS (RL-83)"
"HSVLXTLUZF";"DESANT. UAZ-469 ZAOP."
"HTBXPGHBCU";"DESANT. IGLA"
"HTINUHTFZK";"1-36th Field Artillery Rgt."
"HTJLTHAMNZ";"1st Canadian Division"
"HTKGBBJYEJ";"N.G. CAV. SCOUTS (LAW)"
"HTKUWXXXGR";"MiG-23MLA [AA]"
"HTLTFSUCVR";"#RFA 12. Artillerie-Regiment"
"HTPFTVATNF";"AMX AuF1"
"HTRTZNUWGW";"ATMP LML"
"HTTRUITSXF";"MARINES (AT-4)"
"HTUHHKQEGW";"#RFA Artillerie-Regiment 4"
"HTVAAEQMJV";"SPETSRAZVEDKA"
"HTVCPLEEEP";"#US  130th Engineer Brig."
"HTXKTCYTUO";"3rd Heeresflieger-Kdo"
"HTYZTYQXPF";"N.G. CAV. SCOUTS (DRAGON)"
"HUBURYVJTM";"F-16A [HE]"
"HUEAKLQYGH";"OT-65VP"
"HUKIIYOENR";"EE-11 URUTU"
"HULRDNTADM";"CH-136"
"HUNCBXDUPE";"#FR 2e Brigade"
"HUOCQCQAKT";"ROZP. SPECJALNE (GSR)"
"HUSOTKTUJT";"900th Air assault"
"HUTMUOSXND";"TOA"
"HUWJRVICMR";"73-y IAP"
"HUXWOFWLSQ";"8 pułk czołgów"
"HUYIIPVEJD";"OH-6"
"HUYMOXUOCQ";"ILTIS Aufk."
"HUYNTNWMDY";"#FR CA2CA"
"HUYSXUVIUW";"POGRANVOISKA KGB"
"HVACVEVJLT";"Fs.-WOLF AUFK."
"HVDKZSUNLF";"AIM-9P"
"HVDWVZGSLA";"NIEB. BERETY SAPERZY"
"HVHMZBXFPS";"HQ-2nd Infantry Div."
"HVKRKYCPIX";"Mk.19 40mm"
"HVLMOJUDNV";"BL.755"
"HVMBAZIQAL";"미 공군 경비대"
"HVMLMNDLMB";"T-80UK"
"HVMMXOCKJI";"GRENADIER"
"HVOSFXRAZL";"27-YA GV. MOTOSTRELK. DIV."
"HVPNQTBLKA";"DShK"
"HVQWCUDGAK";"5 Brygada Saperów"
"HVTIECLPHD";"10de Pantserinfanteriebrigade"
"HVTJRMZRHU";"Mk.5 Incendiary"
"HVTWDGQTBJ";"83mm"
"HVVSTNQCAB";"전차사냥꾼"
"HVWPWZYUMW";"(서부집단군)"
"HVZBITEPWJ";"T-62MD1"
"HWAVYQVEYD";"AGS-17"
"HWCKRNBHGQ";"16DE PANTSERDIVISIE"
"HWDKAJIZBU";"2-67th Armored Bat."
"HWHVGINGAD";"N.G. CAV. SCOUTS (LAW)"
"HWLGCFXLTH";"FlaRak-Bat. 33"
"HWMCONPNSE";"3-65-y Gv. Tank. Polk"
"HWMEMCKMOW";"#DDR  10. MSD"
"HWOEDTYMCJ";"M35"
"HWSARFVDYX";"URAL-4320 MUN."
"HWTQZUJTHD";"SAXON CP"
"HWXOIYJUUG";"III./MSR. 14"
"HWXRBEKTYO";"BIMZ Cantabria"
"HWXSQGCJAY";"#CZ 11. Tankový Pluk"
"HXCMTXHYSE";"전차포"
"HXDESARIUF";"SEAD"
"HXIDKDJMKG";"2-22 pa"
"HXMVRULQPK";"#FR 6e Div. Légère Blindée "
"HXODZNQUVG";"41 Tkbat"
"HXUQBJFLJN";"8e Hussards"
"HXXBJQAEOV";"RAAA III/71"
"HXXKRWZDMH";"11th ACR OFFICIAL BATTLEGROUP"
"HXXNEAJADW";"ZAPADORES MANDO"
"HXYOJAADDH";"Panzer-Bat. 341"
"HXYULEMTPH";"1-52-y Gv. Art. Polk"
"HYFFKJIDVC";"Shock"
"HYGDCYTJBU";"Bevrijding Bataljon"
"HYHWKQGSOP";"RPS-6 VEKTOR"
"HYJNDEDFRO";"Uzi"
"HYMIOYCVIC";"SAAB 105Ö [RKT1]"
"HYQVLTKZBD";"FASTA-4"
"HYSHHKZXPR";"SG-43"
"HYUWZSIKYW";"박격포"
"HYWJHTLBWO";"2-2 pa"
"HZAWTLPDWU";"C.12 [RKT]"
"HZCVMOHNDF";"#UK  33rd Armoured Brigade"
"HZDHBWTORC";"GUV-8700-9A669"
"HZEFDDCMZM";"기병대원 (LAW)"
"HZFHDVBEKR";"18TH ENGINEER BRIGADE"
"HZFLGBRSRP";"PARA. ROVER MILAN"
"HZFYUAXHWA";"Velitelství a štáb 14. TD"
"HZGKAFAZCK";"HOT-1"
"HZHHFAMSJX";"F-16C [NPLM]"
"HZIFEPSGWV";"KPz. T-55AM2"
"HZIPFAEFTY";"Jäger-Bat. 632"
"HZTCGWCPYT";"TU-22PD-7 [EW]"
"HZTSKUHHBI";"7,5mm"
"HZXAYUXQGP";"443-y Otd. Sapery Bat."
"HZXKVCCOIF";"35TH INFANTRY DIVISION (MECH.)"
"HZZIUQDOYO";"BAW-485"
"IAEJOKAMBF";"L9A1"
"IAHNKUZGMU";"I,/Staffordshire"
"IAIQEUQEOX";"AMX-30E"
"IAJXFATIYH";"MiG-21MA"
"IALFEIMLEV";"KPz. T-72M1"
"IAMNHIYCNR";"3-23. TP"
"IAOKGTBNCT";"M68A1"
"IAOMEMEULP";"30 Res. Dywizja Zmech."
"IAOSDQHZIX";"M29 81mm"
"IAQCIDWWAN";"34-ya (Art.) Div."
"IAQRFYKRJS";"MH-60A DAP"
"IAVHDHAEOA";"HU.10 CARGA"
"IAXPOUQQTN";"3-18. TP"
"IAZCETWBDS";"기계화소총병 지휘관"
"IBCFODQQCX";"SANTANA"
"IBFKQLHHLN";"USMC M60A1"
"IBFWGPGVSS";"2-MSR. 27"
"IBGZPSANQL";"D-921"
"IBJJVYKMFI";"I-HAWK"
"IBJQBSTJRN";"6. PZ.GRENADIER-DIVISION"
"IBLWJFVPAZ";"이 유닛은 정보수집과 표적발견에 뛰어납니다. 일부 정찰유닛은 적에게 들키지 않은 채 관측하는 데 특화되어 있고, 다른 유닛은 높은 기동성과 경무장을 활용해 전장을 적극적으로 수색하며 적의 저항 상황을 보고합니다."
"IBMRKVGPWM";"Kannone 1948/73"
"IBNYUGGVGI";"79GvTD"
"IBPMWOJPDH";"PzGrenadier-Bat. 12"
"IBQUKJCGGX";"M-240 240mm"
"IBRODFZZPN";"RPS-6 VEKTOR"
"IBUKEJOTEB";"KOMANDOSI"
"IBXZLDFBZW";"Mi-2URPG GNIEWOSZ"
"IBZDSXSLJF";"S-125 NEVA"
"ICANBZRZZE";"AIM-7E"
"ICDGCIAQJZ";"Su-7BKŁ [HE]"
"ICEMVFKSOP";"FAGOT"
"ICIATBRUZQ";"MG/62"
"ICKNGGWXJB";"VÝS. AGS-17"
"ICOQHSCNTS";"Aufk.-Bataillon 7"
"ICSSKHLOMP";"미 공군 경비대"
"ICVMIXTRRH";"HQ-1CD"
"ICVYUCUJGP";"MG74"
"IDADXAUEHZ";"(290th Cannon Art. Brig.)"
"IDCEFUWERR";"2-Royal Canadian Rgt."
"IDGCSWBJZX";"2-55 pz"
"IDGDTUWQWJ";"DESANT. SAPERI (RPO)"
"IDHWTNUFKT";"UNIMOG S404 MUN."
"IDICNZQQRP";"3rd Arm/Mech-Inf Group"
"IDILCBEOSM";"M32A1"
"IDJWXTMIIA";"Feldartillerie-Bat. 111"
"IDLTSWLSID";"Fla-SFL 23-4 SHILKA"
"IDLUHTYSLE";"61 Brygada Artylerii Wojsk OPL"
"IDMQDWTBHU";"Su-7BKŁ [RKT]"
"IDPERIEKFC";"MORTER M/50 120mm"
"IDRIQKKRPN";"C.15 [AA]"
"IEBXUBGRWF";"4-332. KDBr"
"IECAYKIFPF";"LÁMA"
"IECMLNOSTK";"FRR-11"
"IEEGEHYXCP";"CH-136"
"IEFTADHGTV";"AAVP-7A1"
"IEIMEBEHZK";"ADEN 25 x2"
"IEJLXHKEBF";"wz.88 Tantal"
"IEMWQTFWZY";"T-80BV"
"IEPYWXPFHT";"Su-24M [AT2]"
"IEQFXXIRLN";"D-1 152mm"
"IESIIXMLKF";"Z70-B"
"IEXWQDOVFM";"UH-1H HUEY"
"IEZLFETRTP";"BERLIET GBU 15"
"IFBUNNFFTV";"PEGASO 3046 ABAS."
"IFBXVBBNIX";"53rd Tac. Fighter Sq."
"IFCMKJOJDT";"BM27"
"IFDZSYISWH";"AB MP PATROL (M67)"
"IFFJJMDDPO";"TANKJAGERS"
"IFIQYIIMQQ";"III./MSR. 15"
"IFSVSCJRTO";"JEŠTĚRKA 30mm"
"IFV";"보병전투차"
"IFWNBIGUOA";"2e RHC"
"IFYTKHYQBH";"보병분대"
"IGCANKFWPJ";"FAL Para."
"IGDLGUCSQI";"Pionier-Bat. 350"
"IGHSJXRXMA";"USMC M60A1"
"IGLOQSDQBM";"C.11 [RKT]"
"IGNFMRWPHX";"SPETSNAZ GRU (Stinger)"
"IGOVXYAUMV";"6-GV.MTSK. OFFICIAL BATTLEGROUP"
"IGQGTTKISX";"REZ. PULEMETCHIKI"
"IGQRABDQGJ";"PAR 66/79"
"IGRLUSCXIH";"M113A3 ACAV"
"IGVXRLXTFF";"2-27 pcz"
"IGWLPDMUPE";"M551 TTS SHERIDAN CP"
"IHAETYMXTX";"Panzer-Bat. 284"
"IHDCCVJOTX";"#RFA 71. Heimatschutz-Rgt."
"IHDRRGOBHX";"MAW"
"IHDUATWCTN";"기계화소총병 (DRAGON)"
"IHFAFENBIB";"Panzer-Bat. 21"
"IHIGGPOLLD";"L-39ZO [HE1]"
"IHISJKIHWN";"SAMP T25"
"IHJPQTAJCT";"이 제2선 보병유닛은 전투용 장비가 비교적 가볍고, 대신 후방 순찰과 경계 임무를 맡습니다. 적의 사보타주와 침투 시도로부터 후방을 보호합니다."
"IHJVUCLQYH";"M998 AVENGER"
"IHOAEXTHSJ";"II./PR-15"
"IHQCJKUFPZ";"Galil"
"IHTITZMBOY";"#RFA 84. Heimatschutz-Rgt."
"IIKDOGVOYG";"Javelin LML"
"IIKNCTDICK";"Fallschirm.-Bat. 263"
"IILPHWNFSW";"Su-15TM [AA]"
"IILRZVSFBI";"39-YA GV. MOTOSTRELK. DIV."
"IINUPZTEYZ";"TERRIERS 대전차조"
"IIOFNZRUIZ";"공대지 로켓"
"IIQRXKYKBI";"MTW M113A1G MILAN"
"IIWFXGZPKC";"AML-60 GENDARM."
"IIYNVHTJVK";"AIM-7F"
"IIZOIMNVGU";"SU-100"
"IJAHTVWOIR";"2-239-y Gv. Tank. Polk"
"IJAVFFOEQN";"#US  18th MP Brigade"
"IJHGESDSIS";"413-y otd. Zen.-Rak. Bat."
"IJHMIXERSD";"L94A1"
"IJHZMLJNSQ";"3-12th Field Artillery Rgt."
"IJICYPCUHN";"6-41st Field Artillery Rgt."
"IJKNHFXYZL";"GENIE CMG"
"IJPAVIRQVP";"LARO CMG"
"IJTTRYWYTF";"GBU-27"
"IJXCNENPJI";"USMCR LAV-C"
"IJZDSAJYMF";"1E DIVISION MECANISEE"
"IJZLBBPYGL";"2-211-y Gv. Tank. Polk"
"IKAUTRYXQQ";"#US 20th Tac. Fighter Wing"
"IKEZSANNEI";"PARACAIDISTAS"
"IKGEKVCQSZ";"T-72M"
"IKIWKAXKXP";"PIONIER (AGI)"
"IKJBNUMKDI";"RP-46"
"IKJENSMCJB";"3-MSR. 31"
"IKNJDIYKTV";"FUG"
"IKOTQKRPCH";"#SOV 11-ya Gv. Tank. Div."
"IKPLSZLDBQ";"F-16C [AA2]"
"IKQFWAYMOS";"차량화소총병 (Eryx)"
"IKRVFFTBUC";"4-199-y Art. Polk"
"IKTCMBPWFV";"DESANT. LuAZ-967M AGS-17"
"IKUTDAFXMN";"T813 MUN."
"IKZMLBRLJA";"5-8th Mech. Infantry Bat."
"IKZVMJBGAO";"L11A1"
"ILCIBKHTTG";"BKP B812"
"ILDFEDWFFP";"#RFA  34. Panzer-Brigade"
"ILGGAGZFFE";"Su-22M4 [UPK]"
"ILLMBWAFLS";"14 Painfbat"
"ILMKLOKRUL";"M256"
"ILUFLCHVZL";"F-4F [HE1]"
"ILUNBEOAMC";"9 pułk zmech."
"ILWKEVTDRC";"2-30-y Gv. Tank. Polk"
"ILZBTSJMDR";"#NATO  CENTAG"
"IMEJBBHLEO";"JAGUAR [AT]"
"IMGSINNETI";"40 Field Rgt. RHA"
"IMIZYVSSDJ";"9M53K"
"IMKSLBBJHY";"M47"
"IMLNMAADYR";"HQ-16e Division Mécanisée"
"IMMSZUAMEL";"1-28 pz"
"IMPUCMWMFT";"PZ.GRENADIER"
"IMPWPSFBVP";"#RFA  VBK 34"
"INBKGATSQR";"GVARDEITSY"
"INBSWDRRZV";"AIRLIFTER 헬리콥터는 AIRLIFT 특성을 지닌 경차량과 장비를 수송할 수 있습니다."
"INCNCOSXQE";"CLKA"
"INDMQHNPQG";"HOT-2"
"INGXXAKOPZ";"BRDM-2"
"INOTVBGWNA";"GUERRILLEROS"
"INRFJWWJIR";"PaK MT-12 100mm"
"INSLXJAXHR";"21 dar"
"INSTRCORPS";"이 유닛은 신병과 다른 부대를 훈련하는 데 특화된 숙련 교관과 고문으로 구성됩니다. 기본 군사기술부터 주력전차 같은 첨단장비 운용, 심지어 비정규전 전술까지 폭넓은 교육을 제공합니다."
"INSTRHINTS";"교관 유닛은 주변의 같은 병종(보병 또는 전차) 유닛에 숙련도 +1단계를 부여하고 Reservist 특성을 제거합니다."
"INSTRTITLE";"Instructor"
"INWMPOGSDX";"3-504th PIR"
"INWNDUVEPG";"#SOV 221-y otd. Tank. Polk"
"INXKMOZRJY";"USMC LAV-L"
"INXZGLLSOG";"GAZELLE"
"INYMCTPYND";"3-8 pcz"
"INYWBVJDVF";"I,/AR-20"
"IOFBZGKMIC";"SEA KING Mk.48"
"IOGOGVXPUL";"I,/AR-8"
"IOIIIOUUNJ";"MIRAGE III EV"
"IOODOOKZPO";"PARAS MAG 7,62mm"
"IOOGFFKGMU";"3-8. MSP"
"IORROOQDQQ";"35e RAP"
"IOSIMQHWQT";"M113 C&V"
"IOTMVVJAKY";"TPz FUCHS MILAN"
"IOUVNPZMZJ";"SALH"
"IOYDNKQMEX";"Konkurs"
"IOYVUGZTAZ";"N.G. M150A2 TOW-2"
"IPBUTPGSED";"TRM-2000"
"IPCHWGEVNN";"3-64. TP"
"IPJRCEQQYG";"Panzer-Bat. 41"
"IPKQVKRCMT";"17e Artillerie à Cheval"
"IPMOXKAYKN";"JG-3"
"IPMUVXTAOV";"317th Engineer Bat."
"IPOJJDKMRV";"II,/AR-20"
"IPONEWLKLB";"MG3"
"IPXDAVWZWL";"포조"
"IPZLEDGFPV";"T-72MK"
"IQAZIBVSQR";"S-5M"
"IQBGXZCRGB";"35TH INF.DIV. OFFICIAL BATTLEGROUP"
"IQBVVMYNIZ";"MiG-21bis [AA2]"
"IQDFIXWGVD";"N.G. TOW"
"IQDVKOMKRP";"R-3R"
"IQIVFIFDLD";"45 dar"
"IQKOPYVIYC";"SPW-60PUM"
"IQLMNYTIEU";"STRZAŁA-2M"
"IQOMKAOXWP";"M151A2 MUTT"
"IQQQZGHUDG";"StG 58 ZF-4"
"IQSCNXBDKH";"PSSE-B"
"IQVKWJHLNK";"25mm"
"IQWRIAVMIX";"BINC-300"
"IQYHRLEGVH";"10. Panzerdivision"
"IQZRCSFDXW";"MiG-21bis [HE]"
"IRGDSJMYLH";"DAF YA-4400 VRACHT"
"IRGTFTGTBK";"TRM-2000 PAMELA"
"IRLESSLPZL";"DANA"
"IRLSUJYNFQ";"AK-74"
"IRMEVJHEWC";"1-29 pcz"
"IRPHAJHQTZ";"M2HB 12,7mm M63"
"IRSCVGXXEK";"2-75 pz"
"IRSNMCJUQZ";"기관단총은 높은 발사속도를 지닌 단거리 화기입니다. 기관단총(SMG)은 권총에서 주로 쓰이는 작은 탄약을 사용하여 자동화기를 더 작고 다루기 쉽게 만들 수 있습니다. 대신 무거운 돌격소총보다 저지력과 사거리가 낮습니다. 후방부대나 차량승무원은 개인방어무기로 기관단총을 자주 사용합니다."
"IRURZJFJHI";"54e Rgt. d'Artillerie"
"IRVCTJVQLU";"#SOV 200-y Gv. MSP"
"IRWCPMYERI";"le.GebH. M56 105mm"
"IRYBJWVIGF";"BERLIET GBU 15"
"IRZAMVOXRQ";"AZP S-60 57mm"
"ISAZCFMZYJ";"1-63. MSP"
"ISCUWYZDLK";"1-MSR. 31"
"ISDQZQPFVK";"Kh-29T"
"ISDYKPPVGJ";"I-HAWK"
"ISEKNPULFH";"2 gb 10 pz"
"ISFWRYPGBQ";"EC-90"
"ISHBTUPRWS";"M16A1"
"ISHYOFEPFT";"4e Cuirassiers"
"ISKWCYSAUO";"3. PPR"
"ISLJYZGBOX";"M48A5E2"
"ISMYHKBCPO";"2-17-y Gv. Tank. Polk"
"ISPYTLLSHC";"57mm APCR"
"ISQKOXNONE";"MOR. CHAIKA"
"ISXZRPLYLK";"#RFA  Territorialkommando Süd"
"ISYFRSRJEA";"1-286-y Gv. MSP"
"ITDLZXKBCE";"1 InfBevBat"
"ITEQFLMMFY";"Panzer-Bat. 141"
"ITHJWEACKZ";"#RFA  3. Pionier-Kdo"
"ITRSNOGIAV";"Mihanokínito Pezikó (APILAS)"
"ITUOXVTUHA";"ZU-23-2"
"ITYRAKQZRE";"MECH. FUSILEROS"
"IUACLYPWRR";"FNC"
"IUBYPMXKII";"3-241-y Gv. MSP"
"IUEMTJIMLZ";"Aviation Brigade-3rd Arm. Div."
"IUJJMLUOMW";"M47"
"IUKIQJHWFM";"4-693-y Art. Polk"
"IULQLPWGUY";"MARECHAUSSEE CMG"
"IUMSZSHCIR";"TOA-PC"
"IUNANPBNOS";"RES. VAB"
"IUNXJFRGUM";"M113 C&V KMAR"
"IURCVOMKLZ";"PZ.BEF. LEOPARD 1A5"
"IUSEJKKMDT";"GEPARD 1A1"
"IUSMDAYAXA";"68-y Razvedka Bat."
"IUTYWPWKEE";"M1A1(HA) ABRAMS"
"IUVXNMLCJQ";"T-72A Obr. 81"
"IUZMRUMOPY";"2A45"
"IUZWGNYNTZ";"#SOV 385-y Art. Polk"
"IVEEQGYMXG";"CN 90 F3"
"IVEXRHVFTA";"20. MSD"
"IVGDDGPOCZ";"CMDT RESERVISTES"
"IVGXYWFRGZ";"1-33-y Tank. Polk"
"IVLIXLYHJJ";"Sa Vz.58V"
"IVLWDIAZQJ";"3-20. TP"
"IVMWTUDWCW";"211-y Gv. Art. Polk"
"IVOQGNOYZG";"TOW 2A"
"IVPKNGEJZM";"KrAZ-255B ZAOP."
"IVRLPOUNAH";"무반동포"
"IVZGGMIBMR";"EM-11e DP"
"IWBYVSNMZG";"AIFV-B-50"
"IWDRQFXFRO";"UAZ-469 TAI"
"IWEHGSGKXF";"제7군단 본부"
"IWJEDWMBTN";"Stab.-Rügen Gruppe."
"IWKJDYUIGN";"RPK"
"IWKYFNYHEG";"III./PR-15"
"IWLOLPLVXX";"RT RAZVEDKA"
"IWLPMEVBWG";"II./AR 10"
"IWMIMVZMWQ";"KONKURS"
"IWSGLIUFZJ";"SAPEURS (Flam.)"
"IWTAIFPZRW";"5 Dywizja Pancerna"
"IWUXAPJDCG";"W50 LA/A"
"IWVXOJXBGD";"AS Val"
"IWWPCFOISI";"Garand"
"IWXWVQONNE";"MARDER 1A2 MILAN"
"IXCTCRHFEP";"STŘELCI"
"IXDYXWUXIU";"DD-5 DPanc"
"IXDYYFYVOH";"LO-1800 ROBUR MUN."
"IXEQASWYLR";"H.D.R. LONDON"
"IXFSNFPSWP";"1-42 pz"
"IXJKLMXIFL";"MOTOSTRELKI (BMP)"
"IXLULHWLKB";"925kg"
"IXROATRAHV";"PzArtillerie-Bat. 45"
"IXTTNFDTEP";"409TFS"
"IXXRXXQOQY";"1-332. KDBr"
"IXYLBWXMOW";"BIN-375"
"IYBALLPIDE";"MOT. PRŮZKUMNÍCI"
"IYFPRYENDU";"I,/PWORY"
"IYIVLRZRAI";"#DDR 21. Panzer-Rgt."
"IYKOFTCWFO";"N.G. M110A2"
"IYLDXCKOJA";"3-308-ya Artilleri. Brigada"
"IYPDDLNNNJ";"F-16C [CLU]"
"IYQHKQXUGH";"#ESP Cuerpo Expedicionario"
"IYUJIRKSKU";"UH-60A 보급"
"IYYBZLROCZ";"3-244-y Gv. MSP"
"IZCZQDYCHF";"SCOUT AH.1 HELARM"
"IZFZLDDISN";"2-16th Mech. Infantry"
"IZHGVXELTY";"Napalmbombe 200"
"IZICXSHMIJ";"900-y Otd. Gv. DSh. Bat."
"IZMFVLMIRX";"F-111F [LGB]"
"IZMVXNLSJD";"UAZ-3151 SPG-9"
"IZNUIPNRBO";"I,/AR-9"
"IZNYFFWCMZ";"RAZV. BTR-D"
"IZNZCVOFGP";"2-63. MSP"
"IZOKXELVEQ";"ALPHA JET E [NPLM]"
"IZRSGFDMKR";"AMX-30 B2 BRENUS"
"IZSUUWWBXG";"Zuni"
"IZTMYJPAVJ";"1-39th Mech. Infantry Bat."
"IZXPYEFWFD";"#SOV 17-y Gv. Tank. Polk"
"Inf";"다연장로켓 발사차량"
"JABJSLLBHB";"D-70"
"JAEBZDPLNB";"VKK 353"
"JAHRDSTUJT";"M3 Grease Gun"
"JALLRMHRQS";"Zuni"
"JAMRZOOMZF";"CENTURION Mk.V/2 DK"
"JANIIXWHDH";"Panzer-Bat. 564"
"JANRJOWTDS";"II,/AR-9"
"JAODKLPAYG";"Ka-50 AKULA [AT]"
"JAQBHEXHXO";"RES. SPW-60PA"
"JARVAEAPKU";"#UK  4th Armoured Div."
"JARVWNALIH";"2-210-y MSP"
"JAVABYHENM";"Blues & Royals"
"JBATBSKFQI";"PHANTOM FGR.2 [AA]"
"JBFDPJTSKR";"OT-64"
"JBFYHKHBHY";"Aviation Brigade-82nd AB Div."
"JBJLTGQMHJ";"I,/51st Highland Vol."
"JBLQEZSCVE";"2-41st Field Artillery Rgt."
"JBLXSXYSEP";"MOTOSTRELKI (RPG-27)"
"JBNGBDYNMP";"1-11th Arm. Cavalry Rgt."
"JBPOTBWQXU";"Kom.-CGV"
"JBYTLQTGWC";"MCC MILAN 1"
"JCAFPYGWIC";"OSORIO"
"JCATRNSIQV";"L7A3"
"JCBQCKASUB";"B-4"
"JCDVXTVVDQ";"3-20th Field Artillery Rgt."
"JCEQQMLNIJ";"2A29"
"JCFKXGSTCQ";"RWD-2"
"JCHCWFBRQX";"Geb.Pionier-Bat. 8"
"JCJCBVUGMZ";"454kg"
"JCKEGESFSQ";"(390th Cannon Art. Brig.)"
"JCKWIWSHOJ";"BAW-485 ZAOP."
"JCLVAKWHNV";"CHASSEURS ARDENNAIS"
"JCMBEQVPVG";"BM-14M"
"JCNEDMJUUR";"M38A1 CMG"
"JCTJZFTPCI";"M204 GK"
"JCWHSTBSAO";"DPM"
"JCZEFODGEO";"M107A2 175mm"
"JDAPLUAUJT";"421TFS"
"JDATTARWQI";"공수부대 (DRAGON)"
"JDBPOCZFMG";"AMX-30EM2"
"JDCMIVRUIQ";"1ste Grenadiers"
"JDDYDSYTXB";"Stgw 57"
"JDFLGADNQU";"PUMA KANGOUROU"
"JDFRYXSEAE";"Panzer-Bat. 363"
"JDHZAIXDDH";"NIEB. BERETY PT-76B"
"JDJCGOAHEZ";"VÝS. UAZ-469"
"JDMOHQVAUO";"CMDT CHASSEURS"
"JDRXGIETHV";"CANBERRA B(I).88 [HE]"
"JDTBZIADHA";"OT-810/R2"
"JDVHJZZYYR";"1 sbsz"
"JDYTTXBOSX";"2A70"
"JDZSZJLETZ";"#CZ 74. RMbr"
"JEAJDLRJZX";"GAZELLE AH.1 [RKT]"
"JECKTSLQMO";"157-YA MOTOSTRELK. DIV."
"JEEBNQCDWC";"35GvDShB"
"JEEYCUUBIY";"PSZH"
"JEFNHMECFG";"2-YA GV. MOTOSTRELK. DIV."
"JEGBIINTQS";"MOTOSTRELKI (RPG-22)"
"JEIATIESEP";"No. 19/92 Squadron"
"JEJEBCKYXZ";"Su-17M4 [HE]"
"JEJNXSHGVJ";"1-12. MSP"
"JEMMDBNSIO";"ZSU-23-4M2 (PSNR)"
"JEPESJCCHU";"DShKM"
"JERXIZEOHT";"4 Dywizja Zmechanizowana"
"JETNTSKPKA";"ATMP"
"JETRSMLRDX";"15 DYW. ZMECHANIZOWANA"
"JFAZZBOUVP";"M1 81mm"
"JFBDYLGGAX";"Escadre de Chasse 30"
"JFCHZIQMTW";"B-11 107mm"
"JFEPSBWPHZ";"1-249-y Gv. MSP"
"JFGXLNQJHO";"M wz.43 120mm"
"JFIJCHSTIA";"BM-21V GRAD-V"
"JFKSKTUKGF";"BRDM-2 KONKURS"
"JFNOCCUOIM";"3-96-y Art. Polk"
"JFQEAPFVQH";"134-y Razvedka Bat."
"JFYSXPTHRU";"R550 Magic II"
"JGCKTQDCBT";"M1 81mm"
"JGDZLTJKPF";"M230"
"JGEKAKPDYF";"1-YA GV. TANK. ARMYIA"
"JGHPSSTQWD";"저격수 (M82)"
"JGKXEVCIXO";"MILITÄRSTREIFEN (l.MG)"
"JGPYENLFBO";"I./Royal Scots"
"JGUZBRSUYD";"C8"
"JGVBAZXAHZ";"BVP-2"
"JGVIMRAUBL";"II,/The York Volunteers"
"JGWJFMSWHX";"SPW-50PU"
"JHBONQJTBY";"MOTOSTRELKI (RPG-7VS)"
"JHCQJZIMFS";"L121 155mm"
"JHCRMHROFR";"T-72AK Obr. 81"
"JHECEMHKXB";"1096-y otd. Zen.-Rak. Bat."
"JHFZSFYTOF";"Su-22M4 [HE]"
"JHGARENHMS";"PULEMETCHIKI"
"JHHTEPVFSV";"LO-1800 ZPU-2"
"JHKBIZCQIO";"M40A1"
"JHKGZFRRHB";"BzK vz.59"
"JHMCTNHNRK";"53T2 20mm"
"JHMLERSOLQ";"MH-47D CHINOOK"
"JHSMFBNPOS";"RES. GENIE"
"JHSMWIYMRD";"L-39ZO [HE]"
"JHZKYLVLOE";"7ste Smaldeel"
"JIBWMKWWFM";"PLRK OSA-AKM"
"JICFKTTCXI";"32e Génie"
"JIEEDOLFDK";"5-5th Mech. Infantry Bat."
"JIEKCKMRAW";"M577 CPC"
"JIEOSHEEWC";"GSh-30-1"
"JIFGNFWSTL";"PALR3"
"JIFIJRHXRU";"3-17th Field Artillery Rgt."
"JIFQBJLVTY";"#SOV  20-ya Gv. MSD"
"JIFSIIRLVZ";"DSh. (RPG-22)"
"JIGUTLELPH";"F-4F [AA2]"
"JILSUNBDRQ";"Kom./16-ya Gv. Tank. Div."
"JIPAVCSEST";"MiG-21bis [AA]"
"JIPMSMTZYU";"PzGrenadier-Bat. 202"
"JISUJQWEXG";"M114/39"
"JIUNYRKVBK";"H.D.R. LONDON"
"JIVJLWGMJM";"Jäger-Bat. 842"
"JIWYSNJJIA";"Su-7BKŁ [RKT]"
"JIYMVCNDML";"2-17 pz"
"JJEWSJTDOG";"12e Rgt. d'Artillerie"
"JJGEAEWQVU";"PzArtillerie-Bat. 115"
"JJHSPGAWMA";"HS.30 PZ.MORSER"
"JJICIHJWSP";"FV120 SPARTAN MCT"
"JJINSJOTXA";"Sicherungs-Bat. 4453"
"JJIZQHGLOD";"Su-25K [AT]"
"JJMRVYZSZV";"Twin GSh-6-30"
"JJTHKZBDVR";"이 유닛은 전자광학 교란기를 장비합니다. 접근하는 대전차유도미사일의 유도를 방해하도록 설계된 능동방호체계입니다."
"JJXAEWBFXJ";"GT-MU-1D SPG-9"
"JJXSZSZODB";"61-YA ZEN. RAK. BRIGADA"
"JJZJBPNEZH";"SPG-9"
"JJZJLCEEBN";"108-R"
"JKCLVWASVF";"미 해병대 공병 지휘관"
"JKDZTZUJQC";"Sicherungs-Bat. 4433"
"JKEHWEDZGI";"I-HAWK"
"JKESUZODUC";"F-111F [NPLM]"
"JKFPCKTTID";"1-MSR. 3"
"JKHZZJWCGR";"M109A3"
"JKJMTWRWMR";"Type 63"
"JKMLTNCXVK";"19. MOTOSTŘELECKÁ DIVIZE"
"JKMPOHCBVL";"730-y APIB"
"JKMZBJEZVK";"2-10. TP"
"JKMZECMVVY";"BM-43 82mm"
"JKNLQDIPDD";"4-117-y Art. Polk"
"JKOCJLQIRD";"GENDARMES MOBILES"
"JKSDQLOWXH";"MiG-23BN [NPLM]"
"JKWHXXDZHO";"DESANT. LuAZ-967M FAGOT"
"JKWKIZMYDZ";"19e Artillerie à Cheval"
"JKWKVBDOVL";"2A28 Grom"
"JKXJVSZWAM";"REZ. B-11"
"JKYFCWXGRL";"GAZ-66"
"JKYQXIOBQR";"LYNX MK.80"
"JKZIOVUGBV";"18 prplot"
"JLBHSCXFKK";"FV101 SCORPION"
"JLEMTCILBD";"57-YA GV. STRELK. DIV."
"JLEXSTFJKF";"3-332-y Gv. Tank. Polk"
"JLFAWVYJKY";"9. PANZER.DIV OFFICIAL BATTLEGROUP"
"JLGSSCJSVS";"중기관총"
"JLIGBPWELG";"RM-51"
"JLLHRURSFG";"Jäger-Bat. 56"
"JLPAAWRIEE";"주방위군 화력조 (DRAGON)"
"JLPMOBGYKT";"수류탄"
"JLPNMZRKME";"M270 MLRS"
"JLQTNYYRXU";"#US 86th Tac. Fighter Wing"
"JLSEPQCELH";"KSM-25"
"JLSQJFXHLI";"ZGU-1"
"JLTWCIAAGC";"GDF-003"
"JLUJWRDCUJ";"MT-LB STRELA-10M"
"JLUKOOMCFB";"개틀링 건은 여러 개의 총열을 회전시키며 매우 짧은 시간에 막대한 양의 탄을 발사하는 자동 회전식 기관포입니다.
전자식 발사기구를 사용하는 현대 개틀링 건(미니건이라고도 함)은 몇 초 만에 탄약을 소진할 정도로 빠르게 사격할 수 있습니다. 대체로 크고 무거워 항공기나 안정적인 지상 플랫폼에 장착되며, 탄막으로 일정 구역을 뒤덮는 근접방어 체계, 대공포, 또는 많은 장갑차의 얇은 상면 장갑을 관통하는 공중 대전차 무기로도 활용할 수 있습니다."
"JLVDLVAQPZ";"TPz GREEN ARCHER"
"JLVICQOWNO";"3-244-y Gv. Tank. Polk"
"JLWUHUFTYT";"Nimrod"
"JLYVEITNSE";"GROUPE ANTICHAR"
"JMEYTQKVDC";"F-16A [HE/CLU]"
"JMFFCVKLUQ";"2A46-1"
"JMGNJPRYEX";"FRR-5"
"JMHUUZQJUQ";"Strela-2M"
"JMIXTXJBXC";"LARC-60 CARGO"
"JMJLDDYUBW";"GAZ-66B"
"JMWVTWMACJ";"M1025 HUMVEE TOW-2"
"JMXULYILXH";"3-360-y Tank. Polk"
"JNADZCJSNX";"Refleks"
"JNBAJWIDDU";"REZ. BRDM-2 MALYUTKA-P"
"JNBLXCKPOC";"AIM-7F"
"JNDEFMKAMB";"M101 105mm"
"JNGGBEQHUF";"Vz. 53/59"
"JNGTWPHGLN";"AH-1W SUPERCOBRA [RKT]"
"JNILTOIUOV";"PzGrenadier-Bat. 43"
"JNIRMMNOPI";"VÝS. PPLRK IGLA"
"JNLTHBNQJF";"5-332. KDBr"
"JNOQIJWHSK";"1-MSR. 2"
"JNQZJPHETQ";"Rh 202"
"JNSWTOBXHP";"Artillerie-Regiment 3"
"JNTFCEZOZP";"#RFA  53. Heimatschutz-Brig."
"JNVFODOVBO";"Pz.Gren.-Bat. 103"
"JNWISSLMCA";"#US  VII. Corps"
"JNWSUSSFBL";"15 Dywizja Zmechanizowana"
"JNYEYZEILQ";"ALOUETTE II"
"JOATZTOCLZ";"2B14"
"JOCJGQOIRO";"#DDR 16. Mot.-Schützen-Rgt."
"JODQKKBSDV";"AMX-30EM1"
"JODXHJATQC";"Uzi"
"JODYWCHYIK";"S-8KOM"
"JOFUNPIHHW";"Aufklärungs-Bat. 1"
"JOGFSBAZJK";"Velitelství a štáb 15. MSD"
"JOHDZYEMRR";"RAZVEDKA SAPERI"
"JOKMRRKXUR";"2-PR-20"
"JOLHSEBAIV";"2-724-y Gv. Art. Polk"
"JOLLIWCYFE";"3e Hussards"
"JOSGXSDKKV";"2-1st Attack Helo. Bat."
"JOSSGTFICR";"Resolute"
"JOSUVOJAPF";"M1040 FAV Mk.19"
"JOTCWGPMBO";"L86A1 LSW"
"JOTRKMLIVM";"#DDR  14. Mot.-Schützen-Rgt."
"JOWNYVHIBO";"M998T ISC AGL"
"JOZIAQIHDD";"#RFA  6. Panzer-Brigade"
"JPGSSGIHHN";"4 DYWIZJA ZMECH."
"JPHQIOKHTN";"OT-810D"
"JPHXZCCEIW";"#SOV  249-y Gv. MSP"
"JPJKFEQNPF";"PzArtillerie-Bat. 325"
"JPJSQJULAB";"2-841-y Art. Polk"
"JPKCMEELRJ";"소총병 지휘관"
"JPQQVXFAEE";"VOLVO N10"
"JPTEFCZGEF";"L7A3"
"JPZQSBXMHR";"PIECHOTA DOW."
"JQBFURWUJT";"VBL RECO"
"JQBZKNESTI";"D-20 152mm"
"JQCOPACRDQ";"MOTOSTRELKI (BMP)"
"JQCWCJYUJM";"LO-1800"
"JQDTSWFRMM";"INGENIØRERFØRER"
"JQEFMKHRFA";"1-153-y Tank. Polk"
"JQEMAWSOOB";"3-YA ARMYIA"
"JQMESDKEDM";"AIM-9J"
"JQNFRZEOXE";"R-3R"
"JQOYHWTTLF";"1-275-y Gv. MSP"
"JQPKTHFBKM";"GAZELLE AH.1 [RKT]"
"JQPYDHPUBZ";"#DDR Artillerie-Regiment 3"
"JQUQBATXIM";"VSS Vintorez"
"JQVLWKSHRB";"157-YA MOTOSTRELK. DIV."
"JQVMOJWBJR";"PM obr. 1910/41"
"JQXZAMUOQQ";"1-319th Field Art."
"JRDIXJFMZE";"KPz. T-72MÜV2"
"JRGOSWTYQD";"12e Cuirassiers"
"JRGZLFNAXI";"RAZV. BTR-80"
"JRJWRQPJZE";"MAG"
"JRKBEVJSPV";"PARA. LDR."
"JRKBRMOAKL";"RAZV. BTR-60PB"
"JRKXVMAMDV";"A-7D CORSAIR II [RKT]"
"JRNVALCUOA";"35e Infanterie"
"JROLSULVIH";"UAZ-469 FAGOT"
"JROQHVSIBZ";"PARA. GROUPE ANTICHAR"
"JRQMRSCPRI";"PANZERJÄGER"
"JRRBMIVKVA";"1. TANKOVA DIVIZE"
"JRSTHQBGYU";"M60A3 (TTS)"
"JRVFIXHPXC";"25e Rgt. d'Artillerie"
"JRXHJWAGUE";"A-6E INTRUDER [NPLM]"
"JRXIORJXXL";"3-MSR. 3"
"JRZXIBLYIW";"Teritoriální Prapor"
"JSBILEUYMF";"FAL"
"JSDATVVVQD";"#RFA Pionierkommando 2"
"JSEUYGTCCS";"PzArtillerie-Bat. 295"
"JSGOCUPBIT";"D-10T2S"
"JSIVJGQOIV";"AHS wz. 77 DANA 152mm"
"JSNAEEVVAC";"OT-62D"
"JSQNBMNRBC";"R-3S"
"JSRLDRXOTU";"2A33"
"JSZGIUXBJD";"I-HAWK"
"JTEMLFKQSG";"JÄGER"
"JTHDMWCKPY";"M114"
"JTIESMGNZL";"DShK"
"JTIZERVQPU";"MOTOSTRELKI KOM."
"JTOBSDJSON";"PRAM"
"JTOYRAARTS";"대전차 미사일"
"JTQMXSMIBW";"3-MSR. 35"
"JTTKJGVCBC";"2-73 pcz"
"JTUCUQAVZY";"#CZ 2. Motostřelecká Divize"
"JTULQXXBZR";"Su-15TM [AA1]"
"JTXMKMYWPL";"Shock 유닛은 특히 숲과 시가지에서 근접전에 뛰어납니다. 가까운 거리에서 싸울 때 더 큰 피해를 주고 더 빠르게 공격합니다."
"JTYOXNLECC";"DESANT. 2S12 120mm"
"JUEKQRPGFA";"1-390-ya Gv. Art. Brigada"
"JUESKATQUG";"4-7th Mech. Infantry Bat."
"JUEURPSYWV";"#SOV 244-y Gv. Tank. Polk"
"JUMRXTOSSB";"AV-8B HARRIER II [HE2]"
"JUNEUOZGJK";"F-14A TOMCAT [AA2]"
"JUNINPZJMM";"T-72AV"
"JUPPOWGSZK";"LATAMB1"
"JUROFXDFQN";"#DDR Luftsturmregiment 40"
"JUTGDWVBXJ";"ZU-23-2S"
"JUWGRUTQVH";"#CZ 322. KDBr"
"JUZEHBQZEC";"SRN"
"JVANAKUCZS";"USMC I-HAWK"
"JVDDUIDGEI";"1-5 Baa"
"JVDQYEYGOE";"PARA. MISTRAL"
"JVDSPJUIFW";"MOR. BAV-485"
"JVEDODJPNM";"#up{LOW}"
"JVEQANEELY";"AH-1F HEAVY HOG"
"JVFWZOOMIF";"M103"
"JVJCBMYFGP";"440-y (MLRS) Polk"
"JVKNOGJAWR";"공수부대 (DRAGON)"
"JVORBKCZCQ";"8-YA GV. ARMYIA"
"JVQHLFQFIM";"#US 50th Tac. Fighter Wing"
"JVRSRRTJXZ";"ESR 저격수"
"JVVPPBVQBV";"L21A1 RARDEN"
"JWDBEXJNEY";"Malyutka-M"
"JWEOASTLAJ";"ILTIS FÜHRUNGS"
"JWHMRYEPVK";"AA-52"
"JWIDITTVGH";"BMD-1P"
"JWITCRICMF";"7-y Gv. Razvedka Bat."
"JWKSZXQDJK";"무유도 공대지 로켓은 항공기와 헬리콥터에서 지상 표적을 향해 발사합니다.
흔히 쓰이는 로켓은 일반적으로 능동 유도 체계가 없어 미사일과 구별됩니다. 단순하고 사용하기 쉬운 대신 정확도는 높지 않지만, 단거리 공격이나 지역 포화에 편리합니다. 다양한 탄두를 탑재하며 로켓 포드에서 일제사격하여 막대한 화력을 퍼붓는 경우가 많습니다."
"JWNCQZTDRN";"Mk 82"
"JWQVJMVEDL";"PIECHOTA ZMECH."
"JWUXUSULHD";"Place Holder"
"JWWSXTCGUZ";"4-32nd Armored Bat."
"JWYBJUUGUW";"L11A5"
"JWYMVFFMLC";"2-4-34-ya Artilleri. Div."
"JXINIYFNXC";"2e Bataillon Commando"
"JXKXBQGVLK";"KANON M/52 155mm"
"JXOUFBBROW";"1-95-y Gv. Tank. Polk"
"JXVLFHBHBG";"USMC LAV-AT"
"JXVNJNUPGI";"#SOV 77-y Gv. Tank. Polk"
"JXWKAKWCIV";"3e RHC"
"JXYINQBNZG";"3-74. MSP"
"JYCVOYNULN";"VKK 342"
"JYERBRUPHV";"FAB-500"
"JYIRBWIPXM";"PKM 7,62mm"
"JYMAZPREEE";"2-30th Mech. Infantry Bat."
"JYOKNUMQYK";"M109A3GA1"
"JYRAXTKUDR";"BAR"
"JYRLRLFNRL";"Carl Gustav M2"
"JYTDHHDPRP";"2-62. MSP"
"JYVVBSSMPB";"M/87 TOW-2"
"JYZFZVUCXI";"KS-19"
"JZHHCRALAM";"차량화소총병 지휘관"
"JZIBNCSDKV";"1-145-y otd. Tank. Polk"
"JZIORHMJEB";"#RFA  VBK 24"
"JZQHMOIAHS";"BRDM-2U"
"JZRZXXULNA";"Mi-14PL"
"JZUBMPSCPA";"M201 PC"
"JZVAMGSSQU";"4-5th Field Art."
"JZZFNJHLNZ";"T-54BK"
"KAAFZOPCJU";"AH-1F COBRA"
"KACSQXOGGR";"M1 81mm"
"KADDENGJDS";"관측 능력 단계는 정찰 유닛 이름 옆의 기호로 표시됩니다:
#RECO1: 좋음
#RECO2: 매우 좋음
#RECO3: 최상"
"KAHXYGZPZI";"MOTOSTRELKI KOM."
"KAJMOJNXHX";"2A20"
"KAJMXQIAVB";"1-35th Armored Bat."
"KAKZHBHBXM";"43 dar"
"KAOWXWQTKA";"1ST CAVALRY DIVISION"
"KAYOKAHKXF";"LEGION. MISTRAL"
"KAZQNRTKCN";"RPG-2"
"KAZRQJBHCP";"3-197-y Gv. Tank. Polk"
"KBKMQFBLMY";"L7A3"
"KBLHMBJOGB";"2-290-y Art. Polk"
"KBMOHBYJAG";"FLAK S-60 57mm"
"KBNCCRXYLY";"JÄGER FÜH."
"KBRNTHOWMT";"M114/39"
"KBTHAAOMAU";"451-y otd. TP Bat."
"KBXMXBJVTS";"F-117A NIGHTHAWK [LGB]"
"KBYFDCELPT";"Pz.Gren.-Bat. 222"
"KBZMWXKVGA";"BO-105 CB"
"KCDGBXHFKO";"무유도 폭탄, 이른바 “덤 폭탄”은 항공기나 헬리콥터가 적 지상유닛을 공격할 때 사용하는 항공 폭발무기입니다. 단순하고 파괴력이 크지만 정확도가 낮아 표적의 바로 위나 근처에서 투하해야 합니다. 일반 HE 폭탄부터 네이팜, 집속 자탄까지 형태와 크기가 매우 다양합니다."
"KCJLIMWWCG";"Blindicide RL-83"
"KCTZSHBHES";"8 br"
"KCUJBTJLRK";"M1A1 ACAV"
"KCXXNUUKIF";"UNIMOG U1350L"
"KCZEGOIETY";"I./PR-4"
"KDABSEWMWA";"5-7 Bah"
"KDANAOXTTY";"MD-20F"
"KDBLUEQCBD";"LIVGARDEN"
"KDCKLHDUVQ";"JAVELIN"
"KDDVYKHFCY";"#NL 41 Pantserbrigade"
"KDEQDWGXZJ";"PZ.AUFKLÄRER"
"KDHJEARGXL";"3 gb 25 pz"
"KDNVBXRXKZ";"TIREUR D'ELITE"
"KDQLLRNFUI";"AGI 3X40"
"KDRLKEJSDR";"#RFA  8. Panzer-Brigade"
"KDVNGBFXAM";"MOT. RAZVEDKA"
"KDVQVVSLZN";"M-30 122mm"
"KDWXXYCHEY";"M1919A4"
"KEAOQOBUTH";"8 DYWIZJA ZMECH."
"KEEOVUHKED";"#SOV 286-y Gv. MSP"
"KEHHCGYDSB";"F-114-DE"
"KEICAXFPKR";"PaK ZiS-2 57mm"
"KEIQENBBVD";"SAMP T200"
"KELGQJZAWI";"AIRMOBILE TERRIERS"
"KESBTUAFFX";"AB M30 107mm"
"KEUAZUMCYD";"490-y otd. Vertolotnyy Polk"
"KEUSTJAEOS";"ZB-500"
"KEYBHYGJRW";"LRAC F1"
"KFANODFXND";"2-211-y Gv. Art. Polk"
"KFCADIVWMX";"ROLAND 2"
"KFEAGBUKCI";"PARA. MO-120-RT61"
"KFESFOPVLI";"MG-11 7,62mm"
"KFGIGDUXXL";"7. PANZER.DIV OFFICIAL BATTLEGROUP"
"KFGUNUSLDU";"FV432 RARDEN"
"KFJVLCTDZK";"건십 헬리콥터"
"KFLDLTEWFQ";"M151 MUTT CP"
"KFPTSFJTEY";"T813 MUN."
"KFPUGAGGJO";"Su-22M4 [RKT3]"
"KFQBAGHAHD";"4e Etranger"
"KFQORMCFMD";"1-61-y Gv. Tank. Polk"
"KFQRJNOLYG";"RAZVEDKA SAPERI"
"KFRTKTBJCG";"70mm"
"KFSEWKTXVZ";"1891/30 PU Mosin"
"KFSLDLHQES";"특수부대"
"KFXNSMNHUC";"Panzer-Bat. 331"
"KFZOXHGLDX";"L42A1"
"KGAURUJZKE";"DESANT. GAZ-66 ZU-23-2"
"KGBUUUPZGO";"RESERVISTES (LRAC)"
"KGCAWUSHDB";"Dépôt de munition"
"KGCHFNWUUS";"15th/6th QRL "
"KGGRBOOWDE";"MiG-23MF [AA]"
"KGIXANKPNY";"2-27 pz"
"KGIXCIOPDG";"4de Lansiers"
"KGIXMQXMSX";"KAB-500Kr"
"KGJXGFJECE";"F-16C [HE2]"
"KGMEIXYURO";"UAZ-3151 AGS-17"
"KGODIAMQAG";"#UK RAF Wildenrath"
"KGRKWGJIWC";"2-126-y Gv. Art. Polk"
"KGTNHNSBMG";"II,/GeWR-5"
"KHAHTVVJFY";"GVARDEITSY KOM."
"KHFNGCDKBY";"VKK 242"
"KHFTRDJEVJ";"KHG-3"
"KHMNJBZYJK";"3-128-y Art. Polk"
"KHMYXBTTTE";"JAGUAR [SEAD]"
"KHRMPWTFER";"돌격공병"
"KHROJLZLFD";"DRAGON-PARAS"
"KIGAJMAMQV";"JAGUAR [HE]"
"KIIQMOCHFC";"MOR. ZIL-131 SNAB."
"KIJCAROPLD";"PzArtillerie-Bat. 285"
"KIKUPFXIKH";"DIVISION DU RHIN"
"KILDVLYGWE";"27 pułk zmech."
"KINHZKDUXL";"SBAT-70"
"KINJJGOLIZ";"#CZ 9. Motostřelecký Pluk"
"KIQQQCPBQN";"MARINES M2HB 12,7mm M63"
"KIUKSQATFX";"USMC M1025 HUMVEE TOW"
"KIZQGSJELF";"EM-7e DB"
"KJBJRCGFMK";"TPz GREEN ARCHER"
"KJHYUGYGFA";"EPERVIER"
"KJIQJICXJS";"해병 STINGER"
"KJIQVNXXFY";"UH-1H 보급"
"KJKKBLUWFI";"2-79-y Gv. Tank. Polk"
"KJKMOQGWHI";"돌격조"
"KJKZMDEJYE";"PANZERMATROSEN FÜH."
"KJLLCYRYQQ";"1-34th Armored"
"KJLZSUXHYN";"#US  197th Mech. Brigade"
"KJORYTXWEH";"JAVELIN"
"KJQKEWRRMU";"DESANT. SPG-9"
"KJSGFUPODM";"M47"
"KJSNIDBOXZ";"M1040 FAV M2HB"
"KJTLVPWAPM";"OH-58D KIOWA"
"KJWCMNACET";"해병 화기병"
"KJZGYPGPLB";"3-28-y Gv. Tank. Polk"
"KJZKSDBDFG";"7 br"
"KKBNEMIDEX";"409TFS"
"KKBURWAXIX";"FV511 WARRIOR ICV"
"KKDIETPMEA";"PIONIER (CarlG)"
"KKFUANHAXJ";"공대지 로켓"
"KKMNMISNNT";"EM-4e DAM"
"KKNYPVAVTH";"4-6-34-ya Artilleri. Div."
"KKOPNGYEMT";"OTDELENIE PODDERZHKI"
"KKPCJPSBYV";"M163A1 CS"
"KKRPRYGAZE";"55 pułk zmech."
"KKTBRWDJIX";"1-3. MSP"
"KKUAHVOTCY";"공중기동 소총병 지휘관"
"KKVYRDWVXV";"III,/GeWR-5"
"KKYQZLYQDI";"1-77-y Gv. Tank. Polk"
"KKZDHFFCTH";"곡사포"
"KLATDSDNPA";"2B8"
"KLDMSFJIJJ";"AMX-10 RC SURBLINDE"
"KLGKHIPTLF";"2-YA GV. TANK. ARMYIA"
"KLGMAWIHBK";"PAL BB 77 KAWEST II"
"KLGMFDPEWS";"513kg"
"KLKJQHJCRQ";"HARRIER GR.3 [RKT1]"
"KLKSVJARIM";"M252"
"KLLHCWSZPJ";"PZ.GRENADIER (CarlG)"
"KLLKYNLCQP";"PRŮZ. T-34/85M"
"KLOKKTEUUU";"M-46 130mm"
"KLOLNLSKFP";"2A18"
"KLPKHNDCAD";"Napalmbombe 200"
"KLPNZDGDQS";"MiG-23ML [AA]"
"KLQECFIVOV";"M110A2"
"KLQJDHRLKV";"VELITEL ZÁLOŽNÍKŮ"
"KLQRRWDWUP";"PZ.BEF. M48A2GA2"
"KLREKOFVQI";"22. výsadkový pluk"
"KLRKODZMIJ";"Mi-2URN ZMIJA"
"KLVVMWUCVT";"I,/AR-19"
"KLXIJDGSMT";"AUFKL. BMP-1"
"KLXJEHTDTE";"33e Génie"
"KLYJQSPZHR";"Fallschirm.-Bat. 251"
"KMAYEOASYM";"PzArtillerie-Bat. 365"
"KMGNTXQZFA";"3-227th Attack Helo. Bat."
"KMLPBLLLPT";"GEBIRGSPIONIERE"
"KMMAQOBPDS";"6th Armoured Brigade"
"KMNMDNASMY";"AMX-10 RC PC"
"KMPCNACPTQ";"3-65. MSP"
"KMUAKDGLZY";"HEIMAT-JÄGER"
"KMWLEKBPVE";"전차포는 여러 종류의 표적에 다양한 탄종을 발사할 수 있는 대구경 고속포입니다. 다른 전차와 장갑차량을 직접사격으로 상대하는 전차의 주무장입니다. 보통 90mm에서 125mm에 이르는 다양한 구경으로 포탑에 장착되어 유연하면서도 강력한 화력을 제공합니다. 정교한 사격통제컴퓨터와 조준장비의 도움을 받으면 날씨나 시간대에 관계없이 공중표적을 포함한 거의 모든 종류의 유닛을 공격할 수 있습니다. 전차포는 자동장전장치의 지원을 받기도 하며 운동에너지형 철갑탄(AP), 날개안정분리철갑탄(APFSDS), 고폭탄(HE), 대전차고폭탄(HEAT) 등 여러 탄종을 사용합니다. 일부 포는 전용 유도미사일까지 발사할 수 있습니다."
"KNAIQDMIVX";"CN-105 F1"
"KNBCEOXAAZ";"DD-16 DZ"
"KNEQSVCGBJ";"COUGAR CP"
"KNMYVMMYNC";"BMD-2"
"KNNMROAWHG";"33e Rgt. d'Artillerie"
"KNPFNTJCGC";"2 InfBevBat"
"KNQFXISJFI";"UAV"
"KNRDHFZVFA";"57mm"
"KNSFCILGQH";"M117"
"KNSSVGIZCI";"UH-1N DASIP"
"KNTPSKUYUA";"RANGERS LDR."
"KNWURQAQLM";"Jäger-Bat. 17"
"KNXJZRLFJK";"#RFA  II. WBK"
"KNXSXZCNAS";"2-42 pz"
"KNYUWNUCJK";"2-71. KDBr"
"KOCAVIFYAY";"RESERVISTES SAPEURS"
"KOGFRBNZHG";"Militärbezirk III"
"KOHJVCCNXQ";"M68A1"
"KOILAYXPHK";"PIONIERS (Flam.)"
"KOTGVLXXXA";"VKK 343"
"KOTSRDCECH";"5-322. KDBr"
"KOXFNHRRAA";"MOR. T-55AMD"
"KOXIOKCLGB";"#SOV 126-ya IAD"
"KOZHAIJGZA";"MOR. IGLA"
"KPAGLCOKAB";"M47E1"
"KPFYUVRPFC";"2A44M"
"KPGQMCYMEA";"500kg"
"KPHCZISCHL";"MAN 630 L2AE MUN."
"KPIUJCZXAU";"1-40-y Tank. Polk"
"KPIWTPJTQC";"Dual Auto. Gun M2A1"
"KPIYYDOQRW";"T-80U"
"KPNPIEVLAN";"B-11"
"KPOUTNSRHS";"REZ. T-55A Obr. 81"
"KPRYQZDZFR";"Token inexistant ZNAEKUOZJA dans SERIOUS_Localisation_Unites"
"KPUXBWAJTX";"M106A2 MORTAR"
"KPWYKYNDQE";"29-y Gv. Otd. Tank. Bat."
"KPZSAHTPJF";"Su-25 [CLU]"
"KQBFQIXBET";"MOT. RAZVEDKA"
"KQEADAIQYT";"6e RPIMa"
"KQGAEIXIXS";"SPzA1GrW"
"KQKMMFWNQU";"#UK RAF Germany"
"KQLWKRHSWI";"USMC M198 155mm"
"KQOVHTZKOW";"RAPIER FSB1"
"KQPZVAMOSB";"T-55AM1"
"KQVYAGWBOM";"2K11M3 KRUG-M3"
"KQYZKDFEAI";"냉전 초기에 많은 전선 병사들의 표준화기였던 전투소총은 중거리에서 적 보병을 상대하는 데 효과적입니다. 대체로 정확하고 위력이 크지만 더 무겁고 부피가 크며 사격 시 제어하기 어렵습니다."
"KRBMMTXMSV";"#BEL  4de Pantserinfanteriebrigade"
"KRBWTBBVGP";"2. PZ.GRENADIER-DIVISION"
"KRCKEAMREZ";"2nd Royal Tank Rgt."
"KRCVPGSXQO";"M113 C&V"
"KRCZUTJZCH";"SUPER ETENDARD [RKT]"
"KRHQKWSGTE";"Zuni"
"KRJNTTLGMS";"#CZ 62. Motostřelecký Pluk"
"KRLTBROZGB";"#UK RAF Gutersloh"
"KRMQACEQWU";"M47 Dragon II"
"KRNSXMWFGU";"2-2. TP"
"KRSRLZGTNZ";"1-MSR. 27"
"KRUVTRGPZB";"T-55AK"
"KRZRTKIYCQ";"1er RCP"
"KSHAFTNVXM";"BEUTE BOFORS 40mm"
"KSIDGPOJGU";"M113A1"
"KSIPPUIXTO";"지휘 유닛"
"KSLAXRNYVF";"AIM-9J"
"KSPCZPGKBI";"S-5M"
"KSRGGCFJBW";"T-54"
"KSTUFLZHIQ";"1-23. TP"
"KSUDSSLQCU";"PANTSERINFANTERIE"
"KSUIYDGYUU";"Uzi"
"KSUUVGHFMK";"1-248-y Gv. MSP"
"KSYQVHFUAA";"M1919A4"
"KSZPNJSSXP";"M3A2 BRADLEY CFV"
"KTAZXALKHH";"공중기동 포조"
"KTEGDBCQIK";"M1025 HUMVEE AGL"
"KTESEXBNFI";"NONA-K 120mm"
"KTHSXAJKJB";"KANJPZ"
"KTHUSVYMGO";"Groep Volkel"
"KTJBNXHKDD";"KPz. T-72S"
"KTJQWSURVZ";"M67 RCL"
"KTKDDVJRTT";"II./MSR. 15"
"KTNKISBSCQ";"PJR-5"
"KTPEOYOPCW";"MiG-31 [AA1]"
"KTRZJRRNEX";"PzArtillerie-Bat. 315"
"KTTKVVCDXM";"HEMTT"
"KTUHRZWOLG";"ZÁSOBOVACÍ Mi-17"
"KUAJNYEVQX";"VBK 46"
"KUDNPIVCPK";"M998 HUMVEE DELTA"
"KUIVHYSQWY";"LEGION. AANF1 7,62mm"
"KUOCPCWNSN";"43 Tkbat"
"KUPNLKSDNF";"2A46M"
"KUVMTBLUQR";"2-333-y MSP"
"KUWJHMBETM";"ALOUETTE III"
"KUWXXROMAG";"9,/115-y otd. Tank. Polk"
"KUXCMHZMUQ";"M274 MULE M40A1"
"KVCRNXRUYX";"#DDR 15. Mot.-Schützen-Rgt."
"KVEFRNSQHD";"MARECHAUSSEE"
"KVFDWIOEXD";"94-YA GV.M.DIV. OFFICIAL BATTLEGROUP"
"KVGMHGQZZN";"VÝS. PTŘS KONKURS"
"KVHMEMJTYG";"MOR. PEKHOTA (RPG-22)"
"KVHNAXSIMR";"Dépôt de munition"
"KVHOSBOOSB";"Fla-SFL 57-2"
"KVIAOIHGOR";"T-55AM1"
"KVNSJHHNXS";"1er RHP"
"KVOMNGVYBX";"지원"
"KVQUPJOSEC";"FALLSCHIRMJÄGER (s.MG)"
"KVSOJFWWIX";"DShK 12,7mm"
"KVUOQYFUHG";"Mi-17Z2"
"KWAHZIIXXB";"Colt Commando"
"KWAPMSIDUY";"2 Dywizja Zmechanizowana"
"KWAQKZNMHE";"#CZ 49. Motostřelecký Pluk"
"KWCNZLCAPK";"2-168-y Gv. MSP"
"KWCWNKZABJ";"2-23-y Tank. Polk"
"KWEBROLPJF";"UAZ-469 FÜH."
"KWEWJULSTS";"#US 52nd Tac. Fighter Wing"
"KWIKOKSMNR";"#SOV 62-y Gv. Tank. Polk"
"KWJJLLZWFA";"VKK 441"
"KWLTZNNHAX";"2. PPR"
"KWNNMVMWCB";"CN 90 F2"
"KWNQZUGBQF";"MT-LB SHTURM-S"
"KWRXJSXCKM";"N.G. M151AC"
"KWTGUJRZZY";"M108A2"
"KWVHIMWGGV";"Aviation Brigade-3rd Inf. Div."
"KWXHUTVEXQ";"43 Afdva"
"KXCVFSDWKT";"MOR. T-55AM"
"KXDHOZGFIO";"41st Field Art. Group"
"KXGSXHYAAS";"7 Brygada Desantowa"
"KXHIZHGWTZ";"VKK 244"
"KXNZLCFFRB";"BERLIET GBU 15 LOG."
"KXOXVIWQIN";"MG-51"
"KXQSLZFLTG";"MK 20 Rh 202"
"KXRVNDAAUE";"FUNKAUFKLÄRER"
"KXRZMQLLCT";"HA.15 HOT"
"KXTKJESTAI";"GUARDS MILAN 2"
"KXTZRUTTSV";"M113 I-TOW"
"KXWEWFISWW";"VAB MILAN"
"KXWWKRHFBT";"3. Div. Protivzdušné Obrany"
"KXZYIRAGIJ";"DESANT. MOR. SPG-9"
"KYBIRLYMVI";"MILAN"
"KYCNUDEELL";"#RFA Panzerbrigade 24"
"KYDAIYGNGN";"17 br"
"KYEYSJEXZU";"PPS-43"
"KYGQUPOQYP";"GSh-30k"
"KYHVVCIZFD";"ALPHA JET A [CLU]"
"KYJKTYFCQX";"1-5th Field Art."
"KYKZWRLYZF";"3-67-y Gv. Tank. Polk"
"KYMFWGQTOF";"EM-6e DBL"
"KYOHKMIETZ";"MiG-27M [AT]"
"KYTFAVKRTT";"MAZ-535A SNAB."
"KYTIZGYYAM";"18-y otd. Tank. Bat."
"KYVJDSCQVK";"YP-408 PWAT"
"KYVWBRWGQM";"4. Pz.Gren.-Division"
"KYXBFABXDK";"#DDR 35. Mot.-Schützen-Rgt."
"KYYISZASWO";"MILAN 2"
"KYYOSWVIUQ";"M2A1-7"
"KYZQUSUOHU";"GAZ-66B"
"KZBUILSZHF";"M115"
"KZDMYSAHFH";"#DDR 7. Mot.-Schützen-Rgt."
"KZMOVVRNXG";"1-10. TP"
"KZQJKXKBFL";"1st Infantry Division (Mech.)"
"KZRKHUXCIE";"ECUREUIL"
"KZTHLSWJJM";"MARECHAUSSEE (MG)"
"KZUITWWMOQ";"AH-64A APACHE ATAS"
"KZWPUINYDR";"MIM-72A"
"KZZEPXYRLR";"130-JRROF"
"KZZRMASWOR";"ILTIS"
"L6";"PANZER L6(i)"
"LAAJKFQNTH";"UH-1H (cmd)"
"LADKNTTNZK";"Rügener Gruppierung"
"LAEBTYWIRI";"#RFA 2. Artillerie-Regiment"
"LAEXCHETPJ";"전차포"
"LAFILSKGDX";"3rd Air Force"
"LAHISNLADK";"1-35-ya Gv. DShB"
"LAKMTFYLPJ";"49 Tkbat"
"LATRKFMFLO";"L96A1"
"LAW";"LAW"
"LAWZUBIGZP";"M60A1 RISE CP"
"LBALNAIYHV";"1-27 pcz"
"LBBIKKBUZY";"GIAT M621"
"LBCAKTMZWN";"#SOV 74-y Gv. Tank. Polk"
"LBEPNDBERN";"STRZAŁA-10M"
"LBEWNOLXDY";"Sicherungs-Bat. 300"
"LBFRPMYQQL";"125-ya ADIB"
"LBIAKWVUQN";"ODAB-500PM"
"LBIZMUTYTI";"III./AR-3"
"LBJZNGQLHP";"T-64A Obr. 81"
"LBRGMDXMTK";"152E INF. OFFICIAL BATTLEGROUP"
"LBRSVRHSNF";"CENTURION Mk.V"
"LBTFGASQMC";"MOR. KONKURS"
"LBUBZEGAWB";"1-99-y Art. Polk"
"LBVAOGGKGM";"GEBIRGSJÄGER "
"LBYPCBKEEF";"2-41st Infantry Rgt."
"LBYWMYYLHY";"MIM-23B I-Hawk"
"LCBHEWIPFC";"D-921"
"LCETMLEPEQ";"M9 81mm"
"LCHDBBKNHO";"#SOV 174-y Gv. MSP"
"LCPPCGYUZY";"MG M/62 7,62mm"
"LCPZKGJGUW";" PRŮZ. BVP-1P"
"LCQFJDIOLK";"340kg"
"LCSUUKZQKE";"9M27K"
"LCVRURPXLV";"4TH ARMOURED DIVISION"
"LDBYFEANQP";"PARA. MO-120-RT61"
"LDEJUUYYXC";"Su-24M [TRM]"
"LDHHHCLKHX";"MARINESICHERUNGS"
"LDJNOWOJCO";"M39/55 40mm"
"LDOYLKXTCY";"Carl Gustav (HE)"
"LDQIHFEARY";"M548A2"
"LDQWVTICQH";"BTR-40"
"LDXBGECPXP";"UK Vz.59L"
"LDYAXMPHWX";"420mm"
"LECBIJANOG";"RPG-2"
"LEENTZHCUX";"DESANT. MOR. RAZVEDKA"
"LEHYGCGEWJ";"M38A1 KMAR"
"LEUALDHBIO";"#CZ 20. Tankový Pluk"
"LEXPFXWCKS";"27 Field Rgt. RA"
"LFCUBIOZDJ";"전차포는 여러 종류의 표적에 다양한 탄종을 발사할 수 있는 대구경 고속포입니다. 다른 전차와 장갑차량을 직접사격으로 상대하는 전차의 주무장입니다. 보통 90mm에서 125mm에 이르는 다양한 구경으로 포탑에 장착되어 유연하면서도 강력한 화력을 제공합니다. 정교한 사격통제컴퓨터와 조준장비의 도움을 받으면 날씨나 시간대에 관계없이 공중표적을 포함한 거의 모든 종류의 유닛을 공격할 수 있습니다. 전차포는 자동장전장치의 지원을 받기도 하며 운동에너지형 철갑탄(AP), 날개안정분리철갑탄(APFSDS), 고폭탄(HE), 대전차고폭탄(HEAT) 등 여러 탄종을 사용합니다. 일부 포는 전용 유도미사일까지 발사할 수 있습니다."
"LFFRUDEPOA";"CROTALE"
"LFHSIKJSJW";"M167A2 VADS 20mm"
"LFKWBHPQUM";"#CZ 23. Tankový Pluk"
"LFQVZCMYRQ";"Colt MK.12"
"LFRESGQBYN";"3-23-y Tank. Polk"
"LFSBXJGIIH";"DESANT. STRZAŁA-2M"
"LFTDJTUPEQ";"FV432 CARGO"
"LFTMXLLGPG";"M270 MLRS [CLU]"
"LFVGHUHNID";"RES. C5 7,62mm"
"LFXGTYZECF";"RMP"
"LFZHQLAQMJ";"MILAN 1"
"LGBFOFIVUG";"BRP-250"
"LGFNPDZXHN";"SNAJPER"
"LGGHXHQIIO";"STRZAŁA-1M"
"LGHRMUGASZ";"3-56-y Gv. Tank. Polk"
"LGPZCVIJHH";"AKMS"
"LGVADKMAFW";"4de Pantserinfanteriebrigade"
"LGWINFFBYT";"359-y Zen. Art. Polk"
"LGXKUKMQZI";"2-361. DP"
"LGXXXGDGND";"1-MSR. 30"
"LGYLAFMITB";"2A46M"
"LHAWEIDBMJ";"F/A-18A [SEAD]"
"LHDUNFGAMF";"SSG 69"
"LHFHIPABSK";"무반동포는 단거리에서 중거리 화력지원을 제공하도록 설계된 경량 공용화기입니다. 반동을 줄인 무유도 로켓추진탄을 발사하며 적 보병과 경장갑차량에 효과적입니다. 휴대가 가능하고 저렴한 직접사격 무기로, 매복이나 건물·숲 같은 엄폐지에서 사용할 때 가장 효과적입니다."
"LHMWFGSHDG";"35TH INFANTRY DIVISION (MECH.)"
"LHPBTFDAKU";"M167A1 VADS 20mm"
"LHQVKLYQMP";"ATMP CARGO"
"LHUJIGGYPU";"47e Rgt. d'Artillerie"
"LHVSJZHVKL";"1018-y Zen. Rak. Polk"
"LHYBEXTSJJ";"MiG-23MF [AA2]"
"LIBHYUCBUT";"CUCV BLOWPIPE"
"LIGCVZACRU";"HOT-2"
"LIHSWXIYHD";"3-MSR. 32"
"LIKJRVDBAH";"S-53"
"LIRZCNWQIY";"BEDFORD MJ2P SUPPLY"
"LITZYELOZO";"68e Rgt. d'Artillerie"
"LIUALNUVUI";"III./MSR. 43"
"LIVBJGHHPP";"9. PPR"
"LIVVDIWKZA";"Panzer-Bat. 293"
"LJAWTIMGTT";"DRAGON-PARAS"
"LJGIAEMRAW";"1er Lanciers"
"LJIYEHNXPY";"사격 지휘"
"LJJILIUDKJ";"2A46M-1"
"LJKNBGOPER";"#BEL  10de Pantserinfanteriebrigade"
"LJLRMOKVWE";"2-61 brop"
"LJNDERYOOX";"#CZ 3. Motostřelecký Pluk"
"LJNSCKCDVM";"2. PZ.GRENADIER-DIVISION"
"LJQSECQXEO";"Su-22M4 [CLU]"
"LJULKDGGNU";"AMX-13 T75/TCM"
"LJUSNWKGHP";"SNAJPER"
"LKCAQEFJUG";"3. div. protivzdušné obrany"
"LKDWCYXKQU";"PtK vz.52 85mm"
"LKKJEHNIPC";"Stinger Basic"
"LKMPJQDZEE";"PzArtillerie-Bat. 195"
"LKNAYFWPRE";"CEWI"
"LKRFOJTFXI";"Swingfire"
"LKSVNPCUYG";"5. PANZERDIVISION"
"LKTTCDMLTD";"BRDM-2 MALYUTKA-P"
"LKUNZSBLRT";"LEOPARD 1A5"
"LKUQSGAFBY";"#NL 5e Divisie"
"LKVSPWXOOL";"MECH. RECCE"
"LKYEGZULPA";"BEZPEČNOSTNÍ ODDÍL"
"LKYVXDGXQK";"FLAK KS-19M2 100mm"
"LLCCBNTLNV";"Su-22M4 [NPLM2]"
"LLCZHFTAWM";"VAB LEGION"
"LLDHOGFRHC";"M68A1"
"LLFLZRYZSZ";"2A36"
"LLGCIKVZTT";"PARA. ILTIS PC"
"LLGXRUJIAE";"LIDOVÁ MILICE"
"LLHXJTEQMJ";"TOW 2"
"LLJDPCKOEU";"M185 Copperhead"
"LLJTIGXVOR";"BAW-485 ZAOP."
"LLJYYLEZZW";"PANCÉŘOVNÍCI"
"LLKCNOHVFK";"OA-37B"
"LLQFPSYMBI";"MILAN 2"
"LLSEHADYLZ";"Kom./31-ya Tank. Div."
"LLWIGWLQMK";"1-243-y Gv. MSP"
"LLYQGMIEFE";"I-HAWK"
"LLZKCFRTSC";"M48A5E"
"LMBUNGDARI";"GLH-L"
"LMEQEVPICO";"Napalmbombe 200"
"LMNRNCMIRZ";"AMX-13 Mod.56 VCI"
"LMORWMWLYW";"KS-19"
"LMOSBLXSPY";"CN 90 F3"
"LMQAYMYAIP";"PRÉVÔTÉ"
"LMQZTUEIJH";"GAU-19"
"LMXEXFRVYJ";"2 DYWIZJA ZMECH."
"LNDXVAXWCM";"COUGAR"
"LNERIUFXEA";"MD JUPITER"
"LNIDIFADBK";"I-TOW"
"LNPWOCBMAU";"TPz GREEN ARCHER"
"LNRMKLMSOR";"MOTOSTRELKI KOM."
"LNTVEUSIYQ";"7. Dělostřelecká Divize"
"LNVMZGJMQZ";"AB M2HB 12,7mm"
"LNXOPMIBHC";"35TH INFANTRY DIVISION (MECH.)"
"LNYJHHJEKL";"AERO-STINGER"
"LNYXJEFJJI";"MiG-21bis [AA3]"
"LOBUPHFUFR";"#US  1st Armored Div."
"LOBZRRXTGX";"Aufk.-Bataillon 20"
"LOCHSGKRAZ";"BAW-485 ZAOP."
"LOERRRHLMS";"SEACAT"
"LOHXWYDELW";"GROUPE ANTICHAR"
"LOIHDSURXI";"#SOV 33-y MSP"
"LOMLCUWDBG";"RT RAZVEDKA"
"LOMOASTHVD";"MFG F-104G [HE]"
"LORHCUYOZA";"4-Air Defence Rgt."
"LPCRPUZJTW";"76-VOD.DESANT OFFICIAL BATTLEGROUP"
"LPCSNURGQE";"D-1"
"LPHMABSSHM";"M39A2 x2"
"LPJKGNZQCN";"VELITEL L.M."
"LPNADBRMOS";"BOFORS 40L70G"
"LPNDCYUZOM";"전차포는 여러 종류의 표적에 다양한 탄종을 발사할 수 있는 대구경 고속포입니다. 다른 전차와 장갑차량을 직접사격으로 상대하는 전차의 주무장입니다. 보통 90mm에서 125mm에 이르는 다양한 구경으로 포탑에 장착되어 유연하면서도 강력한 화력을 제공합니다. 정교한 사격통제컴퓨터와 조준장비의 도움을 받으면 날씨나 시간대에 관계없이 공중표적을 포함한 거의 모든 종류의 유닛을 공격할 수 있습니다. 전차포는 자동장전장치의 지원을 받기도 하며 운동에너지형 철갑탄(AP), 날개안정분리철갑탄(APFSDS), 고폭탄(HE), 대전차고폭탄(HEAT) 등 여러 탄종을 사용합니다. 일부 포는 전용 유도미사일까지 발사할 수 있습니다."
"LPPYALYINX";"UH-1H HUEY"
"LPQQTFPAPZ";"T-72AK Obr. 81"
"LPSXIBWUMF";"Type 56"
"LPUBQMILBV";"5E DIV.BLD. OFFICIAL BATTLEGROUP"
"LPUMMSQVPE";"81th Tac. Fighter Wing."
"LQBLNSHSNU";"SEA KING Mk.41"
"LQBTRUSZSA";"17-YA GV. TANK. DIV."
"LQDHGMNZXG";"#SOV 23-y Tank. Polk"
"LQDUDWKVCG";"P4 ANF1"
"LQGKZXOROL";"VKK 411"
"LQIINZIIER";"HQ-2nd Armored Div."
"LQLCGKARXU";"Eryx"
"LQLXLXTWFG";"Vz.52/57"
"LQMVDIGKQT";"2e Corps d'Armée"
"LQNLSMJLLG";"M39A2 x2"
"LQOOHVKRWH";"SOUTHAG"
"LQQAOEURIR";"6E DIVISION LEGERE BLINDEE"
"LQRSLESTRI";"DD-20 DPanc"
"LQTLSDQADI";"MOT.-SCHÜTZEN (SVD)"
"LQVYBFSVZE";"Vz. 53/59"
"LQWISTOXNN";"Jäger-Bat. 76"
"LQZLOXHLVA";"Panzer-Bat. 214"
"LRAUJTZSTY";"BEDFORD FIRLING 12,7mm"
"LRDJIMHJQV";"CN-105 F1"
"LRECILADAR";"T-72A Obr. 83"
"LREFGSIVGL";"F-16A [AA]"
"LRELUYUNRY";"57th Gv. MSD"
"LRGZRRMACZ";"R440"
"LRLJNDAMFZ";"1-PR-23"
"LROPAXEIMZ";"SBAT-70"
"LROWJHJDTY";"MOR. PEKHOTA KOM."
"LRPKMXHFZZ";"K31"
"LRRWPTQZBY";"75 SA 50"
"LRSDBIVKLA";"CH-135"
"LRSLYTTWOK";"ALOUETTE II"
"LRUHZJFJJJ";"MG m/62"
"LRVWFVHRGT";"FR-F2"
"LRXKIBEEGO";"Mi-8TV"
"LRXYSOHZQY";"DRAGON-PARAS"
"LRZKHPRLZY";"3-32 pz"
"LSBHESYHAT";"1-GV.MTSK. OFFICIAL BATTLEGROUP"
"LSDYSMTSPX";"AMX AuF1"
"LSENEJJAKZ";"RBS-70"
"LSFBBYAKHK";"MOT.-SCHÜTZEN (BTR)"
"LSHCZPRPRM";"Mk19"
"LSMFGCQSLK";"NR-23 x2"
"LSQABMOMSH";"BME-330 C"
"LSRQXGCIWY";"MARSOUINS"
"LSXHWRLFEM";"FÜPZ. T-55AK"
"LTDXRHQXGE";"M151AC"
"LTIFSDKDWE";"OA-37B"
"LTIKIIGCJT";"Staf-1 Divisie"
"LTJDNZCNAJ";"Pz.Gren.-Bat. 562"
"LTMLXRICID";"71. Heimatschutz-Rgt."
"LTMSGGNHXC";"Jäger-Bat. 942"
"LTMWHXRDRX";"로켓"
"LTOSDDBZWM";"ALPINI S.R.L."
"LTVACTPYTA";"해병 지휘관"
"LTYWCCNKOO";"SMAW (HE)"
"LTYZKNZXPH";"Jäger-Bat. 116"
"LTZJAIZTVM";"M-24F"
"LUBWDWKLMU";"#SOV  302-y Gv. MSP"
"LUDUXRFARW";"경보병 (VIPER)"
"LUENBLPRLE";"DESANT. ROZP. SPECJALNE"
"LUJMNCAPAE";"#CZ 60. Tankový Pluk"
"LUJRXXZSKV";"#DDR 9. Mot.-Schützen-Rgt."
"LUTZYFMOCX";"BTR-70 S-8"
"LUVISVRXZX";"CMDT SAPEURS"
"LVAQSWFNMM";"DESANT. RAZVEDKA"
"LVHDNFYIJK";"DEFA 30 x2"
"LVHIBNMOIL";"병력 수가 절반으로 줄어든 소규모 보병분대입니다."
"LVIQEPHCNT";"Heeresflieger-Rgt. 30"
"LVJEMGXZHY";"511th Tac. Fighter Sq."
"LVODICYNEO";"7e RHC"
"LVPUSECPON";"MiG-29 [AA3]"
"LVQOSNYLLT";"M47 Dragon II"
"LVROHPZDWF";"FN 4RM/62F MiMo"
"LVRVRIQTYN";"II./Artillerie-Brigade 40"
"LVWKCUVUCY";"12 Afdva"
"LVXBGFWAFW";"PARA. CMDT"
"LWBHQYSFCZ";"Airlifter"
"LWEHDVGSTR";"PzArtillerie-Bat. 85"
"LWEOQFYNJT";"VÝS. M vz.52 82 mm"
"LWIDGHSNTA";"#CZ 5. Motostřelecký Pluk"
"LWIZSBUYSH";"LEOPARD 1V CMG"
"LWKRUWGQFF";"RPG-18"
"LWLWHLSINA";"III,/AR-9"
"LWSGIHWDIN";"M168A2 Vulcan"
"LWSVXPXFJO";"OKHRANA"
"LWUHGAYLXM";"L2A3"
"LXGBGYDETH";"PT-76B"
"LXHBLLQUDL";"특수부대 유닛은 정예 숙련도 효과에 더해 전투에서 받는 제압이 감소하고 더 큰 피해를 줍니다."
"LXMNTKXFVH";"CETME L"
"LXNFRYRRJZ";"4 DIVISIE OFFICIAL BATTLEGROUP"
"LXSSGVFCZV";"2-29th Field Artillery Rgt."
"LXTYDFQNLM";"Mi-8T"
"LXTZFGKIYF";"1. Gebirgsdivision"
"LXVLEXAVFE";"A-6E INTRUDER"
"LXXABYEKYH";"HR.15"
"LXYCRHUCWB";"MAG"
"LXZCDGRBWL";"#TCH 1. Stíhací Letecká Divize"
"LYCBSYTNGC";"NF-5A [HE]"
"LYLIYNBWBN";"Fagot-M"
"LYLYZPUPVJ";"18 pułk czołgów"
"LYQBFIGOSX";"SPW-50PK(MRF)"
"LYRUEPXYZL";"JAGUAR GR.1 [HE2]"
"LYTILFQSZB";"MECH. FUSILEROS (AT-4)"
"LYTQXPNMTG";"79-YA GV. TANK. DIV."
"LYXCGEVYQW";"AML-60 GENDARM."
"LYXVWRMRNP";"1-361. DP"
"LYXWYFSTZY";"LAG-40 40mm"
"LZAICFEGHQ";"49th Field Artillery Rgt."
"LZCGDFYKKW";"PZ.BEF. M48A2GA2"
"LZDHOYDQRX";"#SOV 308-ya Artilleri. Brigada"
"LZDKZXGYXZ";"UNIMOG U1300L LOG."
"LZFIGCSZHX";"III./AR-7"
"LZHXNSTRTU";"VW T3 FELDJÄGER"
"LZMAHPAKHC";"무유도 공대지 로켓은 항공기와 헬리콥터에서 지상 표적을 향해 발사합니다.
흔히 쓰이는 로켓은 일반적으로 능동 유도 체계가 없어 미사일과 구별됩니다. 단순하고 사용하기 쉬운 대신 정확도는 높지 않지만, 단거리 공격이나 지역 포화에 편리합니다. 다양한 탄두를 탑재하며 로켓 포드에서 일제사격하여 막대한 화력을 퍼붓는 경우가 많습니다."
"LZPGDIZNNG";"Fallschirm-Bat. 264"
"LZSKMVVCOD";"12,7&7,62mm"
"LZTJKYFJFO";"TOW 2"
"LZWNZTHEHP";"BM-30 SMERCH"
"LZXRDJAFJA";"2A44"
"LZYGQHYRNX";"#DDR 16. Panzer-Rgt."
"LZZCUILBCY";"폭발물은 대인수류탄, 폭파용 장약과 가방형 폭약, 급조폭발물 등 다양한 형태와 크기로 존재합니다. 강력하지만 사거리가 극도로 짧으며, 돌격부대가 차량을 파괴하거나 벙커·장애물·적이 점거한 건물을 소탕할 때 자주 사용합니다.

폭발물은 매복과 근접전에서 적 보병을 상대로 매우 효과적이며, 특히 숲과 시가지에서 위력을 발휘합니다. 너무 가까이 접근한 적 차량을 공격하는 데도 사용할 수 있습니다."
"M2Brown_T";"M2 Browning - Turret"
"M47Dragon";"M47 Dragon"
"MAANDIVXNX";"MOT. AIRMOBILE LDR."
"MAAXUCNLIR";"1-2. TP"
"MABHAADXIE";"ZAPADORES"
"MACMQXHVSR";"#RFA  31. Panzergrenadier-Brigade"
"MAGHLFUQBV";"TERRITORIALKOMMANDO SÜD"
"MAGYTURMQV";"#UK  4th Armoured Brigade"
"MAHZBLGALV";"Mi-17 [RKT]"
"MANOOAHTHL";"MP5A3"
"MAQAFALXCP";"BRDM-1"
"MATOURVBOJ";"AIM-9B"
"MAWQBUBTXQ";"AC58"
"MAXIVWGAZW";"ZB-500"
"MAYDELVTSW";"REZ. OKHRANA"
"MBBLKCSHOY";"#CZ 4. Tanková Divize"
"MBETMUGGMY";"ZÁSOBOVACÍ BAV-485"
"MBHCRDRPBC";"M1041 FAV TOW-2"
"MBIZZPTSGO";"Fs-PALR FAGOT"
"MBOSKBWXFA";"BTR-80"
"MBOTYTYYUU";"Aufklärungs-Bat. 10"
"MBPZZMIUQY";"FALLSCHIRMPIONIER"
"MBQQCLZZPQ";"RPG-75"
"MBT";"다연장로켓 체계"
"MBTVXGPVKN";"RANGERS"
"MBXMVSZXHA";"CN-105 F1"
"MBXOQXDBPE";"2. PLRP"
"MBXYDRGMCS";"2-2nd Arm. Cavalry Rgt."
"MBYBCTBNVY";"MOTOSTŘELCI"
"MBYGVCKLPO";"83mm"
"MBZSYIIVKN";"Pz.Gren.-Lehr-Bat. 92"
"MCAGTUSFYL";"GATLING"
"MCAJJKOVRM";"2 gb 100 pz"
"MCCKZBSDGI";"Velitelství a štáb 4. TD"
"MCCRCEHFWN";"CL-89"
"MCDAJDQJZS";"MP-40"
"MCFRWYNNLR";"Raketenartillerielehr-Bat. 122"
"MCHROWGHUD";"T-8M"
"MCHUPCOTHR";"GAZELLE CELTIC"
"MCICPGSBZB";"SV 1891/30 PU Mosin"
"MCISVQOCYI";"M1 Carbine"
"MCLTGNPRGG";"2-JagdG 74"
"MCLXLYEQWE";"#CZ 9. Tanková Divize"
"MCMJWIGLPU";"Mi-6A ZAOP."
"MCMLICZCQT";"1-44-y Gv. Tank. Polk"
"MCOWHZVUJT";"M101"
"MCRJETTTTB";"T-72A Obr. 81"
"MDCAIFALFD";"Test_Unit"
"MDCVMQRRRA";"M1 81mm"
"MDDCUMPCOQ";"Pezikó"
"MDEHBBQZIB";"Jäger-Bat. 16"
"MDJVFZWLBF";"F-104G [AA]"
"MDKAYMXNLJ";"BWR-1D"
"MDMUZCOQJY";"15th/19th KRH"
"MDMYTKNBVP";"공수공병 지휘관"
"MDRMTOLKGM";"Jäger-Bat. 47"
"MDSZNFNWIU";"FV438 SWINGFIRE"
"MDTWMPNMYH";"1075-y Zen. Rak. Polk"
"MDUFHZGUCM";"AS.11"
"MDVQMWBOBC";"T-55A"
"MEFJREEEDU";"#UK  2nd Infantry Div."
"MEGNWNUURX";"280 mm"
"MEITBYLAKO";"Luftwaffe"
"MEMWEKOWXV";"M45"
"MEMWTODRGA";"#CZ 1. Armáda ČSLA"
"MENVASJCTK";"3-8 Bah"
"MESIJBBFOO";"BO-105M FÜH."
"MEUTKUPSBN";"1-174-y Gv. MSP"
"MFBRYUDOGS";"Escadre de Chasse 3"
"MFDBYXZWQD";"KDM STINGER"
"MFDMGVDDXP";"PARAS"
"MFGOSVJQOC";" Feldführung 5. Armee"
"MFIGBHSTVT";"172-y otd. Vertolotnyy Polk"
"MFIMVFYCTX";"#SOV 245y Gv. MSP"
"MFJFLIMMKD";"KULOMETČÍCI"
"MFJZNDDGRP";"S-25O"
"MFSNNGYQQT";"BEVEILIGING CMG"
"MFSVQNUHLP";"520-y Otd. Zen. Rak. Bat."
"MFTHYAFPKR";"8 BRYG. ART. ARMAT"
"MFUMSADAWG";"TO-55"
"MFVTBCQKBP";"KPVT"
"MFYCRLTFAU";"유닛의 가격대가 어느 수준인지 보여주는 표시입니다.

#pi3{파란색} 표시는 해당 유닛의 가격이 상위 25%에 속함을 뜻합니다.

#pi2{초록색} 표시는 두 번째로 높은 가격대를 뜻합니다.

#pi1{주황색} 표시는 평균보다 낮은 가격대임을 뜻합니다.

#score_05{빨간색} 표시는 가장 낮은 가격대에 속함을 뜻합니다.
"
"MGAMVWUHBZ";"PAR 70"
"MGAPVPPXBT";"MIRAGE IV [SEAD]"
"MGBRWNRTVC";"S-8KOM"
"MGCYHPDFXF";"4-Air Defence Rgt."
"MGEDQPDHMU";"Remington 700"
"MGFFZLTMBD";"C.14B [AA1]"
"MGGHQLKNDV";"LEGIONNAIRES (APILAS)"
"MGHQMWFIVS";"M113A1 RCL"
"MGMTHXMNTT";"SD-100"
"MGNGAIXNPT";"1ste Karabiniers"
"MGOMQJPALJ";"VPB"
"MGRECLTOAI";"Mi-8TB"
"MHDTYUFKDU";"AUFKL. Mi-8TB"
"MHFMWIELFI";"ZiS-3 76,2mm"
"MHGNTMLUFT";"BMD-1KSh SOROKA"
"MHJDUQIBCF";"2A46"
"MHMWPRFFSG";"9th/12th Royal Lancers"
"MHOMRQZWMQ";"PzGrenadier-Bat. 32"
"MHQTTGGPDC";"AS.11"
"MHXSMVUROG";"M2HB 12,7mm"
"MHXXMQCHVQ";"M-240 (3O8 Nerpa)"
"MICGDOSHSK";"MiG-23MLD [AA1]"
"MICXNIFZRN";"11 pułk zmech."
"MIDBWJWFZU";"2-49. MSP"
"MIDEZLEEGP";"L16 81mm"
"MIEPDDNSEV";"TORNADO GR.1 [SEAD]"
"MIGWPXRBVC";"1-60. TP"
"MIHDWGNTMH";"VLRA MILAN"
"MIJEMZJUQM";"2-5th Field Art."
"MINGNQHLTO";"COMRECCE"
"MINOBGNNQN";"3. PANZERDIVISION"
"MISPYPXCSH";"ILTIS MILAN"
"MIWSIDCLLW";"MARINIER M29 81mm"
"MJDHVPLRYN";"NR-30 x2"
"MJDTJXJLOP";"15 Painfbat"
"MJEGXMKEOY";"1-37 pz"
"MJELVVAKKS";"곡사포는 역사적으로 일반 포보다 낮은 포구속도와 높은 사각으로 포탄을 발사하는 특정 종류의 포병화기를 뜻했습니다. 시간이 지나면서 곡사포와 일반 야포의 구분은 점차 흐려졌고, 두 종류 모두 긴 포신, 연장된 사거리, 추가 장약, 높은 사각을 갖추게 되었습니다. 자주포를 포함한 많은 현대 포병체계가 현재는 곡사포라는 명칭을 사용합니다."
"MJFJKCWIAW";"Jaguar FR"
"MJGTCSNBYE";"GCT F1"
"MJKFJYGBOS";"GLADIO"
"MJLWWLUNKV";"Panzer-Lehr-Bat. 91"
"MJMLGHNZHN";"2ND MARINE DIVISION"
"MJTSKLVZNK";"AH-1F C-NITE"
"MJTYKXJPDQ";"2-14. TP"
"MJVJLXNITO";"#SOV 322-y MSP"
"MJWWGWRVHF";"TOA C/C I-TOW"
"MJYCVBYRJA";"Malyutka-M"
"MKCJTYDKDB";"GRENZ-FÜH."
"MKHREUVYBX";"PLAMYA 30mm"
"MKJXWFUEGH";"1-57. MSP"
"MKKCYUIFBN";"DESANT. 2S12 120mm"
"MKNBMYZSZR";"PzArtillerie-Bat. 355"
"MKNQYGBBZS";"78th Engineer Bat."
"MKPXMARWZO";"AMX-13 VCI 12,7mm"
"MKQYNBWDTU";"1-390-ya Gv. Art. Brigada"
"MKSDTRPBPU";"(1st Fighter Division)"
"MKYUCOFJOG";"Pionier-Bat. 110"
"MLCUGBKUWP";"10 (Vol.) Para Btn."
"MLDGUPKPKD";"AKS-74"
"MLEHSXDECR";"MiG-23BN [AT]"
"MLETWMWUAT";"AK-74"
"MLIGMJSOXP";"1-325th PIR"
"MLJIRDYOXA";"경비"
"MLJZQDFNHV";"Arkan "
"MLKGMGKBEQ";"2A46-2"
"MLMQXGCSJM";"SPW-40P2(K)"
"MLMSAOMADN";"1-PR-20"
"MLONFZRXVQ";"L2A3"
"MLOUTMLCKW";"AGM-65G Maverick"
"MLQNTFWCKY";"T-72M1K"
"MLRS";"다연장로켓 체계"
"MLRZVXIERN";"AJ.168"
"MLSEAMCQZT";"CBU-72"
"MLUSJYNEJD";"4-75. ThdBr"
"MLXJTHHTHI";"Token inexistant TSQUAAPXLS dans SERIOUS_Localisation_Unites"
"MLZZUVUCMO";"1-7-y Gv. Tank. Polk"
"MMAXBNZUZX";"JAGUAR GR.1 [CLU]"
"MMDRJOUIHY";"#RFA  2. Panzergrenadier-Division"
"MMHXGTGRDD";"ŽENISTÉ"
"MMQEQHXPPR";"MG-42/59"
"MMTDVAOCSW";"M40A1 RCL"
"MMTEMSQGXD";"MTW M113A1G"
"MMXOIFHJCS";"SS-30"
"MMYFVWZUMW";"Super 530D"
"MNBFDSCWNZ";"113-y Razvedka Bat."
"MNBODHVUJP";"1-211-y Gv. Art. Polk"
"MNBZBDXACZ";"로켓은 로켓 엔진으로 추진되는 탄두 탑재 무유도 발사체입니다. 다른 차이점도 있지만, 능동 유도 체계가 없다는 점에서 미사일과 구별됩니다.

로켓을 사용하는 포병 유닛은 낮은 정확도를 다수의 로켓으로 넓은 지역을 신속하게 포화하고 파괴하는 능력으로 보완합니다."
"MNCCTZCABH";"M577 QUEEN MARY CP"
"MNHDUKRMHA";"1-87-y Art. Polk"
"MNJUQKYWMU";"251. PLRP"
"MNKJFKTBAO";"CVR(T) SCIMITAR"
"MNNEIFTSAA";"F/A-18A [AA1]"
"MNOKRDGVCP";"MIRAGE 5 F [HE]"
"MNPZHFSOSA";"16th/5th QRL"
"MNQGKUBNLO";"LSV M2HB"
"MNRVVTMQMX";"Panzer-Bat. 194"
"MNSGAKYBGL";"84mm"
"MNUUYJSMWH";"3-47. DP"
"MNUVYUAHSF";"AZP S-60 57mm"
"MNXRQCDUND";"GAU-8/A Avenger"
"MOCUUQMJKE";"DESANT. M43 82mm"
"MOHWBUSSGH";"MiG-27M [NPLM]"
"MOKOYCDVFD";"PIECHOTA (SVD)"
"MOLWPVHPXS";"BUCCANEER S.2B [SEAD]"
"MOMTDYGNIS";"FRP ROLAND 2"
"MONMBOCOKH";"PaK57"
"MOQZGQRHUD";"GAZ-66 SNAB."
"MOSYIDFAAN";"L4A4"
"MOUWFQOAAF";"1-18th Field Artillery Rgt."
"MOVVNDQBSX";"#SOV 67-y Gv. MSP"
"MOXHFFJHJJ";"ZU-23-2"
"MOYJRXXCZG";"3-164-y Gv. MSP"
"MOYUPPRZOW";"W-3 SOKOŁ "
"MOZPWKLJDN";"중기관총"
"MPAKNTFQTP";"R-98MR"
"MPBDHGDDCQ";"2-49 pz"
"MPBZQQYQBJ";"FIM-92 STINGER"
"MPCOMBDHQU";"VÝS. PRŮZKUMNÍCI"
"MPEXTIENGT";"MiG-29 [AA2]"
"MPGAARYITE";"I./AR-7"
"MPICRFWCJH";"VBL MILAN"
"MPIWJFCLVE";"1-302-y Gv. MSP"
"MPJKQHJNMI";"#CZ 68. Motostřelecký Pluk"
"MPLCLKEEEB";"MFRW RM-70 [CLU]"
"MPNNQZQRRW";"LUFTSTURM-JÄGER (Metis)"
"MPOLZXWZBL";"M vz. 52"
"MPRDEUIZHM";"933-y Zen. Art. Polk"
"MPRDIBSLUL";"Velitelství a štáb 19. MSD"
"MPRVLPMVZK";"돌격소총"
"MPSYEUILQF";"1st Canadian Air Division"
"MPTRCNFPGI";"T-55A"
"MPUXSNOHQZ";"2-82nd Field Artillery Rgt."
"MPYEMKNRNP";"46 Painfbat"
"MPZUNNMWPM";"GENIE VERK"
"MQACNKVLUC";"NSV"
"MQFPVQLFNX";"18 bdes"
"MQHZDRVFJC";"DESANT. BELOZOR"
"MQLRQTFKHU";"D-30 122mm"
"MQLSAGQGDJ";"A-7D CORSAIR II"
"MQOZMVGKHB";"81st Tac. Fighter Wing"
"MQQECXCDPI";"PzGrenadier-Bat. 52"
"MQQITGYWUT";"L46"
"MQQJEEUSRB";"T-80U Obr. 89"
"MQRGWJFSVX";"Su-27S [AA]"
"MQSKCHLIPD";"FUSILEROS (BMR)"
"MQTTPDHFMV";"QF 25-Pdr"
"MQWCCDGSZL";"AML-90"
"MQXWVLXPFD";"K M-46 130mm"
"MQZRQMCFXG";"1er Escadrille"
"MQZWGTLZYQ";"미 공군 경비대"
"MRAJFTEOZC";"CERBERE 76T2 20mm"
"MRBOKCBPXP";"4E DIVISIE"
"MRBYJNLNAT";"MiG-21bis [HE]"
"MRCDZHQVYK";"#SOV  247-y Gv. MSP"
"MRCWGOVRZU";"EA-6B PROWLER [EW/SEAD]"
"MRCZBVKKVZ";"2A46-1"
"MRDBYNSEWB";"M60A1 RISE CP"
"MRGDDWWHJW";"2ND INF. DIV. OFFICIAL BATTLEGROUP"
"MRHAGHRCJK";"M114"
"MRMLUELRAX";"군사경찰 지휘관"
"MRNBDPFULI";"2-67-y Gv. MSP"
"MRNQEWIJPV";"UH-1D MUN."
"MROFZGCQCS";"폭격입니다. 폭격 임무에는 다양한 유도 또는 무유도 폭탄을 사용할 수 있습니다. 폭탄은 폭풍과 파편 피해를 주는 일반 폭탄부터 집속탄, 네이팜까지 종류가 다양합니다."
"MRRMITRIFB";"UK vz.59T"
"MRSCPEFCNO";"2 Para Battalion"
"MRTGFHMJHS";"FLA-RAK. IGLA"
"MRVIDGIZSB";"Groep Eindhoven"
"MSCFCVKRRU";"AH-1F C-NITE"
"MSEDZHBGXB";"3-353-y Gv. Tank. Polk"
"MSEOJUVTFS";"114 Afdva"
"MSEOMZACEH";"OKHRANA"
"MSFMEONPUA";"A.109HA-1"
"MSFNAUPETG";"M115"
"MSHWVASPQJ";"11e Rgt. d'Artillerie"
"MSJHSIXKGJ";"RES. M113A1"
"MSKFFYIDSP";"3-62. MSP"
"MSKOXJAKKH";"C.14B [AA2]"
"MSMBAKRKMY";"REZ. T-55AK"
"MSNGLCZFKZ";"157-YA MTSK OFFICIAL BATTLEGROUP"
"MSNHCCEQDM";"GSh-30k"
"MSTBCUCXJI";"11 DPanc"
"MSUSPOJBYT";"PZ.GRENADIER"
"MSVFRQTFOD";"H wz. 1938/85 122mm"
"MSVIEZBTGS";"Queen's Own Highlanders"
"MSVXHLZCHZ";"119kg"
"MSWQNCKWQO";"Pionier-Bat. 310"
"MSWVAQKMDW";"2-81st Armored Bat."
"MSZAYXQBPC";"51 pułk zmech."
"MTAAFUTYTL";"4-211-y Gv. Art. Polk"
"MTBZDVOXFW";"M-46"
"MTEHADENDP";"30 RES. DYWIZJA ZMECH."
"MTFMIXTJID";"L44"
"MTFSHNYGEJ";"D-10T2S"
"MTGLPEEASU";"RÜGENER GRUPPIERUNG"
"MTHHHNGRRQ";"V-150 COMMANDO"
"MTIJVQOQZG";"495th Tac. Fighter Sq."
"MTJLNJJFYX";"M-24F"
"MTPFHRHZLA";"QF 20-pdr Mod. B"
"MTWNQQENGK";"2-278-y Gv. MSP"
"MTYIKSNMIW";"5 br"
"MTYISMQHVO";"1-10. MSP"
"MTZQJPHEVZ";"5-y Razvedka Bat."
"MUAPGAWOXM";"108mm"
"MUBTTZFJHU";"Tampella"
"MUEVDWBZLT";"S-24"
"MUGHIQBLCY";"T-72M1D"
"MUGMPUTSYS";"NIEB BER. TOPAS R-3M"
"MUHJCLJSOI";"Mi-24V [RKT2]"
"MUJDCTBJEV";"ALOUETTE III"
"MUMDMYRTRY";"Panzer-Bat. 533"
"MUPNDRZRUS";"BOFORS L70"
"MUUGHLYRWV";"1. LUFTLANDE-DIVISION"
"MUVUYARKER";"P4 PC LEGION"
"MUXJFZEAMP";"C.12 [NPLM]"
"MUYAMIWFVR";"ZGRUPOWANIE DESANTOWE"
"MUZFZIGPAJ";"EM-15e DI"
"MVBPFITIYU";"102 Infbat"
"MVCTIKTQKC";"M197"
"MVEBGIEAPQ";"MIRAGE 2000C RDM [AA1]"
"MVEFKZJLBE";"12e Ligne"
"MVEQJYSHWF";"L-10D3"
"MVHMXNZYXN";"경보병 (Dragon)"
"MVPFPJJNCL";"#RFA  3rd Heeresflieger-Kdo"
"MVPRVDFRNG";"Raketenrohr 80"
"MVPTZAGOHZ";"Velitelství a štáb 3. MSD"
"MVRDUELVUS";"CABALLERIA"
"MVRNOKKRTV";"1-1st Cavalry Rgt."
"MVSHTKGFVI";"Mi-14PS"
"MVSUERSJQA";"MG-42/58 7,62mm"
"MVUBDSQMBB";"5E DIVISION BLINDEE"
"MVUVRALVWU";"D-10T2S"
"MVVJSQZIYL";"VLRA PMB"
"MVXKWGESXW";"35-YA OG DESANTNO-SHTURMOVAYA BRIG."
"MVZTBWNAVK";"1-67. MSP"
"MWAKPLAFLY";"Hydra 70"
"MWBXWVKMUP";"4. PANZERGRENADIER"
"MWCCWPKTOX";"DIVISIÓN DE INF. MECA. 'GUZMÁN EL BUENO'"
"MWCNQIYIJN";"JÄGER (PzF)"
"MWCPVVGBAX";"L43A1"
"MWCWUNYGOM";"#SOV  241-y Gv. MSP"
"MWGJJWFZNG";"MIM-23B I-Hawk"
"MWIFRWQQLO";"ROVER 101FC"
"MWIWLCRORJ";"RES. C5 7,62mm"
"MWKVACPLQI";"Mi-8T MUN."
"MWPMGIXEBR";"PZ.GRENADIER"
"MWWYCVWTEY";"1-290-y Art. Polk"
"MWYVVQSETU";"DESANT. KOM."
"MWYXIVGYFT";"A-1A"
"MWZZVBTCYA";"FlaRak-Bat. 32"
"MXAYVIJZRD";"L46"
"MXCFHQFUOC";"1-74-y Gv. Tank. Polk"
"MXDSKSKQPY";"2-67. MSP"
"MXFABGTAQV";"LEOPARD 2A4(B) CMG"
"MXFMUMQPUU";"1-2 pa"
"MXHJHGKURY";"2A18"
"MXPDSUTTTO";"#CZ 51. Motostřelecký Pluk"
"MXTKDYIMOA";"1-PR-19"
"MXXBKAFNGG";"M103"
"MXZDRAZVYG";"FJB41-LStR40"
"MYDADHAUAP";"BOFORS 40L70G"
"MYFRUWNUCB";"AZP-23"
"MYFWHQVXOW";"11e Cuirassiers"
"MYIGLKYNHW";"차량화소총병"
"MYJDLABFYK";"Flugabwehr-Rgt. 340"
"MYLSLOLEUP";"CMDT GENDARMES MOBILES"
"MYMSIAAGHQ";"#DDR Geschoßwerfer-Abt. 5"
"MYOGQXCIMR";"MiG-29A [AA]"
"MYOWSEXFKG";"183. PLRO"
"MYSCKYGCXD";"PANZER 57"
"MYTBPJFJIV";"3-1st Attack Helo. Bat."
"MYTVMZZZQR";"Panzer-Bat. 643"
"MYUEQEOTJD";"돌격분대"
"MYWPHASGWX";"GAZELLE PC"
"MYWRZPGOVX";"TKA TIP-56 37mm"
"MYXDLHBHSO";"KPVT"
"MYXGOTDVOI";"#SOV 120-y Gv. MSP"
"MYZINGMDXL";"LANDWEHR"
"MZBRAOHOQW";"PANSERSPEJDERE"
"MZBXZQHKRR";"M41-DK1"
"MZDCJGQHCY";"GAZELLE CANON"
"MZDTUPPMNI";"#CZ 1. Tanková Divize"
"MZENEXRPWT";"3-7 Bah"
"MZGETGEFVD";"M114"
"MZMQKRNNNS";"Su-17M4 [TRM]"
"MZONZDXLPW";"RAF Germany"
"MZQGFAQPAQ";"SCOUTS (LAW-80)"
"MZQSNCVATG";"3-24 pcz"
"MZSCSFTUQN";"COMMANDOS"
"MZTLWYHGRJ";"s.Jäger-Bat. 532"
"MZURXCKKPZ";"Token inexistant MZURXCKKPZ dans SERIOUS_Localisation_Unites"
"MZUVMQWNBB";"Geb.Jäger-Bat. 233"
"NAKLSNJNPR";"PzArtillerie-Bat. 345"
"NALXQCOVPK";"1-67-y Gv. MSP"
"NANHRSDOEP";"1-239-y MSP"
"NAOILKROPM";"VBK 44"
"NAWBWHWUAR";"F-4E PHANTOM II [AA]"
"NAZRZXCSOA";"MIRAGE III E [SEAD]"
"NBETCNKODY";"11E DIVISION PARACHUTISTE"
"NBFEMQBNXJ";"#UK  49 Infantry Brigade"
"NBFYEXIKXF";"TOW 2A"
"NBGCMXIDXB";"1-MSR. 33"
"NBHILHMMKM";"GEB.JÄGER"
"NBITHCWALV";"MARDER 1A1"
"NBLCMUDIFX";"4-585-y Art. Polk"
"NBMVZGIYEN";"UAZ-469 KOMENDATURA"
"NBRCNGTKZY";"DESANT. ZWIADOWCY"
"NBSBDSSWDW";"Su-24M [LGB1]"
"NBXSIIIVRT";"MiG-21MF [AA]"
"NCCGXXQDUE";"3-119-y Otd. Tank. Polk"
"NCCUBOJCEK";"#RFA  62. Heimatschutz-Brig."
"NCGIBCDXZT";"Panzer-Bat. 151"
"NCKSQTGGCS";"PTŘS FAGOT"
"NCKYTLPTQA";"AH-1S COBRA"
"NCLATBNUQL";"GVARDEITSY (SVD)"
"NCMPKIEYFV";"BRDM-2U"
"NCNVQGBJJN";"Su-17M4 [AT]"
"NCQWFGIJYT";"4-41st Infantry Rgt."
"NCSBORBJRS";"TU-143"
"NCZUZVCDYT";"SAPEURS- PARAS"
"NDAGDIMWPK";"1ST CANADIAN DIVISION"
"NDAHZDMVYP";"#UK  1st Armoured Div."
"NDAJIQXRCL";"MD-3"
"NDBXIKNMIZ";"2A18"
"NDDEELDVZM";"4-6 Baa"
"NDDXQRQAOB";"주방위군 소총병 (DRAGON)"
"NDENWJCPEF";"FALLSCHIRM. FÜH. FF"
"NDFLXPXQME";"29 Engineer Brigade"
"NDFSNZDEFG";"C1 155mm"
"NDGECFHCRC";"#UK  24 Airmobile Brigade"
"NDGORAEJWA";"LuAZ-967M SPG-9"
"NDJVSDGXST";"FV105 SULTAN"
"NDJXXVEORP";"227-y Otd. Bat. Okhrany"
"NDLCBQSUKV";"LEOPARD 1A1A2"
"NDLCSJEWBC";"1 CANADIAN DIVISION"
"NDQWHTJXBX";"6 Brygada artylerii armat"
"NDTKLPZMDF";"2-JaboG 34"
"NEAGRZJWCS";"Mi-24P"
"NEAGXJTMBJ";"Refleks"
"NEDMARMUWQ";"6 bdes"
"NEDMXTNOPI";"PZ.GRENADIER (M113)"
"NEHKRYGFTM";"Jäger-Bat. 57"
"NEPNSDWJIX";"DESANT. MOR. PKM"
"NEPZAQDRRN";"21st Ind. Flame Batt."
"NEQACQADZR";"Cuerpo Expedicionario"
"NEQLHTDAXW";"Pz.Gren.-Bat. 302"
"NERFXFDURS";"PATHFINDERS"
"NETMBBFLLJ";"SAPERI (RPO)"
"NETWUCIPIT";"3-6 pz"
"NETYUZLWVX";"PzArtillerie-Bat. 135"
"NEYSUEZZGG";"M1IP ABRAMS"
"NEZXHQNZVO";"HQ-Brunete"
"NFAZDUTPUX";"1-74. MSP"
"NFBDENWBCH";"YP-408 PWRDR"
"NFDNIALHLO";"LEOPARD 1(BE) PC"
"NFDZSTFURE";"KPz. T-72"
"NFGHFZTQIQ";"1-68. MSP"
"NFGOAOHGHB";"#DDR Rügener Gruppierung"
"NFKPRNZSCY";"Token inexistant OCQPQBOMTV dans SERIOUS_Localisation_Unites"
"NFKWSFAIZJ";"GSh-6-23"
"NFMPDNWLKF";"T-34/85M"
"NFOCWVPHMM";"L7A3"
"NFPVGKOFNW";"M1025 HUMVEE M2HB"
"NFTDUDYCCT";"STOLLY"
"NFWANBEEGH";"53-ya Zen. Rak. Brigade"
"NFWPEQRTDW";"122mm HEAT"
"NFZDPAWUCG";"vz.59 82mm"
"NFZKIXLLNK";"ALOUETTE III AS.11"
"NGAXLQAYJK";"M40A1"
"NGBZWGBXNL";"3-14. TP"
"NGJHTYVTRB";"MAG 7,62mm"
"NGJLCKWKYK";"Mi-24V [RKT1]"
"NGJQMPOMMZ";"공중기동 화력조 (DRAGON)"
"NGMDADQNEN";"Jäger-Bat. 841"
"NGVQRERCPW";"Panzer-Bat. 124"
"NGWTVMSKQS";"10th Tac. Fighter Sq."
"NGZISUDHPJ";"VKK 345"
"NHBQIRMXQX";"GÉP. LÖVÉSZ"
"NHBZESDHZQ";"2-5 Baa"
"NHCQSUJYSM";"알래스카 저격수"
"NHDGLJAVWE";"Su-20 [CLU]"
"NHGLLDROVO";"SABRE-6"
"NHIFEVZLAQ";"공수공병"
"NHKOOQHRRZ";"84. Heimatschutz-Rgt."
"NHLHFNGEKM";"KS-30"
"NHMVEYAEVH";"#RFA  7. Pz.Grenadier-Brigade"
"NHSODBFVUU";"BVP-2K"
"NHTNIBFXMN";"PALR FAGOT"
"NHTQFFCCXW";"Raketenartillerielehr-Bat. 72"
"NHVJBYFGTT";"2-170-y Gv. MSP"
"NHVSISTXJV";"2K12 KUB-M1"
"NHXTYKQWNY";"PARA. M30 107mm"
"NIAUDOXOXR";"대레이더 미사일"
"NIAZBELJCU";"3-PR-20"
"NIBFQWIJFB";"2-Royal 22e Rgt."
"NIFWOQWQUO";"Fallschirm.-Bat. 252"
"NIHKJBOHAE";"SPW-40P"
"NIIPZUXYGA";"2-199-y Art. Polk"
"NIJBXXKSCV";"OT-65A VYDRA"
"NIQPJFFGAB";"2de Artillerie"
"NISNFMUWMU";"4-74. RMBr"
"NIUIOXTVCH";"126e Infanterie"
"NIUOEKYAAW";"9mm"
"NIUPKGJFFE";"UAZ-452 TAI"
"NIVFJJNGRQ";"GROUPE ANTICHAR LEGION"
"NIVLYEYZZE";"T-55AD-1M MERIDA"
"NIVSTJEQPI";"전장에서 화력지원을 제공하거나 전투력 증폭 역할을 하는 유닛입니다. 특정 전투임무에 전문화되지 않은 지원유닛도 이 범주에 포함됩니다."
"NIWLYKOTJW";"5 Brygada artylerii armat"
"NIXXLDVKLR";"2S5 GIATSINT-S"
"NIZAYXAMPN";"7. PANZERDIVISION"
"NJBNYPCRGE";"CASCAD Mk.1"
"NJKMYXUGXV";"PARA. SAS"
"NJKOIIHDXZ";"AB M1025 HUMVEE AGL"
"NJKSMHWMZZ";"AR-70"
"NJNHCXUQQO";"1-166-y Gv. MSP"
"NJNNXLKKFH";"#US  V. Corps"
"NJRLVSWLBH";"J 35Ö"
"NJSLTPXVPI";"PT-76B"
"NJVOWGVKTN";"TYP 181 FELDJÄGER"
"NJWMWTFXKP";"#RFA  20. Panzer-Brigade"
"NJXSHENHOU";"3M9M3"
"NJZUTGFOFN";"L-39ZO [RKT]"
"NKACEACFEV";"9M53K"
"NKCVFXKVSR";"Su-22M4 [CLU]"
"NKDEFKPTGD";"18-ya Gv. MSD"
"NKEDKBQJUN";"CH-135"
"NKFKKEGAZS";"4-77th Field Artillery Rgt."
"NKGCZRPVTL";"C2"
"NKRXJPIBGZ";"KRAKA AUFK."
"NKUVPXPVAH";"SKOT R-2M"
"NKVEGAAMIZ";"USMC M198 155mm"
"NLBAUUQMWG";"HJV SPEJDERE"
"NLCTUERHNK";"#US  2nd Brigade"
"NLFBMSYBMH";"CENTURION Mk.V/2"
"NLHCPJYNPU";"Teile/Pionier-Regiment 2"
"NLHUVLOYMM";"#CZ 10. Motostřelecký Pluk"
"NLIAHQXVRR";"92e Infanterie"
"NLJLFQHTAN";"3-MSR. 27"
"NLJTYRZEMB";"1. CANADIAN DIVISION"
"NLJZYGFYQR";"SAPERI (RPO)"
"NLPGYZOJUT";"Svir"
"NLSUXBXSMQ";"#US  12th Aviation Brigade"
"NLYOEPIIHS";"1-26-y Tank. Polk"
"NLZKZZWMNJ";"4-126-y Gv. Art. Polk"
"NMGCDJVFPZ";"PAL BB 77 KAWEST II"
"NMHNCSAGUW";"F 35 WDNS [CLU]"
"NMNQXRFRVQ";"M30 107mm"
"NMOMTHLGMK";"A-12,7mm"
"NMTBZZBXKG";"1-1047-y Art. Polk"
"NMTDQAQIFX";"GeWa-7"
"NMTGUDCDKV";"FüPz. T-72M1K"
"NMWVUWXBVT";"TH89 (supply)"
"NMXKEWXSXC";"20th Tac. Fighter Wing"
"NMYWJNNABU";"OT PTRK KONKURS"
"NMZWEQMHWQ";"T-54B"
"NMZYYSMESB";"#CZ 21. Tankový Pluk"
"NNABVXOHMY";"TERRIERS PIONEERS"
"NNBJDPAHLP";"2-65-y Gv. Tank. Polk"
"NNBNAXPCNE";"NSV 6U6"
"NNDXMPWNVO";"M.T.T."
"NNFYUPXZKH";"RT-61"
"NNGNWDNYCU";"M728 CEV"
"NNHRUPOKKY";"47 dar"
"NNJOBZQRML";"LEGION. MO-81-61-C 81mm"
"NNKWDFPQUY";"3-MSR. 9"
"NNOYKLGAZZ";"MP5SD"
"NNRDHIJUUT";"무유도 공대지 로켓은 항공기와 헬리콥터에서 지상 표적을 향해 발사합니다.
흔히 쓰이는 로켓은 일반적으로 능동 유도 체계가 없어 미사일과 구별됩니다. 단순하고 사용하기 쉬운 대신 정확도는 높지 않지만, 단거리 공격이나 지역 포화에 편리합니다. 다양한 탄두를 탑재하며 로켓 포드에서 일제사격하여 막대한 화력을 퍼붓는 경우가 많습니다."
"NNSYBMZAVW";"STINGER"
"NNTEADOHMS";"SPW-70"
"NNWIIYMZYG";"공수공병 (FLASH)"
"NNXPDJWAYV";"Esc. de Chasse 1/30 Valois"
"NNXTVKUAJX";"3-73rd Armor"
"NOCGZPEXBC";"2-26-y Tank. Polk"
"NOCRXCNUCO";"M53"
"NOFXGHUZMQ";"Panzer-Bat. 204"
"NOJLHHLWFB";"Lim-6M"
"NOJXBJHJHH";"2S12 120mm"
"NOLQPQIRDP";"Grom"
"NOOJHLOUEE";"M114 155mm"
"NOOMPXRBRO";"3-60th ADA"
"NOSVOKMKGM";"무유도 공대지 로켓은 항공기와 헬리콥터에서 지상 표적을 향해 발사합니다.
흔히 쓰이는 로켓은 일반적으로 능동 유도 체계가 없어 미사일과 구별됩니다. 단순하고 사용하기 쉬운 대신 정확도는 높지 않지만, 단거리 공격이나 지역 포화에 편리합니다. 다양한 탄두를 탑재하며 로켓 포드에서 일제사격하여 막대한 화력을 퍼붓는 경우가 많습니다."
"NOTAALARUG";"1-JaboG 35"
"NOVGSEAZZR";"11 DYWIZJA PANCERNA"
"NOXIRYAMLV";"일반보병은 보통 별도의 전문화나 특정 전투역할 없이 기본적인 전투임무를 수행하는 정규 병력 또는 편성을 뜻합니다."
"NOXYKDGABP";"Su-25 [RKT1]"
"NPAVGUNVLE";"EM-14e DBL"
"NPEHCUCWLE";"3-239-y MSP"
"NPGKCWFKDR";"#SOV  51-y Gv. Tank. Polk"
"NPIPALETQH";"M38A1C M40A1"
"NPSVDGTTMT";"FlaRak-Bat. 37"
"NQBUIFYOCB";"DESANT. KONKURS"
"NQCIIGQNVE";"MAT-49"
"NQDCIXDURY";"기계화소총병 지휘관"
"NQFNHFVZRL";"10ste Wing"
"NQHRHVMJSX";"vz.53 x4"
"NQIEUHAMNQ";"M16A1 DMR"
"NQNBPFCFFD";"3-5. MSP"
"NQNVLJVKQC";"Mi-14PL"
"NQNYASRKUT";"#CZ 103. Tankový Pluk"
"NQOTSYDVIX";"SEA KING Mk.41"
"NQSWNMCOMI";"85-y Gv. IAP"
"NQVFIONZKN";"KS-19"
"NQWCPSVLBQ";"Flugabwehr-Rgt. 130"
"NQYQOZJOZK";"SICHERUNGS"
"NRAIQUCKJX";"925kg"
"NRBVMYHCDT";"Panzer-Bat. 321"
"NRCSAGQCGP";"Flugabwehr-Rgt. 200"
"NRDOEGDUUE";"T-72"
"NRLIFYKELX";"#DDR 20. MSD"
"NRMQDFTFPN";"M81E1"
"NRQGAGBTFU";"AMX-30 EBG"
"NRRNTLDAPD";"GATLING"
"NRSJRXAMMO";"MAG 7,62mm"
"NRTIIGIGKP";"VW T3 RMP"
"NRUSWPLZUI";"Stab-III. Korps"
"NRVDAERVIF";"216-y Zen. Rak. Polk"
"NRVMRBXCMG";"3-7. TP"
"NRZSNFBYZC";"3-23 pcz"
"NSABRAQUMC";"BUCCANEER S.2B [AT]"
"NSFINIKJOC";"L96A1"
"NSGAFTSBIY";"#US  4th (Aviation) Brigade"
"NSGCMNTOKH";"USMC RIFLEMEN (Dragon)"
"NSJFUIJKMR";"108-R"
"NSKEHVIJOD";"KS-30"
"NSKPVDKLCD";"PERO"
"NSQJXWZOLK";"Aufk.-Bataillon 8"
"NSQYUDNYGV";"AIFV-B-CP"
"NSSFSBTYDR";"GAZ-66"
"NSTMCCXQAC";"2-245-y Gv. MSP"
"NSVXVXIJVT";"S-24"
"NSWTWGZWRY";"Sprengbombe 200"
"NSXUDAKUDG";"SAMP T25"
"NSYHIPSPNM";" PRŮZ. BVP-1"
"NSZCBJGOTI";"M201A1"
"NTAPFMTXET";"M2HB 12,7mm"
"NTARNBMXHT";"M32A1"
"NTBKZIUBDT";"#DDR 17. Panzer-Rgt."
"NTFQMEYVKT";"kbk AKM"
"NTIEFFYDGT";"REZ. RAZVEDKA"
"NTKOCVZKJA";"ZPU-4"
"NTLMWVVJPP";"TERRIERS SCOUTS"
"NTLTZAGYOK";"KPZ. T-34/85M"
"NTNGRCNPHJ";"공병 (FLASH)"
"NTQZEPLRGK";"M75 PC"
"NTUXYFLQWP";"I./MSR. 16"
"NTXSWQLPGP";"FlaRak-Bat. 31"
"NUEDMGUYEZ";"PZ.BEF. LEOPARD 2A3"
"NUHGVOCTGB";"Pz.Kan. 61"
"NUHKEGFHCY";"8 Dywizja Zmechanizowana"
"NUIGLEOJPG";"Mi-24V [AT]"
"NUPFNGLOIR";"DESANT. SPG-9"
"NUPSASZXQW";"BM59"
"NUSCSQBPMY";"3-12 pz"
"NUYPKHMLZP";"#SOV 12-ya Gv. Tank. Div."
"NUYVGVRDZY";"#US 제17공수군단"
"NUZLEJKIVB";"2-11th Arm. Cavalry Rgt."
"NVCHTWNNGZ";"연료를 보급할 수 있는 보급 유닛입니다."
"NVDCZFXHTJ";"예비 공수 코만도"
"NVGFNTOKVC";"ARTILLERIE-BRIGADE 5"
"NVGQKAMKQP";"N.G. STINGER"
"NVJPVAXKFN";"무유도 공대지 로켓은 항공기와 헬리콥터에서 지상 표적을 향해 발사합니다.
흔히 쓰이는 로켓은 일반적으로 능동 유도 체계가 없어 미사일과 구별됩니다. 단순하고 사용하기 쉬운 대신 정확도는 높지 않지만, 단거리 공격이나 지역 포화에 편리합니다. 다양한 탄두를 탑재하며 로켓 포드에서 일제사격하여 막대한 화력을 퍼붓는 경우가 많습니다."
"NVLKGTYNIB";"FlaRak-Gruppe 41"
"NVNDCVBNWF";"29 pułk czołgów"
"NVPELVMGDO";"3-390-ya Gv. Art. Brigada"
"NVSSHDLDND";"CATI"
"NVTRIJGIRC";"M551C Shillelagh"
"NVUHXNQOSB";"ALASKAN SCOUTS"
"NVUYDKCBKA";"150mm"
"NVZBOWGGNL";"Escadre de Chasse 11"
"NWFFRRBUDC";"FlaRak-Bat. 38"
"NWGMMOHLNW";"L11A5"
"NWGPGYFGEK";"Type 62-85TC"
"NWJKAYZQHS";"75-y Gv. Zen. Art. Polk"
"NWNEUMQHLF";"16-YA GV. TANK. DIV."
"NWNITCFPYJ";"#UK RAF Wildenrath"
"NWOXZZKBRD";"PSG-1"
"NWQHSCGPOG";"#NL 43 Pantserinfanteriebrigade"
"NWRIKXJLND";"Sigint"
"NWTHEBQODU";"BERLIET GBC 8KT M2HB"
"NWTRGAONXY";"3-8. DP"
"NWUARXVFDT";"정규 인원으로 편성된 보병분대는 전투에서 활용도가 높습니다. 임무에 따라 병사들은 돌격소총과 기관총 같은 소화기뿐 아니라 폭발물, 소이무기, 대전차무기 등 다양한 추가무장을 사용합니다."
"NXBNTFHZVH";"1-65-y Gv. Tank. Polk"
"NXBZKJDHDE";"AMX-13 VCI 20mm"
"NXCRNEQQZA";"LO-1800 ZPU-2"
"NXCXKNODKA";"6e REG"
"NXCZLVDXBM";"5-41st Field Artillery Rgt."
"NXEMGIIWJH";"4-29th Field Artillery Rgt."
"NXFXAIUTKR";"A-7D CORSAIR II"
"NXHLLCRFYB";"Panzer-Bat. 203"
"NXJDXGIPEZ";"1-4-34-ya Artilleri. Div."
"NXLBQMNYTI";"무유도 공대지 로켓은 항공기와 헬리콥터에서 지상 표적을 향해 발사합니다.
흔히 쓰이는 로켓은 일반적으로 능동 유도 체계가 없어 미사일과 구별됩니다. 단순하고 사용하기 쉬운 대신 정확도는 높지 않지만, 단거리 공격이나 지역 포화에 편리합니다. 다양한 탄두를 탑재하며 로켓 포드에서 일제사격하여 막대한 화력을 퍼붓는 경우가 많습니다."
"NXNQFFTQWE";"III. Korps"
"NXNUHLJPAI";"MiG-23BN [RKT]"
"NXODSXDXFM";"Esc. de Chasse 2/2 Côtes d'Or"
"NXOQLGBVEA";"JÄGER FÜH."
"NXPXFNGLND";"EM-13e Génie"
"NXQPCKSNLM";"#SOV 204-y Gv. MSP"
"NXRXWMABSJ";"C.12 [AA]"
"NXSAJFPRZN";"18th MP Brigade"
"NXVHDYENIF";"FUCHS FÜ.FU."
"NXVLKGMQMI";"MT-12R RUTA"
"NXWNWLUUZS";"DESANT. UAZ-3151 KONKURS"
"NXYGEFYXVQ";"M126E1"
"NXYMOLLODD";"AMX-10 RC SB LEGION"
"NXZNMJHTEX";"492nd Tac. Fighter Sq."
"NYAANRRRGB";"Garand"
"NYBRKWILYU";"5-68th Armored Bat."
"NYBZOPZDST";"5E DIVISIE"
"NYCBAQYPYL";"FUSILEROS (BMR) MANDO"
"NYHAXGUZFE";"MARINES (AT-4)"
"NYLOPSFNAG";"EXPLORADORES"
"NYPGWBSBYP";"KONKURS-M"
"NYPNRWGUPP";"RF-4E [HE]"
"NYPVMNEYUQ";"T-55AM2K3"
"NYQJAZTLVX";"MOR. REOSTAT"
"NYTCPYZUFJ";"1-PR-22"
"NYUBYYWMHW";"2-275-y Gv. MSP"
"NYUKLXHLWQ";"1-103. TP"
"NYUWKHFRSU";"PIONIER"
"NYWFZTHNPG";"MFRW BM-21 [NPLM]"
"NYWNUWMIKA";"CAV. TROOPERS (AT-4)"
"NYXTELMHUW";"SPETSNAZ"
"NYYBSNJEYP";"MT-LB"
"NZFKDLJVDS";"MOT.-SCHÜTZEN"
"NZGQIAMLCO";"#RFA  26. Luftlande-Brigade"
"NZIJZUIXWN";"M68A1"
"NZSMCFNSCY";"FV721 FOX"
"NZWXQNJFDX";"대전차 로켓발사기"
"NZZZQUFXTZ";"2. PANZERGREN "
"Napalm";"Napalm"
"OAAVHAUOJE";"3-199-y Art. Polk"
"OABBNLHTWF";"M728A1 CEV"
"OAECFSLOTG";"UH-1D"
"OAFBKOCXJS";"MOT.-SCHÜTZEN FÜH."
"OALPFFPKHI";"_DEPREC"
"OANMCKJMLG";"3-4-34-ya Artilleri. Div."
"OANSKBSUFI";"M113A3 DRAGON"
"OANWGSMZJO";"Plamen-A"
"OAPMIAVHMF";"TOW-2A"
"OAPNZQMLMD";"Stab.-19. MSD"
"OAPQNOUETO";"AKS-74U"
"OAQYKODKFQ";"SIGINT 유닛은 시야선이 없어도 서로 다른 두 탐지범위 안의 적 유닛을 자동으로 탐지합니다. 거리에 따라 서로 다른 표식을 표시하지만 적 유닛의 종류나 정확한 위치는 공개하지 않습니다.

SIGINT 유닛은 Special Forces 또는 False Flag 특성을 지닌 적 유닛을 탐지할 수 없습니다."
"OATMQBEEHZ";"2-4. MSP"
"OAWFADJIZI";"37mm"
"OAZHUMLVDT";"MOTOSTRELKI"
"OAZOQIOGJD";"LEOPARD 2A1"
"OAZVXBNFZN";"3-33 pz"
"OBAZOESJOR";"A-19"
"OBBYLTPNHT";"PPK KONKURS"
"OBCJXLXRCB";"Type 59"
"OBCNNCFBQK";"75-y otd. Tank. Bat."
"OBLWKLLFEC";"MK-20 Rockeye II"
"OBOKXTNFNA";"CENTURION Mk.5/2"
"OBPBHVSCVY";"#POL 3. DLMB"
"OBRCUNGRKL";"PULEMETCHIKI"
"OBSQQPAYMY";"MG3"
"OBUJMSLAAU";"대포병 레이더"
"OBUYRNPHXH";"30. Stíhací Bomb. pluk"
"OBVRBEEAVO";"I./MSR. 7"
"OBVTCZRHCR";"BMR-PP LAG"
"OBVTWTKERX";"FALLSCHIRM-RESERVISTEN"
"OCBSBJSAJZ";"Tampella"
"OCCTUGSZPQ";"MIRAGE 5 F [CLU]"
"OCFLQCXKGP";"24 pułk czołgów"
"OCGGESEPCA";"D-10S"
"OCGGIGRLZY";"3-36. DP"
"OCKGYSXDYE";"1-5. MSP"
"OCPFWAOBXG";"25e Rgt. d'Artillerie"
"OCPGDGZMSK";"Panzer-Bat. 241"
"OCQPQBOMTV";"AIM-9L"
"OCSFXTGKBN";"ASU-85 DOW."
"OCSZCDLSOJ";"BLOODHOUND MK.2"
"OCTKILDSRM";"#CZ 33. Tankový Pluk"
"OCVIBGJGNY";"FAB-500"
"OCWYUFOWDP";"M9-7"
"OCXEUDXHQY";"2-69th Armored Bat."
"ODABZEUXLL";"2-286-y Gv. MSP"
"ODGCIQBSGK";"CBU-72"
"ODHTTGZWMM";"I./PR-16"
"ODIDUFYKYK";"IRM ZHUK"
"ODLTYORIBR";"509th Tac. Fighter Sq."
"ODMFHTKFBW";"307-ya Gv. Artilleri. Brigada (-)"
"ODNBGQOEVY";"#RFA  3. Panzer-Brigade"
"ODNLEZAPMC";"Stab-1. Panzerdiv."
"ODPPNIUOYS";"무유도 폭탄"
"ODRMQQJCWX";"UAZ-469 KPV"
"ODTFDYQAIB";"CM60A1 (smoke)"
"ODVUWCOSRB";"CN-105 F1"
"OEAADATIMV";"ZÁSOBOVACÍ T815"
"OEAXWCOZOU";"ZPU-4"
"OECGAKHGMT";"2B9 VASILEK"
"OECSBKWYZK";"BO-105M VBH"
"OEDXTFNTIW";"JBG-28"
"OEEQXOGQGQ";"3e Chasseurs"
"OEGMTGGSSE";"Mi-2"
"OEGRUZFHBR";"1-4th Cavalry Sq."
"OEGTIDUSSN";"STAR-266 ZAOP."
"OEHMZNHOWJ";"2-45-y Gv. Tank. Polk"
"OEJWFBMZES";"3M9M3"
"OEKJWNUAMU";"M2 BRADLEY IFV"
"OEMJIOCEXZ";"3-4 pa"
"OEQHEBBHRB";"ENGINEERS (M67)"
"OEQPYQKJYA";"RPG-76 Komar"
"OEVMDLFDUG";"SZVD"
"OEXFMFZBFF";"Stab./7. Panzerdivision"
"OEYCVOIQCQ";"3-9. MSP"
"OEYKIFZTHM";"BLU-95"
"OFLXWVUNGG";"REZERWISCI"
"OFMLPFCEUX";"Pionier-Rgt. 73"
"OFMNFDDNPZ";"Place Holder"
"OFPKMCPWNX";"USMC M110A2"
"OFRYKBDCLI";"Canadian Forces Europe"
"OFSFZJLADO";"Stab-11. PzGrenadier-Div."
"OFSXYEQCDF";"1-71. KDBr"
"OFVAOIVLRN";"Artillerie-Bat. 645"
"OFXXIRVVJL";"Mi-24V [AA]"
"OFYKLAIMJA";"M1919"
"OGBWGZBJQI";"MG3"
"OGCTSXJKVC";"AIM-9M"
"OGFVVQHJHL";"T-64A Obr. 83"
"OGHALCNRYG";"DShKM"
"OGIVZYRNWE";"ILTIS M2HB"
"OGNLNTGETI";"#RFA  3. Flugabwehr-Kdo"
"OGOTIKKOYZ";"#UK  12th Armoured Brigade"
"OGRDRQFQOG";"11. PZ.GRENADIER-DIVISION"
"OGRGURFNXU";"SHPz"
"OGTCGKSXPT";"SPETSNAZ KOM."
"OGUGFNADOR";"Su-22M4 [RKT]"
"OGUNVXTNLM";"이 유닛은 고성능 레이저 표적지시기를 장비합니다. 운용자는 시야 안의 표적에 레이저를 조사할 수 있으며, 해당 표적은 레이저 유도탄약으로 더 정확하게 공격할 수 있습니다."
"OHBCXMWFRF";"M68 (M833)"
"OHEMLXJBXZ";"B-10"
"OHESDACIOE";"A-6E SWIP [AT]"
"OHEYJWNBAH";"5 Hvy. Rgt. RA"
"OHHAUZRGMN";"DESANT. 6U6 12,7mm"
"OHINECYFHS";"STINGER"
"OHJMCUBTWS";"#DDR 8. MSD"
"OHLMHUGSZG";"Panzer-Bat. 364"
"OHLWYQMOWY";"OTDELENIE PODDERZHKI"
"OHMXMVNJOV";"#CZ 57. Motostřelecký Pluk"
"OHNFKPPUTD";"VBL PC"
"OHUUGRGMVF";"2A16M"
"OHVPIZZPET";"M101 105mm"
"OHWCGGHJGF";"#DDR 18. Mot.-Schützen-Rgt."
"OHWFBKFZVP";"M113A2 SUPPLY"
"OHZBQJCGKD";"KËMBËSORIA E MEKANIZUAR"
"OHZZUKXFXN";"AMX-10 RC LEGION"
"OIDATPJCUT";"I./MSR. 15"
"OIDUUIVSYW";"DESANT. BELOZOR"
"OIESDAEBCJ";"UNIMOG U1350L LOG."
"OIFBJPEKTP";"C.12 [CLUS]"
"OIFGDYQFKP";"Oerlikon KBA"
"OIFVOVUFYW";"MiG-21MF [RKT2]"
"OIGDOBGZNS";"SF.260W MAG"
"OIIYIAOOYG";"AMX-30 B2 PC"
"OIMFUULCGD";"4-4-34-ya Artilleri. Div."
"OINCVZREAT";"SPW-40P2"
"OINHAGVXHV";"Brigada de Cab. Jarama"
"OINSPOJLUB";"9M311"
"OIPAFBMIBL";"1-51-y Gv. Tank. Polk"
"OIRLNHCTNV";"MOTOSTRELKI (BMP)"
"OIWKELPGIY";"Drozd"
"OJBMVUIRGH";"#RFA  III. WBK"
"OJCVUVYNHK";"931-Y ORAP"
"OJERIJXEXJ";"MiG-23BN [HE]"
"OJIZIVMTFT";"Zwillinge MK 20 Rh 202"
"OJJNOMTAOX";"UNIMOG S404 LOG."
"OJKHAGCWRN";"#BEL Belgische Luchtmacht"
"OJLOPMCYUT";"122-JROF-L"
"OJPEJSQPXB";"SUPER PUMA"
"OJPVKSQXOU";"Su-7BKŁ [HE]"
"OJRDTXQHUA";"#SOV 16-ya Gv. IAD"
"OJVAKVAHDE";"#CAN Canadian Forces Europe"
"OJVDOMNSKH";"PLK KS-30 130mm"
"OJWMXBRPQJ";"12th Aviation Brigade"
"OJXJEQCKQP";"FlamPz. TO-55"
"OJXNWJBGGZ";"2-13 pz"
"OJYMAGOFJX";"1-308-ya Artilleri. Brigada"
"OJZIMECUCU";"56-YA OG DESANTNO-SHTURMOVAYA BRIG."
"OKATXSQZWS";"M2A2 BRADLEY IFV"
"OKBYHODGQG";"화력조 (DRAGON)"
"OKDLJCQZCI";"SANTANA PM"
"OKFPVTULZS";"1-104. MSP"
"OKHCGPJBHQ";"2-3rd Field Artillery Rgt."
"OKHYSASGMM";"2 ARMIA"
"OKKNBAPJCH";"CN 90 F3"
"OKKRUAGTYC";"Flugabwehr-Rgt. 100"
"OKNTMVGBET";"무반동포는 화력지원을 위해 운용하는 휴대식 또는 공용화기이며 장갑표적과 보병을 공격할 수 있습니다. 무유도 로켓추진 대전차탄을 발사하여 일반 병사에게 적 전차나 보병을 무력화할 수 있는 효율적이고 휴대 가능한 화력을 제공합니다. 사거리가 짧으므로 매복이나 건물·숲 같은 엄폐지에서 사용할 때 가장 효과적입니다."
"OKPSZNGMPP";"LIGHT RIFLES (AT-4)"
"OKXRJCNNRE";"CH-54B TARHE SUPPLY"
"OKXYXLOMIR";"HEIMAT-AUFKLÄRER"
"OLBWROBQLW";"27 pułk czołgów"
"OLCXUCGJQC";"DESANTNIKI"
"OLFVZLWQDO";"HOT-1"
"OLJOLBCCKO";"5-16th Mech. Infantry"
"OLMZLRAENM";"BEVEILIGING"
"OLPZRHXAJQ";"D-44"
"OLSEBDKBLL";"ZÁLOŽNÍCI (T21)"
"OLVSMEBNEF";"GAZELLE HOT"
"OLWGKBGSMI";"Mk 83"
"OLWMISTTHC";"TAI"
"OLXFPQGKMB";"B16"
"OMFCQWORCN";"HU.21"
"OMFJWRFBEW";"BIN-375"
"OMFMTLIBHJ";"1-278-y Gv. MSP"
"OMJLECIVSH";"TOW"
"OMKIOHVTGU";"F-4E PHANTOM II [AT]"
"OMMEPXPUQA";"1-55. MSP"
"OMOOYNTJPA";"2-87-y Art. Polk"
"OMORVBNOLN";"AN/M3 Browning .50"
"OMRDTDBYQW";"재머 유닛은 효과범위 안에서 레이더를 사용하는 모든 적 정찰유닛의 관측 능력을 낮추고, GSR 활성화를 막으며, 포병의 사격교정 효과를 무효화합니다."
"OMTSJNEUSG";"VI,/Royal Rgt. of Fusiliers (V)"
"OMUDUAEVHN";"Jäger-Bat. 941"
"OMVDOYEZUP";"N.G. M29 81mm"
"OMWYSMREXP";"#CZ 13. Tanková Divize"
"OMXQHDVDMK";"TORNADO IDS [CLU]"
"OMYLLHPWYW";"화력조 (AT-4)"
"OMZLPYMNLL";"DESANT.  D-44 85mm"
"ONEJEZTOYS";"보병 화기조는 운용조가 필요한 화력지원 무기를 중심으로 구성됩니다. 소수의 병사가 중기관총, ATGM, 자동유탄발사기 같은 무기를 운용합니다."
"ONELGDGRMD";"PEGASO 3055"
"ONEMPEDRAG";"79th Tac. Fighter Sq."
"ONFTRLGGLG";"Stab./17. MSD"
"ONLIADMYGS";"20 DY. PANCERNA OFFICIAL BATTLEGROUP"
"ONLZIOEUKZ";"T-64AV"
"ONOPAICDEB";"2-204-y Gv. MSP"
"ONPMDEHEFM";"FUSILEROS MANDO"
"ONQOVZVANE";"전투소총"
"ONRBTPHSMC";"HSS.630-3 20mm"
"ONTSDVWKSR";"KrAZ-260"
"ONVSEHSAUM";"Pionier-Bat. 4"
"OOASVZATYX";"GEBIRGSJÄGER (PzF3)"
"OOAVGVKLLZ";"LAG-40"
"OODGMNOXEW";"SBAT-70"
"OOEOMNAVRC";"PLDvK vz.53 30mm"
"OOFRGCGELD";"M992A2 SUPPLY"
"OOGNUZZFZP";"19. Motostřelecká Divize"
"OOISKBLGRE";"VDAA"
"OOMLSYMGJE";"YPR-765 PRCO-C1"
"OOOBZATDWQ";"ZWIADOWCY"
"OOQNKQRAMY";"KCT VERKENNERS"
"OOQXZGFAMW";"31-y otd. Razvedka Bat."
"OOSPOJSMEG";"1-68th Armored Bat."
"OOUEIUMMOW";"ZPU"
"OOVPALVZHZ";"QF 25-Pdr"
"OOYPHQGRMN";"3-12. TP"
"OPDNDNPSNQ";"3-23 Baa"
"OPEZBRGHVX";"M1A1 ABRAMS CP"
"OPGKEFCATI";"DSh. RAZVEDKA"
"OPIKYFBZSX";"수송유닛은 보병분대나 화기조를 운반할 수 있습니다. 목적지에 도착하면 탑승 병력을 하차시킬 수 있으며, 빈 수송유닛은 후방으로 철수시킬 수 있습니다."
"OPIXCGQVVI";"T805"
"OPKCUGENUI";"M-30"
"OPKECWZYJH";"#SOV 16-ya Gv. Tank. Div."
"OPLAKOSHDB";"F-4F [AT]"
"OPMOGSOUGX";"SAURER 6DM"
"OPNEIDFJTN";"LYNX MK.90"
"OPRONSNCTO";"다연장로켓포 체계는 막대한 양의 로켓으로 넓은 표적지역을 포화할 수 있습니다. 낮은 명중률을 압도적인 화력으로 보완합니다."
"OPSKECSVCI";"중기관총은 대구경 탄을 사용하는 탄띠 급탄식 공용화기입니다. 보병, 차량, 심지어 공중표적까지 다양한 임무에 사용할 수 있지만 크고 무거워 안정적인 거치대나 차량에서 운용해야 합니다.

중기관총은 보통 소규모 화기조가 운용하며 원거리에서 보병과 경장갑표적에 효과적입니다."
"OPSUJEISNT";"AA-52 x2"
"OPSVOOEZTI";"PzArtillerie-Bat. 25"
"OPVLMWBKLV";"SPADOCHRONIARZE"
"OPXEEKKJIY";"무반동포는 화력지원을 위해 운용하는 휴대식 또는 공용화기이며 장갑표적과 보병을 공격할 수 있습니다. 무유도 로켓추진 대전차탄을 발사하여 일반 병사에게 적 전차나 보병을 무력화할 수 있는 효율적이고 휴대 가능한 화력을 제공합니다. 사거리가 짧으므로 매복이나 건물·숲 같은 엄폐지에서 사용할 때 가장 효과적입니다."
"OPXIDESUWZ";"IV,/Royal Green Jacket"
"OQABMGQCSZ";"III./PR-4"
"OQASWTJNKE";"Raketenartillerielehr-Bat. 12"
"OQFDITNOKF";"SNAR-10"
"OQHQCRLPWM";"Fallschirm.-Bat. 261"
"OQIRARQHNU";"DESANT. AFGANTSY"
"OQJMRIFMMH";"MFRW RM-70"
"OQJYZPZEBE";"Panzer-Bat. 534"
"OQKLBKFWZW";"1-PPCLI"
"OQLFTLIEGV";"B-4"
"OQLQMRNVFP";"공대지 로켓"
"OQOQETNFYM";"Pionier-Bat. 320"
"OQOUKZEADL";"PzArtillerie-Bat. 55"
"OQSPSGQROY";"ILTIS"
"OQUDRGTTZU";"군사경찰 지휘관"
"OQXPFUJRIJ";"AUTOMOTEUR AU 50 105MM"
"OQYXUHMURC";"3-174-y Gv. MSP"
"ORAAYJZNCK";"III./MSR. 13"
"ORBQWJGETR";"3-41-y  MSP"
"ORBXLFOEUU";"MG74"
"ORCUEXYBJD";"AMX-10 PC"
"ORDLMLUOPJ";"SIATA 500 PM"
"ORGDSETYIC";"FlaRak-Bat. 39"
"ORGPISGMED";"1-39 pa"
"ORKTLODOSI";"PzGrenadier-Bat. 353"
"ORLLXVEQJE";"CMDT FUSILIER "
"ORMYAKKBYG";"산악부대는 숲과 같은 험지에서 이동 페널티를 받지 않습니다."
"ORNSTWORAZ";"BEUTE M35"
"ORONWWWXDY";"1-MSR. 34"
"ORVCUCHORX";"5-158th Aviation Rgt."
"ORWBVAGQDD";"ZÁSOBOVACÍ T815"
"ORXXEOMBIR";"3-63-y Gv. Tank. Polk"
"ORYZEUHFQC";"LEGION. ECLAIREURS"
"OSCAVADXLY";"3-74-y Gv. Tank. Polk"
"OSCZIOJFPU";"VAB"
"OSDRAFWVQV";"M16A1 LMG"
"OSFJFBXORB";"4-944-y Gv. Art. Polk"
"OSFWAYDNSI";"Pz.Kan. 61"
"OSHZLVTSDA";"Panzer-Bat. 244"
"OSLCXHLJSI";"3-15-y Gv. Tank. Polk"
"OSNCYBSETQ";"StG 941"
"OSSGDQJBRW";"MORSK. KONKURS"
"OSVHUQLOHB";"D-10T2S"
"OSWRRNBEPM";"12 dar"
"OSZTDUVGIB";"JINETES"
"OTADDBSKOK";"WP-8z"
"OTARYSDYLZ";"2-1. DP"
"OTAVOOQBHT";"MK66SPz"
"OTCBUVJGIF";"산악병"
"OTFAOJIXSB";"2-57. MSP"
"OTFHKSWPLV";"OP_13_SURV_SOV"
"OTFYEPNMQB";"BO-105M VBH"
"OTHLANUYIM";"L65/81 81mm"
"OTIPLUYOVG";"M113A2 PNMK"
"OTIYUJKYGE";"PzGrenadier-Bat. 132"
"OTJHJARJFD";"L-39ZO [HE1]"
"OTMSMCPYER";"Stab-7. Panzerdiv."
"OTMYQRBCCX";"175mm"
"OTOKRYJVSL";"#NL 12 Pantserinfanteriebrigade"
"OTRORCSDUM";"DSh. (RPG-7)"
"OTVCAANUVN";"REZ. MOR. PEKHOTA"
"OTXYLCTVRH";"1 ARMIA"
"OTYNVXYRWN";"CAV. TROOPERS (LAW)"
"OUAPBNGQAW";"#RFA  Pionierkommando 1"
"OUEQGZLVJY";"공대지 로켓"
"OUETIQJRXA";"AS37 Martel"
"OUFYBKAIUB";"M30"
"OULHQITNSW";"Su-25 [RKT2]"
"OUPPZNAQNO";"IV,/AR-9"
"OURRVISPCX";"DSh. SAPERI (Rys)"
"OURVFVIYWM";"1-62. MSP"
"OUTIKXRJRP";"NOm placeholder"
"OUTOOXIKHS";"1-55-y Gv. Tank. Polk"
"OUTZOZIIKI";"2-265-y Gv. MSP"
"OUUBIKWNIO";"55 Painfbat"
"OUUPSEPRSJ";"HAWK T.1A [AA]"
"OUVOZHYDTV";"Maxson"
"OUWHZQQOZL";"SNAR-10"
"OVCDZGOZFO";"#US  3rd Brigade"
"OVCZOQOBFR";"JAGUAR [CLU]"
"OVJGAWPZVJ";"S-24"
"OVKYNTXWGA";"공대지 로켓"
"OVSWCYBYNH";"AB.212ASW"
"OVTASPJAEA";"BzK Vz.59 82mm"
"OVTTZVHVEA";"MIRAGE 2000C RDI"
"OVUSXCKAXI";"I-HAWK"
"OVWMHFFBFY";"12. PZ.GRENADIER-DIVISION"
"OVYVCMLGYY";"K.d.A. BEZIRK ERFURT"
"OWAGUNUXDI";"Mihanokínito Pezikó"
"OWFJHRFBLP";"35 Engineer Rgt. RE"
"OWFTBPDDLF";"M60E3"
"OWGQDCCZGB";"#DDR  11. MSD"
"OWGSTYRCTB";"ROLAND 1"
"OWHLYFNZMV";"CN-120 F1"
"OWHQDTEIAK";"예비군"
"OWJCAKZCQB";"C20/120 GAI-BO1"
"OWKHRHTFEJ";"T-64AM"
"OWQLCXWSLP";"4. PzGrd"
"OWSLOTVQRN";"Blindicide RL-83"
"OWSYYBDTAD";"Jäger-Bat. 46"
"OWVPBZRDHR";"Bofors M/54"
"OWXYUYWFNT";"G3A3ZF"
"OXAOICZCLA";"HEIMAT. M48A2GA2"
"OXCFZYBULI";"EE-15 (supply)"
"OXESIYJMLB";"Mk 83"
"OXFSGGBTNE";"N.G. UH-1M GUNSHIP"
"OXFSVPGOSO";"11ste Smaldeel"
"OXKRNTEWLF";"Mauser BK-27 x2"
"OXKXNFEOHH";"Igla"
"OXLGLTUVXH";"2-4th Attack Helo. Bat."
"OXMKSGPSCP";"RAF Gütersloh"
"OXTGFFVVDY";"#RFA 94. Heimatschutz-Rgt."
"OXUOPTTILX";"F-4E PHANTOM II [NPLM]"
"OXVFMWIOML";"K-52"
"OXWSLMZMYW";"L11A5"
"OXXWNPCQDS";"Strela-2M"
"OYAAQHJKYY";"AUFKPZ. FUCHS"
"OYEQPCEJNJ";"KS-19"
"OYGAKSCNWM";"S-8KOM"
"OYGUKIDLIR";"EM-5e DB"
"OYHJXXUKDU";"ZÁLOŽNÍCI (T21)"
"OYIWOTESEC";"41 pułk zmech."
"OYLKILGIWS";"#SOV 28-y Korpus"
"OYLYGJEFUN";"REZ. ML-20 152mm"
"OYNQLDCGSS";"Aufklärungs-Bat. 7"
"OYPIJOUWGR";"해병 공수대 (Eryx)"
"OYSSDXPNZZ";"9ste Wing"
"OYTKADQZYY";"#RFA  5. Panzerdivision"
"OYUBMMOFNI";"5-17th Field Artillery Rgt."
"OYWHBXENWF";"FAL"
"OZAEZQULPW";"PEGASO 3046"
"OZDHPWPBLI";"77th Tac. Fighter Sq."
"OZENETPPUO";"무반동포는 화력지원을 위해 운용하는 휴대식 또는 공용화기이며 장갑표적과 보병을 공격할 수 있습니다. 무유도 로켓추진 대전차탄을 발사하여 일반 병사에게 적 전차나 보병을 무력화할 수 있는 효율적이고 휴대 가능한 화력을 제공합니다. 사거리가 짧으므로 매복이나 건물·숲 같은 엄폐지에서 사용할 때 가장 효과적입니다."
"OZHLLMQFTJ";"L7A3"
"OZIMLHHBYS";"M60A3 (TTS) CP"
"OZJAZXCMUU";"9M53K"
"OZKGJPRPGK";"M2HB 12,7mm"
"OZKUXKFCSO";"C.14A [HE]"
"OZNHXOPEWS";"#US  32nd Air Defense Group"
"OZTHORGUOE";"HS.831 30mm"
"PABOCIVXTV";"T-54B"
"PAHRYYTNTY";"AGM-65D Maverick"
"PAIVLIRDPQ";"CN-120 F1"
"PAPGLVWFKH";"Mauser BK-27"
"PAQCEIGNRS";"M48A5E2 MANDO"
"PAQDNADEVW";"293rd Engineer Bat."
"PAQHYTHAGW";"Mi-8MTV [RKT]"
"PATGVKTMDI";"2-332. KDBr"
"PAURZXKZNH";"CF-188 [AT]"
"PAUSJGTPDI";"[SHOCK#trait_SHOCK]: [SHOCK] 능력이 없는 모든 보병유닛에 제압을 가합니다.
[PARA#trait_PARA]: 유닛이 전방배치할 수 있습니다.
[SML#trait_SML]: 분대원이 6명 미만입니다."
"PAXDOARDFT";"antirad"
"PBEVXDEUDC";"VERKENNERS"
"PBGEAOASMG";"M36"
"PBHLRGBIDM";"GSh-23L"
"PBIBOGHPUU";"N.G. M106A2 MORTAR"
"PBILPNJQKQ";"T-54BK"
"PBIMLHQYFL";"PRWB OSA-AKM"
"PBJCOPWLNP";"3-385-y Art. Polk"
"PBJYEGALCO";"14,5mm"
"PBLVBBJTYK";"Panzer-Bat. 104"
"PBPBJPUWVO";"M2A1-7"
"PBUGFRQPUT";"T-80UD"
"PBVGGCENME";"MK 20 Rh 202"
"PBZAQJSCSR";"PZ.GRENADIER (M113)"
"PBZENFLZNF";"GREEN ARCHER"
"PCAQYNYSQJ";"PANSERVÆRNSSKYTTER"
"PCDACBGTTT";"MT-LB"
"PCDFIFUMLP";"1-113 pa"
"PCEKPTCSDX";"RPO Rys"
"PCERLWWWMI";"16-ya Gv. IAD"
"PCGDSXGXGX";"#CZ 82. PRBr"
"PCIMWMKNHW";"#RFA VBK 42"
"PCNFOXLFBL";"Jäger-Bat. 107"
"PCOXOMMRWI";"103mm"
"PCOYCDRMXA";"48th Tac. Fighter Wing"
"PCQPOXURUA";"VEC-25"
"PCRBZJOVCK";"REZ. DShK 12,7mm"
"PCWGWZBHDP";"AH-1F COBRA"
"PCWMGTULZI";"52 Tkbat"
"PCYBXXIDWK";"#SOV 1-y Gv. Tank. Polk"
"PCZHGIJYIH";"HJV"
"PCZPFKETVP";"MOTOSTRELKI (BMP)"
"PDAAWAVBMZ";"MG-42/58"
"PDCFZCVEPT";"M38A1 M/56 106 mm"
"PDCSKLULPL";"M901A3 ITV"
"PDDXBRLDKF";"폭파 장약"
"PDGOVCKXQT";"Panzer-Bat. 623"
"PDHCUOAART";"USMC STINGER"
"PDHGFSUBID";"3rd Rgt. RCHA"
"PDJIBQDGDG";"AERO-M252 81mm"
"PDKYUPDSPX";"1-16-y Gv. Tank. Polk"
"PDLASUACKN";"MOR. 2B9 82mm"
"PDOHARERCO";"YPR-765 PRRDR"
"PDOKDYDALD";"FAL"
"PDOUDVXPDP";"RAPIER FSA"
"PDRVIIYQAV";"Type 60"
"PDSNGMLODR";"HJ-8A"
"PDTGAWYJCK";"M151A2 M2HB"
"PDTIJUAQTZ";"DESANT. MOR. PEKHOTA"
"PDVGZATOLE";"MILAN 2"
"PDXHMXXYIT";"15 (Vol.) Para Btn."
"PDYTLCNQSR";"부대 정찰대"
"PEAZUDDDCP";"Feldartillerie-Bat. 21"
"PECGOOFFBO";"3-35th Field Artillery Rgt."
"PECQDPAIEZ";"AB STINGER"
"PEDZWHWPYI";"대공포(AA)는 빠르게 움직이는 공중 표적을 격추하기 위한 무기입니다.
이런 포는 빠른 선회와 높은 발사속도·고각을 갖춘 포탑에 탑재되는 경우가 많습니다. 발전된 체계는 사격통제 컴퓨터와 레이더를 사용하여 항공기와 헬리콥터를 즉시 추적하고 사격할 수 있습니다. 대공포는 2연장 또는 4연장으로 운용되는 경우가 많으며, 경장갑 지상 표적을 상대로 직접사격할 때도 매우 효과적입니다.  "
"PEJIJOLVBD";"LARO KOMMANDO"
"PELGTHCREA";"130mm"
"PERMBGIQUR";"M24"
"PERRREOTMT";"Jäger-Bat. 521"
"PETNUYFLEX";"3-944-y Gv. Art. Polk"
"PEUTIUKFAY";"Kokon"
"PEVBTCJVAK";"TRAFIC GENDARMERIE"
"PEWGPPIUEF";"2-136th Mech. Inf. (NG)"
"PEWMCVDIOO";"공중기동 화력조 지휘관"
"PFABLPUSQA";"SHMEL-1"
"PFBDSSMLIZ";"Kh-29L"
"PFEYNGDKVR";"35-YA OG DESANTNO-SHTURMOVAYA BRIG."
"PFGKBJIMBQ";"#PACT Kom.-GSVG"
"PFKJGPLGKN";"1-29-y Gv. MSP"
"PFLXHQPZPP";"#RFA 2. Luftwaffendivision"
"PFMPJNZAXB";"27-YA GV. MOTOSTRELK. DIV."
"PFQAMEYXCU";"4TH ARMOURED DIVISION"
"PFSNPXDPNZ";"JAGUAR [LGB]"
"PFTATHDCER";"예비군 유닛은 무기 명중률이 낮고 전투에서 더 많은 제압을 받습니다."
"PFTFLCOGZP";"무유도 공대지 로켓은 항공기와 헬리콥터에서 지상 표적을 향해 발사합니다.
흔히 쓰이는 로켓은 일반적으로 능동 유도 체계가 없어 미사일과 구별됩니다. 단순하고 사용하기 쉬운 대신 정확도는 높지 않지만, 단거리 공격이나 지역 포화에 편리합니다. 다양한 탄두를 탑재하며 로켓 포드에서 일제사격하여 막대한 화력을 퍼붓는 경우가 많습니다."
"PFTJXSGZTK";"LEOPARD 1A5-DK"
"PFTSLKXQFN";"6TH INFANTRY DIVISION (LIGHT)"
"PFUIGQRWVP";"MFG TORNADO IDS [CLU]"
"PFWJUTBNGI";"8TH INFANTRY DIVISION"
"PGADMNXTYN";"AZP S-60"
"PGBAFCGCMG";"수송"
"PGBWNFIKZY";"예비군 지휘관"
"PGDNNFDCAX";"Utes-M"
"PGIEIPKORS";"A-7D CORSAIR II [AT]"
"PGKTTDRXER";"1-10th Armored Bat."
"PGQHMBBMIM";"BWP-1K3"
"PGRSDBDUYJ";"35TH INFANTRY DIVISION (MECH.)"
"PGRTRVFSDO";"Su-25 [HE]"
"PGRWEQBBCJ";"M113 LYNX"
"PGTTSRFGMH";"공대지 로켓"
"PGUMXHCRDE";"KS-30 130mm"
"PGVRYLHLPR";"L44"
"PGWKSMRNCM";"Paveway II"
"PHCCTQFNDB";"SPG-9"
"PHGSCYQOOI";"5th Royal Dragoon Gds."
"PHHDIGXBTS";"PZ.GRENADIER"
"PHHWJUIYKW";"ERA를 장착한 전차는 내구도가 증가하여 더 많은 피해를 견딜 수 있습니다. 이는 HEAT 탄두에 대한 차량의 향상된 생존성을 나타냅니다."
"PHJAWEUGBO";"KrAZ-255B SNAB."
"PHMEUZGBOA";"DA-2 Armia"
"PHNWZHUTQH";"SPEJDERE (DYKN)"
"PHONLEFTCT";"Su-7BKŁ [EW]"
"PHPYTDMWXB";"POHRANIČNÍCI"
"PHQOFRQKBD";"2S1M MORSKI GOŹDZIK"
"PHTFJUCOPO";"FV432 MILAN"
"PHUIVIQPYR";"HAWK T.1A [RKT]"
"PHUMLFNGAW";"FLA-RAK. STRELA-2M"
"PHXHSNOUBT";"VELITEL VÝSADKÁŘŮ"
"PHXXZWVFPY";"ALPHA JET [HE]"
"PHYDPGHHUU";"49 pułk zmech."
"PHZJILPCZI";"NAVY SEALS"
"PIAQOCVNIG";"HIBNERYT-KG"
"PICLQNHXCF";"KOMENDATURA"
"PIFQSXQYAZ";"일반적인 보병분대는 약 12명으로 구성되지만 국가와 군 편제에 따라 인원이 더 많거나 적을 수 있습니다."
"PIGGUYQCJE";"#RFA  54. Heimatschutz-Brig."
"PIGNWYDHJI";"5E DIV.BLD. OFFICIAL BATTLEGROUP"
"PIMRZEAWWP";"USMC M114 155mm"
"PINCMLVXVZ";"Escadre de Chasse 30"
"PINZYMRTQP";"#SOV 332-y Gv. Tank. Polk"
"PIOBDJVCMB";"MiG-21bis [RKT1]"
"PIODWXRAAB";"YPR-765 PRI.50"
"PIQDJIXNDD";"2-YA GV. MTSK. OFFICIAL BATTLEGROUP"
"PIQIZXKDWA";"Jäger-Bat. 713"
"PIUCTSHCZD";"HMG TEAM (M1919A4)"
"PIUUBDDLYS";"2nd Field Artillery Rgt."
"PIUYSMYOVD";"MiG-27K [SEAD]"
"PIVBTIZJRZ";"Mi-6A GRUZOVOI"
"PIVEGOVHQL";"OKHRANA VMF"
"PIVIKLFHZT";"R-27ER"
"PIZPMGRGQU";"2-MSR. 34"
"PIZYTUGIQX";"1.st Canadian Division"
"PJAKLSTUCH";"HEIMAT-JÄGER"
"PJAXKHPCLO";"4-82nd Field Artillery Rgt."
"PJBIHLLDTX";"NIEB. BERETY PKM 7,62mm"
"PJBQXFSLYM";"HQ-3rd Armored Div."
"PJEVQRHJJY";"SAPERI"
"PJEYRUWVEZ";"KMGU"
"PJGDEZKWPD";"1-36th Mech. Infantry Bat."
"PJIDKDDFHU";"MK-20 Rockeye II"
"PJIJPUPSLG";"1-28. DP"
"PJIWQTSYIZ";"FV432 SCAT"
"PJMMKCXWFW";"OP_13_SURV_BEL"
"PJMOVCTXZG";"BREDA/BOFORS L40/70"
"PJNPTODBQI";"MAN Z311 LOG."
"PJOGYPBWLG";"MiG-21bis [CLU]"
"PJPKSAQBWF";"M101 105mm"
"PJQELQWBBX";"TerrKdo SUD"
"PJRSZEHKAN";"TOA C/C MILAN"
"PJWNARUKTB";"II./MSR. 42"
"PJWQOQSZBH";"SPG-9"
"PJYQPFGQRI";"MFG TORNADO IDS [SEAD]"
"PKAENMQARS";"LEGION.-SAPEURS (Flam.)"
"PKBRELZBVX";"TRI HORS"
"PKDRBZONRY";"FLIEGERFAUST"
"PKHOCERPIW";"115-Y OTD. TANK. POLK"
"PKIJVHMFJK";"RBS56"
"PKIXZCLKDG";"EMFAR"
"PKKXUYTQEP";"#SOV 16-ya Vozdushnaya Armiya"
"PKKYIYMFCN";"R58 "
"PKOEWMXLJF";"RÜGENER GRUPPIERUNG"
"PKOLUEEPXT";"PARA. M167A1 VADS 20mm"
"PKVBONSKYF";"3-6 Baa"
"PKVEAHZLOL";"9M128 Agona"
"PKVWTJQPSA";"SPEZIALAUFKLÄRER"
"PKWRSHDACP";"Pionier-Bat. 3"
"PKXHATVWBN";"#SOV  95-y Tank. Polk"
"PLAELGTNOX";"DCA 11"
"PLBDPZFZIA";"16e Chasseurs"
"PLDWPZVFDV";"VBK 47"
"PLFQVYGSEW";"Hydra 70"
"PLHOFMNZLK";"DESANT. 6U6 12,7mm"
"PLHZIHOFJZ";"Panzer-Bat. 134"
"PLLFGZOHQN";"PzGrenadier-Bat. 313"
"PLLJZGFJMU";"Type 74"
"PLLMVQMOND";"1. TANK. DIV. OFFICIAL BATTLEGROUP"
"PLNGIGNGGM";"MiG-23BN [NPLM]"
"PLPDRDKJBT";"PUMA HC.1 SUPPLY"
"PLPEBBRYUG";"EF-111A RAVEN [EW]"
"PLQXJJSRBY";"#DDR  17. MSD"
"PLRSAZGPFC";"2-MSR. 33"
"PLSBNXSZEF";"폭발반응장갑"
"PLUDJLKIDH";"대레이더 미사일(ARM)은 적 레이더 방사를 자동으로 탐지해 추적합니다. 보통 활성 레이더를 상대로 원거리에서 발사하여 적 SAM 체계를 무력화하고 후속 항공기가 방공망을 돌파할 수 있게 합니다.

대레이더 미사일은 활성화된 레이더 체계에 자동으로 락온하여 적 방공유닛을 파괴하려 합니다. ARM은 일반적으로 전방의 제한된 교전각 안에서만 표적을 포착할 수 있습니다."
"PLYUBBOYNT";"Esc. de Chasse 2/11 Vosges"
"PLZFPINRVW";"II./MSR. 43"
"PMACUEUVSH";"2-74-y Gv. Tank. Polk"
"PMDLZWVBCD";"Su-25K [RKT2]"
"PMECWCPUCZ";"N.G. M60A3 (TTS)"
"PMHWKFBDIN";"AN/MLQ-334 TACJAM"
"PMLDWPAASM";"Su-22M4 [NPLM]"
"PMNDXCSDST";"PANZERFAUST 44"
"PMPTRGMCKS";"AGM-114A Hellfire"
"PMSMFBGOVB";"HT.17 ABAS."
"PMUWHMETZF";"Sicherungs-Bat. 38"
"PMXNITAXWB";"Fallschirm-Bat. 263"
"PNCMGGTNRT";"46 dar"
"PNCSMBWMDW";"HAUBITS M114/39 155mm"
"PNFHHDFOUR";"ROZP. SPECJALNE"
"PNFYFXXOLT";"MILITANT Mk.3"
"PNGRSTRXNQ";"4 Field Rgt. RHA"
"PNHDVSWQOV";"C.14A [CLU]"
"PNJKIPWPEO";"T-72A Obr. 81"
"PNKHGOIJHO";"MK-20 Rockeye II"
"PNPKHMOXDE";"HSS.804 x3"
"PNRHZTQVAE";"MOTOSTRELKI (Metis)"
"PNSEWJWFMJ";"#CAN 1 Canadian Division"
"PNTOIBOCHI";"VKK 422"
"PNUDECNGYF";"2-3. DP"
"PNUOLNEACB";"1-PR-21"
"PNXRFPNXCN";"VII,/Royal Anglian Rgt."
"PNYWTPYVZI";"2-18th Mech. Infantry Bat."
"POBJWGVRXL";"주방위군 공병 (화염방사기)"
"POHGXHXUOL";"2-12. TP"
"POHKNTHWSW";"M163A2 PIVADS"
"POITIJYGQE";"FNC"
"POKHVHZQBM";"ROVER MILAN"
"POOUHMYKKC";"KPz. T-54AM"
"POSMNWFHJY";"3. Flugabwehr-Kdo"
"POWTNOZCWX";"3-49. MSP"
"PPDUSQLCIA";"3 RTR"
"PPFBGMSGYQ";"FUSILIEROS (M65)"
"PPFQOGQCKU";"DESANT. NSV 12,7mm"
"PPGRMAFTTS";"HJ-8A"
"PPHDBVAFKN";"OV-10 BRONCO"
"PPHRFSJBZP";"74. Pionier-Rgt."
"PPJNDZBDXN";"Tarasnice T-21"
"PPMEQSTOSB";"VAB PM-81"
"PPQXITMDXU";"이 차량은 방어용 연막탄 발사기를 장비합니다. 연막을 전개해 일정 시간 동안 유닛을 가릴 수 있습니다."
"PPRIJFVMKO";"Kom./57-ya Gv. MSD"
"PPUZQUWYFF";"GEBH. M56 105mm"
"PPYRYDDJRK";"11E DIVISION PARACHUTISTE"
"PPZEULMPRW";"UAZ-452 WSW"
"PQAWBEJVSY";"M41-DK1"
"PQAXWYVNWM";"USMC M1025 HUMVEE CP"
"PQCDPDZDGA";"MIRAGE 5BA [HE]"
"PQFLQXGSHW";"Gr.Wfr. M43 120mm"
"PQIVENMWSO";"R-13M"
"PQJGDTMCTS";"RT RAZVEDKA"
"PQKFIIMBRJ";"KRAKA MILAN"
"PQLCOEUDDN";"#NL 42 Pantserinfanteriebrigade"
"PQMXKNLAGJ";"AB M60 7,62mm"
"PQNTGIMBEF";"Flugabwehr-Rgt. 230"
"PQPIOHFAPQ";"2-33-y MSP"
"PQQWPQXKFZ";"MIRAGE IV [HE]"
"PQRPOYTAPE";"EMCFFA/2CA"
"PQTSKZXVBM";"MOTOSTŘELCI (RPG7)"
"PQZYDVUPFK";"지휘전차"
"PRBDKEAUZB";"IGLA"
"PRGOPTUKBT";"#SOV 333-y MSP"
"PRGVAGZOFX";"#RFA 10. Panzerdivision"
"PRLNYDKMNM";"UAZ-469"
"PRLRUNDHUF";"MAN Z311 HSS.630-3"
"PRMMIORSRS";"M151A2 I-TOW"
"PROANYPFDZ";"AMD-65"
"PRTCDCACMB";"1ST ARM. CAVALRY REGT."
"PRXAQJVVVR";"AMX-13 VCI 12,7mm"
"PRYVIALUSA";"1-6. MSP"
"PRZNVVSFFX";"1-9 pz"
"PRZVWHVBUK";"BLG66 Belouga"
"PSEQRBLFVL";"I./AR 17"
"PSEYOMNXDJ";"T-72S"
"PSPMNQQHAT";"AIM-7P Sparrow"
"PSSXFLHOWM";"2-99-y Art. Polk"
"PSVRGDCQPX";"#NATO SOUTHAG"
"PSVRNTGPRM";"III,/The Staffordshire Regiment"
"PSWXMIUVQE";"SBAT-70"
"PSXGGJVXIM";"K.d.A OFFICIAL BATTLEGROUP"
"PSYNQYRFOE";"BUCCANEER S.2B [SEAD]"
"PTAGBRTCDY";"115mm"
"PTBEIHGJMP";"M114/39"
"PTEYVQDEVI";"무유도 공대지 로켓은 항공기와 헬리콥터에서 지상 표적을 향해 발사합니다.
흔히 쓰이는 로켓은 일반적으로 능동 유도 체계가 없어 미사일과 구별됩니다. 단순하고 사용하기 쉬운 대신 정확도는 높지 않지만, 단거리 공격이나 지역 포화에 편리합니다. 다양한 탄두를 탑재하며 로켓 포드에서 일제사격하여 막대한 화력을 퍼붓는 경우가 많습니다."
"PTHQFYEYNL";"1-60-y MSP"
"PTIHIMYPTS";"Pz.Gren.-Bat. 303"
"PTJDXRLRBE";"HK-11"
"PTKHDHINQK";"ZÁSOBOVACÍ V3S"
"PTOUDCFJXH";"18-ya Gv. MSD"
"PTQKBHZEAO";"3-10. TP"
"PTTOYHJNSW";"79-YA GV. TANK. DIV."
"PTVCKUKMBW";"GDF-002"
"PUASNWVYSA";"Su-25K [NPLM]"
"PUAXXIFIQR";"ZAPADORES (BMR)"
"PUCVEVFXZU";"I./PR-14"
"PUEGJLSZZH";"Stab-2. PzGrenadier-Div."
"PUFCKAPCNJ";"1079-y Zen. Art. Polk"
"PUHREDFXOM";"1 CANADIAN DIVISION"
"PUHZBDNUIH";"A222"
"PUIDGFFERO";"2-47-y Gv. Tank. Polk"
"PUKPKFEKCQ";"M129"
"PUKVPNXXHI";"Pionier-Bat. 1"
"PUSKTKJWSB";"#US 48th Tac. Fighter Wing"
"PUTYNTCHVS";"VAB MEPHISTO"
"PUXIECGBFS";"C7"
"PVACSIPJZG";"Mi-19"
"PVAHLUVNOU";"PaK K-52 85mm"
"PVDAFQDMXK";"LVK M/70 40mm"
"PVDNKZTCHM";"M101 105mm"
"PVDZAIMOLV";"Res. Mot.-Schützenbat. 23"
"PVEXJNPIAT";"2-280-y Gv. MSP"
"PVGMINWHUK";"SPETSRAZVEDKA"
"PVHTZLWRER";"VW T3 FELDJÄGER"
"PVPCOJYPAC";"409TFS"
"PVSPCTVSLY";"FV433 ABBOT"
"PVTDCCMMCQ";"T-64BVK"
"PVVYMVLVCV";"GAZELLE LBH.1"
"PVYMKZXNSK";"PzArtillerie-Bat. 245"
"PVYZMESBKB";"저격수 (M82)"
"PWEZSYRWVJ";"3 gb 100 pz"
"PWFCUQKQBO";"T-55AD"
"PWFPWHOYJX";"BTR-40A"
"PWILGTKKKD";"#SOV 164-y Gv. MSP"
"PWIOCRQQLR";"ODAB-500PM"
"PWJZFHVHWI";"#US  VII. Corps"
"PWLFIKZVRL";"VOPOS FÜH."
"PWLQGRCLQB";"팀"
"PWMGFMXLIK";"MNAD"
"PWMNUJBFVZ";"RBS-70"
"PWRFMOCEGD";"1-37th Armored Bat."
"PWSLIOEIVH";"KS-19M"
"PWTVLIYEDA";"LVR M/73 HAMLET"
"PWURXHCXMU";"F 35 WDNS [HE/CLU]"
"PWVPHVVDWS";"M998 HUMVEE"
"PWWHJHNRZO";"2-128-y Art. Polk"
"PWWXJEDFOJ";"L1A1 12,7mm M63"
"PWXSUSOYWA";"M65"
"PWZUDTXGEV";"#NL 13 Pantserbrigade"
"PXDDUQGJES";"KAB-1500Kr"
"PXENQNXLDH";"Zf. Kar. 31"
"PXGJOSKYJD";"20 pappanc"
"PXGKGDVGJM";"Su-24MP [EW]"
"PXGZSHHKLL";"LEOPARD 1(BE)"
"PXLSQHOJNR";"2-249-y Gv. MSP"
"PXLUWKPFOQ";"Kar 98K ZF"
"PXPBWYDEUL";"NR-30 x2"
"PXRPGKAFTT";"2-16 pa"
"PYBSTDNLIP";"915-y Zen. Rak. Pol"
"PYCOSTVBLM";"M197"
"PYDKZGTUED";"FERNSPAHER"
"PYELJQXKNY";"S-61A SUPPLY"
"PYKRNCHMIR";"DESANT. ZU-23-2"
"PYPFITRARJ";"Kom./18-ya Gv. MSD"
"PYQFGUICLN";"110mm"
"PYRLFVYIII";"1-295-y Gv. MSP"
"PYRUNOMROM";"1-7th Mech. Infantry Bat."
"PYTCDZFAHM";"Sicherungs-Bat. 58"
"PYTEWMOHIB";"HEIMAT-JÄGER FÜH."
"PYUUQOJTWR";"G3A4"
"PYZPAARRBF";"M125"
"PZBGGAIVBY";"YP-408 PWCO"
"PZBVVMIGWZ";"8e RPIMa"
"PZEVQWHPFX";"ZÁLOŽNÍCI"
"PZEZOIINPD";"110e Infanterie"
"PZHMEGQDPS";"8TH INFANTRY DIVISION (MECH.)"
"PZHRXVMDUU";"Su-22M4P [SEAD]"
"PZIHENIWXG";"1-49. MSP"
"PZKMCADNSZ";"Mk 81"
"PZKSKJHZUQ";"M43"
"PZNMWBGXZY";"EC-90"
"PZOJGQYSQK";"#RFA Panzerbrigade 12"
"PZOXTCRFWJ";"AH-1F COBRA"
"PZQOPTPFDF";"RCLA Almansa"
"PZUKURRYXV";"L7"
"PZVBQOBKQI";"Mi-24D"
"PZWIPYNNRC";"REZ. D-1 152mm"
"PZYJOARQYL";"REZ. SAPERI"
"QAAALJYIJR";"4-290-y Art. Polk"
"QACOYAKMPX";"D-44 85mm"
"QAECDNSKDW";"FZAB-500M"
"QAEEWSPMRX";"Gv m/66"
"QAFHCYROEI";"DLWP"
"QAJVVUAFSQ";"Kom./21-ya MSD"
"QALZSXGAJU";"GF SHTURM-S"
"QAMNNBXTDI";"2-20th Field Artillery Rgt."
"QAOTEAHDKW";"DESANT. UAZ-3151 SPG-9"
"QAOYNKULWX";"저격수"
"QAQKVBZUFJ";"II./MSR. 24"
"QAQTPNGNAZ";"EBR 90"
"QARKMHLJIX";"Plamen-A"
"QASCTUZZWA";"#SOV 45-y Gv. Tank. Polk"
"QAULTYGPIU";"157-YA MOTOSTRELK. DIV."
"QAUUFZLBRJ";"MK-77"
"QAWYURCMNJ";"MiG-29 [AA2]"
"QAYHWXLBRP";"64. Heimatschutz-Brig."
"QBAUFFKAOD";"GBU-10"
"QBBUFBNBAB";"RBK-250"
"QBCHQEUYKE";"T-62M1"
"QBDIBHTMDV";"14th MP Brigade"
"QBDRDMDPHF";"vz. 53"
"QBEFHBIIMA";"83mm HEAT"
"QBEUHWDSIW";"MOTOSTRELKI KOM."
"QBFPFHGJEA";"Sprengbombe 400"
"QBIAPPHHHN";"BS-3"
"QBJJHVSKZX";"No. 12 Squadron"
"QBMVAHUSUT";"Aufk.-Bataillon 4"
"QBNDLNJBUW";"1-8. MSP"
"QBRYHJGJHN";"MT-LB SHTURM-S (Ataka)"
"QBSDOMYDBX";"39-YA GV. MOTOSTRELK. DIV."
"QBUCFZCLCQ";"불안정 유닛은 전투에서 더 많은 제압을 받습니다."
"QBVDSBCSCD";"BUCCANEER S.2B [HE]"
"QBVOPRJHAQ";"HARRIER GR.3 [HE2]"
"QBYEIWANNM";"F-16A [HE/CLU]"
"QBZYHSMIUM";"2. MTSK. DIV. OFFICIAL BATTLEGROUP"
"QCENMCDBZU";"8e Chasseurs"
"QCFLBNZNHD";"5e Dragons"
"QCGBOEWRJB";"74. PIONIER-REGIMENT"
"QCJIPPSBHM";"제17공수군단"
"QCJWGAQXTI";"450kg"
"QCKDAHXHLT";"Su-25K"
"QCLKAQCDLJ";"AH-1F HEAVY HOG"
"QCLVIHDCRV";"N.G. M113A1 ACAV"
"QCRUOTOBPR";"Mi-24P [AT 2]"
"QCTFWEFUHX";"SF2 110mm"
"QCWAXQEMJF";"AMX-30EM2"
"QCZETROBKJ";"CMDT SAPEURS-PARAS"
"QDBZDPAAOI";"MOR. BRDM-2"
"QDFZMWBQTX";"GUV-8700-9A624"
"QDHLNICSUG";"MD-24F"
"QDHXJJFCJG";"77 da"
"QDIMQGFHSZ";"2-32nd Armored Bat."
"QDKASBGXSZ";"LEGIONNAIRES"
"QDNWIWNRLE";"#ESP División Meca. Brunete n°1"
"QDOVNCMORE";"2-74. MSP"
"QDOZYJWYYE";"KHG-5"
"QDQDEABDEJ";"#DDR  22. Mot.-Schützen-Rgt."
"QDSGLGLVMF";"PIONIER LDR."
"QDVOBWSZQW";"JAVELIN LML"
"QDYUWILHFN";"2B14"
"QDZGEILQOJ";"SAXON"
"QDZUTAOUFT";"WOMBAT"
"QEESNEJEIK";"SIG-540"
"QEKDXICYMS";"#SOV  28-y Gv. Tank. Polk"
"QEKNDONYUH";"SPETSGRUPPA ""A"""
"QEKPBDPURE";"M113 M/87 TOW-2"
"QEMHIAPSSI";"HARRIER GR.5 [CLU]"
"QERCZGUPTN";"Luftwaffe"
"QERLRKQBUW";"GR.-MG 30mm"
"QERXTOHUPK";"HS Mk.V"
"QERZSXSBDN";"MiG-23BN [RKT]"
"QFCZYYLANE";"M3A2 BRADLEY CFV"
"QFERPSBXYO";"3-375-y Tank. Polk"
"QFHNIPXRYL";"T-72AK Obr. 79"
"QFISRILZTY";"Su-7BKŁ [HE]"
"QFKDOQBFLA";"항공기나 헬리콥터에서 지상표적을 향해 발사하는 미사일입니다. 공대지 미사일은 레이저 지시, 적외선, 광학, 위성유도 등 다양한 추진·유도방식을 사용합니다. 공대공 미사일과 마찬가지로 사거리가 길지만 느린 제트엔진형부터 단거리 고속 로켓모터형까지 있으며 임무와 형식이 서로 겹치는 경우도 많습니다. 대전차유도미사일처럼 지속 유도가 필요한 것도 있고, 발사 후 망각 방식으로 안전거리에서 교전한 뒤 항공기가 즉시 이탈할 수 있는 것도 있습니다."
"QFOJWUMNST";"Stab-TerrKdo Süd"
"QFPKXPEQHI";"#US  42nd Field Artillery Brig."
"QFQPVLHOCT";"M1025 HUMVEE CP"
"QFZABRULDF";"3-217. PTP"
"QFZNKGBDNT";"돌격공병 지휘관"
"QGAQCDCRLH";"Bidons spéciaux"
"QGATEJXEUD";"MOTOSTRELKI CUBA (BMP)"
"QGDEDJWHYX";"PZ.GRENADIER (CarlG)"
"QGDRTWMQWB";"M16A2"
"QGFEQPEYHN";"ROLAND 2"
"QGGMTYDXVK";"FlaRak-Oerlikon (HE)"
"QGGNRDKKHW";"66mm"
"QGNJFRTTXD";"ŽENIJNÍ PRŮZKUMNÍCI"
"QGQUFSWFZB";"15e Artillerie"
"QGSQGXPNWY";"M103"
"QGUHEAAYWW";"119-Y OTD. TANK. POLK"
"QGVLDLRVHK";"MiG-25PD [AA]"
"QGWAROKRGN";"#RFA PzGrenadier-Brigade 22"
"QGYCLBZIWV";"BMR-PP RECO."
"QGZCVVPRTW";"RAZV. BMP-2"
"QHBPEXRTVU";"VÝS. ZÁSOBOVACÍ UAZ-469"
"QHCEPFJPEK";"I,/GeWR-5"
"QHCJJTIJAW";"Su-22M4P [SEAD]"
"QHDAXHDGDH";"1-283-y Gv. MSP"
"QHDNMBTAKU";"I-HAWK"
"QHDTKXELQT";"CENTURION Mk.5/1"
"QHIJIIXOTP";"3-MSR. 1"
"QHNGKSHNXQ";"Pionier-Bat. 2"
"QHOVTSDACL";"AA-1"
"QHPACMTOYD";"VII,/The Light Infantry (V)"
"QHPEBAKMJC";"CANBERRA T.17A [EW]"
"QHSSKTBWYF";"11-y ORAP"
"QHTRSMPDSZ";"HJV FØRER"
"QHUFTGVSXX";" PRŮZ. BVP-1"
"QHWKNJQAVD";"34. Stíhací Bomb. Letecká Divize"
"QHXGSTXDTE";"GIAT M693"
"QIHPZMMBOU";"17th/21st Lancers"
"QIKUVABKDH";"17th Air Force"
"QIKVIPSJXZ";"8th Infantry Division"
"QILZKONGTO";"SAXON CP"
"QIMQGOOPYV";"AV-8B HARRIER II [HE]"
"QIOAXNCXTO";"이 차량은 육상과 수상 모두에서 운용할 수 있도록 설계되었습니다. 방수 차체와 워터제트 또는 프로펠러 같은 전용 추진장치를 이용해 수역을 건널 수 있습니다."
"QIOGXDAULL";"무유도 공대지 로켓은 항공기와 헬리콥터에서 지상 표적을 향해 발사합니다.
흔히 쓰이는 로켓은 일반적으로 능동 유도 체계가 없어 미사일과 구별됩니다. 단순하고 사용하기 쉬운 대신 정확도는 높지 않지만, 단거리 공격이나 지역 포화에 편리합니다. 다양한 탄두를 탑재하며 로켓 포드에서 일제사격하여 막대한 화력을 퍼붓는 경우가 많습니다."
"QIOZGELGNK";"Aufk.-Bataillon 19"
"QIQYAYMBRE";"Artilleriebataljon 62"
"QITRJLAGPA";"PzGrenadier-Bat. 133"
"QIUGJEGBGQ";"2-11. MSP"
"QIULDJAXXZ";"2e Rgt. d'Artillerie"
"QIVESQTKAD";"URAL-4320 METLA"
"QIWIETSCAN";"MLR BM-13"
"QIWWCVGZAX";"RES. AANF1 7,62mm"
"QJAQCHUGGS";"III,/AR-8"
"QJBOLBRHPM";"2M3"
"QJDCDAYHWK";"CATI"
"QJENYMPZWL";"43 Painfbat"
"QJGKKAGRYT";"20-y Gv. APIB"
"QJKSZMKHTR";"Mi-24D [AT 2]"
"QJLAMILWJX";"DESANT. IGLA"
"QJLHSNIKUZ";"2-33. TP"
"QJLTYSZYCR";"2-79. MSP"
"QJNSWISVWN";"L1A1 Scoped"
"QJOZJGFDOW";"Geb.Aufkl.-Bat. 8"
"QJPHRTRLEZ";"CUCV CFMP"
"QJPYQBIBBI";"2-MSR. 30"
"QJQGHOHITG";"화력조 지휘관"
"QJRFMUUIXX";"vz. 53"
"QJTIQRPAZL";"UAZ-452 KOMENDATURA"
"QJUEJEYTYH";"K.d.A. FÜH."
"QJVMFRONCP";"M47E2 MANDO"
"QJWXBMLGAK";"BO-105 PAH-1"
"QJYBIKEMSZ";"SPETSNAZ SNAYPERI"
"QJZVGFHRJD";"3-2 pa"
"QKAJKQFAJA";"CN 90 F1"
"QKDFWPQHNZ";"TRM-2000 TARASQUE"
"QKEVPFJDLT";"Maxson"
"QKFAPUHRHU";"Mi-24D [AA]"
"QKGKCRGCEP";"1-11. MSP"
"QKLMUMVQOL";"UAZ-469"
"QKNAFCWDXP";"1-360-y Tank. Polk"
"QKNOFHGUSF";"JAGUAR [SEAD]"
"QKRPHCDANR";"401 Rgt. d'Artillerie"
"QKSHBSCKYG";"AIFV-B-C25"
"QKUDJOXGAH";"3-34th Armored"
"QKUJNRRLTQ";"M vz.82 PRÁM-L 120mm"
"QKXJISXYJR";"Heeresflieger-Rgt. 36"
"QKZVQLGAFC";"24e Rgt. d'Artillerie"
"QLAFMIKSJD";"G3A4"
"QLDBLGSRSB";"BEDFORD TM 보급차량"
"QLGXTETAPH";"#CZ 14. Tanková Divize"
"QLIYADHREQ";"FITOW"
"QLKJNBXOWC";"16 Painfbat"
"QLNWUFSBYO";"OKHRANA VMF"
"QLQCATVUXU";"#CZ 20. Motostřelecká Divize"
"QLRYYHOPDV";"OTO Melara M56/14"
"QLSJEFMGRR";"3-29 pcz"
"QLTGGCHIZH";"1-30th Mech. Infantry Bat."
"QLUYYLPOHX";"19. MTSK. DIV. OFFICIAL BATTLEGROUP"
"QLVGIWPBNT";"A-10A [RKT]"
"QLVLGHQDJC";"VÝS. BzK Vz.59 82mm"
"QMARIMMYYB";"FASTA-4"
"QMBGWGVSYA";"BTR-152A"
"QMBWEKMQXT";"이 유닛은 과거 복무한 군인, 주방위군 또는 그 밖의 예비역 등 이전 군 경력이 있는 병력으로 구성됩니다. 연령에 따라 차이는 있지만 일정 수준의 훈련을 받았고 군의 무기, 전술과 장비에 전반적으로 익숙합니다."
"QMBXXRWLNN";"#RFA Luftlande-Brigade 25"
"QMDCRMGRZE";"286-ya Gv. Artilleri. Brigada"
"QMEVIXAZQV";"RPG-7VL"
"QMFHMFIWSF";"MiG-23MF [AT]"
"QMHVFVAVLI";"기관단총"
"QMJVQVCAIT";"2 br"
"QMLLWKYTIT";"R-60M"
"QMNZNDUMNZ";"12 Painfbat"
"QMOBJVPKMP";"Remington 700"
"QMUOEYZJUJ";"A-10A [AT]"
"QMWOVWRAPM";"SEA KING Mk.41"
"QMXXACACWB";"2-113 pa"
"QMYPZMVXBB";"#NL 52 Pantserinfanteriebrigade"
"QMYTTOVKOE";"MOT. RAZVEDKA"
"QNAHSKOJZQ";"#FR 7e Division Blindée"
"QNCCWWJMFW";"EM-6e DLB"
"QNDKORSWSA";"3-168-y Gv. MSP"
"QNJPPXQVCE";"MARINES Mk.19 40mm"
"QNLYJOPJYH";"VKK 453"
"QNOPRDJIAJ";"PtK vz.53 100mm"
"QNOTNESXIQ";"Felddepot"
"QNQGMNQKII";"MG 51"
"QNQQDSPARO";"F-111E [NPLM]"
"QNQTJKMAZX";"Lmg 25"
"QNRDEUIJMI";"YP-408 PWI"
"QNUOYXWGTG";"DB-6 Bpdes"
"QOAEINZSBK";"AERO-SCOUTS"
"QOHABCBPZC";"FOLT"
"QOIHLLPMDV";"KrAZ-255B MUN."
"QOJTMUFXFK";"PARAS"
"QOKQTNKWBN";"2-35-ya Gv. DShB"
"QOMULOAWDI";"AMX-10 VOA"
"QOOOLXBQVH";"HM2A1 105mm PARA."
"QORHZYANUM";"31-y Gv. IAP"
"QOUYWCGMFV";"KONKURS"
"QOVRQVZAOI";"50th Tac. Fighter Wing"
"QOWCXNHSTP";"10th Tac. Fighter Wing"
"QOWMHBAPBM";"PzGrenadier-Bat. 342"
"QOXZCACYZO";"2A38M"
"QOYCTTAUEL";"EXPLOSIVES"
"QOZTEYHQOW";"TORNADO IDS [LGB]"
"QPBIOVCYXF";"17 pułk zmech."
"QPIICXYCBU";"TRF1 155mm"
"QPIVHKRAZN";"1-45-y Gv. Tank. Polk"
"QPPSDTRRGO";"27-YA GV. MOTOSTRELK. DIV."
"QPRWFQKACS";"Malyutka-M"
"QPRWXMJHBG";"Stab-1. Luftlande"
"QPWYLUTPYN";"39-YA GV. MSD"
"QPYAJTGPPN";"12. Panzer"
"QQDHQSPZIM";"STRANDMEISTER "
"QQHIIBDQIY";"M-21OF"
"QQHRCABWAK";"REZ. Br-5M 280mm"
"QQKCVFWZMQ";"A wz. 1931/37/85 122mm"
"QQOFJMLASF";"1er REC"
"QQPLEPBINP";"SACLOS"
"QQRDORWUIK";"3-5 pz"
"QQRDVUPPNT";"PZ.VERNICHTUNGSGRUPPE"
"QQSDUKCNVD";"저격소총은 일반 소화기보다 먼 거리의 표적을 공격할 수 있습니다. 보통 조준경을 장착하고 발사속도는 낮지만 위력이 강하고 정확도가 매우 높습니다.
저격소총은 장거리에서 적 보병에게 치명적이며 큰 제압을 가합니다."
"QQWTYWFVWB";"T-55AM2B"
"QQYUUBQMEO";"8TH INF.DIV. OFFICIAL BATTLEGROUP"
"QRBSQILGGO";"MOR. BRDM-2 KONKURS"
"QRHLEMQMUA";"CHIEFTAIN MK. 11 CMD"
"QRKXWKQFOH";"KG2,/5. ABr"
"QRLOQNOYVQ";"M2A1 BRADLEY IFV"
"QRMYBUXGVX";"PIONIERS (Flam.)"
"QRNZOXHCZD";"KALMAR"
"QRRGLUPGLA";"36 pułk zmech."
"QRWJBDUKLW";"POLICIA MILITAR"
"QRZDXGCNBP";"M50/63 155mm"
"QSCKRGZLMH";"AMX-13 T75/TCA"
"QSDGEWQCEA";"F-85 (cmd)"
"QSFBTAQAOA";"WIESEL TOW-2"
"QSHVHATIRZ";"Koninklijke Luchtmacht"
"QSHVRXXPSE";"AIM-7F"
"QSHYHEXBUZ";"PARA. SCIMITAR"
"QSKNUIMIEG";"M202 FLASH"
"QSLZFXXVBT";"저격수"
"QSNGCRFTMT";"3-126-y Gv. Art. Polk"
"QSNGVKWJZQ";"#RFA 1. Gebirgsdivision"
"QSPUVFXCSH";"72nd Field Artillery Brig."
"QSQPSAKHIM";"AMX-13 Mod.56 Mortier"
"QSRBYMAYHS";"Teile/Pionierbrigade-5"
"QSTUNWYDRF";"3-MSR. 30"
"QSUQGZYXUT";"200kg"
"QSYTERXRQJ";"2-75. ThdBr"
"QTDGVCTZZX";"M2 BRADLEY IFV"
"QTEOMZACJF";"27-YA GV. MOTOSTRELK. DIV."
"QTFMYQUVED";"T-72M2 WILK"
"QTGUIZYVQA";"MOR. 2S9-1 SVIRISTELKA"
"QTINAGLCJB";"HIBNERYT"
"QTINUXENQG";"I./MSR. 17"
"QTJLQWWZPJ";"VBK 42"
"QTKEGHGGAG";"PANSERINFANTERI (LAW)"
"QTKFDSWRTX";"MiG-21MF [CLU]"
"QTLZNDFNJC";"4MSDChallenge"
"QTOISTTBFE";"M204 GK"
"QTOXSEPUGZ";"LYNX AH.1"
"QTPNZRCUUC";"구르카 대전차조"
"QTQXWUYSZR";"AIFV-B-MIL"
"QTRYAQXPDY";"TU-143"
"QTSCQJHLRD";"BO-105 PAH-1A1"
"QTSJXWLYYM";"#DDR 3. Mot.-Schützen-Rgt."
"QTUEEAIITA";"(소총병 APILAS)"
"QTUPYHEAQD";"Test_Unit"
"QTYATWRDBA";"1-11th ACR (Ally)"
"QUAMWPIMAI";"VEC-90"
"QUANLMLBFX";"6 BRYG. ART. ARMAT"
"QUIAFVKOLI";"#UK RAF Gutersloh"
"QUKFGLXYTE";"TOW-2"
"QUKHMZLSDY";"R-27R"
"QULEZMDXUU";"308-ya Artilleri. Brigada"
"QUNDDESWIY";"L96A1"
"QUNZGQUDOV";"#US  210th Field Artillery Brig."
"QUPJJNQJSS";"M2HB 12,7mm"
"QUQCFNVQPV";"GAZ-66B"
"QURHIAMQQQ";"82mm"
"QUVQMPKOYD";"1-164-y Gv. MSP"
"QUVWFQEJNU";"UR-67"
"QVBMDRSWKD";"BLU-95"
"QVDCGNHJOX";"적이 점령한 지휘구역을 탈취하거나 경합하는 데 특화된 유닛입니다. 주변 아군 유닛도 강화합니다."
"QVGRIANMNQ";"26th Field Rgt. RA"
"QVHJQRENXW";"Mi-8MT GRUZOVOI"
"QVILELCVBU";"M1 ABRAMS"
"QVJLMZRPIR";"T-55AM-1K"
"QVJYWQWCAB";"ALOUETTE III"
"QVOABWGIMT";"M55 Maxson"
"QVPCNQNELR";"B.G.S. STREIFE"
"QVQRQJIPET";"2-9. MSP"
"QVQWWWWDOW";"III./AR 10"
"QVSEMMFCGA";"RPG-29"
"QVTKFFXVWB";"Otd. MSB"
"QVUXOPUSOL";"MB-240G"
"QVWGWTODLR";"2-YA GV. MOTOSTRELK. DIV."
"QVWMUZHLFN";"122-JROF-L"
"QVXJDDQWRD";"SPETSNAZ GRU"
"QVXMSHYRVX";"LYNX AH.1 HELARM"
"QVXTVLXLMN";"2A46-2"
"QVZGQCQYKK";"PZ.GRENADIER"
"QWAIDADWEG";"2-48-y Gv. Tank. Polk"
"QWBZQMWBGZ";"1-172-y Art. Polk"
"QWDNUEPXRO";"BEDFORD MJ2P"
"QWFNXPCIHH";"37 pułk zmech."
"QWHCAENHNS";"M65"
"QWIVSBYWMG";"#US  11th Aviation Brigade"
"QWIXUNMHBL";"M198 155mm (CLGP)"
"QWKHTNHKVL";"A-19"
"QWPEPQBPFZ";"VLRA"
"QWQGMIIRWN";"II./MSR. 14"
"QWQOSGUBFU";"401 Rgt. d'Artillerie"
"QWTAICBUYY";"GREEN ARCHER"
"QWTHRXQKMN";"RPG-7VM"
"QWVVUVUIUW";"2 Gurkhas Regiment"
"QWWMISARUH";"C.14B [AA1]"
"QWWPCCDOMH";"민병대 유닛은 정규군보다 조준과 재장전에 더 오래 걸립니다."
"QXAPEHYSCW";"5e Chasseurs"
"QXAPHFZLIO";"G.91R/3 GINA [RKT]"
"QXDWDRPJQY";"FRR-4"
"QXIGORTEVM";"III./MSR. 7"
"QXJFJJQWME";"USMC I-HAWK"
"QXMKJKVIHC";"MOR. T-55AMV"
"QXNICWRSJI";"AB M1025 HUMVEE TOW"
"QXSBDJIKUG";"T-72 Obr. 77"
"QXSBMUZTUO";"99 paplot"
"QXSYUATSFI";"ALPHA JET A [HE]"
"QXUJYIAMFL";"Jäger-Bat. 943"
"QXWPXZLQZN";"BEDFORD TM"
"QXXHHKVCLA";"2-36 pa"
"QYGFCGYZWS";"1er Dragons"
"QYHEGLXRRO";"M901 ITV"
"QYLHXYGCQZ";"PZ.GREN. FÜH."
"QYLKTMDVXO";"Teritoriální Prapor"
"QYMNQJVVDI";"1. LUFTLANDE-DIVISION"
"QYORFUGMGS";"#BEL  12e Brigade d'Infanterie"
"QYRZWBPJAQ";"#SOV 48-y Gv. Tank. Polk"
"QYTPUERNHJ";"SANTANA MILAN"
"QYUSGEYEIS";"COMMANDOS"
"QYXMOZXNST";"Stab./11. MSD"
"QYXNVNJQTT";"DISMOUNT. TROOPERS"
"QZBPQCXUHF";"Esc. de Chasse 1/11 Roussillon"
"QZCWNYRKSE";"무유도 공대지 로켓은 항공기와 헬리콥터에서 지상 표적을 향해 발사합니다.
흔히 쓰이는 로켓은 일반적으로 능동 유도 체계가 없어 미사일과 구별됩니다. 단순하고 사용하기 쉬운 대신 정확도는 높지 않지만, 단거리 공격이나 지역 포화에 편리합니다. 다양한 탄두를 탑재하며 로켓 포드에서 일제사격하여 막대한 화력을 퍼붓는 경우가 많습니다."
"QZCYRIVYAR";"GAZ-69 B-11"
"QZEKFZZRBA";"KRAKA"
"QZPGBGRANM";"CN-105-57"
"QZQYDPCPOC";"STRELA-2M"
"QZRWNTSIVD";"SPzA1Fü1"
"QZXWRYGGUC";"III./MSR. 24"
"RABFGNGKKT";"VKK 331"
"RACTEWGAJP";"F-4G WILD WEASEL V [SEAD]"
"RADMQGTEBT";"OH-58C/S"
"RAEPSGRBGW";"DESANT. KOM."
"RAFYDFROPG";"RAPIER FSB2 DARKFIRE"
"RAIWUACLLY";"주방위군 화력조 지휘관"
"RAKLFPTKNM";"FAP"
"RAKZZLEULZ";"#SOV 63-y Gv. Tank. Polk"
"RALIMFIPJL";"S-25O"
"RALWEQICQT";"DOW. SPADOCHRONIARZE"
"RANEGWEJUT";"예비군 지휘관"
"RAOSMJETSM";"#CZ 4. Armáda ČSLA"
"RARMEZYOUL";"#BEL  16de Pantserdivisie"
"RASWFMZMAN";"Panzer-Bat. 114"
"RAXQRKPWFQ";"23rd Tac. Fighter Sq."
"RAXZBVIIEZ";"Mi-17"
"RBCTAYLOXV";"BRDM-1 DShK"
"RBCYPUCWMW";"142mm"
"RBDFBRWIUU";"GATLING"
"RBGENQHGZM";"TIRADORES"
"RBGNOBHKKJ";"PW-ŁWD."
"RBJBLQADOH";"보병조"
"RBKWFNAXBA";"PzArtillerie-Bat. 305"
"RBLZWQIRZO";"LEGION. MO-120-RT61"
"RBNPNWZIMF";"72nd Field Artillery Brig."
"RBWPYZNTVI";"ASU-85"
"RBXKNHBINM";"AMX-10 HOT"
"RBYTVWTHTY";"N.G. M113A1 DRAGON"
"RCOBMNQQAK";"2-8. MSP"
"RCOKXLVFFS";"L-39ZO [NPLM]"
"RCPYJPQIII";"T-55AM MERIDA"
"RCRUTTFFSF";"450kg"
"RCUXZYXOTD";"207-YA STRELK. DIV."
"RCWOLXEMXP";"MQM-105 AQUILA"
"RCWOZKHCQK";"vz. 53"
"RCXKWCSNXQ";"1-11. TP"
"RDCLMXSIZI";"56-ya OG DShB OFFICIAL BATTLEGROUP"
"RDESYSXKVJ";"Vz. 52/57"
"RDFYXBRXMU";"UH-60A BLACKHAWK"
"RDHZLCYGPG";"곡사포는 장거리로 포탄을 발사할 수 있는 포병화기입니다. 역사적으로는 다른 야포보다 낮은 포구속도와 높은 사각으로 사격했지만, 현대에는 이러한 구분이 크게 희미해졌습니다. 많은 현대 곡사포는 자주식 또는 견인식이며 다양한 탄종을 장거리로 발사합니다.

곡사포는 장거리 간접사격이 가능한 포병유닛입니다. 구경은 곡사포의 상대적인 화력, 발사속도, 사거리를 가늠하는 기준입니다."
"RDJRULYVYM";"PW-ŁWD."
"RDLOBTRYXO";"DIVMOB OFFICIAL BATTLEGROUP"
"RDNBULDSSX";"6E DIVISION LEGERE BLINDEE"
"RDNHPSVRER";"HAUBITS M/55 203mm"
"RDVIQUPFAU";"2-20. TP"
"RECHYMUGHR";"REZ. SAPERI"
"REDMPHOPRH";"MiG-23BN [HE]"
"REFLKIJAEM";"주방위군 소총병 지휘관"
"REIDQXMIMJ";"이 지휘유닛에는 지휘관과 장교뿐 아니라 무전기와 각종 통신장비를 포함한 핵심 지휘통제 장비가 갖춰져 있습니다. 이를 통해 전장에서 더 효과적인 전술지휘가 가능합니다."
"REIPBYYOHB";"RPK"
"REOWPRPQBC";"ADEN Mk.4 x2"
"REPMDTMKUL";"Panzer-Bat. 201"
"REPOMYEXZK";"2ND MARINE DIVISION"
"RESSOZQFCG";"PPSh-41"
"REXJHSKSKY";"42 pułk zmech."
"RFBSOOKCDK";"N.G. M60A1 RISE"
"RFCTJMFTXJ";"3-77-y Gv. Tank. Polk"
"RFGGRBKFVL";"2-29-y Gv. Tank. Polk"
"RFHYYFMTNB";"#SOV 207-ya MSD"
"RFIEYZQQMX";"CMDT LEGION.-SAPEURS"
"RFJGEFODES";"LPO-50"
"RFJMWUDIAO";"PARA. MANDO"
"RFUAXPYURJ";"BVP-1P"
"RGAHSNEABX";"Guided Munition"
"RGAZFHDAHW";"#SOV 47-ya Gv. Tank. Div."
"RGBCWAAIRF";"V,/Royal Rgt. of Fusiliers"
"RGLLIUGYIX";"SPG-9"
"RGMLNQSXIP";"3-170-y Gv. MSP"
"RGMPMPMVCQ";"#SOV 265-y Gv. MSP"
"RGNGLOCYSX";"Panzer-Bat. 314"
"RGUHEGFUDW";"지대공 미사일"
"RGYZNMWWMH";"UNIMOG S404 FK-20"
"RGZDPHIMPH";"M48A1 CHAPARRAL"
"RHBBZHQOCP";"L96A1"
"RHJMPKOYAD";"MiG-21bis [HE]"
"RHLDPTKJEQ";"M.T.T. (mando)"
"RHLLXQRFXV";"ROVER 101FC SUPPLY"
"RHMZRWZTCG";"3-21. TP"
"RHNLLLUNIX";"MARS"
"RHNYICEWGX";"1-247-y Gv. MSP"
"RHOEMJRPWS";"MOTOSTRELKI (Metis)"
"RHPRPHYVOO";"1-168-y Gv. MSP"
"RHQTSGVXIH";"439TFS"
"RHRBIPUIMD";"M134 Minigun"
"RHYGEJJPEJ";"K.d.A. SCHÜTZEN."
"RIDAXGRPXD";"Velitelství a štáb 20. MSD"
"RIEKNTYYEY";"SKOT-2AP"
"RIGAODRUBD";"해병 STINGER"
"RIGGYFKMKC";"P4 GENDARMERIE"
"RIGGYXBEBA";"32 br"
"RIGSXZHWUF";"Token inexistant VKUNRCJBPL dans SERIOUS_Localisation_Unites"
"RIHTCYVPQW";"9K33 OSA"
"RIIUPCFXHL";"M109A2 (CLGP)"
"RIJJGBGTZM";"kbk AK"
"RINXOHGJUE";"Mi-2D PRZETACZNIK"
"RIPEIWBORS";"FV603 SARACEN"
"RIQLNYTBHG";"10 DYWIZJA ZMECH."
"RIRVMEJIAN";"L7A2"
"RISEYHTMGA";"1. LUFTLANDE-DIVISION"
"RIUGWMBDFT";"M2A2 BRAT"
"RIUNQZUNEV";"VAB RASIT"
"RIXYIPFMUR";"SMAW"
"RIYRUHLJIQ";"Stab.-20. MSD"
"RJFQVFKKEU";"SPz BMP-1 SP1"
"RJIMHKRHZR";"전차사냥꾼"
"RJJGNUEUQO";"USMC LAV-25"
"RJJHYVFWRU";"ROVER CP (Berlin)"
"RJLKRJGMBV";"M256"
"RJMMUZYDGT";"Kom./94-ya Gv. MSD"
"RJPABQTPTU";"MOTOSTRELKI"
"RJPPWHGTIF";"BVP-1"
"RJRKKBUMHP";"REZ. T-54B"
"RJSSGXYYVK";"L42"
"RJTMBDDQVN";"PzArtillerie-Bat. 335"
"RJWPMRKACS";"1-16th Mech. Infantry"
"RKGCLFAHKD";"3-1-y Gv. Tank. Polk"
"RKGOEFANGI";"FAL Scope "
"RKGUWYDEPE";"CRAP"
"RKLFGKDOCR";"4 (Vol.) Para Btn."
"RKWEEECVXD";"HSS.43/57 x3"
"RKZERQGOLD";"BRDM-2 KONKURS"
"RKZMPLFBFE";"SUPER ETENDARD [CLU]"
"RL50";"Royal Laboratory"
"RLCRLENSBV";"2-164-y Gv. MSP"
"RLCYZZLWUN";"M577 PRCO"
"RLEWBJSMTQ";"VKK 412"
"RLFOUKYOUN";"F-16A [AA2]"
"RLJFEIREQO";"GC45"
"RLKLOWRBYC";"I-HAWK"
"RLLKWZAJPU";"45-y otd. Razvedka Bat."
"RLRTEGUMHP";"2-10th Armored Bat."
"RLRVQSHSUV";"ZfK-55"
"RLXCMHDSHA";"CAA 20/120 GAI-BO1"
"RLYOMURBXH";"CHALLENGER MK.2"
"RLYSDYZWDU";"HUA.10 ARTILLADO"
"RMBXRIRHEY";"73mm HEAT"
"RMDZVAHQQU";"13e Génie"
"RMEEPFBUDL";"CH-47C CHINOOK"
"RMMOALXKXU";"Mistral"
"RMSZXSXZDX";"1-MSR. 29"
"RMTQXFYCHD";"S-25LD"
"RMWKWBVAIE";"MAN KAT 6x6 MUN."
"RMWQCPXOFC";"VLRA .50"
"RMWWPIEKBR";"이 유닛은 침투전술, 위장, 정찰에 능한 고도로 훈련된 명사수들로 구성됩니다. 강력한 조준경 장착 저격소총으로 발각되지 않은 채 장거리 표적을 공격할 수 있습니다."
"RNDOEJRIWS";"USMC AAVP-7A1"
"RNHHBPCVBP";"VKK 312"
"RNLMDDRGDU";"TPz FUCHS"
"RNSNWTZMYC";"M63 120mm"
"RNSZELWZMG";"1-22 pa"
"RNTUCEONDD";"N.G. M42A1 DUSTER"
"RNUSQKBDNV";"19th Field Rgt. RA"
"RNVOGKYKCA";"Mk 83"
"RNVVQFXLMV";"REZERVISTI KOM."
"RODNJCSZLJ";"WACHSCHÜTZEN FÜH."
"ROEOFYGXRA";"Kom.-3-ya Armiya"
"ROIIJFFNLT";"CHALLENGER MK.2"
"ROKLQJBLZS";"VKK 452"
"ROLJWREWRD";"III./Artillerie-Brigade 40"
"ROMQTEBLUO";"1-240-y MSP"
"RONVIXSUYA";"M40A1 RCL"
"ROSVKOOSJY";"3-74. RMBr"
"RPCHGNXVDV";"N.G. M125 MORTAR"
"RPEDYNISZM";"1ste Wing"
"RPGUDLLPPH";"2. PZGRENADIER. OFFICIAL BATTLEGROUP"
"RPJSGCNOOJ";"7.92mm"
"RPMEJCNTTH";"MOTOSTRELKI KOM."
"RPMUZIWFNV";"3-283-y Gv. MSP"
"RPNBOROUDT";"사격지휘 유닛은 주변 포병유닛에 숙련도 +1단계를 부여하고 조준시간도 단축합니다."
"RPOYYKFYWV";"PANZERMATROSEN"
"RPPYCMSVYM";"2-1047-y Art. Polk"
"RPQTAKCUAL";"F2"
"RPQTVZECXH";"Mi-14PS"
"RPRVBGAWDQ";"2-11 pcz"
"RPTIYNRJNL";"GAZ-66"
"RPWCUELTIT";"3-5th Field Artillery Rgt."
"RPWIIUXMPW";"13 prplot"
"RPXROOVEDA";"CSR-106"
"RPYUNDSQSC";"BRP-250"
"RPYVRYKSNV";"KPVT Berkut-2"
"RPZVLOJMAT";"2ND ARMORED DIVISION"
"RQADGVVVMH";"Su-7BKL [RKT]"
"RQCIXXRXOP";"#SOV 119-y Otd. Tank. Polk"
"RQFANWIXRN";"23 BRYG. ART. ARMAT"
"RQHCDGPKBL";"#SOV 30-y Gv. Tank. Polk"
"RQIITYHMKE";"#RFA PzGrenadier-Brigade 30"
"RQLFKSIAKH";"TORNADO F.3 [AA]"
"RQLXAVVLPU";"2-117-y Art. Polk"
"RQMAQMNDUS";"Su-22M4 [HE2]"
"RQNXYIATHG";"SVD"
"RQOOFHTRFO";"REZ. ISU-152K"
"RQSAMGLOVH";"I,/Scots Guards"
"RQSQCBGVBT";"#CZ ČSLA"
"RQUOXRLQBR";"153e Infanterie"
"RQYMEKQIKU";"194th MECH. BRIGADE"
"RQYMRAWBMD";"1. Armáda"
"RQZNWYZXAA";"3-37th Armored"
"RRAKKLVRJR";"6. PZ.GRENADIER-DIVISION"
"RRDBOGXDYK";"MOR. PTS-2"
"RRFLLCJIQN";"Su-22M4 [RKT]"
"RRHMHSTGDC";"FUZILEIROS (M18)"
"RRHWVVGHPW";"Mi-8T"
"RRNQMQCAEB";"DAF YHZ-2300"
"RROQVZMEEI";"4-54-y Art. Polk"
"RRRFVTBHYB";"#RFA  1. Artillerie-Regiment"
"RRWBAGODKI";"F-16A [AA3]"
"RRWLDBAEUA";"17-YA GV. TANK. DIV."
"RRYQLPJPFH";"MIM-72F"
"RSBNOPEQAR";"2A46-1"
"RSCRPKGAUQ";"Geb.Jäger-Bat. 231"
"RSDZDOYVFP";"MiG-29A [AA1]"
"RSEACNWCQI";"3RD ARMORED DIVISION"
"RSHCWWDTKV";"PKT x2"
"RSHNPQWTHK";"M-55"
"RSIUYDSXND";"2ND INFANTRY DIVISION"
"RSLOTCIYSH";"Res. 23 MSB"
"RSOGMAYVCK";"2PzGrenChallenge"
"RSRZIWXRCP";"SANTANA CSR-106"
"RSYULRFSXS";"O.P. SPETSNAZ "
"RSZDMEHMRG";"2-288-y Gv. MSP"
"RTAOFUEFNE";"I-HAWK"
"RTAWYHRDOM";"2-385-y Art. Polk"
"RTBZCZKWFC";"DRAGOON 300"
"RTCWHXDGXR";"#CZ 11. Motostřelecký Pluk"
"RTDFSMVHHI";"VELITELSKÉ UAZ-469"
"RTFARJXWXT";"#SOV 390-ya Gv. Art. Brigada"
"RTFQOLNVSW";"차량화소총병"
"RTGNGNPSPC";"Feld-Art.-Bat. 41"
"RTIPQYJAEV";"적 방공망 제압(SEAD) 항공기는 적 방공유닛을 탐색하고 파괴하는 데 특화되어 있습니다. 보통 첫 공격제파에 투입하거나 적 방공망의 반응을 유도하는 미끼로 사용하며, 강력한 전자대응장비와 활성 레이더 방사를 자동 추적하는 대레이더 미사일을 탑재합니다."
"RTJCLLDRVW";"MOR. 2S1 GVOZDIKA"
"RTKDYEROWT";"F-16C [CLU2]"
"RTRBUAAJDH";"ShK 2S7"
"RTRWYGQVPP";"M/87 TOW"
"RTSVOCIPHT";"Zuni"
"RTTEPKRHPK";"3-290-y Art. Polk"
"RTVXXKKQXH";"#SOV 211-y Gv. Art. Polk"
"RTWQFPEGNH";"2A42 "
"RTYPADTLQH";"BzK Vz.59 82mm"
"RTZWKYXTXR";"100 Field Rgt. RA (V)"
"RUBCYBNRSQ";"709th MP Battalion"
"RUBMFOCSHC";"KORPUS DESANT. OFFICIAL BATTLEGROUP"
"RUEHBCHVYT";"BTR-D"
"RUESIVVHXS";"CUCV"
"RUFEJFBNGY";"VÝSADKÁŘI"
"RUFEJTPMHC";"3-307-ya Gv. Art. Brig."
"RUFFQYBTAT";"GAU-12"
"RUHLTGNORD";"#US 36th Tac. Fighter Wing"
"RUHVMAWZMM";"Jäger-Bat. 117"
"RULRPUXOXO";"AERO-SCOUTS (GSR)"
"RUPEQMNWUI";"Su-24M [SEAD2]"
"RUQSHJBFXZ";"Mi-4B [RKT2]"
"RUQWSOTQFG";"R-23R"
"RUQWYEZIVC";"경보병 (RCL)"
"RUREOKPJHU";"USMC M252 81mm"
"RUUZLRHFIO";"QF 25-Pdr 87,5mm"
"RUVGMDDGAY";"AS.30"
"RUXHDBZLWC";"BTR-152A ZPU-2"
"RVGOHTWWQU";"14th/20th King's Hussars"
"RVGUXYXZJF";"M1 81mm"
"RVLTECHNQR";"Panzer-Bat. 543"
"RVMIEIYZSL";"1-13th Mech. Infantry Bat."
"RVMZYXPTQA";"1st QOH Rgt."
"RVPQWZJHZR";"s.Jäger-Bat. 542"
"RVQFDFNHDQ";"M3 Grease Gun"
"RVWYXACJOI";"249th Engineer Bat."
"RVYHAOZATF";"#DDR  Artillerie-Brigade 40"
"RWCCZWKHZX";"CRV-7 FAT"
"RWCNPSDSTL";"OH-6"
"RWDOQDPYGT";"공중기동 소총병 (DRAGON)"
"RWEZENMLFH";"M113A1"
"RWFHASWMIL";"BMP-1K SP2"
"RWHWJMVXLO";"SPEJDERE"
"RWHYMULRHO";"CANBERRA B.2 [HE/CLU]"
"RWJUTISBZH";"Kh-23M"
"RWJVIOGDKN";"Mi-8MT ESKORTNIY"
"RWLJKSWFWU";"M259 Hydra (WP)"
"RWMXROUAOO";"Aviation Brigade-1st Arm. Div."
"RWNWCHKDPU";"M113B"
"RWOVGMCHIY";"Bloodhound"
"RWRGSDITUR";"2-4 pa"
"RWRTPNWAXC";"35e Special Challenge Group"
"RWTEGLZANR";"3-13 pz"
"RWTNJOPXGO";"75 pułk zmech."
"RWVRKQOEEO";"전차포"
"RWWFRJIGQF";"M151 MUTT CP"
"RWXFPWNYFI";"PIONIER"
"RWYDPUJFRK";"MORTER M/57 81mm"
"RXAOLWUJVK";"BS-3"
"RXBHHBPKXM";"Stab-I. Korps"
"RXEZQEKRFU";"BRDM-2 R-5"
"RXGSZTOGKN";"2-55. MSP"
"RXINMVMAYA";"M1 81mm"
"RXIPONRWEU";"EM-1ère DB"
"RXLEVWTMWO";"PzGrenadier-Bat. 322"
"RXSDYLGPJX";"AERO-M60 7,62mm"
"RXULWQICMT";"DIV. DU RHIN OFFICIAL BATTLEGROUP"
"RXUZMATIID";"M68A1"
"RXWEVEKXHG";"Mi-9"
"RXZAHDZNXY";"EM-3e DB"
"RXZANFRIIU";"Colt M635"
"RXZHDQQXVX";"Velitelství a štáb 2. MSD"
"RYBYXTXRGK";"L/39"
"RYCCBQIHXK";"M68A1 (XM900E1)"
"RYCODAAPCL";"HJV DYKN M/56"
"RYEXVNAZSC";"PANTSERINF. CMG"
"RYHEICFCRL";"Luftwaffe"
"RYKCDUBACL";"GUARDS MAG 7,62mm"
"RYLBGXQYTS";"1er Chasseurs"
"RYLKUHVSVZ";"Type 65"
"RYNANCSADA";"GeWa-11"
"RYNKTMJJZK";"CENTURION Mk.13 CMD"
"RYRSQNOOEC";"PARA. 53T2 20mm"
"RYRVTKNPAV";"RAF Gutersloh"
"RYTYXPJEGM";"9TH INFANTRY DIVISION (MOT.)"
"RYUOWJYXGW";"개틀링 건은 여러 개의 총열을 회전시키며 매우 짧은 시간에 막대한 양의 탄을 발사하는 자동 회전식 기관포입니다.
전자식 발사기구를 사용하는 현대 개틀링 건(미니건이라고도 함)은 몇 초 만에 탄약을 소진할 정도로 빠르게 사격할 수 있습니다. 대체로 크고 무거워 항공기나 안정적인 지상 플랫폼에 장착되며, 탄막으로 일정 구역을 뒤덮는 근접방어 체계, 대공포, 또는 많은 장갑차의 얇은 상면 장갑을 관통하는 공중 대전차 무기로도 활용할 수 있습니다."
"RYXQUBRXWZ";"M-14OF"
"RZDCXOVNNO";"W50 LA/A"
"RZDHPSVRJA";"VW T3 KMAR"
"RZDTFVPCTO";"MIRAGE IV [HE]"
"RZEFZPWROZ";"Javelin"
"RZEKCRJCMN";"3-15. TP"
"RZEPXEKHWE";"이 대형헬리콥터는 무거운 화물, 차량 또는 견인포를 수송할 수 있습니다. 화물은 기체 내부에 싣거나 외부에 매달아 운반합니다."
"RZGZOKGEIF";"M77"
"RZLHWZTTAW";"UK Vz.59L"
"RZLOWPQXRU";"43e RAMa"
"RZMUAMLMCM";"M1025 HUMVEE TOW"
"RZRPDDGIES";"24TH INF. DIV. OFFICIAL BATTLEGROUP"
"RZSVDSAMCK";"MiG-23MLD [AA2]"
"RZTJXRMROF";"Br-5M"
"RZTPZPTBLG";"Régiment Para-Commando"
"RZXAVLSDOW";"BRDM-2 MALUTKA-P"
"RZXUGSLTTL";"FV1611a KREMLIN PIG"
"RocketDes";"로켓은 로켓 엔진으로 추진되는 탄두 탑재 무유도 발사체입니다. 다른 차이점도 있지만, 능동 유도 체계가 없다는 점에서 미사일과 구별됩니다.

로켓을 사용하는 포병 유닛은 낮은 정확도를 다수의 로켓으로 넓은 지역을 신속하게 포화하고 파괴하는 능력으로 보완합니다."
"SAAGGANQTR";"11. PARACHUTISTE"
"SABQIWVNCH";"MOTOSTRELKI"
"SACJPDEQLT";"16 Dywizja Zmechanizowana"
"SAEFFGTXVW";"MFG BOFORS 40L70G"
"SALOBQDEUJ";"MECH. FUSILIER "
"SAMGMQJEHJ";"CH-147 SUPPLY"
"SANJZXSUTI";"20 GMRD"
"SANOGZARHQ";"9K33M3 OSA-AKM"
"SAUQOJRWYD";"Su-22M4P [SEAD2]"
"SAVWOJIMLD";"Mi-8MT [GUV]"
"SAXSUETPGQ";"WP-8Z"
"SAYGCRWEDF";"FRR-10"
"SAZXVQGZRH";"HSS.820 x2"
"SBABROEOVK";"2A65"
"SBBEVYARPL";"Stab/Militärbezirk III"
"SBJIHSGMHB";"Su-22M4 [HE]"
"SBLGBPYCPB";"GUZMAN EL BUENO OFFICIAL BATTLEGROUP"
"SBPOEVCPQN";"TOW-2"
"SBRRVRCWCC";"SAPERI"
"SBZAKJGPMY";"T-10K-3"
"SC1000";"SC 1000"
"SC250";"SC 250"
"SC50";"SC 50"
"SC500";"Mk82"
"SCAWNORWBJ";"3-48-y Gv. Tank. Polk"
"SCAZDZQHPN";"1097-y otd. Zen.-Rak. Bat."
"SCLDDYKNAB";"JAGUAR GR.1A [HE]"
"SCNMAOBXWD";"EM-7e DB"
"SCRHCEACUR";"42 Tkbat"
"SCTHYUDZFC";"M43 82mm"
"SCUVPDRICB";"DO-28D-2"
"SCUZDQQVSD";"6-29th Field Artillery Rgt."
"SCYWXGGKSO";"M60D"
"SCZZFDSCUS";"공중기동 소총병"
"SD70";"SD 70"
"SDAXEGHHZO";"FALLSCHIRM-AUFKLÄRER"
"SDAXMOGHOX";"AZP-23"
"SDEDTIYZXQ";"F-16A [AA]"
"SDGIGWLZFP";"2-54-y Art. Polk"
"SDGKLDUPCP";"USMC LAV-MEWSS"
"SDPCWWCAHJ";"#ESP Brigada de Cab. Jarama"
"SDQTSPQMIQ";"6E DIVISION LEGERE BLINDEE"
"SDQVDXFHNG";"PaK57"
"SDSRWKJJQC";"T-55AM-1"
"SDTDGFUTEL";"VBK 41"
"SDVRWUCHMV";"I./Queen's Own Highlanders"
"SDWMIYSGUN";"ADATS"
"SDWVADHXZC";"M40A1"
"SDYXATQGGV";"144-y Zen. Art. Polk"
"SDZXYUYRYN";"대공포"
"SEAAOYXNCJ";"STADION"
"SEAD";"SEAD"
"SEBFUFCNIX";"DD-11 DPanc"
"SEGMXQFLEH";"6. PZ.GRE.DIV. OFFICIAL BATTLEGROUP"
"SEGYMINWIW";"HVAR"
"SEIUYQLHGT";"REZ. BRDM-2 MALYUTKA-P"
"SEJQZSUCFE";"9M27F"
"SEJXFSVZJW";"MOT. AIRMOBILE"
"SEKEIWQTSA";"PRŮZ. L.M."
"SENFZPAPMX";"MiG-27M [CLU]"
"SEOVGNUUTK";"W50 LA/A 25mm"
"SEPQVPDLJX";"L2A3"
"SESTPVYQLP";"FUSILEROS (C90)"
"SEUJKGWFEN";"Su-24M [HE]"
"SEVCTQDLDQ";"4th/7th Royal Dragoon Gds."
"SEVUYTTDDS";"M167A1 VADS 20mm"
"SEWVMLWHTM";"148mm"
"SEXSOLPKLY";"Mw. 74"
"SFCDICIELT";"JG-7"
"SFDDIFKTWY";"VKK 334"
"SFEUPRYQDC";"MFG FRR ROLAND"
"SFOOHNQGZA";"차량화소총병"
"SFURJYVFLE";"AH wz. 1937/85 152mm"
"SGEEXVOOPI";"56-YA OG DESANTNO-SHTURMOVAYA BRIG."
"SGGDGYLPQD";"4. MSD OFFICIAL BATTLEGROUP"
"SGHCDQINPI";"Sicherungs-Bat. 4321"
"SGJBCKDPGY";"PTŘS KONKURS"
"SGJUCNASKH";"CM60A1"
"SGNRKTDKIN";"무유도 공대지 로켓은 항공기와 헬리콥터에서 지상표적을 향해 발사합니다. 여러 종류의 탄두를 사용하는 단순한 무기로, 파괴적인 일제사격에 자주 사용됩니다. 로켓은 일반적으로 능동 유도체계가 없다는 점에서 미사일과 구별됩니다.

로켓은 단거리에서 중거리 무기로 모든 종류의 표적에 효과적이며 특히 보병에게 강합니다. 정확도가 낮으므로 공대지 로켓은 표적지역을 포화하는 방식으로 사용할 때 가장 효과적입니다."
"SGRFSHHZJC";"AAM MG-42/58"
"SGXGLZBAFC";"9M41"
"SHBINZZBDX";"M242 Bushmaster"
"SHEBACKTMB";"DESANT. 2B14 82mm"
"SHGXIDGTGG";"3-1047-y Art. Polk"
"SHHUWHORMM";"MOT. GRENZER"
"SHKAZGYXRW";"MARSOUINS MILAN 2"
"SHKPQBMKXN";"#US  7th Engineer Brig."
"SHMXFYGRWE";"2. Luftwaffendivision"
"SHNXMSBQAB";"TOW-2"
"SHOPGELWAY";"FLA.KOMMANDO 1"
"SHPBXWBNBX";"232-y otd. Okhrany Bat."
"SHPNDIROUT";"BMP-2D"
"SHRRVDPNWR";"BVP-1"
"SHRYTJRPIR";"#FR 12e Div. Légère Blindée "
"SHUINZTHWB";"MiG-23ML [AA]"
"SHUWFDYZUR";"AMX-13 Mod.56 MILAN"
"SHVNHJXRDE";"#US  3rd Armored Div."
"SHYGRGGFHZ";"#SOV 197-y Gv. Tank. Polk"
"SHZZBVUZIT";"2-504th PIR"
"SIDAGVNMPB";"2A46"
"SIHQPRGNKW";"False Flag"
"SIIKMAYMOU";"USMC M60A1 CP"
"SIIXPSVCPJ";"FV432 박격포"
"SINCVDVRRF";"T-34/85M"
"SIQAIYGATL";"230kg"
"SIQEHZMAGN";"15-ya Gv. Tank. Div."
"SIUQLRWSES";"FUSILIER "
"SIVRNRCCAM";"1. Stíhací Letecké Divize"
"SJCKTFPSLA";"Kom./30-ya Gv. MSD"
"SJDDOZQJTP";"REZ. PULEMETCHIKI"
"SJEMRJORKA";"ECLAIREURS"
"SJEUSVHJRF";"#UK RAF Laarbruch"
"SJEVNFTNCM";"III./MSR. 41"
"SJFNWPLEMY";"M113A1"
"SJHDEOEELU";"A-19 122mm"
"SJLQUEIPXU";"JBG-37"
"SJMGUNHMQG";"T-34A MENTOR"
"SJOBDAFEHE";"HQ-8th ID"
"SJOVWSADJC";"79.Gv TD"
"SJSZDOOHXY";"240-y otd. Okhrany Bat."
"SJUDEPLDMU";"공수 유닛은 전방배치를 이용해 더 앞쪽에 배치할 수 있습니다. 이 능력은 전투 시작 시 배치 단계에서만 적용됩니다."
"SJYWSLSPAM";"COUGAR RECCE"
"SKBEKQUOWJ";"IFV 보병"
"SKDIIFQTJX";"SPW-152K"
"SKEMOLPXVJ";"56 pśb"
"SKIMAPNRMZ";"#RFA  13. Panzergrenadier-Brigade"
"SKJEJEXFQH";"1-17. TP"
"SKJMBBRIBT";"PzGrenadier-Bat. 351"
"SKNOKFFZJC";"119-Y OTD.TNK OFFICIAL BATTLEGROUP"
"SKRAADNFML";"PzArtillerie-Bat. 155"
"SKTPTAFFML";"T813"
"SKVZGZFPDS";"2-61-y Gv. Tank. Polk"
"SKZVZQETZP";"12th Engineer Bat."
"SLBMBEATWL";"I-TOW"
"SLCWQKUGRI";"PLK čs"
"SLDTKIMDPF";"HS 3-14 HA CH 20mm"
"SLKQDCXPZR";"49 pśb"
"SLLOUYGFRM";"N.G. REDEYE"
"SLMRJGERQC";"vz.61 Škorpion"
"SLORWJJOPE";"ALOUETTE II FÜH."
"SLTDPKXWYS";"115 Afdltlua"
"SLTGDKRXSV";"AERO-M252 81mm"
"SLVLWCGBAA";"M106A2 MORTAR"
"SLWWBDRKKD";"S-24"
"SLXNURPJTI";"Stgw 90"
"SLZBFVOBQW";"GREN.-VOLTIGEURS (APILAS)"
"SMCCXZONFP";"PRÉVÔTÉ"
"SMCSLEKRJN";"DESANT. SAPERI"
"SMFGSUGTHV";"Twin L37A2"
"SMHTPJXZQC";"Mi-2D"
"SMMDZUVZWR";"G3A4"
"SMNJWOVMTN";"M201 MILAN"
"SNAPPXBTUK";"79th Engineer Bat."
"SNBVEPLBVL";"2e Chasseurs Ardennais"
"SNEGMQAFIJ";"3-5th Mech. Infantry Bat."
"SNFJJJHKNS";"GeWa-19"
"SNGEGDGJIQ";"M36"
"SNHCNRTDLC";"SAW FALO"
"SNMNABOTZQ";"M109A2"
"SNQIPBPAEC";"42 Afdva"
"SNROVWLCDD";"P4 GENDARMERIE"
"SNTEKRYWSF";"68 pułk czołgów"
"SNYBHRGJKH";"M1008 CUCV GLH"
"SNZBAZOXRQ";"USMC LAV-C"
"SNZRXWKBHX";"l.MG-K"
"SNZSVZXGUS";"PIONIER (Flam.)"
"SOCPGGFBNE";"32th Tac. Fighter Sq."
"SODIRKGQKY";"#CZ 63. Motostřelecký Pluk"
"SOGEAUKRKN";"19. PPR"
"SOIGEMBFGS";"DOW. KOMANDOSI"
"SOLWZUYKAC";"MB 1017 MÜN."
"SOMGJFUDRY";"PARA. MILAN 2"
"SOPQEOVMKR";"101ST AIRBORNE OFFICIAL BATTLEGROUP"
"SOPTZYMAMY";"#BEL  17e Brigade Blindée"
"SOUGIMRNCM";"M125 박격포"
"SOYIURQRYF";"대공포"
"SOZSQRHTUP";"19. MOT.-SCHÜTZEN-DIVISION"
"SPEYVKUVSN";"4-390-ya Gv. Art. Brigada"
"SPHMTRBICC";"GUERRILLEROS"
"SPMYMXSJTU";"CN-105 F1"
"SPNKOHGVBI";"139-y Zen. Art. Polk"
"SPPVUGHCVH";"12 DYWIZJA ZMECH."
"SPTPUCUXQK";"전차포는 여러 종류의 표적에 다양한 탄종을 발사할 수 있는 대구경 고속포입니다. 다른 전차와 장갑차량을 직접사격으로 상대하는 전차의 주무장입니다. 보통 90mm에서 125mm에 이르는 다양한 구경으로 포탑에 장착되어 유연하면서도 강력한 화력을 제공합니다. 정교한 사격통제컴퓨터와 조준장비의 도움을 받으면 날씨나 시간대에 관계없이 공중표적을 포함한 거의 모든 종류의 유닛을 공격할 수 있습니다. 전차포는 자동장전장치의 지원을 받기도 하며 운동에너지형 철갑탄(AP), 날개안정분리철갑탄(APFSDS), 고폭탄(HE), 대전차고폭탄(HEAT) 등 여러 탄종을 사용합니다. 일부 포는 전용 유도미사일까지 발사할 수 있습니다."
"SPXLKSXYFW";"Mi-26 GRUZOVOI"
"SPZUNHQJFJ";"폭발반응장갑(ERA)은 HEAT 대전차탄을 상쇄하기 위한 장갑입니다. 전차와 승무원의 생존성을 높여줍니다."
"SQDNBBELEN";"McMillan TAC-50"
"SQGGESRTLQ";"HAUBITS M/51 155mm"
"SQGTKLAUHF";"Zwillinge MK 20 Rh 202"
"SQHJNTTJAD";"#RFA  VBK 35"
"SQLGOZNIMP";"Mi-17MTA"
"SQMZCDLRBC";"1-385-y Art. Polk"
"SQNKAAFWCE";"N.G. AH-64A APACHE"
"SQOGSBDNJJ";"AGS-17"
"SQOJROBTET";"#SOV 67-y Gv. Tank. Polk"
"SRCEHVIUIK";"2A42 "
"SRDOSGDIWA";"VERKENNERS (AT)"
"SRGUECEQSX";"소총병 지휘관"
"SRJOOCOUGP";"SUPER PUMA"
"SRNIPMIGYA";"TK Nord"
"SRQHPENQST";"DESANT. RAZVEDKA"
"SRTPUYMZPL";" ROZP. BWP-1 "
"SRTVMYFVPK";"HQ-2"
"SRVECFEBWK";"D-20 152mm"
"SRZGLULFQL";"1 gb 10 pz"
"SSEJVMQPBN";"Pionier-Rgt. 72"
"SSFKRWGMJT";"VKK 221"
"SSHARNYATQ";"SBAT-127"
"SSMGTPZOFC";"2-1st Cavalry Sq."
"SSQBBDOQLO";"MOT. RAZVEDKA"
"SSSIABNVRC";"40mm"
"SSUQLSIEOQ";"3-60. TP"
"SSUSFSRKEO";"중부집단군"
"SSVYVMHOZM";"52nd Tac. Fighter Wing"
"SSZCKARBQI";"2-9 pz"
"SSZDIDPZYJ";"FRØMÆND"
"STEFHLUAEC";"ILTIS PC"
"STERFGXKYX";"KSK"
"STGYDWQLIP";"3-79-y Gv. Tank. Polk"
"STGZZASYDS";"NIEB. BERETY SAPERZY (LPO-50)"
"STLWWVKKRX";"(정찰)"
"STNHNGZICX";"LC-T1-M1"
"STNIPUTOQH";"Pz.Gren.-Lehr-Bat. 212"
"STOXFKZFDR";"Token inexistant LLQFPSYMBI dans SERIOUS_Localisation_Unites"
"STQZWDNINA";"MK-77"
"STUMGQCUVD";"USMC LAV-M 81mm"
"STYBNFYSZO";"197th MECH. BRIGADE"
"STYCCXKNOJ";"K.d.A. BEZIRK ERFURT"
"STYMYCSNJD";"2A20"
"STZMBXXVND";"D-1"
"STZNJWODUX";"2-5 pz"
"SUBZCHCRXV";"DIVISION ACORAZADA 'BRUNETE'"
"SUCPTZLIAG";"Tampella"
"SUEIKAPKZJ";"K.d.A. AUFKLÄRER"
"SUJFTVYPPZ";"M2HB"
"SUKUMKDISS";"Type 59"
"SUMBEL16PD";"저렴한 Leopard 1 전차, 기계화보병, IFV로 구성된 경기갑사단입니다. 이 벨기에 전투단은 초반부터 빈번하게 공세를 펼칠 수 있지만 더 무거운 적을 정면으로 상대할 때는 어려움을 겪을 수 있습니다."
"SUMBELDIMO";"공수보병과 ATGM 팀, 다수의 구형 장갑차량이 이 벨기에 사단의 전투력을 끌어올립니다. 헬리콥터가 없고 오래된 장비에 의존하는 후방지역 기계화 전투단이지만 포병과 방공유닛 덕분에 여전히 만만치 않은 전력입니다."
"SUMCAN1ID";"풍부한 보병과 최신 Eryx·ADATS 미사일이 이 기동성 높은 캐나다 기계화사단의 핵심입니다. 대규모 현대식 F-18 전력이 지원하지만, 공중엄호가 무력화되면 정면전에서 어려움을 겪을 수 있습니다."
"SUMCZ19MD";"공수·방어 어느 임무에도 활용할 수 있는 균형 잡힌 차량화소총사단입니다. 유능한 체코슬로바키아 특수부대와 정찰대, 기계화·공중기동 보병을 인상적인 포병전력이 지원합니다."
"SUMCZ1TD";"공세 지향적인 체코슬로바키아 전차사단으로 기계화보병과 전차를 충실히 갖췄습니다. 특히 포병이 풍부하며, 단거리 SVO 지뢰제거차량을 활용해 엄폐한 적 진지를 강력하게 파괴할 수 있습니다."
"SUMCZ2MD";"다수의 보병과 국경수비대를 중심으로 ATGM 탑재 T-55AM2B 전차를 운용하는 균형 잡힌 체코슬로바키아 차량화사단입니다. 강력한 장거리 타격력에 준수한 정찰 및 포병전력이 더해집니다."
"SUMCZ303TD";"구형 장비에 의존하는 예비 전차사단으로, 체코슬로바키아의 이 후방편성은 방어전에 가장 적합합니다. 하지만 수적 우세와 소수 현대식 유닛의 지원 덕분에 상당한 위협이 될 수 있습니다."
"SUMDKJyske";"구세대 장갑차량을 주력 화력으로 사용하는 덴마크 기계화보병사단입니다. 항공지원이 풍부하고 포병과 보병전력도 충분합니다."
"SUMDKOstre";"훈련도가 높은 예비군 사단으로, 이 덴마크 향토방위군 편성은 방어전에서 강점을 보입니다. 장비는 오래되었지만 미 해병대의 항공지원이 강력합니다."
"SUMFR11DP";"전방배치가 가능한 공중기동보병과 강력한 정찰전력이 이 경량 공수사단의 특징입니다. 높은 기동성을 활용해 지상 매복과 정밀 항공타격으로 적의 균형을 무너뜨리는 프랑스 공수 전투단입니다."
"SUMFR152DI";"다양한 정예 특수부대와 다수의 예비군을 갖춘 프랑스 거점방어 사단입니다. 유연하고 기동성이 좋으며 강력한 방공망과 공중엄호를 통해 적을 지속적으로 압박하는 방어형 전투단입니다."
"SUMFR5DB";"빠르고 기동성 높은 프랑스 기갑사단으로 차륜형 전차와 강력한 IFV를 활용해 매복과 고속 차폐작전에서 큰 피해를 줍니다. 우수한 보병과 포병이 지원하지만 더 무거운 적과의 정면전은 피하는 편이 좋습니다."
"SUMFR6DLB";"전장에서 매우 빠른 프랑스 경량사단으로 고속 차륜전차와 정찰전력을 활용해 초반 주도권을 잡는 데 강합니다. 외인부대 보병으로 종심방어도 가능하지만 중장비 적에게 고착되는 상황은 피해야 합니다."
"SUMFRDdR";"프랑스-서독 혼성 후방사단으로 방어작전이 이 전투단의 강점입니다. 구형 장갑차량을 다수의 전투공병과 예비군, 장비가 우수한 Jäger 보병, 각종 특수화기가 지원합니다."
"SUMNL4D";"강력한 돌파작전에 투입하는 기갑 선봉입니다. 이 네덜란드 사단은 현대식 전차와 IFV, 구축전차를 강력하게 조합할 수 있지만 적극적인 항공지원은 부족합니다."
"SUMNLCLKA";"훈련도가 높은 예비군이 풍부한 네덜란드 제2선 사단으로, 전장에서 충분한 제병협동작전을 수행할 수 있습니다. 미군 항공지원과 현대식 Leopard 2A4 전차도 포함됩니다."
"SUMPOL15DM";"소수의 직업군인을 중심으로 다수의 예비군이 지원하는 폴란드 동원사단입니다. 동독 해군보병과 소련 항공전력이 편성의 전투력을 강화합니다."
"SUMPOL20PD";"강력한 정찰전력과 비용효율적인 장갑차량·보병 덕분에 다양한 전투에서 안정적인 성능을 내는 폴란드 전차사단입니다. 다만 중장비나 첨단장비를 갖춘 적을 상대할 때는 주의해야 합니다."
"SUMPOL4DM";"유연한 폴란드 기계화사단으로 공격적인 초반 움직임부터 대규모 공세까지 제병협동작전에 적합합니다. 저렴한 전차와 기계화보병 덕분에 전투 초반에서 중반에 특히 강합니다."
"SUMPOLKD";"공수부대와 해군보병이 절반씩 섞인 독특한 편성으로, 훈련도가 높은 폴란드 병력은 빠른 강습에 특화되어 있습니다. 중포병, 헬리콥터, 항공엄호를 활용하면 적이 동원하는 다양한 지상위협에 대응할 수 있습니다."
"SUMRDA20MD";"다양한 기계화보병, 포병, T-72 전차를 운용하는 동독 차량화사단입니다. 예비군 중심의 핵심 전력을 소련 기갑부대가 보강합니다."
"SUMRDA4MD";"높은 작전속도로 전투를 지속할 수 있는 동독 차량화사단입니다. 정예 공수부대가 초반에 지형을 선점한 뒤 개량된 2세대 기갑전력, 헬리콥터, 보병을 활용한 종심방어로 전환할 수 있습니다."
"SUMRDA7PzD";"거리를 좁혀 근접전으로 몰아붙이는 것이 이 동독 기갑전투단의 특기입니다. 공군이 상공을 엄호하는 동안, 기본형이지만 성능 좋은 T-72의 수적 우세로 근거리에서 적을 압도합니다."
"SUMRDA9PzD";"동독군의 최우선 정예 기갑사단으로 성능 좋은 T-72 전차와 IFV를 폭넓게 갖췄습니다. 보병은 제한적이지만 장거리 미사일 구축전차, 포병, 항공전력과 함께 개활지에서 가장 강력한 전투력을 발휘합니다."
"SUMRDABerl";"동독군의 우수한 보병과 포병이 선봉을 맡는 고강도 시가전에 특화된 사단입니다. 장비가 오래된 혼성편성이므로 개활지 정면전에서는 선택지가 제한됩니다."
"SUMRDAKdA";"저렴한 예비군과 민병대를 대량으로 운용하는 후방지역 방어편성입니다. 뛰어난 포병, 방공, 군수전력과 항공지원까지 포함한 추가 소련 지원을 활용할 수 있습니다."
"SUMRDARug";"다양한 방공수단을 갖춘 동독-폴란드 혼성 동원 전투단입니다. 풍부한 보병으로 엄폐지 전투에 강하며, 강력한 항공타격과 특수포병으로 진지에 틀어박힌 적을 제거할 수 있습니다."
"SUMRFA1LLD";"상당수 서독 산악병을 포함한 독특한 혼성 공중강습사단입니다. 전투 초반과 험지 전투에 뛰어나지만 방공능력은 매우 제한적입니다."
"SUMRFA2PzG";"전반적으로 우수한 유닛을 다수 갖춘 서독 기계화보병 전투단이며 전방배치 가능한 Fallschirmjäger도 포함됩니다. 다국적 NATO 지원을 활용하지만 SEAD 공격에 취약하므로 제공권 확보가 중요합니다."
"SUMRFA5PzD";"Bundeswehr 전차기술의 정점으로 공세작전에 맞춰진 기갑사단입니다. Leopard 2A4를 포함한 최신 서독 전차를 이 강력한 제병협동 전투단에서 운용할 수 있습니다."
"SUMRFA6PzG";"서독 해군의 대규모 지원을 받는 초대형 기계화보병 전투단입니다. 현대식 기갑과 포병은 부족하지만 풍부한 해군보병과 덴마크 항공엄호로 이를 보완합니다."
"SUMRFATKS";"서독 예비군에 프랑스 공중기동부대와 미군 특수부대가 합류하는 후방지역 방어사단입니다. 구형 장비와 전차, ATGM 병력의 약점을 강력한 방공·포병과 독특한 항공전력 조합으로 보완합니다."
"SUMSO119OG";"전투 후반에는 막기 어려운 기갑 선봉으로, 고강도 전차전에 맞춰진 편성입니다. 최신 소련 전차와 항공전력, 특수부대는 강력하지만 비용이 높아 충분한 수를 모으는 데 시간이 필요합니다."
"SUMSO157";"크림반도에 주둔한 소련 동원사단으로 비축된 구형 장비와 예비군이 중심입니다. 소련 해군 자산을 포함한 다양한 무기체계가 훈련도가 낮은 대규모 보병을 지원해 이 방어형 전투단에 예상 밖의 화력을 제공합니다."
"SUMSO17TDG";"구형 전차와 포병, 심지어 제2차 세계대전기의 돌격포까지 뒤섞인 장비를 사용하는 소련 예비군 동원사단입니다. 근거리 방어전에 가장 적합합니다."
"SUMSO25TD";"대량의 T-64로 기갑 우세를 확보하는 소련 전차사단입니다. 독특하지만 불균형한 편제로 군수와 보병이 부족하며, 강력한 포병과 중장갑 정찰전력이 이를 보완합니다."
"SUMSO27G";"최신 소련군 장비를 운용하는 현대적 제병협동 전투단으로, 풍부한 기계화 IFV·보병과 강력한 포병을 결합합니다. 최상급 유닛은 강력하지만 수량이 제한적입니다."
"SUMSO2G";"모스크바에 주둔한 명예로운 정예편성으로 높은 사기의 보병과 소련군 최신장비 일부를 운용합니다. 잘 훈련된 Gvardeitsy 분대와 최신 T-80U 전차를 결합한 정석적인 제병협동 전투를 펼칩니다."
"SUMSO31TD";"대량의 T-72와 풍부한 보병을 통해 확보한 지역을 안정적으로 지킬 수 있는 소련 전차사단입니다. 항공기와 헬리콥터 지원은 빈약하지만 강력한 포병이 이를 충분히 보완합니다."
"SUMSO336";"상륙작전 선봉에 특화된 소련 정예 해군보병사단입니다. 강력한 ‘검은 죽음’ 보병과 성능 좋은 전차, 강력한 항공지원이 사단의 공격화력을 구성합니다."
"SUMSO35VDV";"훈련도가 높은 소련 공중강습사단으로 빠른 기동작전과 공격적인 초반 공세에 뛰어납니다. 경장갑이지만 중무장한 기계화차량 상당수가 전방배치 가능하며 특수부대와 최신 Ka-50 공격헬리콥터가 지원합니다."
"SUMSO39G";"전차, 헬리콥터, 기계화보병 전력이 균형 잡힌 전형적인 소련 차량화소총사단입니다. 공세와 방어 어느 쪽에서도 안정적인 성능을 내는 전투단입니다."
"SUMSO56VDV";"다수의 베테랑 병력과 Spetsnaz 특수부대, 각종 현장개조 차량을 운용하는 다목적 반기계화 소련 공중강습사단입니다. 전장 기동성이 매우 뛰어나며 독특한 장비구성만큼 화력도 강력합니다."
"SUMSO6GOB";"핵심적인 동독 지원을 받는 소련 제병협동 전투단입니다. 저렴한 폭격기와 보병, 일부 공중기동부대를 활용해 시가지와 험지 전투에 강합니다. 장거리 방공유닛과 요격기를 갖춘 방공전력도 주요 강점입니다."
"SUMSO76VDV";"기계화를 중시하는 소련 공수전투단으로 최신 장갑차량과 항공엄호를 핵심 화력으로 활용합니다. 가볍지만 타격력이 강한 대신 공중강습능력과 공격헬리콥터는 부족합니다."
"SUMSO79G";"강한 저항도 정면으로 밀어붙일 수 있는 최상급 기갑사단입니다. 주력전차부터 중폭격기까지 강력하지만 전장에서 충분한 전력을 축적하려면 시간이 필요합니다."
"SUMSO94";"초기형 T-64를 대량 운용하는 장비가 풍부한 소련 기계화보병사단입니다. 강력한 정찰과 전투공병이 지원하지만 지원병과가 부족하며, 특히 헬리콥터와 항공지원의 부족이 치명적입니다."
"SUMSOV1G";"정규군과 예비군이 긴밀히 협동하는 명망 높은 소련군 편성입니다. 저렴한 T-72와 보병이 강력한 대전차전력을 보호하지만 공격을 은폐할 수단이 적어 전장에서 신중한 운용이 필요합니다."
"SUMSPA1DM";"빠른 정찰전력을 활용해 전투 초반 적극적으로 지역을 점령하는 스페인 경기병사단입니다. 저렴한 기갑과 차륜형 구축전차로 확보한 지역을 지키고, 준수한 지원병과와 항공전력이 이를 뒷받침합니다."
"SUMSPA2DM";"BMR APC와 빠른 보병을 중심으로 한 스페인 경량 차량화사단입니다. 전방배치 수단의 부족을 풍부한 경장갑 및 정찰전력과 균형 잡힌 포병으로 보완합니다."
"SUMUK1AD";"강력한 정면전에 특화된 영국 기갑사단입니다. 최신 장거리 ATGM 차량이 적을 타격하는 동안 성능 좋은 전차가 적의 사격을 견디며 전진합니다. 방공부터 근접항공지원을 아우르는 항공전력도 강력합니다."
"SUMUK2ID";"공중기동부대와 강력한 SAS 특수부대 덕분에 전투 초반이 강한 영국 사단입니다. 전장 기동성과 보병전력이 뛰어나며 이를 이용해 견고한 종심방어를 구축하는 것이 좋습니다."
"SUMUK4AD";"유능한 보병, 기갑, 항공지원이 균형 잡힌 영국 기갑편성입니다. 구형 장비가 섞여 있으므로 신중히 운용하면 소모전에서도 적보다 오래 버틸 수 있습니다."
"SUMUKBerl";"영국 지휘하의 다국적 보병사단으로 시가전용으로 단련되었습니다. 초반 정찰 압박이 강하고 방어전에 특히 뛰어나며, 은밀한 타격과 강력한 폭격기 전력의 대규모 공습으로 적을 억제합니다."
"SUMUKHDR";"Queen’s Guard는 런던에 주둔한 독특한 혼성 방어주둔군이 운용하는 여러 이색 유닛 중 하나입니다. 높은 사기의 이 편성에는 SAS 대테러조와 의장용 포병도 포함됩니다."
"SUMUKMNAD";"여러 NATO 공중기동부대를 혼합한 다국적 편성으로, 각국 공수부대·보병·차량이 균형 있게 구성됩니다. 가볍지만 유연한 공수사단으로 근접전과 장거리 방어 모두에 능합니다."
"SUMUS101AB";"우수한 공중기동보병과 특수부대가 빠르고 강력한 이 미군 공수전투단의 핵심입니다. 초반 공격적인 압박에 유리하며 헬리콥터, 건십, 항공기로 구성된 강력한 공중전력이 지상병력을 지원합니다."
"SUMUS11ACR";"우수한 정찰, 전차, 항공유닛을 갖춘 기계화전투단으로 공세 운용에 가장 적합합니다. 초반의 적극적인 전술로 적 계획을 흐트러뜨리고, 이후 M1A1 Abrams를 대량 축적해 전투 후반 강력한 기갑공세를 펼칠 수 있습니다."
"SUMUS1CAV";"유명한 미군 사단으로 다양한 성능 좋은 전차에 영국 기갑전력까지 추가됩니다. 보병은 적지만 독특한 Abrams와 Bradley 파생형을 여럿 운용하며 개활지를 지배하는 영미 혼성 전투단입니다."
"SUMUS24ID";"정규군을 핵심으로 하면서 주방위군도 배치할 수 있어 저렴하면서 강한 유닛을 다수 활용하는 미군 기계화보병사단입니다. 항공전력이 특히 강력하며 F-15E Strike Eagle은 고가치 표적을 정밀하게 제거하는 데 뛰어납니다."
"SUMUS2MAR";"매우 독특한 미군 전투단으로 상징적인 USMC 원정기동부대가 해병, 항공, 정찰, 헬리콥터 전력을 강력하게 조합합니다. 다만 군수와 포병·전차 같은 중화기는 비교적 부족합니다."
"SUMUS35ID";"균형 잡힌 주방위군 전투단으로 2세대 M60A1 주력전차를 대량 배치할 수 있습니다. 뛰어난 방공과 지상공격 항공기가 강력한 전투력 증폭 역할을 합니다."
"SUMUS3AD";"공격의 선봉을 맡는 미군 사단으로 고성능 기갑, IFV, 항공기를 갖췄습니다. 초반 전개가 느리고 비용이 높으며 보병분대가 작지만, 전투 후반에는 전투단의 잠재력이 완전히 발휘됩니다."
"SUMUS6LID";"공수보병과 예비보병이 중심인 방어 지향 북극전 전투단입니다. 중기갑은 없지만 미군 여러 군종이 제공하는 매우 강력한 항공지원이 승리의 핵심입니다."
"SUMUS82AB";"가장 먼저 싸우는 미군 공수사단으로, 전방배치 공수부대와 우수한 정찰차량을 이용해 강한 초반을 펼칩니다. 최상급 항공기와 헬리콥터가 지원하지만 경량 전투단이므로 불리한 지형에서 제병협동 적에게 포위되는 상황은 피해야 합니다."
"SUMUS8ID";"보병과 Ranger 분대에 강점이 있고 강력한 포병·항공유닛이 지원하는 미군 제병협동 전투단입니다. 기동속도는 느리지만 충분한 화력으로 장기전에서 적 전력을 꾸준히 소모시킬 수 있습니다."
"SUMUS9Mot";"치고 빠지는 공격과 매복으로 전투를 지배하는 첨단 미군 차량화사단입니다. 기동성 높은 차륜형 ATGM 구축전차로 가벼운 편성을 유지하면서도 적 기갑에 대응할 수 있고, 주방위군 전력이 지속전투 능력을 보강합니다."
"SUORAXRAFL";"I./Artillerie-Brigade 40"
"SUPFWZYTJK";"MARINIER CMG"
"SUQBCGIDAE";"M70"
"SURTQEQWEO";"4-11th Arm. Cavalry Rgt."
"SUTZHQKJQP";"T805 vz.53"
"SUVJICIZWT";"Kobra"
"SUXOGRJEPT";"BLG66 Belouga"
"SUYFIUOPKW";"3-103. TP"
"SVBDRQTFJY";"#US  41st Field Artillery Brig."
"SVCKWDTODY";"3M9M3"
"SVEHBMUYZL";"19. MOTOSTRELECKA DIVIZE"
"SVHMUBUEGP";"DESANT. SAPERI"
"SVIFBYYFQL";"2-MSR. 2"
"SVRKQGDWAZ";"AKM"
"SVTLKFSYHP";"VKK 421"
"SVVHZSLYZY";"AUFKLÄRER"
"SVVTOBCRXD";"#PACT Kom.-CGV"
"SVYYFITWJW";"M1025 HUMVEE G/VLLD"
"SWAEPDCBHE";"4 DIVISIE OFFICIAL BATTLEGROUP"
"SWBUVULVYM";"A-37B [NPLM]"
"SWBVZQWSYI";"R-73"
"SWFVZJBLNA";"NIEB.BERETY PT-76BD"
"SWJKNGDPFW";"Flugabwehr-Rgt. 300"
"SWLKBORADJ";"T-64RK"
"SWOESKMZMF";"5E DIVISION BLINDEE"
"SWOMKRBJGK";"L7A3"
"SWOMPRVSIW";"CN-105 F1"
"SWPIKAMRSW";"1ST ARM. DIV. OFFICIAL BATTLEGROUP"
"SWQQOCWMZO";"3-166-y  Gv. MSP"
"SWRZNPQPMT";"LEOPARD 1A5-DK"
"SWTGFKUZYN";"EMCFFA/1CA"
"SWTSBGQWBZ";"No. 3/4 Squadron"
"SWTZRHPAPQ";"2-7 Bah"
"SWWJNYPSSG";"PzGren.-Bat. 301"
"SWXBETIJON";"T148"
"SXATWWYSVI";"9. PANZERDIVISION"
"SXEKPTNVKC";"M113 I-TOW"
"SXHAPEUTBA";"W-3W SOKOŁ [AA]"
"SXHFUVVURL";"보병 돌격분대는 시가지나 건물이 밀집한 지형에서의 근거리 전투에 특화되어 있습니다."
"SXHHEDZUGP";"MARSOUINS (APILAS)"
"SXJRJLZBUU";"10-YA GV. TANK. DIV."
"SXJXLURWNC";"M109G"
"SXLPEXVKMR";"JYSKE DIVISION"
"SXLPYGVLUU";"2. Motostřelecká Divize"
"SXNTUDPRXR";"#CZ 7. Tankový Pluk"
"SXPFPGCVZJ";"V,/AR-9"
"SXSXPGRRRN";"DSh. PKM"
"SXTHSHXDHW";"III./MSR. 23"
"SXTSOSXZSZ";"KS-23"
"SXWFBSEISC";"F-104G [AA]"
"SXXCJMPXYU";"Esc. de Chasse 4/11 Jura"
"SXZMBFTTEK";"VELITEL MOTOSTŘELCŮ"
"SYAYVGVIND";"1st Engineer Bat."
"SYCITRERCJ";"Type 69"
"SYEDXXBNYM";"3-52-y Gv. Art. Polk"
"SYEPXJWRGN";"AB M1025 HUMVEE CP"
"SYFFZPWMBM";"PIONIERS"
"SYHCNYOVQU";"소이 로켓발사기는 소이 또는 열압력 탄두를 발사할 수 있는 특수 휴대화기입니다. 탄두가 네이팜으로 오인되는 경우가 많지만, 실제로는 여러 면에서 원거리 화염방사기에 더 가깝습니다.

소이 로켓발사기는 적 보병과 건물을 상대로 효과적입니다."
"SYHHJLJCYQ";"기갑소총병"
"SYJDEQLTMI";"MFRW BM-24M"
"SYKVIGDFAL";"K.d.A. SCHÜTZEN."
"SYNKVSSECA";"D-10T2S"
"SYPQEANAOT";"27-YA GV. MOTOSTRELK. DIV."
"SYREKLYUHQ";"PZ.BEF. LEOPARD 2A4(C)"
"SYSCKXSEWJ";"Groupement Génie"
"SYWMFZFABK";"WACH. AUFK."
"SYWQWSGCDP";"S-25LD"
"SYXUQAABLS";"1 gb 100 pz"
"SYYAPKUVBI";"FELDJÄGER"
"SYYSZROGDK";"#SOV 40-y Tank. Polk"
"SYZSSZLBUZ";"4-2nd Arm. Cavalry Rgt."
"SYZVJEYQBN";"A-222"
"SYZVWQXMOY";"AH-1F COBRA"
"SZCOCRJKDU";"T-80B"
"SZDBRMISSA";"25-YA GV.TD OFFICIAL BATTLEGROUP"
"SZDWBVLOSV";"RAPIER FSA"
"SZEGMYMNCK";"UH-1N ACP"
"SZENGXUDAU";"2-103. TP"
"SZEQLVMKJW";"DSh. FAGOT"
"SZGENWCFTK";"2S9 NONA-S 120mm"
"SZHRKYDDXU";"USMC AAVC-7A1"
"SZJIYJDBEF";"Kh-28"
"SZKLCJLYOW";"Prime Mover"
"SZNGAXYVQO";"DESANT. UAZ-3151 SNAB."
"SZPNANMQNB";"SS.11"
"SZQCDJMZPU";"M270 MLRS [CLU]"
"SZRRFAFANC";"AUVERLAND A3 MILAN"
"SZSRQJBSTK";"CENTURION Mk.V/2 DK"
"SZZOYBFKQW";"2-375-y Tank. Polk"
"Supply";"보급 트럭"
"Support";"다연장로켓 체계"
"TACIIIHFDV";"C1"
"TAIKJUKLBK";"CETME C"
"TANGJJSVLC";"79-YA GV. TANK. DIV."
"TAOTTFDDYH";"TOPAS-2A"
"TASQETNXGQ";"Token inexistant JMHUUZQJUQ dans SERIOUS_Localisation_Unites"
"TATYSJKHOO";"84 pz"
"TATZFZUVYM";"82ND AIRBORNE DIVISION"
"TAWKNWKNGS";"BFA-230"
"TAYHMMFFLW";"VOLVO N10 LOG."
"TAirport";"Airport"
"TBBGZWPFZM";"SPETSRAZVEDKA"
"TBDVAQNIUS";"AMX-13 VCI 12,7mm"
"TBFULWVLEP";"MOR. BTR-80"
"TBIGFRMHUM";"2ND MAR. DIV. OFFICIAL BATTLEGROUP"
"TBIUXUJVYU";"2. PZ.GRENADIER-DIVISION"
"TBIYTNTIRI";"VAB PM-81 LEGION"
"TBKUZXLSFO";"DESANT. PLAMYA 30mm"
"TBNHPJVDDO";"Panzer-Bat. 544"
"TBOFTRMBDK";"DESANT. ZUR-23-2S JOD"
"TBPLXSHYFD";"13. Tanková Divize"
"TBTVOBCLLJ";"SKOT-2AM"
"TBVHXOETBF";"#RFA  III. Korps"
"TBYNORYZUL";"CH-47C SUPPLY"
"TBYUAZUNIF";"M2HB x2"
"TCAQZQTJFP";"2-34th Armored"
"TCCSPCCCXE";"AIRMOBILE LDR."
"TCEDOVSSZC";"Mi-22"
"TCFHROTETO";"4-35-ya Gv. DShB"
"TCMATFCCCY";"KS-19M"
"TCQEKUTDHB";"MT-LBu"
"TCRXEWZJHN";"TOA RECO."
"TCTIULMKUD";"247mm"
"TCVOWLUINV";"CHAIKA"
"TCWVXUOPPG";"R-330T TARAN"
"TDAUQLMVEA";"M47E1"
"TDBQUOJHKD";"13-y Razvedka Bat."
"TDBZVHATMX";"2-32 pz"
"TDCHZBFXCF";"WP-8Z"
"TDCLAEMRHO";"CATI"
"TDDGXDWPZW";"SRAAW (M)"
"TDFBGEUHCX";"#SOV 375-y Tank. Polk"
"TDGDWOXFKY";"144 Afdva"
"TDHSIYEHBT";"SPW-40P2 STRELA-1"
"TDIPGUVQKM";"UNIMOG U1300L"
"TDJKFNVBQG";"BK90/L40"
"TDKEIAGNOM";"M249"
"TDKVFJUYNE";"UPK-23-250"
"TDMRSLJMHK";"PzArtillerie-Bat. 75"
"TDMXQNZSDA";"MECH. FUSILEROS"
"TDOFATBEMC";"M72A1 LAW"
"TDPWNDUBQL";"9e Génie"
"TDRFFPDZVU";"DELTA"
"TDRVJSGIAS";"I./PR-15"
"TDUKGTUFXN";"1-151st Attack Helo. Bat. (NG)"
"TDZAGQFYFL";"GRENADIER-VOLTIGEURS"
"TDZJXLGAIA";"SAXON"
"TDZSQVHZVK";"AZP-23"
"TDZTXSDBRI";"M113A1 MUN."
"TEAJXOCGBZ";"BEDFORD MJ 보급차량"
"TEAYAKVMTY";"ZPU-2"
"TEELHVUVHO";"2A17"
"TEFUQAIOXF";"FJB40-LStR40"
"TEKFWEHYOI";"Su-22M4 [RKT2]"
"TEKKARDQIY";"D-10T2S"
"TEKNKRNBGD";"2-295-y Gv. MSP"
"TEMPAXBQFK";"공수 화력조 (DRAGON)"
"TEPJPKKGDC";"M109A2"
"TESTSTRAT1";"TEST STRATEGIC"
"TESTSTRAT2";"TEST STRATEGIC PLANE"
"TETINRLNHI";"MOBILIZED"
"TFGFFGPIYS";"화력조 (DRAGON)"
"TFLUMDMELP";"GREEN BERETS LDR."
"TFMEVJEBRO";"EM-12e DBL"
"TFMLUTSUPX";"Madsen"
"TFNZGZCBBT";"PARA. ECLAIREURS"
"TFPCYMKWWK";"BTR-40B"
"TFUJKVLWOI";"MiG-29 [AA1]"
"TFXVJDBDSQ";"VBRG"
"TFYRMCEOYF";"INGENIØRER"
"TGEPUJDPFL";"1-332-y Gv. Tank. Polk"
"TGESJOVAWL";"Fs-FÜHRUNGS ILTIS"
"TGGLXTAMXF";"ECLAIREURS"
"TGHFGIYGKI";"MOR. SAPERI KOMROTI"
"TGHPBFCRAP";"HSS.804 20mm"
"TGITLCGGCD";"돌격분대는 단거리 전투, 특히 시가지 전투에 특화된 보병입니다."
"TGJLFHMDKK";"Jäger-Bat. 541"
"TGOGHJFJSA";"ZSU-23-4M1 SZYŁKA"
"TGOLAVPBVF";"#DDR 22. Panzer-Rgt."
"TGPOAOEPFM";"20. PPR"
"TGTOBDIDKN";"LATAMB1"
"TGWFHGAVAR";"1er RCAM"
"TGWJCWRLFR";"78th Tac. Fighter Sq."
"TGWXACQYYJ";"2A64"
"TGXKUUMJEM";"M168A1 Vulcan"
"THADLQVNDQ";"MT-12"
"THDEIKSMEB";"ALPHA JET A [RKT]"
"THDEWVKNZI";"경비 유닛은 이동하지 않을 때 관측 능력과 탐지능력이 ‘좋음’ 단계로 상승합니다. 병종 분류는 계속 보병으로 유지됩니다."
"THFMHCDEIO";"박격포"
"THLUJELDMC";"1-JagdG 74"
"THOCKLGISD";"PLK čs 57mm"
"THRUBJLEUJ";"전투소총"
"THVXBQRFVN";"3-51-y Gv. Tank. Polk"
"THWOAZQTOB";"5. Panzer Challenge"
"THYOSIEJSZ";"2-38. DP"
"TICVSKKWIS";"#SOV 240-y MSP"
"TIDKVZHKFD";"15. RESERVE-PANZER6RGT."
"TIIZGHKMLO";"L7A3"
"TIJGYQWXNO";"CH-136"
"TINTBPVBZT";"미 해병대 공병"
"TINVGNLPBH";"ROVER KMAR"
"TIOSKIDJIC";"D-20"
"TIWJVGOAJQ";"PzArtillerie-Bat. 35"
"TIWQILOHJT";"#RFA VBK 45"
"TIWSIKZLPV";"PANCÉŘOVNÍCI"
"TJAMALBZZP";"Zgrupowanie Desantowe"
"TJCCTSTKWI";"BVP-1K"
"TJCECMYBFH";"HUSSARDS-PARA."
"TJCEIFEHYT";"기관단총"
"TJEIZZAGIM";"DESANT. PULEMETCHIKI"
"TJFOATBNKZ";"H.D.R. LONDON OFFICIAL BATTLEGROUP"
"TJGBDKOZNS";"M151 MUTT CP"
"TJMQDBXFVX";"Esc. de Chasse 3/3 Ardennes"
"TJPLYJKDPC";"CH-135"
"TJPOUGQZCB";"Fs.-WOLF FÜH."
"TJQIVKWGYE";"M-30 122mm"
"TJRVFXGQDQ";"32nd Air Defense Group"
"TKAFADKEIB";"I./PR-10"
"TKARFLBMOU";"M693 F1"
"TKDWJLNERL";"#DDR  Militärbezirk III"
"TKFPINZRWP";"2-52-y Gv. Art. Polk"
"TKJYFCDDME";"#CZ 8. Tankový Pluk"
"TKKLQQMFDL";"F-16A [HE]"
"TKKLRUDJJK";"2-390-ya Gv. Art. Brigada"
"TKNJLGNUTX";"103 Verkbat"
"TKODTUYNUF";"MiG-23BN [KMGU]"
"TKOHPJWBRH";"RAZVEDKA"
"TKPHCIVHWN";"FK20-2 20mm ZWILLINGE"
"TKPXWLNVCG";"EERSTE LEGERKORPS"
"TKRSAVHTKZ";"9M14P Malyutka-P"
"TKTCPLHXXC";"Python 3"
"TKTPFOEHYG";"화염방사기"
"TKXMVXFSOH";"M68A1 (XM900E1)"
"TKYCQOXMIT";"보병을 전장으로 수송하면서 직접사격 지원도 제공하도록 설계된 장갑차량입니다. 보병전투차(IFV)는 일반적으로 장갑을 갖추고 ATGM을 포함한 강력한 무기로 무장합니다. 따라서 적 보병부터 전차까지 다양한 지상표적에 효과적입니다."
"TKYDIUKJZV";"D-30 122mm"
"TKYHJNTIJG";"2-50 pz"
"TKYZTXRYWS";"34 pdes"
"TLCHPBTRPF";"2S12 120mm"
"TLDNSESSBS";"AH-1F TOWCOBRA"
"TLGQFELWXB";"3-95-y Gv. Tank. Polk"
"TLKJMAZYKI";"A.109HA-1"
"TLLQGGIMGQ";"FRR-7"
"TLPQIPWMHE";"TOW"
"TLRHDVQNGX";"32-y otd. Tank. Bat."
"TLWXLTXOPH";"SVO"
"TLXIWJKWEJ";"I./MSR. 18"
"TMDDJFRVCG";"Malyutka-M"
"TMGZDTBMCH";"Sa Vz.58P"
"TMIWDGIPVC";"MiG-23BN [CLU]"
"TMJINUJQHK";"171. Plrp"
"TMQNGCDEVK";"421TFS"
"TMRLYZQNJW";"LEGION.-SAPEURS"
"TMSATJEDJS";"C.12 [CLUS]"
"TMTERLOSCQ";"DESANT. GAZ-66 ZU-23-2"
"TMWQFFIFMS";"SCHWIM.PZ. PT-76B"
"TMZRWIXZWI";"DA-Zgr. Des."
"TMZXDBVSDY";"OTDELENIE PODDERZHKI"
"TNBEULDFOG";"248-y (MLRS) Polk"
"TNGVVXGGHC";"MOR. STRELA-10M"
"TNMOJAMIRF";"35TH INFANTRY DIVISION (MECH.)"
"TNOZENIXHA";"TRM-2000 TARASQUE"
"TNUHRQNZBF";"REZ. BS-3 100mm"
"TNWIYYSRTM";"ASh-78-3"
"TOAGVNJXPI";"104 Verkbat"
"TOBEDPXBXD";"409TFS"
"TOBPXEUXZE";"Su-17M4 [RKT]"
"TOCQBCTZUP";"BM-43"
"TOCZLPKMIM";"BMD-2K"
"TOESQGZLAD";"ASPIDE TOLEDO"
"TOFHWGIMZX";"FR-F1"
"TOFZIZMLWF";"1-8 pcz"
"TOHHRCNZLE";"11 prplot"
"TOLPYDJMQX";"OT-65 RL"
"TOMGLEJKRZ";"4-68th Armored Bat."
"TOVCKJKZIO";"CLKA"
"TOWEHUBUYP";"M198"
"TOXPDIIVGF";"MB 1017"
"TPBTLSBOKN";"Aufk.-Bataillon 17"
"TPIXUWGYJL";"무유도 폭탄"
"TPKLTVMNCS";"III./MSR. 16"
"TPNDHLQAYO";"#RFA  15. Panzer-Brigade"
"TPNMSQRTJR";"Reservist"
"TPNOOEQZDA";"소총병 순찰대"
"TPSHPLBYJX";"12 Tkbat"
"TPUTQGEHNV";"Kar 98K ZF"
"TPWGORIIPD";"CL-289"
"TQALOBBCQT";"vz. 53"
"TQATCLYPLW";"3-62-y Gv. Tank. Polk"
"TQDXQDMIFZ";"300mm"
"TQEYORJHEU";"2A45M Sprut-B"
"TQFYOEIPLP";"15 DYWIZJA ZMECH."
"TQGCLPAQXJ";"AUFKLÄRER"
"TQGOYIBOPP";"4-4th Cavalry Rgt."
"TQIINIQSZN";"M113A1 VERK."
"TQJQTUJYUD";"AML-90"
"TQKWIGBXUL";"JOH-58C"
"TQMSAOOKAT";"URAL-4320 ZU-23-2"
"TQNEOVJBFS";"BTR-50PK"
"TQNHPRVXEO";"1-66th Armored Bat."
"TQNVBKFDPT";"2A36"
"TQPBIFCLHA";"MAG"
"TQRHCLPRRJ";"25 pcz"
"TQTFTRFOWZ";"베를린 소총병"
"TQUMUBRSBF";"20 DIV. PANCERNA"
"TQVNNJWLUA";"TOPAS-2AP"
"TQXOUBMPUD";"1 Para Bataillon"
"TRHPSBZSRZ";"PALR MILAN 2"
"TRICEUGFKK";"S-13"
"TRLMPSIPFC";"Fs-EINSATZGRUPPE"
"TRMFZAFGLF";"AMX-30EM2 SABBLIR"
"TRMXXAUDCM";"M462 (supply)"
"TRRMZKUOLC";"Bofors L/60"
"TRTDVWKQUB";"Invar"
"TRWGBWMTEA";"Flugabwehr-Rgt. 230"
"TRWZTXYOHF";"FORMOZA"
"TRYTEHDJSR";"3-2nd Arm. Cavalry Rgt."
"TSHOGYCOOK";"GAZELLE AH.1 CP"
"TSQTHTXUJO";"GAZELLE HOT 2"
"TSQUAAPXLS";"Eryx"
"TSRDYOQFEI";"FÜPZ. T-54AMK"
"TSSTHAFZVN";"L7A3"
"TSULIAWOVS";"1-73 pcz"
"TSVSKLPAXI";"M-109A1B"
"TSVZPHOVBU";"Electronic Warfare"
"TSWJDEDBGQ";"AV-8B HARRIER II [TRM]"
"TSZUBGAFHW";"Jäger-Bat. 77"
"TTDTYJMPZJ";"S-53"
"TTHFPULZNS";"이 유닛은 정규군을 지원하기 위해 현역으로 동원된 법집행기관 인원, 민간인 또는 준군사조직원으로 구성됩니다. 일정한 훈련은 받았지만 보통 최전선 전투경험이나 중화기·장비 운용훈련이 부족합니다."
"TTJSAFIGSN";"M47 DOZER"
"TTKKJMWGPA";"이 유닛은 높은 동기와 숙련된 훈련 수준을 갖추었거나 정치적으로 강하게 교화된 병사들로 구성됩니다. 높은 전투의욕으로 전장에 나서며 혹독한 전투상황도 잘 견뎌냅니다."
"TTLFBSXFFG";"#SOV 138-y otd. Tank. Polk"
"TTLFGHGBHA";"BRDM-2U"
"TTRBSAYZQM";"BERLINER GRUP. OFFICIAL BATTLEGROUP"
"TTVEYMBZFB";"BMD-3"
"TTWARAVBFQ";"N.G. REDEYE"
"TTYQBAIHUI";"Bombs"
"TTYXGDLYCT";"CG2CA"
"TTZKUNQXKJ";"Su-27S [AA2]"
"TUAUFUMNKN";"R-13M1"
"TUHFRAMZXN";"FK20-2 20mm ZWILLINGE"
"TUHGUOLNXZ";"6-YA OG MOTOSTRELK. BRIG."
"TUKAFNJTOD";"M-46"
"TUMXAZOPFO";"GAZELLE CANON"
"TUQYSHXIIU";"Mi-2"
"TUTSOGFLCK";"3-67. MSP"
"TUUXRFRGCU";"TOW-2"
"TUVQGSSLVV";"Stab-5. Panzerdiv."
"TUWBRUTMXR";"AIRMOBILE"
"TUZAMVZNFC";"PARA. M40A1"
"TVABMECNRW";"PIONIER"
"TVDJXAMVCL";"M21"
"TVFYQTBVDC";"cas"
"TVHOYVUTSY";"JÄGER AUFKL."
"TVIMMLBMOM";"4-385-y Art. Polk"
"TVKFDZLZYB";"Mi-24D [AT]"
"TVLMXNVGIF";"1-33 pz"
"TVOAHYRTTO";"1-27 pz"
"TVODWBMGQZ";"(1-8th GA MLRS)"
"TVQLARLEKW";"DD-10 DZ"
"TVTAHXGQLR";"MOR. 9K55 GRAD-1"
"TVVATXCNPV";"III./AR 17"
"TVXDETKWEV";"개별 병사가 던질 수 있는 소형 휴대폭발물입니다. 수류탄은 대인 파편수류탄, 연막탄, 가스탄, 심지어 대전차수류탄까지 형태와 크기가 다양합니다. 극단적으로 사거리가 짧은 무기이므로 건물이나 벙커 소탕, 차량 내부로 투척, 부비트랩 등 여러 근접전 상황에서 사용됩니다. 사용거리와 때때로 큰 폭발반경 때문에 수류탄은 적만큼 사용자에게도 위험할 수 있습니다."
"TVXZDGMUSM";"9A51 PRIMA"
"TWAKYXXWFE";"FALLSCHIRM. FÜH."
"TWAVATUXYX";"PZ.AUFKLÄRER"
"TWBSNJRXIG";"K.d.A. AUFKLÄRER"
"TWEITWICZD";"I-HAWK"
"TWGUQYHYIZ";"#CZ 3. Motostřelecká Divize"
"TWHRTATZZG";"N.G. OH-58A"
"TWMUDEUBXJ";"CHIEFTAIN MK. 10"
"TWMUJDXNDF";"기관단총은 높은 발사속도를 지닌 단거리 화기입니다. 기관단총(SMG)은 권총에서 주로 쓰이는 작은 탄약을 사용하여 자동화기를 더 작고 다루기 쉽게 만들 수 있습니다. 대신 무거운 돌격소총보다 저지력과 사거리가 낮습니다. 후방부대나 차량승무원은 개인방어무기로 기관단총을 자주 사용합니다."
"TWNQWAQLEZ";"SAS"
"TWPJEPNNUZ";"AIM-9N"
"TWRXOGEVSY";"DESANT. 2B9 WASILOK"
"TWUGIFYFQE";"MK-77"
"TWUMKONBDV";"1er Chasseurs Ardennais"
"TWUNXZAQWO";"TOW 2"
"TWXTEEYLYD";"M-43"
"TWYXBMZMDI";"4-308-ya Artilleri. Brigada"
"TWZUBLSWRO";"LuAZ-967M AGS-17"
"TXBMHTUBJH";"1-199-y Art. Polk"
"TXBPFWKNIJ";"M106 박격포"
"TXCGUDJXQD";"HARRIER GR.3 [AA]"
"TXELYJDQUL";"I,/KORB"
"TXFQBVMTIM";"19e Génie"
"TXHJLKHJIS";"N.G. XM1058 US-ROLAND"
"TXHSOEGRJP";"T-54BK"
"TXJSUWVGLD";"VBK 45"
"TXOHYUYGBY";"28 pułk zmech."
"TXTNNGPIUS";"4. DYW. ZMECH. OFFICIAL BATTLEGROUP"
"TXVMCBTAVP";"R-33S"
"TXVNGZJZXD";"II./AR 11"
"TXVWSNVWAC";"DESANT. LuAZ-967M KOM."
"TXWOJQJRNA";"GEBIRGSJÄGER "
"TYEQYUJZYH";" PANTSERINF. (LAW)"
"TYFZTSCTCE";"MiG-21MF [AA2]"
"TYHGEVOHRI";"3e Lanciers"
"TYHPDRYJCO";"61e Rgt. d'Artillerie"
"TYKEYRZBGH";"AKM"
"TYMBFIYWOP";"CHINOOK HC.1 SUPPLY"
"TYMUJKSIYL";"PARA. MO-81-61-C 81mm"
"TYRAVVVEMV";"BOFORS L70"
"TYRMBBMXYR";"#SOV 16-y Gv. Tank. Polk"
"TYRTAKRFGF";"HSF"
"TYTOKZEVTR";"M1025 HUMVEE CP"
"TYTUCNYMSY";"VKK 241"
"TYWIABCWNT";"AB TOW-2"
"TYXGMWOIXI";"1-288-y Gv. MSP"
"TYYFBMIUBJ";"JÄGER AUFKL."
"TYZSWZCDJY";"MOTORISED SCOUTS"
"TZAGIEZTDW";"93mm"
"TZDPQTYDWM";"2S1 GVOZDIKA"
"TZHTWRWBRV";"DESANT. GAZ-66 ZU-23-2"
"TZJDSMYTVR";"SPETSGRUPPA V"
"TZJSHPCMWY";"#DDR  24. Mot.-Schützen-Rgt."
"TZKTOQPNQO";"YCQM-121A PAVE TIGER [EW]"
"TZLQFSVFZF";"#RFA Panzerbrigade 29"
"TZNVYASNET";"JG-8"
"TZQISBSXKT";"2-PR-22"
"TZYDAWEUWA";"ROVER MILAN"
"TZYGPKVMOG";"Pz.Gren.-Bat. 223"
"Test_Unit";"Test_Unit"
"Test_Weap";"Test_Weapon"
"UABBGGZOTN";"ERC-90 SAGAIE RECO"
"UADCONRXIM";"Jäger-Bat. 621"
"UAEHSXFGOJ";"DESANT. WD-43"
"UAFRPKMNYM";"Su-22M4 [RKT]"
"UAGIRXLVGM";"M-46 130mm"
"UAGXQEOSKO";"UH-1N SCOUT"
"UAHDUUOKXH";"KPz. T-55AM2B"
"UAMGREVPNN";"독립 전차대대"
"UAMMWKEQDW";"6E DIVISION LEGERE BLINDEE"
"UAPBPYLZZW";"F-4F [HE1]"
"UAQVVCWMTP";"3e Carabiniers"
"UASLZYOQCE";"RM vz.70"
"UAUAEBTRJR";"2-29-y Gv. MSP"
"UAWPPSCRQP";"DESANT. KOMANDOSI"
"UAYWMIJBXA";"REZERWISCI (SVD)"
"UBAYQRBFSB";"SAPEURS"
"UBERKKDTZG";"5-8 Bah"
"UBKUBJIPRS";"BDX"
"UBMMIYRTRN";"M551 ACAV"
"UBMQUMRRZK";"Uru"
"UBOLQTFSXU";"#SOV  211-y Gv. Tank. Polk"
"UBPZXRXKCY";"1-13th Armored Bat."
"UBRGWBZRIL";"#US  82nd Airborne Div."
"UBRJWXTLYH";"BHELA I"
"UBVUTHGMOA";"F-104G [AA]"
"UBZBSTTMEG";"3-63rd Armored Bat."
"UBZGSSLRPM";"GSh-23L"
"UCBKVJLHZL";"2e Etranger"
"UCFLJNECST";"2A65"
"UCGDEZLION";"KPz. T-72M"
"UCGQCGMQCZ";"2-6 pz"
"UCGZPYTWLX";"3-PR-19"
"UCHGNEBJWY";"9-YA GV. TANK. DIV."
"UCIIGXTHXP";"Mk 83"
"UCJUEMXRPX";"GVARDEITSY (BMP)"
"UCKJFZDBLF";"MAS-49/56"
"UCLMNRLCFV";"CMDT PARA-CMDO."
"UCOTFNGVUG";"AR-70/90"
"UCPMYNEDLH";"SKYGUARD CV 35mm"
"UCSQRNUMQQ";"2A42 "
"UCTMMCSHFO";"3-249-y Gv. MSP"
"UCTWUPUWTZ";"MOTOSTRELKI CUBA (BTR)"
"UCUMUYKNQB";"787-y IAP"
"UCVXXLOUBF";"Belgische Luchtmacht"
"UCZAIMKBRA";"R550 Magic"
"UDBTXIUIJW";"3-3 pcz"
"UDCMJEPIPT";"SCHMEL-1"
"UDCQRBNBVH";"DESANT. 2B14 82mm"
"UDDLMZTPUV";"Br-2M"
"UDFHVBDJZV";"PRŮZKUMNÍCI"
"UDQQSBAMNH";"PHANTOM FGR.2 [CLU]"
"UDTENMIYDD";"SUPER ETENDARD [AT]"
"UDUBUDNOAU";"2-68. MSP"
"UDUKUYUNGJ";"Mi-17 [RKT 1]"
"UDVSSVFHLQ";"공대지 로켓"
"UDWBWSNGIK";"#RFA  64. Heimatschutz-Brig."
"UDWNOMPYUJ";"Mi-8T"
"UDXYROJWVH";"Amphibious"
"UDZAXXDQUX";"OT-62/R4MT"
"UDZHTMAJML";"3-52nd ADA"
"UEAGAZCLDQ";"1. TANKOVÁ DIVIZE"
"UEDNMGQMZQ";"SCOUT AH.1"
"UEGFXOIFUD";"Mi-24V [AT]"
"UEGOUMRDSY";"1-1054-y Art. Polk"
"UEGUTODADY";"21-YA STRELK. DIV."
"UEIECTIVYC";"VKK 333"
"UEJEWHWCWV";"소총병"
"UENDXQIXJE";"3-44-y Gv. Tank. Polk"
"UENUNAIAAY";"1-24 pcz"
"UEOMCLDZIL";"MT-LB"
"UEWKHDZDEU";"MAN 630 L2AE"
"UEWYSVTASC";"1-70-y Gv. Tank. Polk"
"UFAZWXEZZG";"1-211-y Gv. Tank. Polk"
"UFCUPPXLZW";"3-PR-23"
"UFDAONQWSI";"FAL Scope "
"UFDOJXCGFV";"PzGrenadier-Bat. 131"
"UFDYZWLRWU";"R-3R"
"UFFGOEKOYL";"L7A3"
"UFFUEBRKXZ";"1-29-y Gv. Tank. Polk"
"UFILMATBGZ";"CFE 본부"
"UFMXXVQJJS";"V-600"
"UFOXNABUBL";"CHIEFTAIN MK. 10 CMD"
"UFPJTIQCLR";"Su-24M [AT1]"
"UFSVPYGJWE";"11 Afdva"
"UFTBEDMXWO";"KAB-500L"
"UFTQXABKWD";"III./MSR. 22"
"UFWSWUSZWD";"PINZGAUER 712M JAMMER"
"UFWUXIBVOT";"138-y otd. Tank. Soviet Polk"
"UGCLICQOVN";"JAGUAR [AT]"
"UGCMOMNCHK";"1-1-y Gv. Tank. Polk"
"UGDHLAULRO";"1-41 pz"
"UGEVLKUHID";"Artillerie-Bat. 535"
"UGIDVVTZZQ";"TORNADO IDS [HE]"
"UGJUUYNPLY";"1. MSD"
"UGKDOPAYTF";"25-YA TANK. DIV."
"UGLJLVWDED";"100 pułk zmech."
"UGONPYOPAA";"#RFA Artillerie-Regiment 10"
"UGORSJDJKL";"REZ. PM-43 120mm"
"UGQBHDXNMT";"RakArt.-Bat. 42"
"UGSNXKABCG";"5-3rd Field Artillery Rgt."
"UGTDJDEYGQ";"1-32 pz"
"UGVXNXMIFC";"AH-1W SUPERCOBRA [AA]"
"UGYAVPKQHC";"MiG-23BN [RKT]"
"UHCUPMBZET";"T-34/85M DOW."
"UHCYBLIEFI";"División Meca. Brunete n°1"
"UHJYCWXIWL";"많은 전선 병사들이 사용하는 표준 무기인 전투소총은 중거리에서 적 보병을 상대하는 데 효과적입니다.
무겁고 강력한 전투소총은 사수가 정지해 있을 때 매우 정확하고 치명적이지만, 이동 중에는 돌격소총보다 성능이 크게 떨어지며 탄창 용량도 더 작습니다. 대부분의 전투소총에는 조준경, 수직손잡이, 야시장비 또는 단발식 유탄발사기 같은 부착물을 장착할 수 있습니다."
"UHOUTPMSAL";"M58 MICLIC"
"UHPTVZIXCH";"[SHOCK#trait_SHOCK] [PARA#trait_PARA] [SML#trait_SML]"
"UHTWRUOZUB";"B-4"
"UHWWTTDLBF";"1-322-y MSP"
"UHYSDMAWEG";"GROUPE ANTICHAR"
"UIAUCMJBUY";"HQ-2"
"UIDVNVKPJG";"VKK 352"
"UIEVELUDYK";"2-51. MSP"
"UIIWQKDOSO";"Aufklärungs-Bat. 5"
"UIJCKEIBIP";"#CZ 64. Tankový Pluk"
"UIMCPUMZUX";"2e REP"
"UIPJANMGQT";"#RFA  19. Panzergrenadier-Brigade"
"UIQVSYZEVI";"102 Verkbat"
"UIRROWGHJV";"L8A2"
"UITXMSCJZS";"DRAGON I"
"UIVUFFCOJT";"BM-14M"
"UIYBROWPRB";"OT-65VP"
"UJABTWUSMV";"3. DLMB"
"UJCATGRFNM";"4-1054-y Art. Polk"
"UJDOKDZXAV";"R-13M"
"UJGHYBRNRS";"#RFA VBK 47"
"UJHGPIYARA";"2K22 TUNGUSKA"
"UJHXVAUFTT";"AGM-65E Maverick"
"UJIRMSRMDF";"#SOV 153-y Tank. Polk"
"UJISDDTCIQ";"170e Infanterie"
"UJJPWHMYIO";"2A44"
"UJKJRPMDFA";"AMX-30EM1 RECO."
"UJLWJJWOHX";"FALLSCHIRM.-MG-3 7,62mm"
"UJMGSUXVSE";"#FR 15e Division d'Infanterie"
"UJMWGQIZDB";"7. PANZERDIVISION"
"UJOGQCZKUZ";"AGM-65E Maverick"
"UJOKCIQLZX";"PARA. ROVER CP"
"UJSYLVNMMT";"JG-1"
"UJUVGOZYIV";"CH-53G"
"UJUVNYYFIF";"M113A3"
"UJUZXXUCSF";"ADEN Mk.4 x2"
"UKBJIMWOHT";"III./PR-10"
"UKEWNSDWXA";"Swingfire"
"UKHSEKPKYG";"AB M1025 HUMVEE CP"
"UKISMQORGW";"BOFORS 57mm m/54"
"UKLNNEMOYK";"이 유닛은 무인항공기(UAV)로, 지상 운용자가 원격조종하며 정찰에 사용합니다. 작고 느리며 조용하여 육안으로 발견하기 어렵고, 레이더에는 새처럼 보이도록 설계되었습니다."
"UKMPLYOTKP";"이 유닛은 흔히 병사들에게 미움을 받는 군사경찰로 구성됩니다. 법집행기관으로서 후방 질서를 유지하고 군 내부에 엄격한 규율을 집행합니다."
"UKTYPNFRTY";"84mm HEAT"
"UKXNXWVBUY";"2e Bataillon Commando"
"UKXZSGTSGU";"#NL 11 Pantserinfanteriebrigade"
"UKZNORQUZM";"M577GA2"
"UKZPABUVIO";"VKK 245"
"ULCDJWYJNA";"HMG TEAM (M1919A4)"
"ULDZAKQCDL";"SEA KING S-61A."
"ULFNHFCZSB";"#RFA  5. Panzergrenadier-Brigade"
"ULGFRKUUXH";"BTR-60PBK"
"ULHDKRSWKK";"Panzer-Bat. 344"
"ULHJBRGNRG";"N.G. SCOUTS"
"ULHXKDCTDR";"RPG-26"
"ULJGHMIFYI";"Pz.Gren.-Bat. 122"
"ULKJHHZSMS";"1-505th PIR"
"ULKNQKHABB";"B-10"
"ULNKNYJFXO";"5 prplot"
"ULQLTFSKIY";"3-33-y MSP"
"ULRWFVPWMD";"Mk.18 RET"
"ULXGADAURW";"공대지 미사일(AGM)은 항공기에서 지상표적을 공격하도록 설계되었습니다. 임무에 따라 다양한 추진방식, 탄두, 유도방식을 사용합니다. 대부분의 AGM은 발사 후 망각 방식이지만 일부는 표적에 대한 능동 또는 반능동 유도가 필요합니다.

공대지 미사일은 강력한 원거리 타격무기입니다. 발견된 주력전차, 방공체계, 포병, 지휘유닛 같은 고가치 표적을 정밀타격하는 데 효과적입니다. 구세대 AGM은 정확도가 낮을 수 있습니다."
"ULYXYIJWQL";"MiG-23BN [KMGU]"
"ULZETPDUFP";"F-16A [CLU]"
"UMAONRMPZB";"HU.10 MANDO"
"UMFQTYMPQM";"ILTIS MILAN 2"
"UMHBRYJSCG";"OH-58C Scout"
"UMMTERLFHP";"F3 AUTOMOTEUR 155MM"
"UMODVHEHSF";"MIRAGE 5BA MIRSIP"
"UMPVBDYXCY";"PIONIERKOMMANDO 1"
"UMQWGHESBS";"#SOV 3-ya Armiya"
"UMRHYSTFGG";"#SOV 283-y Gv. MSP"
"UMWQYAACAK";"AUFKL. Mi-14PL"
"UMYPTQHMSD";"2A72"
"UMZDUYMDLM";"M-30 122mm"
"UMZKDUMTNU";"4 DYW. ZMECHANIZOWANA"
"UNAMBVGKHY";"REZ. BTR-60PA"
"UNCZVMGPSQ";"3RD ARMORED OFFICIAL BATTLEGROUP"
"UNJKRZAULJ";"Tampella"
"UNKVNHDVKQ";"45 Painfbat"
"UNNQTESFQS";"1-400-y MSP"
"UNOZVVHXPD";"19-y Gv. APIB"
"UNPERXCQJZ";"대전차"
"UNTBRWWSBX";"WESSEX HC.2 SUPPLY"
"UNUFWDPFDW";"UH-1N SUPPLY"
"UNXEWCOFPO";"TOPAS SPG-9"
"UNXZVVDUXW";"N.G. SCOUTS"
"UNZEGKAIRG";"D-25T"
"UOAAHWXNSK";"9F53"
"UOGLWCZBQK";"PANZERMÖRSER"
"UOHMUEQDBK";"M1 81mm"
"UOIUADXWWO";"MOT.-SCHÜTZEN (BTR)"
"UOIYAANQXO";"EE-15"
"UOQDJFTBUM";"투하 후 소형 무유도 자탄을 방출하는 공중투하 폭발 무기입니다."
"UOSOPWRCIF";"6 Brygada Powietrznodesantowa"
"UOTDVWSPZR";" RT PRŮZKUMNÍCI"
"UOTPORVZZA";"L37A2"
"UOUBCWQKET";"3M9M1"
"UOVUFPAFSA";"MiG-21bis [NPLM]"
"UPAGROBMEC";"MT-LBu"
"UPCNPMGYLD";"BTR-70 S-5"
"UPCXZZDTII";"DShKM"
"UPDRXREJUY";"DM34 HAFLA"
"UPIDCEQJOE";"MARINES TOW-2"
"UPKIJCLXVJ";"기관단총(SMG)은 발사속도가 높은 단거리 화기입니다. 더 작은 구경의 탄을 사용해 자동화기를 작고 다루기 쉽게 만들 수 있습니다. 돌격보병이 자주 사용하며 후방부대와 차량승무원도 개인방어무기로 운용합니다.

기관단총은 돌격소총보다 사거리, 정확도, 피해량이 낮지만 발사속도가 높아 근접전과 시가전에 더 적합합니다."
"UPNLAHYUUS";"FÜPZ. T-72"
"UPVIJMRTDF";"M201 AA52"
"UPYSVAUCZQ";"GPU-5/A Pave Claw"
"UPZGYQWIYB";"#UK  3rd Armoured Division"
"UQAPNJQHPU";"142 Painfbat"
"UQBXPWSTLN";"2-6 Baa"
"UQCNWGUXTN";"81,/115-y otd. Tank. Polk"
"UQCTRBWSWG";"3. LVD"
"UQDZSKKTZF";"CH-135 [AT]"
"UQGGMOVSXC";"Su-24 [SEAD]"
"UQJBVCGSOQ";"#CAN 1 CMBG"
"UQLDXSXEGZ";"EM-1ère DB"
"UQMDGUJBNP";"HQ-1 (BE) Corps"
"UQMSVYKMIO";"138-Y OTD. TANK. POLK"
"UQMTDTXFXO";"RAZVEDKA"
"UQMVBWUAJB";"ROLAND 2 CAROL"
"UQNJNJDIKF";"1ST LLD. DIV. OFFICIAL BATTLEGROUP"
"UQNWNEMPKY";"OT-62/R4MT"
"UQNZJCRJTK";"9K115 METIS"
"UQODQNBBAM";"StG 77"
"UQQWJAKEXF";"GeWa-20"
"UQQWRMNYWW";"1-12 pz"
"UQRDAOFRUY";"KRAKA FÜH."
"UQTQOEWSSE";"MG3"
"UQXQMFNUDU";"2A51"
"UQXTZFHCHJ";"Su-22M4 [AT]"
"URDXTPMJRD";"Pod ADEN Mk4"
"URFJILETYJ";"L6 WOMBAT"
"URGWDXPBBL";"#RFA 74. Pionier-Rgt."
"URJLOCZIZC";"L4A4"
"URMQZIHLJF";"R-77"
"UROCHVUSYE";"3-362. DP"
"UROZEQOXAY";"DD-12 DZ"
"URPLGOTLTH";"RM vz.51"
"URQVCIEAYV";"486-y Otd. Vertoletniy Polk"
"URSFOAHGNN";"프랑스 경찰 예비대"
"USHXILZCQF";"439TFS"
"USLHXCVPHJ";"F-85 M40A1"
"USLRGXMTIA";"DESANT. UAZ-3151 AGS-17"
"USNCXPWZOJ";"1-119-y Otd. Tank. Polk"
"USPJXQKSDW";"MIRAGE 2000C RDM [AA2]"
"USPXRRBPHO";"WP-8Z"
"USQJPKRLLN";"9-y Razvedka Bat."
"USQQXYJOKA";"PHANTOM F.3 [AA]"
"USTVGTBHPR";"32 pułk zmech."
"USUXFAVOYQ";"INGENIøR"
"USVRBEFYKF";"M1 ABRAMS"
"USWQVHDRYY";"ALPHA JET [HE2]"
"UTAVFJMDZZ";"Oerlikon KBA"
"UTGBWYJOYH";"M14"
"UTKHOTNKZA";"EM-15e DI"
"UTLFYBXZUW";"Falanga-P"
"UTMAFZEWHI";"Royal Scots Dragoon Gds."
"UTMJLVVNDC";"Panzer-Bat. 633"
"UTNBRCIWMT";"JRROF"
"UTNPWYVTOT";"TORNADO GR.1 [HE]"
"UTTAKVWLJR";"(Crimean Defence Force)"
"UTUDSOVAEO";"4-8 Bah"
"UTZRHTSPNX";"AML-60-12"
"UUFHCLNQIB";"Jäger-Bat. 106"
"UUHBZNQZBM";"AK-74"
"UURHECKSYM";"4-724-y Gv. Art. Polk"
"UURIZKJXEE";"Mi-24D DESANT"
"UURTIPQZNY";"TRM-10000"
"UUUZXXSGLH";"Esc. de Chasse 1/3 Navarre"
"UUVEBCYZUK";"#SOV 166-y Gv. MSP"
"UUWOVZUMOZ";"8TH INFANTRY DIVISION (MECH.)"
"UUXJYTZNGV";"#DDR 30. Mot.-Schützen-Rgt."
"UUYSETCGTJ";"Barret M82"
"UUZTNDTOUK";"R-98MT"
"UVANJEDFEA";"PARA. SCOUTS"
"UVBTMEUSOK";"2A19"
"UVDUFSEEQV";"BTR-70 RYS"
"UVKGREJKZY";"HS-831A"
"UVKUHQFBYB";"2de Lansiers"
"UVLZJZOSUV";"TOS-1 BURATINO"
"UVPTRTEEDZ";"Panzer-Bat. 153"
"UVQROIZSGJ";"3-38. DP"
"UVRAKNXRQG";"공대지 로켓"
"UVSUWQHIVC";"GACA ATP XI"
"UVUCAJSXYT";"#RFA  11. Artillerie-Regiment"
"UVUNYGBORW";"Mi-24D [AT2]"
"UVYFKYAMJV";"4-71. KDBr"
"UVYYPMGYZR";"9. Stíhací Letecké Pluk"
"UVZJJMLJDS";"Sicherungs-Bat. 4452"
"UWBNCTSOUZ";"#SOV 278-y Gv. MSP"
"UWDQWNQYQB";"R-60M"
"UWFITUIDDO";"L65/120 120mm"
"UWQWEZOGAV";"M12"
"UWRZUZZYGA";"CENTURION Mk.V"
"UWYFLHJYPV";"Pionier-Bat. 210/250"
"UWZJQVJVFI";"5 pułk zmech."
"UXDHRJQVSG";"AMX-13 Mod.56 PC"
"UXDTZFMKZD";"M55 Maxson"
"UXFYDBEDPF";"FRP ROLAND 3"
"UXIQOKYDLB";"FH155-1 155mm"
"UXKABOEGMH";"2-6-34-ya Artilleri. Div."
"UXLJFURKKB";"BLG66 Belouga"
"UXMSZDAZDC";"CMDT MECH. FUSILIER "
"UXNKEXMRMZ";"OBÚS 203/25 M115"
"UXPHICGLYS";"AMX-13 DCA"
"UXPMHETMAX";"ECUREUIL"
"UXRLWYNPUE";"Panzer-Bat. 54"
"UXSDAOQEDQ";"공수 헌병 순찰대"
"UXUIBSNNNJ";"BS-3"
"UXVHJORDPX";"SAS 순찰대"
"UYATSIXAFW";"Stab-12. Panzerdiv."
"UYETZGOFIX";"USMC LAV-25"
"UYEUXQQBOG";"III./PR-16"
"UYFGNSBJAW";"#CAN 1st Canadian Air Division"
"UYIYEYCCSG";"공대공 미사일(AAM)은 항공기가 공중표적을 파괴할 때 사용하는 주요 무기 중 하나입니다. 특정 교전거리대에 최적화된 정교한 무기로, 레이더 또는 열추적 같은 다양한 추진방식·탄두·유도방식을 사용합니다.

일부 AAM은 속도와 사거리를 중시해 장거리 전투용으로 설계됩니다. 단거리 미사일은 기동성을 중시하며 주로 근접 공중전에서 사용됩니다."
"UYJALNLOYI";"공대공 미사일"
"UYJKSPHOKS";"Mi-8TARK"
"UYMLKZXCRJ";"Strela-3"
"UYMTMOLREJ";"TERRIERS PARAS"
"UYOJGNSKWW";"군사경찰"
"UYQUZFRKTZ";"16 bdes"
"UYUJRDJGGN";"BK90/L40"
"UYWCQNITED";"Mini-Uzi"
"UYWJOMFBHS";"PLRK S-10M"
"UYYFMAMVHS";"ILTIS CP"
"UZAFWOMUBS";"2-227th Attack Helo. Bat."
"UZBIRPDEJO";"저격수"
"UZCBVZIGWN";"BTR-40B"
"UZCDOMCAQF";"101 Tkbat"
"UZFBDTGRIW";"I,/The York Volunteers"
"UZIAYMXFZZ";"N.G. RIFLES (M67)"
"UZKFJANVFY";"27-YA GV. MOTOSTRELK. DIV."
"UZKJUPNFLB";"7.62mm"
"UZOWQUVILK";"M59 155mm"
"UZSEOTPZYB";"47-YA GV. TANK. DIV."
"UZSGGHUQPL";"미 해병대 정찰대"
"UZUPQEBUYZ";"7e Blindee"
"UZUXPNUGSM";"HARRIER GR.3 [HE1]"
"UZVBJFBSZR";"#ESP Brigada Mecanizada 11"
"UZVQLQKVPP";"Token inexistant PAHRYYTNTY dans SERIOUS_Localisation_Unites"
"VAATGIMUGQ";"CERBERE 76T2 20mm"
"VAAZYOGSYP";"CH-53E SUPPLY"
"VACGQKJLMG";"Geb.Art.-Bat. 235"
"VAFLSUNPTO";"Heimatschutzbrigade 64"
"VAGSBBYCRK";"HR.15 MANDO"
"VAGXYMMFAI";"MOR. PLAMYA 30mm"
"VAJTRMPDUU";"I-III./Artillerie-Brigade 40"
"VAKPWVTUYW";"#SOV  34-ya Artilleri. Div."
"VALBSFPXUZ";"SRAAW (L)"
"VALPBMQZBM";"MG3"
"VAOASKFAGT";"NIEBIESKIE BERETY"
"VAPJIZAXNY";"LYNX AH.7 CHANCELLOR"
"VAQCERVWDC";"227mm"
"VASOZMZJWK";"REZ. STRELA-3"
"VATQGXHMHY";"KPz. T-72S"
"VAWJXCZVJV";"3-265-y  Gv. MSP"
"VAXNBTTGDI";"M3 BRADLEY CFV"
"VAYDXHBMMQ";"AM50"
"VAYGMOZAXX";"무인항공기(UAV)는 원격으로 조종하는 무인기입니다. 정찰임무를 수행하여 조종사를 위험에 노출시키지 않고 전장감시 정보를 제공합니다."
"VBDTMOEDIP";"92nd Tac. Fighter Sq."
"VBFAVTUKLA";"PARA. JAVELIN"
"VBIOESGPNX";"#US 10th Tac. Fighter Wing"
"VBIRXDYEPR";"이 유닛은 보병전투차(IFV)와 함께 싸우도록 훈련된 병사들로 구성됩니다. 해당 군대의 기계화보병 교리에 따라 하차한 뒤에도 IFV와 긴밀히 협동하며 차량의 장갑, 무장, 센서를 최대한 활용합니다."
"VBRIURMRDF";"REZERVISTI"
"VBRZSOVOYZ";"SFl M107 175mm"
"VBSYVUKFST";"#SOV  35-ya Gv. DShB"
"VBZDWOUGIC";"#UK  5 Airborne Brigade"
"VCABHLDIFJ";"3-61 brop"
"VCAKDRNOTR";"PzArtillerie-Bat. 145"
"VCBNKOYMVJ";"RAZV. BMP-2"
"VCDLVRCXJI";"526th Tac. Fighter Sq."
"VCGMJUQTTY";"AS.11"
"VCGMMVUDFB";"CF-188 [CLU]"
"VCGQAVQWUZ";"SCOUTS"
"VCLUPYKWYB";"FALLSCHIRMJÄGER (Metis)"
"VCNJWGKRQF";"공대지 미사일"
"VCOZHJWSWA";"3-68-y Gv. MSP"
"VCTAJSNKPP";"MAPATS"
"VCTDZFEIMO";"MOT.-SCHÜTZEN (Metis)"
"VCTRKCRYUA";"1ste Jagers te Paard"
"VCUEEGSQBW";"4-99-y Art. Polk"
"VCYONNASZY";"TORNADO IDS [AT]"
"VDECPFNWJD";"GAZ-69"
"VDEYZCUJAE";"TOA-PC"
"VDGRYCZXSK";"#DDR 5. Armee"
"VDJJJCJCMZ";"17 Painfbat"
"VDNCQMNBVI";"공중기동 화력조 (AT-4)"
"VDOZXYKNBR";"AMX-10 P"
"VDRLKWBGRW";"USMC M252 81mm"
"VDSQIYHFYO";"박격포는 운용조가 사용하는 간접사격 보병화기로, 중거리까지 고각 탄도로 포탄을 날릴 수 있습니다.
박격포의 구경은 50mm부터 120mm, 드물게는 거대한 240mm까지 다양합니다. 구경에 따라 사거리, 운반 용이성, 발사속도와 파괴력이 달라집니다. 대형 박격포 중에는 전용 차량에 탑재되어 사격 후 신속히 진지를 옮길 수 있는 것도 있습니다. 고폭탄, 연막탄, 조명탄 등 다양한 탄종을 사용할 수 있어 전장에서 필수적인 자체 화력지원을 제공합니다."
"VDSVYAWTEK";"R-330 RAMA"
"VDUIXDZGDH";"ROLAND 3"
"VDUVHREUIU";"해병 공수대"
"VDVAXRSDYG";"EF-101B ELECTRIC VOODOO"
"VDVBZUNHPV";"MOR. ZU-23-2"
"VDXYWRPWZA";"TPz FUCHS RASIT"
"VEBJUQIQPB";"KPz. T-55A"
"VEDDVQMTOI";"2-sMSR. 25"
"VEGEGJZNIQ";"M185"
"VEGLJSLJPY";"MIRAGE III E [SEAD]"
"VEGLMBKIUB";"S-60"
"VEHAIXSFRI";"Su-22M4 [NPLM]"
"VELRPEIJXG";"103 Field Rgt. RA (V)"
"VEOIWARPBE";"KMGU"
"VEOXCBWAVA";"1-117-y Gv. MSP"
"VEREPDDWCU";"Panzer-Bat. 121"
"VESBBEJAJQ";"GV. NSV 12,7mm"
"VETEQONZST";"3-210-y MSP"
"VEVZEQKNZD";"Mi-8TV [RKT 2]"
"VEXFEGHKYW";"440-y otd. Vertolotnyy Polk"
"VEXUQNTGLG";"Mk 82"
"VFCLVJTJJU";"3-280-y Gv. MSP"
"VFDWDVGFLR";"61 BRYG. ART. WOJSK OPL"
"VFETSMVFOQ";"264kg"
"VFFWEPTDJT";"JYSKE DIVISION"
"VFJEZVGMXY";"M55"
"VFJREXLYCH";"2-325th PIR"
"VFNCIHYIGC";"DShKM"
"VFNPGPROFP";"#SOV 105-ya ADIB"
"VFPHRLPUXK";"Panzer-Bat. 143"
"VFRYOOJRJZ";"Pz.Gren.-Bat. 561"
"VFWYHJIORZ";" M1008 CUCV AGL"
"VFZMXXNYHO";"1-6 Baa"
"VGDKUJXMCS";"L19"
"VGENQTGLTO";"CHINOOK HC.1"
"VGFYTMOXMM";"1-48-y Gv. Tank. Polk"
"VGJUQVKDNN";"GEPARD B2"
"VGLLALZUFC";"MISTRAL"
"VGPCMMZNFF";"3-7-y Gv. Tank. Polk"
"VGPVYQIZXE";"NR-30 x3"
"VGPYDVCXFP";"CMDT AEROMOBILES"
"VGUBMRIROU";"MOTOSTRELKI KOM."
"VHBESECAPJ";"T-80BV IZD. 29"
"VHJUQNCNLV";"3-66th Armored Bat."
"VHKOYGJMBL";"M1919"
"VHKTUVVLBV";"45 Afdltlua"
"VHMMCZQHEA";"Bloodhound"
"VHOGRPMGDQ";"#RFA VBK 46"
"VHOWMVZSQN";"FRR-20"
"VHQFNCQBHB";"13. PLP"
"VHQMMDXDKP";"6TH INFANTRY DIVISION (LIGHT)"
"VHSMVQRRUC";"L-39ZO [RKT]"
"VHSPJBVLJK";"T-72B1"
"VHSWQPONZC";"M102 105mm"
"VHTISIWXQF";"1. CANADIAN DIVISION"
"VHTJSGAIEK";"N.G. M30 107mm"
"VHTOGGOSSQ";"ASh-78-1"
"VHVFXTAPXH";"USMC M109A2"
"VHVVMXBTGL";"5-6 Baa"
"VHWFVTKJBF";"#DDR 28. Mot.-Schützen-Rgt."
"VHWOMSDWUB";"SNEB"
"VIBGPOEQPA";"MiG-21bis [AT]"
"VIBLGXKYOY";"BL 5,5-inch"
"VIDTXOMVMP";"M249"
"VIFCZPOOHH";"레이저 유도폭탄(LGB)은 항공기가 적 지상유닛을 공격할 때 사용하는 폭발무기입니다. 유도폭탄은 GBU(Guided Bomb Unit)라고도 불리며 단순하면서 파괴력이 크고 정확도도 높습니다. 다만 폭탄을 투하하려면 항공기가 표적 상공 또는 가까운 지점을 통과해야 한다는 단점이 있습니다. 유도폭탄은 형태와 크기가 매우 다양합니다."
"VIGMPCKHPE";"2ste Jagers te Paard"
"VIHBYIAHTG";"11. MOT.-SCHÜTZEN-DIVISION"
"VIISHCSUVY";"공대지 로켓"
"VIKLVOBBXC";"DA-1 Armia"
"VINSKPQBTA";"RPK-74"
"VIPFZTMKZL";"1-13. TP"
"VIQRPJLJLK";"9M27F"
"VIRZVJXXKY";"31-YA TANK. DIV."
"VITHKMNLKR";"Stab-1. Gebirgsdivision"
"VIWDBFBYNI";"31-ya Tank. Div."
"VJDQLBCXJO";"MOTOSTRELKI (RPG-26)"
"VJEYMXXXCX";"20.MOT.SCH.DIV. OFFICIAL BATTLEGROUP"
"VJFTVGVOBE";"A-6E INTRUDER [SEAD]"
"VJHPQIEVKF";"9M37M"
"VJIHKERECW";"13. PPR"
"VJITWRXFLN";"M38A1 NEKAF"
"VJJHXFYLWD";"24 Brygada moździerzy"
"VJMEJCSLJF";"반개 분대"
"VJOECHDJUM";"JAGUAR GR.1 [HE1]"
"VJTAEUTVWC";"BELOZOR"
"VJZVUNOUWJ";"M3A1 BRADLEY CFV"
"VKCDALTGWV";"RT-61"
"VKFVCNHBGN";"F-6C [AA]"
"VKHXIAXGZW";"Panzer-Bat. 283"
"VKKGFLIIRC";"CAV. TROOPERS (DRAGON)"
"VKPNQYHZZN";"6-YA OG MOTOSTRELK. BRIG."
"VKQJEIYRGN";"Su-22M4 [RKT]"
"VKTJBTRJKM";"GeWa-17"
"VKUNRCJBPL";"Strela-2M"
"VKUQPZIGQM";"#CZ 2. Tankový Pluk"
"VKUQQFBOGN";"MSS 1.2AC"
"VKVPVORMUG";"RAPIER FSB2"
"VKXINRFXQR";"CH-54B TARHE"
"VLBLJXYQKF";"AGM-88 HARM"
"VLBMYLZRFS";"무유도 공대지 로켓은 항공기와 헬리콥터에서 지상 표적을 향해 발사합니다.
흔히 쓰이는 로켓은 일반적으로 능동 유도 체계가 없어 미사일과 구별됩니다. 단순하고 사용하기 쉬운 대신 정확도는 높지 않지만, 단거리 공격이나 지역 포화에 편리합니다. 다양한 탄두를 탑재하며 로켓 포드에서 일제사격하여 막대한 화력을 퍼붓는 경우가 많습니다."
"VLDANEBZYU";"PARA. ECLAIREURS"
"VLDVAOPKRE";"Feldjäger-Bat. 741"
"VLFCRFKXSL";"#RFA  3. Panzerdivision"
"VLJDHLPYBQ";"무반동포"
"VLKKIVYNEJ";"CN 90 F3"
"VLKLTCQYNT";"USMC LAV-MEWSS"
"VLPSJBWVQH";"M1919A4"
"VLTIKYMQOY";"MARINIER DRAGON I"
"VLVRZIJQII";"BERLIET GBC 8KT LOG"
"VLWYTQISQQ";"PARA. MISTRAL"
"VLWZFYIUCL";"PzGrenadier-Bat. 71"
"VLYGCDSRHV";"연막탄 발사기를 장비한 유닛은 B키 또는 명령 패널의 SMOKE를 눌러 1회용 연막을 전개할 수 있습니다."
"VLZCYKIFPB";"101ST AIRBORNE DIVISION"
"VLZYDRDJFL";"PZ.GRENADIER (CarlG)"
"VMAHCCFQDN";"2-8. TP"
"VMANCFGYYW";"AH-6F LITTLE BIRD"
"VMBZQTBUBH";"3-5 Baa"
"VMEAXRAZRV";"Feldjäger-Bat. 743"
"VMERUWYGEL";"INFANTERI (PNÆV)"
"VMIJORBSUI";"9M28F"
"VMMLVVKGDF";"M25 SWS"
"VMNECAOXSZ";"3. PLP"
"VMNJAAEWVB";"1-64. TP"
"VMNNOLOWFW";"2A17"
"VMOCYGJTZY";"공병"
"VMQBEUHOYV";"MO-120-RT61"
"VMUQJHAQVW";"V,/Royal Anglian Rgt."
"VMVNCBZOSJ";"NSVT"
"VMXDBISFNZ";"M-24F"
"VMXEVKGADW";"2-302-y Gv. MSP"
"VMZMLOYMTM";"3-138-y otd. Tank. Polk"
"VMZNMHIHNS";"CATFAE"
"VNAXEYPXAO";"AIM132 ASRAAM"
"VNEJPLFRJV";"주방위군 공병"
"VNESCWGHBV";"GENDARMES DE L'AIR"
"VNEYDODKEK";"F-16C [AT]"
"VNFHVZJAEG";"M1 81mm"
"VNHPMSAWYT";"9TH INF. DIV. OFFICIAL BATTLEGROUP"
"VNIRCHTLWT";"SPW-50PK(MRF)"
"VNJBVVLDEX";"MIRAGE 5BA [NPLM]"
"VNKYLMTQEO";"MOTOSTRELKI (BMP)"
"VNMTBOZWBW";"FLAB KAN 63 35mm"
"VNNKPHIDTM";"MiG-23MF [AA]"
"VNOKDJPJPS";"Aufklärungs-Bat. 11"
"VNPBNBSTHH";"UAV는 제압의 영향을 받지 않습니다."
"VNSYGTBZMQ";"#BEL  1 BE Corps"
"VNTEVZCFTH";"분대"
"VNTFUAHOBH";"P4 PC"
"VOABZRHHEC";"#DDR 1. LVD"
"VOANMLMCUU";"Groep Leeuwarden"
"VOPMOJNHUC";"MOR. PEKHOTA (SVD)"
"VOTWCMQUIT";"EE-11 URUTU"
"VOUOWFYMKG";"Wz. 43/52"
"VOWRGPFURS";"M201"
"VOZLTPKYJQ";"L65/81"
"VPCJCVWFBQ";"Pionier-Bat. 220/240"
"VPDDDOVABW";"기관포는 HE와 철갑탄을 포함한 중구경 탄을 빠르게 연사할 수 있습니다. 보병, 경장갑차량, 비장갑차량에 매우 치명적입니다. 다양한 기관포가 장갑병력수송차부터 공격헬리콥터까지 여러 차량의 주무장으로 사용됩니다.

기관포는 다양한 표적을 상대로 효과적입니다."
"VPJYNZCJHO";"Pz.Gren.-Bat. 113"
"VPLLJPCXFM";"F-4F [AA]"
"VPMZSAGHJV";"D-10T2S"
"VPNTZVNBVN";"Mistral"
"VPQKVRDDWT";"46-YA ZEN. RAK. BRIGADA"
"VPQLLXHZLD";"PzArtillerie-Bat. 105"
"VPRNQGZXXS";"전투소총"
"VPUGAKJCSA";"56-YA DSHB OFFICIAL BATTLEGROUP"
"VPVXVYXHHE";"#US 17th Air Force"
"VPWVXBNOVI";"3-1. DP"
"VPXBRECGRM";"PKM 7,62mm"
"VPYYLEXVEE";"FASTA-4"
"VQANILXUIN";"Mi-8T [RKT]"
"VQBABFKYQD";"Tarasnice T-21"
"VQDMCZQONS";"M109A2"
"VQFIOVHKIQ";"VLRA PAMELA"
"VQFMBRMYFB";"4-16th Mech. Infantry"
"VQFNHKUAIX";"L13A1 "
"VQOTVJWZGM";"2S3M1 AKATSIYA"
"VQSLNDARHK";"STAR-266"
"VQTNFJGLNV";"MiG-27M [RKT]"
"VQWZRGHIBJ";"MOTOSTRELKI KOM."
"VQXWLEPQOL";"2-239-y MSP"
"VQYJJVPYZA";"C9"
"VRBICSRIUX";"Falanga-P"
"VRFMVEYFJA";"6-52nd ADA"
"VRHIUPVROI";"Laser Designator"
"VRISPQAWWU";"IS-2M"
"VRJXKUNUOO";"MARINIER"
"VRLBPGHSLS";"Vz. 52"
"VROIVTFTCO";"AIM-9L"
"VRUEQTHLJD";"M-46"
"VRUWBTPNHX";"JAGUAR 1"
"VSAHFESFIM";"Fla-Gruppe Rügen"
"VSBQHNXAIS";"PTS-M"
"VSDWLUMFWF";"Staf-4 Divisie"
"VSFGFVRUXV";"Artilleriebataljon 43"
"VSKQKNONVY";"75mm"
"VSPIHJDIZB";"ECLAIREURS PROV."
"VSSINOXCHM";"박격포"
"VSSIOALNBO";"Su-22M4K [AT]"
"VSSSQJJANV";"III,/AR-1"
"VSVDTKRLNT";"1-353-y Gv. Tank. Polk"
"VSVYGADTIB";"UPK-23-250 x2"
"VSZWOECRUX";"I./Grenadier Guards"
"VTHPJEDPLT";"SAPERZY SZTURMOWI"
"VTIGLKKKDS";"12 br"
"VTJNOFEYUV";"JAVELIN LML"
"VTQBDKPSFY";"군사경찰 유닛은 주변 아군의 제압 회복속도를 높이고 Reservist 특성을 제거합니다."
"VTQQALLRTW";"SAS"
"VTQTIQUQBD";"A-222 BEREG"
"VTSPVENLIS";"OB 105 Mle 50 TF"
"VTVHHJKQQF";"M981 FISTV"
"VTVLOPVRYW";"Kb m/85"
"VTXIAEZFXA";"SRAAW (M)"
"VTYBQBGFPC";"81mm"
"VTYJMLKITI";"3-211-y Gv. Art. Polk"
"VTZBEJHWQK";"3-75 pz"
"VUCIBCPPAV";"Jäger-Rgt. 72"
"VUFKHFXYYL";"M185"
"VUGVXOLKIS";"FV107 SCIMITAR"
"VUHCMBLZYJ";"20e Rgt. d'Artillerie"
"VUKHMOMLXU";"76T2 Cerbere 20mm"
"VUNOTYWCDV";"1309-y otd. Zen.-Rak. Bat."
"VUPNBIUIDB";"공대지 로켓"
"VUQHWQLMWN";"#DDR 42. Mot.-Schützen-Rgt."
"VUUHSJOECF";"#DDR 23. Panzer-Rgt."
"VUUJLBQGHD";"UAZ-452 KOMENDATURA"
"VUVDBNFDYX";"#up{HIGH}"
"VUYGJRGJKM";"658-y otd. Zen.-Rak. Bat."
"VUZSWYXACI";"MiG-21bis [AA]"
"VVADMPKGNQ";"M60C x4"
"VVAIUEDVXR";"L7A3"
"VVCCHVDMZH";"PzGrenadier-Bat. 62"
"VVFOOJECBT";"#SOV 29-y Gv. Tank. Polk"
"VVKSTSYFCC";"Geb.Jäger-Bat. 86"
"VVLHPQWGTD";"D-3"
"VVNVYPENPM";"27-YA GV. MOTOSTRELK. DIV."
"VVOSWDHCRZ";"FV510 WARRIOR MILAN"
"VVVNNEOHGF";"5e RHC"
"VVXKLEMBXC";"Panzer-Lehr-Bat. 93"
"VVYVHJMFIS";"BMP-1PG"
"VVZKHQGBBZ";"SAPEURS-PARAS (Flam.)"
"VWBYHJWNED";"33 pułk zmech."
"VWDATUPMAK";"2-8 Bah"
"VWDEJXEHLF";"PSG-1"
"VWGZDEJNRV";"F-15E STRIKE EAGLE"
"VWJCOZNSZZ";"2-33-y Tank. Polk"
"VWLBCLSVSN";"1-322. KDBr"
"VWLBMCXOPV";"MiG-21bis [AA]"
"VWMAQFSIOT";"USMC LAV-AT"
"VWMNPXFNRP";"86th Tac. Fighter Wing"
"VWNTLZGOKD";"Starstreak"
"VWOCMNWZOM";"Dépôt de munition"
"VWPNGBJSAH";"OBUZ D-1 152m"
"VWQEQPLMVF";"3-54-y Art. Polk"
"VWRAJNCMOS";"3-PR-21"
"VWRJNGVYDO";"F/A-18A [AA2]"
"VWRVQKNFEL";"Artillerie-Regiment 3"
"VWSQOXTSQL";"I./MSR. 41"
"VWUGTZITZY";"GRENZER"
"VWUOOBXPNL";"ML-20 152m"
"VWWLSONJPD";"AMX-30 B2"
"VWWUHDAPCV";"1st Rgt. RCHA"
"VWXQVNCBZE";"4-24 Bm"
"VWZDKJPNGG";"2-172-y Art. Polk"
"VWZWTLRMLP";"1-4. MSP"
"VXCXJSJMWT";"NIEB. BERETY TOPAS JOD"
"VXDZCJGGJK";"#SOV 40-y Gv. MSP"
"VXEDDWCPBE";"3-117-y Gv. MSP"
"VXJMVTRDUH";"1-11th ACR"
"VXLXPRWXQO";"REZ. DESANT. MOR. PEKHOTA"
"VXPQKUCQRK";"12. PZ.GRENADIER-DIVISION"
"VXPXCPSVHB";"정규 분대의 절반 규모인 보병분대입니다. 시가지의 근거리 전투에 특화되어 있습니다."
"VXQNXNYVPP";"1-33-y MSP"
"VXUJCJPNDE";"Su-24M [CLU]"
"VXXYPZNDNF";"94-YA GV. MOTOSTRELK. DIV."
"VXZDHQVOAX";"TPO-50"
"VYDDYTTMRU";"M18"
"VYEPALFSME";"B.G.S."
"VYMAEFQAGZ";"M61A1 Vulcan"
"VYMQMINNFG";"주력전차"
"VYQPXSSPFM";"AIM-7M Sparrow"
"VZAAACLRWI";"Fs-le.GebH. M56 105mm"
"VZBJZIQJBH";"CVR(T) SCORPION"
"VZCBEYSPBA";"수송"
"VZDKGGNTYH";"OT-65"
"VZHBNBFMSR";"BTR-ZD SKREZHET"
"VZINJWEMIF";"CENTURION Mk.5 AVRE"
"VZJONFKWAX";"ALPHA JET A KWS"
"VZMWUFFWTV";"15-ya Gv. Tank. Div."
"VZOBUPGQWE";"이 유닛은 날아오는 유도미사일을 하드킬 방어탄으로 요격하는 능동방호체계를 장비합니다. 좁은 교전범위와 제한된 방어탄 수량 때문에 효과에는 한계가 있으며, 반응시간 문제로 초음속 미사일은 요격할 수 없습니다.

능동방호체계는 전방 180도의 좁은 영역과 짧은 요격거리 안에서 접근하는 유도미사일에 대해서만 차량을 보호합니다. 방어탄은 근처 아군 보병에게 피해를 줄 수 있습니다."
"VZOYGKYTDT";"H vz.38/74 122mm"
"VZPEYRGDRE";"MNAD"
"VZRWVXGGRI";"26. Luftlandebrigade"
"VZSIHSDYMP";"MCC I-TOW"
"VZUAFUNKAV";"VKK 313"
"VZULSBVXGC";"T-72MK-E2"
"VZWIDBIQGR";"679-y Otd. Zen. Rak. Bat."
"VZWRUDGVZJ";"UNIMOG S404 LOG."
"VZYJFWBHXI";"AMX-30EM1 (cmd)"
"VZZBUUBAVN";"RECCE (GSR)"
"Vehicle";"다연장로켓 체계"
"WAENGGQGDD";"MiG-27K [SEAD2]"
"WALSMCNZFM";"Raketenartillerielehr-Bat. 32"
"WALYTGGKYP";"2-166-y Gv. MSP"
"WAMSWJEMPM";"MAN Kat 6x6 SUPPLY"
"WAPBTXFSWS";"M60 7,62mm"
"WAPEQNULDE";"FUSILEROS"
"WASHONQEWW";"VKK 451"
"WAZMKLKMLI";"#CZ 7. Dělostřelecká Divize"
"WBCLTPSGVN";"M1025 HUMVEE MP"
"WBETXMKAEI";"AIM-9L(i)"
"WBJCCKXAZX";"AR-70/90 SCP"
"WBOGMMWBON";"#SOV 65-y Gv. Tank. Polk"
"WBOTROMNAV";"Hydra 70"
"WBRENLIEEI";"27-YA GV. MOTOSTRELK. DIV."
"WBTLAXGKCI";"D-30 122mm"
"WBVQHPHGAE";"AIM-7F"
"WBZVKLQSBF";"기계화소총병 (DRAGON)"
"WCDTEUHMRW";"#CZ 65. Motostřelecký Pluk"
"WCEBRVJMXX";"UH-1D"
"WCFGYJDLEF";"MARDER 1A3 MILAN"
"WCKMJGGIEO";"17-YA GV. TANK. DIV."
"WCMAEMLYUA";"2-693-y Art. Polk"
"WCMKOZAWFU";"3. Pionier-Kdo"
"WCQPCYFEMG";"2-248-y Gv. MSP"
"WCSKVKBAKU";"#FR Force d'Action Rapide"
"WCTENNJLUE";"LYNX AH.7 HELARM"
"WCWCVKTBJW";"HANDFLAMMPATRONE"
"WCYEIWLNNZ";"KRAKA 20mm"
"WDAADXFTBJ";"MOR. PEKHOTA (PTS)"
"WDAGKYPCCQ";"CAV. SCOUTS"
"WDBCQXPXSW";"C7A1"
"WDBRRFLVTX";"G.91R/3 GINA [HE]"
"WDEBARWMHZ";"PIO.AUFK.-TAUCHER"
"WDEIAEIGGS";"M29A1"
"WDFXQZTTRH";"NR-23 x3"
"WDGEFABLMC";"PPS-43"
"WDIUDEBYAI";"M1025 HUMVEE CP"
"WDTBOOFWDE";"M113A1"
"WDVCBSVTOD";"S-13"
"WDVHIUEEAE";"I-TOW"
"WDVSVHKWEJ";"60mm"
"WDXFZKMTHW";"DOW. DESANT. SAPERZY"
"WEEVADSUTN";"6TH INF. DIV. LIGHT OFFICIAL BATTLEGROUP"
"WEKPZZNNIY";"112mm HEAT"
"WEOWPSOBMV";"OMG"
"WEQBAOVKWV";"2A65"
"WERFZOETSM";"PLAMYA 30mm"
"WETULNEDLM";"HMP-400"
"WEUYZEQFKH";"2-12 pz"
"WEVWTUMRXP";"Mk.18 RET"
"WEXODYESUG";"2A33"
"WEXTLPXVLY";"#SOV  39-ya Gv. MSD"
"WFADBAQNDP";"CHEETAH PRTL"
"WFDQQPKCLN";"이 경차량 또는 견인포는 전술 공중강습작전에서 대형헬리콥터로 공수할 수 있도록 설계되었습니다."
"WFEBAOKXSV";"FRR-9"
"WFESOPMIBO";"PKT x4"
"WFFKPJSBZL";"1-245y Gv. MSP"
"WFFODCIIAN";"Mi-24VP"
"WFHAVKHAAT";"N.G. UH-1M GUNSHIP"
"WFKTQFAXPN";"CHASSEURS"
"WFOIKRXMPZ";"PzGrenadier-Bat. 193"
"WFOTHHQMGU";"UH-1H (cmd)"
"WFQXHKTCBD";"기관단총"
"WFSDRVXLZI";"412-y otd. Zen.-Rak. Bat."
"WFSEMAGFDS";"HJV M/10"
"WFTVCYUXNH";"3-278-y  Gv. MSP"
"WFUBBWEGKS";"T-72M"
"WFUCXFNJLZ";"Minimi Para"
"WFUTUSBIJF";"II,/Royal Anglian Rgt."
"WFVLELNJDL";"MiG-23MF [HE]"
"WFWJQBMCCA";"2-60-y MSP"
"WGBSUFICOZ";"3-67-y Gv. MSP"
"WGEDBRJVDZ";"#DDR 33. Mot.-Schützen-Rgt."
"WGENHUZGCG";"MiG-21bis [AA2]"
"WGFXVLRJZQ";"3-57. MSP"
"WGNEASZEDF";"#RFA  Luftwaffe"
"WGONTUEVWT";"GebH. M56 105mm"
"WGQBEVRVEB";"VKK 253"
"WGRNPUPFDK";"CENTURION Mk.12 AVRE 105"
"WGSDOZZYSR";"M38A1 CMG"
"WGSQFUPRQG";"M198 155mm"
"WGTUVQYDKY";"6th INF. LIGHT OFFICIAL BATTLEGROUP"
"WGUFKXNBCM";"ALPHA JET A [HE]"
"WGXHLIIUJX";"3-40-y Tank. Polk"
"WGYGKANJZG";"PELOPES"
"WGZGVSYKHK";"III,/Royal Anglian Rgt."
"WGZYCIPRRF";"3-13. TP"
"WHAEOSKZFY";"Pz.Gren.-Bat. 282"
"WHAUUEBTYH";"HJV INGENIØRER"
"WHBDJXOLTQ";"MiG-25BM [SEAD]"
"WHGSWUGKNY";"CVR(T) SULTAN"
"WHLEIZAZOF";"#US 2nd Arm. Cavalry Rgt."
"WHMXQNKCMH";"(3rd Fighter Division)"
"WHOHCKMOET";"MNAD"
"WHOZZUTKGV";"#SOV 26-y Tank. Polk"
"WHREPCWXVW";"INGENIØRER (CarlG)"
"WHSHTAVQLZ";"Stab.-9. PD"
"WHTCQODBUQ";"Tauroggen"
"WHUUPSTPIZ";"VKK 314"
"WHXBXIENCF";"39-YA GV. MOTOSTRELK. DIV."
"WHXUONTJCV";"T-55AD"
"WIAEHIMAJG";"II,/Royal Irish Rangers"
"WICHPZDMNC";"2-104. MSP"
"WIEVGTWBYQ";"1-69th Armored Bat."
"WIIVJTHEFV";"M274 SUPPLY MULE"
"WIKTGFKAAE";"MOR. SAPERI"
"WIPELYEGTV";"지대공 미사일(SAM)은 지상 플랫폼에서 공중표적을 향해 발사합니다. 다른 미사일 계열과 마찬가지로 특정 교전범위에 맞춰 설계되며, 다양한 탄두·추진방식·유도체계를 이용해 항공기를 추적·요격·파괴합니다. 지대공 미사일은 일반적으로 레이더와 추적장비를 갖춘 이동식 플랫폼에서 발사됩니다.

SAM은 다양한 표적과 사거리에서 효과를 내도록 설계됩니다. 일부는 능동 레이더를 사용하고, 다른 체계는 적외선으로 자동 추적합니다."
"WIQLOZNVGC";"SONDERWAGEN 4 AUFKL."
"WIQNOZNQZV";"CF-116 [HE]"
"WISLJSXOHW";"#SOV 290-y Art. Polk"
"WISNKTMCGD";"C1 SMG"
"WJDKBOTBDQ";"TU-143"
"WJEBYZICJR";"2-60. TP"
"WJEPUEYMNL";"Punkt Zaopatrzenia"
"WJFMTSPRRO";"M110A2"
"WJGXHSPMPZ";"L4A4"
"WJIWZEREHI";"Luftwaffe"
"WJKOXDBJSZ";"CF-188 [HE]"
"WJNFVCGXIG";"보병전투차"
"WJPDVYUGXV";"Bidons spéciaux"
"WJRHNBPQIP";"FV1612 HUMBER FFR"
"WJTWZNXFKL";"공대공 미사일"
"WJWZIOYWEN";"USMC M60A1 ERA"
"WJYOWCWOUX";"BTR-152A ZPU-2"
"WJYQEDYBTH";"UAZ-3151"
"WKACMJVPML";"SCOUT AH.1 HELARM"
"WKAKSHHFIH";"#RFA HSB 56"
"WKEJMZFIVT";"BS-3"
"WKFPLPTFEG";"RAZVEDKA PV KGB"
"WKHJDSOXDM";"GESCHOSSWERFER-ABTEILUNG 5"
"WKKAVPSZCS";"RPG-7VM"
"WKLRFCVPAQ";"#SOV 29-y Gv. MSP"
"WKMJISUHYF";"15. PPR"
"WKNHUXNZIA";"XM85 T-CHAP"
"WKOKVVSDOZ";"24 BRYG. ART. ARMAT"
"WKTJKOFTQS";"M113A1G AUFKL."
"WKWLHLXZOY";"2-7. TP"
"WKXFTJGFNW";"2-8. DP"
"WKXNEJLPOR";"R-60"
"WKXSEODETI";"RESERVISTES (FR-F1)"
"WKYGGWDXIQ";"4. MOT.-SCHÜTZEN-DIVISION"
"WKYXNTZGPF";"SPz BMP-1P(C)"
"WLANUJQYQO";"N.G. M113A3 ACAV"
"WLAZQTOXVH";"#FR 3e Division Blindée"
"WLBSBJZXOB";"RPG-2"
"WLBTIUJEAX";"2A33"
"WLBTLZOTGL";"DSh. 2S12 120mm"
"WLCBCGAHFP";"MiG-21bis [RKT2]"
"WLDOTDMMJB";"T-72MK-E3"
"WLHMVLPNVR";"1-17-y Gv. Tank. Polk"
"WLHNKKSVVB";"NAVY SEALS"
"WLKYYUOZIE";"2-39 pa"
"WLMZFRQQBG";"PzGrenadier-Bat. 22"
"WLOLVWLFIE";"MiG-21bis [RKT2]"
"WLOSWERVJY";"DESANT. LuAZ-967M SNAB."
"WLPMYCCIMG";"F-15C EAGLE [AA]"
"WLRFAFOZNT";"USMC RIFLEMEN (LAW)"
"WLRLMZZEJA";"2-5. MSP"
"WLVPMPCKGN";"#UK  I British Corps"
"WLVRSVDQCW";"1-217. PTP"
"WLXKSWIEPO";"1-41-y MSP"
"WMJOFNLSNW";"Blindicide RL-100"
"WMPBNPLAGU";"9M31M Strela-1M"
"WMQDEAQOLS";"RANGERS"
"WMQVTLEDEJ";"Jäger-Bat. 26"
"WMRGOURTYJ";"V-600"
"WMRWUQRORS";"296-y APIB"
"WMXJACHBOW";"2de Karabiniers"
"WNBCASMQQC";"전자전에 특화된 항공기입니다. 대응체계와 강력한 장비를 갖춰 적 레이더와 신호를 탐지하거나 교란합니다. 적 영토 근처 또는 상공에서 운용되며 레이더 장비를 갖춘 적 유닛을 찾아 방해합니다."
"WNBIDGFXHW";"I-TOW"
"WNCCKDAWBI";"DSh. (RPG-16)"
"WNDBFPGQEI";"F-4F [LGB]"
"WNEJBQTZRD";"1. TANKOVA DIVIZE"
"WNEZVXTWTJ";"53T2"
"WNFVKGIHNQ";"2-74. RMBr"
"WNMCNYBTLU";"VKK 322"
"WNMOMXMVNE";"305kg"
"WNOVRXTCAT";"CMDT PROVINCIAUX"
"WNPUDKBCXJ";"M693 F1"
"WNRNPJGPRI";"GENIE"
"WNSLGDKHFI";"439TFS"
"WNVXZYMHDB";"MK-20 Rockeye II"
"WNWIQAZPEO";"Reservist"
"WNZFNUWEWU";"I./PR-17"
"WOEQADLOKM";"5. PANZERDIVISION"
"WOORQPTBVB";"Kar 98K ZF"
"WOPRSKVLZA";"M114/39 155mm"
"WOQQWUDPXH";"#DDR 32. Mot.-Schützen-Rgt."
"WPAPQRTROO";"Stinger POST"
"WPBBKVYHLR";"DESANT. OCHRONA"
"WPCQSKVFNO";"2-66th Armored Bat."
"WPFYBMHLWI";"PKT x3"
"WPJQSVNXQW";"#US  4th (Aviation) Brigade"
"WPJZHDNRXF";"FERN. SCHARFSCHÜTZE"
"WPNCAPGTBJ";"4-37th Armored"
"WPNIIUDWBK";"9M55K5"
"WPNUPSSDSV";"#US  14th MP Brigade"
"WPRVWEXYPR";"MOT.-SCHÜTZEN (RPG-27)"
"WPWYSLMKAO";"PUNTO DE ABASTECIMIENTO"
"WPYPRVBAUV";"2-585-y Art. Polk"
"WQBDVOZKXS";"PzGrenadier-Bat. 73"
"WQBTUQQVGL";"3-145-y otd. Tank. Polk"
"WQEYYEBLDI";"2A31"
"WQJARCDCBV";"93rd MP Battalion"
"WQMSYBIMXK";"#BEL  1ere Division d'Infanterie"
"WQQGXSLPRK";"MOT. AUFKLÄRER"
"WQRUTTWSNT";"GATLING"
"WQSGVNOASB";"D-56T"
"WQTJYGRRSX";"VKK 432"
"WQUVINEYZT";"M113 I-TOW"
"WQWAOLHXGL";"3-55 pz"
"WQWDVZUKBJ";"MECH. RECCE"
"WRJHZRMFRI";"D-30"
"WRJYXEDJKO";"이 유닛은 레이저 유도폭탄(LGB)이나 포발사 유도탄(CLGP) 같은 정밀유도탄약으로 무장합니다. 정확도가 높은 장거리 무기로, 레이저 표적지시기를 이용해 표적까지 유도할 수 있습니다."
"WROLYFZHOD";"MOTOSTRELKI"
"WROUYSKZMJ";"PzGrenadier-Bat. 152"
"WRQDRAKLOG";"MiG-23BN [CLU]"
"WRQZKAVCCY";"S-53"
"WRXFAKHAHH";"STRIM-65"
"WRXSCSRSJT";"돌격"
"WRYDHVWUFR";"VBK 44"
"WRYKWBIIXJ";"F-5"
"WRYTBUFYEX";"ROLAND 3"
"WSCUXCZRWA";"NF-5A [CLU]"
"WSEWIPXCZG";"HQ-1st Armored Div."
"WSFTTJSLVP";"12 pułk zmech."
"WSIOWLNQMX";"GeWa-9"
"WSJLFBKCUH";"WACHSCHÜTZEN (RPO)"
"WSTFRVHJLB";"3-693-y Art. Polk"
"WTBFSKGFVK";"HU.10"
"WTGXXOVUMB";"POTOK-2"
"WTHMVRYYRU";"KS ILTIS MILAN"
"WTJCRUQZZZ";"Kh-66"
"WTJUMUNFZE";"해병 저격수"
"WTKKGZRIEH";"MOR. MT-12 Rapira"
"WTLSEGAFZW";"44 Painfbat"
"WTMWQRBZDP";"SKOT-2A"
"WTMWVCYVNT";"SAW FALO"
"WTNCGVCNCT";"M101 105mm"
"WTNNPYKYTO";"#DDR 10. Panzer-Rgt."
"WTRYMPMCKD";"Tauroggen Bat."
"WTULRKFEEK";"PRŮZ. BVP-1P"
"WTWJBFONFG";"PANTSERVERKENNERS"
"WTYCONNHZQ";"SPW-60PU"
"WTYGWYWGJR";"S-25OFM"
"WTYHLTWHIW";"LAR-160"
"WUDRFIKNTK";"2A46"
"WUDSACQWCO";"7. PANZERDIVISION"
"WUERIMSHHI";"BMP-1P INSTRUKT."
"WUHLYOHAMO";"2PzGrenChallenge"
"WUIXSCWZZI";"85mm"
"WUKGHFQGIV";"Mi-24D [AT 2]"
"WURNOJAGAT";"Luftsturmregiment 40"
"WUSDSPXWGV";"보병"
"WUSQXOVRXW";"PVH FENNEC"
"WUUFGMUDGT";"AERO-RIFLES (AT-4)"
"WVADNMKBLQ";"#BEL  1ste Pantserinfanteriebrigade"
"WVCCLATBZT";"P4"
"WVDWWMYSJC";"M39A2"
"WVHPSORMHR";"Fsg m/85"
"WVMQNEXFPJ";"ILTIS MILAN 2"
"WVNKPOWYVC";"LYNX AH.7 CHANCELLOR"
"WVQNNWKFSH";"VSOT-64/R2M"
"WVRDWMFFIQ";"T-55AD-1M MERIDA"
"WVRFFCMJQN";"PzGrenadier-Bat. 142"
"WVYGNUOIFG";"DESANTNIKI (METIS)"
"WWDYKBJTSB";"3-35-ya Gv. DShB"
"WWECSXRTFH";"BzK Vz.59 82mm"
"WWFXBMKOZR";"OT-62B"
"WWLRQBBCHG";"ZAPADORES MANDO"
"WWQICVFGFH";"W48 nuclear artillery shell"
"WWSXEWFCHD";"M67 RCL"
"WWVMKEKHNI";"3-400-y MSP"
"WWWIZOBAUN";"2-7-y Gv. Tank. Polk"
"WXBOTYNGDL";"BICC Wad Raz"
"WXDHIYJXLP";"Mi-2T"
"WXFANYQLFS";"35TH INFANTRY DIVISION (MECH.)"
"WXLEEMFHBN";"1-670-y Art. Polk"
"WXNQKZCMHU";"2A37"
"WXOYIAIPXB";"Token inexistant JQNFRZEOXE dans SERIOUS_Localisation_Unites"
"WXUSKVGFJA";"3-17. TP"
"WXUWANMTWW";"HFB-320/ECM"
"WXVFJPZNXR";"1-49 pz"
"WXVIDTIYTK";"2-6th Air Cavalry Sq."
"WXWLGURWUX";"16 DYWIZJA ZMECH."
"WXYMBFGUPG";"AUFKLÄRER"
"WXZXHREWYL";"M998 HUMVEE"
"WXZYFRYVRE";"BRDM-2 STRELA-1"
"WYASBJIOUB";"Meteorit"
"WYCKPZGHAJ";"#SOV  172-y Gv. MSP"
"WYDURBRWGS";"PIONIER"
"WYEBMOJFGG";"CH-46E SUPPLY"
"WYGVUINOFD";"BICC León"
"WYKPHFJMRP";"N.G. OH-58A"
"WYKRZPYATT";"KSM-65 100mm"
"WYNOTADMUW";"79-YA GV. TANK. DIV."
"WYQDUTFWRO";"로켓"
"WYRBDMBXJV";"#TCH 3. Div. Protivzdušné Obrany"
"WYTSQGRETY";"COLT"
"WYUYTYZAHE";"박격포는 운용조가 사용하는 간접사격 화기입니다. 빠르게 표적을 공격할 수 있지만 사거리가 길지 않고 정확도도 낮습니다."
"WYVPYYZGJZ";"LANDWEHR (Lmg 25)"
"WYXPFUBRJA";"MT-LB VASILEK"
"WYXZDGXWYA";"A.109HA-1"
"WYYEOUASGF";"225-y Otd. Vertoletniy Polk"
"WZCVDBUWVU";"PZ.GRENADIER (M113)"
"WZHCMQOZUT";"(정찰)"
"WZIIVZBBQL";"소이 로켓발사기"
"WZKCKKJKFS";"GRIZZLY"
"WZLHBVNAWD";"BMR-PM-81"
"WZLWOGCTJS";"2S12 120mm"
"WZNMLFWWMH";"2-40-y Tank. Polk"
"WZOQHHOJVN";"MP PATROL (M67)"
"WZOTWQYGCR";"LARO M/87"
"WZUJWXIOGY";"Artillerie-Bat. 635"
"WZVEMZOVSU";"대포병 레이더 유닛에는 효과범위가 있으며, 지형과 관계없이 범위 안의 적 포병이 사격하는 즉시 위치를 드러냅니다. 적 유닛이 사격을 중단하면 위치정보도 사라집니다."
"WZVMBUJEPH";"CHIEFTAIN MK. 6/2"
"WZYAHIUJKH";"480th Tac. Fighter Sq."
"WZZGTCBWWT";"PzArtillerie-Bat. 565"
"WZZJMNYYQG";"#NL 1e Divisie"
"XAFMTEFGOU";"LEOPARD 2A4(C)"
"XAMZOZEKYY";"Panzer-Bat. 333"
"XAQTRFQYKR";"VLRA LOG."
"XARQSRSXNK";"보급"
"XATYRZWGQT";"14. PPR"
"XAXOZGHWGF";"5-5 Baa"
"XAXSYHKYVD";"T-54BK"
"XAZCXDWCPJ";"1-59 pz"
"XAZRSRXGOP";"4TH ATAF"
"XBBFWXYCQP";"Panzer-Bat. 154"
"XBCABPJSYN";"2-247-y Gv. MSP"
"XBDGDXJJNS";"RPG-22"
"XBGDEXISMG";"GAZ-66 ZAOP."
"XBIKYOETVK";"Su-24MP [EW]"
"XBLYMOBVHU";"대공포(AA)는 빠르게 움직이는 공중 표적을 격추하기 위한 무기입니다.
이런 포는 빠른 선회와 높은 발사속도·고각을 갖춘 포탑에 탑재되는 경우가 많습니다. 발전된 체계는 사격통제 컴퓨터와 레이더를 사용하여 항공기와 헬리콥터를 즉시 추적하고 사격할 수 있습니다. 대공포는 2연장 또는 4연장으로 운용되는 경우가 많으며, 경장갑 지상 표적을 상대로 직접사격할 때도 매우 효과적입니다.  "
"XBNBUWPTVT";"WIESEL MK20"
"XBOBQGPHEC";"Mi-8MT [RKT 3]"
"XBRLINNVJX";"GeWa-1"
"XBTUQQGRDW";"#RFA PzGrenadier-Brigade 10"
"XBWNLHRSQP";"MOR. PTS-2"
"XCGWAZHLJU";"USMC M110A2"
"XCLOCNIXLD";"R-40RD1"
"XCMCRVJEYX";"PM Vigneron M2"
"XCMTQJYMKM";"M2"
"XCNXKKMUIS";"M-30"
"XCPSRXUBDL";"Panzer-Bat. 343"
"XCQFPSMXAK";"3-PR-1"
"XCQTBWSISY";"C3 81mm"
"XCRWGFUKUR";"UPK-23-250 x2"
"XCTBAWTFTF";"UH-1H SUPPLY"
"XCTVDHRNIK";"Su-15TM [AA2]"
"XCTZQENRQM";"M2 BRADLEY SFV"
"XCWFVNDNHL";"PUMA PIRATE"
"XCZZQBMCFH";"1-12. TP"
"XDAOPEOAWP";"9M330 "
"XDBCLRZYDY";"1-11 pz"
"XDBIFUBQVD";"Mi-4B [RKT1]"
"XDEASQVMSZ";"#DDR 1. Panzer-Rgt."
"XDHCWYLGSX";"AERO-M30 107mm"
"XDIKQEJPUG";"SAPERZY"
"XDJTMFDPVW";"2S3M AKATSIYA"
"XDOERGLLYF";"#SOV 68-y Gv. MSP"
"XDOHPLLXEH";"33-y IAP"
"XDPWJLDACG";"Bofors L/70+"
"XDQVIUMCYP";"PaK T-12 100mm"
"XDSLEELHMX";"FÜPZ. T-54AMK"
"XDTPVISAXU";"AIM-7E"
"XDWSQTFKXQ";"OP_02_TRG_Player"
"XDZBPCDWEH";"GeWa-10"
"XEDPNDQJLJ";"44 Afdva"
"XEEJUWISYI";"MOR. BELOZOR"
"XENCKWVTRB";"1. Tanková Divize"
"XERNOZREUP";"대전차 로켓발사기는 장갑 또는 강화된 지상표적을 파괴하도록 설계된 견착식 무기입니다. 무유도 로켓추진 대전차탄을 발사하여 일반 전투병에게 적 전차나 차량을 무력화할 수 있는 효율적이고 휴대 가능한 화력을 제공합니다. 사거리가 짧으므로 매복이나 건물·숲 같은 엄폐지에서 사용할 때 가장 효과적입니다."
"XEWCASEICM";"ALOUETTE II"
"XEXFODXTTZ";"L-39ZO [RKT]"
"XEXZHTKFXP";"M1025 HUMVEE M2HB"
"XEYLYWUMKC";"#US  2nd Armored Div."
"XFBPGNUAOL";"곡사포"
"XFDPEISLKG";"1-914-y Art. Polk"
"XFEKDNTPBL";"AH-64A APACHE [RKT]"
"XFETXSAPBR";"3-55. MSP"
"XFMKISDQJF";"M68A1"
"XFMVNQBPAP";"USMC M1025 HUMVEE TOW"
"XFNPQTAXXH";"54. Heimatschutz-Brig."
"XFRJRDRIOS";"DESANT. UAZ-469 FAGOT"
"XFRMLMCNLT";"REZ. DShK 12,7mm (AA)"
"XFSSQNATYL";"CN 90 F1"
"XFYHWZFLSA";"AERO-M167A2 PIVADS 20mm"
"XFYJENSRIQ";"136mm"
"XGEAHJWWUM";"KS-19M"
"XGFLVBYCGN";"1-244-y Gv. MSP"
"XGFPRELCFG";"VKK 461"
"XGHMZRJMGL";" INFANTERIE (DRAGON)"
"XGHWQJXRSN";"2-28 pcz"
"XGMXCCSDRM";"FUSILEROS (C90)"
"XGNYFLUPVZ";"KAB-1500L"
"XGUUTUIFKF";"M168 Vulcan"
"XHBFJBQVGL";"2-36 pz"
"XHCMNLMVHJ";"MECH. CP ESCORT"
"XHESCTRDCL";"AZP S-60 57mm"
"XHFJWISYZQ";"M3P"
"XHIFILPXWH";"MARINIER (CarlG)"
"XHIWHPEQAC";"25 pułk zmech."
"XHJEDPCWBQ";"1-17 pz"
"XHJRNEHUTT";"2-MSR. 1"
"XHRJHERZPE";"M75 AIV"
"XHTPVEGVQY";"M/87 I-TOW"
"XHUWNTCQBP";"BMR C/C TOW"
"XHXBKKVJFL";"PM-41"
"XHXVLLBNZL";"BMP-3"
"XHZHLDKEMF";"#DDR 17. Mot.-Schützen-Rgt."
"XIDDVOBBAD";"1143-y Zen. Art. Polk"
"XIFVCZXVJC";"V. Corps"
"XIGLNUDIWS";"3rd Armored Division"
"XIGMFIRPLP";"OP_13_SURV_DDR"
"XIGSHQUSBL";"MiG-29 9.13"
"XIIGRZPQEH";"Jäger-Bat. 711"
"XIIHHXUPBT";"L46"
"XIJLDYHRLH";"R.A.F. BERLIN"
"XIJUZPKBAE";"SEK"
"XIKNHIBGPL";"TERRIERS LDR."
"XIKSLUAHJC";"#DDR 31. Mot.-Schützen-Rgt."
"XIKWLQTMHI";"BRDM-2 FALANGA-P"
"XIMSUZPTKT";"Panzer-Bat. 64"
"XIOUNHPLNQ";"2A46"
"XISXFNJMBV";"RakArt.-Bat. 102"
"XJCBZFBHMA";"358-y Gv. Zen. Rak. Polk"
"XJCHCCJWEC";"M114"
"XJEANPNPRF";"정찰 유닛은 뛰어난 관측 능력과 은밀성을 지닙니다. 이를 이용해 발각을 피하면서 전장을 수색하고 적 표적을 발견할 수 있습니다."
"XJGEDXGCAU";"GUV-8700-9A624"
"XJIQNQIMND";"BIMZ Alcantara"
"XJLGSDOSDL";"3-117-y Art. Polk"
"XJMDESILIJ";"#US 81st Tac. Fighter Wing"
"XJMQBNGHTX";"MNAD Flying Column"
"XJOHJQAQUP";"경보병 지휘관"
"XJOOXBTCRO";"1-77th Field Artillery Rgt."
"XJOPVDGSZH";"MG1SA3"
"XJPFPPLRLH";"M256"
"XJRZQPCFTU";"1e Corps d'Armée"
"XJTAWJBJGT";"18-ya Zen. Rak. Brigade"
"XJVITOMZCG";"20e Artillerie"
"XJVSZXBYEQ";"1-33. TP"
"XJYGGPHRXP";"PzArtillerie-Bat. 225"
"XJYOEUPBUY";"DD-4 DZ"
"XKAFYZLHWN";"IFV 보병 유닛은 보병전투차 근처에 있을 때 전투에서 받는 제압이 감소합니다."
"XKBHMKQQVU";"GT-MU-1D"
"XKGQJMZFJL";"NATRES"
"XKIIATCHXB";"FV433 ABBOT"
"XKKOQLYPWM";"FLA-MG ZPU-4"
"XKNCAIONQF";"2-55-y Gv. Tank. Polk"
"XKNLFKIZGQ";"6 BRYG. P.DESANTOWA"
"XKQTYLFGKG";"VAB RATAC"
"XKRAHADQAE";"1. TANKOVA DIVIZE"
"XKRUIQFQUA";"LVTP-7"
"XKTLBIYCNX";"Su-22M4 [CLU]"
"XKTQNIPIYM";"A-6E INTRUDER [NPLM]"
"XKURYBRYXP";"TIRADORES"
"XKWFOJGBCW";"AS-90 155mm"
"XKWJADEBQQ";"1-68-y Gv. MSP"
"XKXLYPTQFD";"WP-8Z"
"XKYVHEFNED";"2. PZ.GRENADIER-DIVISION"
"XKZDTTRTLS";"HOT-2"
"XLDVSULPGX";"G3A3ZF"
"XLFSOHIFFT";"Jäger-Bat. 622"
"XLFUITCYRZ";"I./AR-4"
"XLHEVXRLNP";"StG 58"
"XLKQCMOVRG";"N.G. AH-1F TOWCOBRA"
"XLMGPYYSEK";"II./MSR. 17"
"XLOSPPNCHB";"#SOV 7-ya Gv. Tank. Div."
"XLOYNOTMXX";"Mi-24D [AT]"
"XLVCNVJYVN";"59 pułk zmech."
"XLZRJLMPFC";"Fs-MRS. 120mm TAMPELLA"
"XMBBDQFZHT";"#SOV 5-y Zen.-Rak. Brig."
"XMCUIBDHSY";"EXPLORADORES"
"XMDPANJXJY";"GDF-005"
"XMEEBDXOOV";"2-3 pcz"
"XMIJYQCDLR";"이 특수 지휘유닛은 사격통제체계, 센서, 통신장비 등 여러 장비를 갖추어 예하 포병의 간접사격 능력을 향상시킵니다."
"XMLAHYKUBR";"2-MSR. 28"
"XMLZFSIANL";"AT-F-5E [AA]"
"XMPEHKSGGF";"Queen's Own Highlanders"
"XMPLDJCNIF";"2. PZ.GRENADIER-DIVISION"
"XMPRQYOERW";"2-362. DP"
"XMQYPCOXKV";"11-YA GV. TANK. DIV."
"XMTOWAOZRA";"BVP-1P (Fagot)"
"XMTRHRVEBQ";"M67 RCL"
"XMVUENVYCM";"B-10"
"XMYNREYEHZ";"Groep Twenthe"
"XMYWYIYCFE";"M-46"
"XNAEDHRKUE";"B-4M 203mm"
"XNAZEVQJVS";"MOR. ZIL-131 SNAB."
"XNBGIMWRSY";"Jäger-Bat. 127"
"XNBOPTXRVD";"9M217"
"XNCGHXGBEQ";"KPz. T-54AM"
"XNCHNOFMEC";"INGENIØRER"
"XNCPDIWVMZ";"SPz BMP-1 SP2"
"XNEYPNTARL";"2. MOTOSTŘELECKÁ DIVIZE"
"XNJTNISHSC";"ALPHA JET E [CLU]"
"XNPILPPLHT";"USMC M1025 HUMVEE AGL"
"XNQTIXVWXE";"2-353-y Gv. Tank. Polk"
"XNROZDGSOU";"2A28"
"XNRSFVIBPP";"보병"
"XNRSYNCYMC";"미 해병대 지휘관"
"XNTLITOUUB";"FERRET MK2"
"XNUYGDKPUU";"124 Afdva"
"XNVABLSJIE";"FV1611 HUMBER PIG"
"XNWXSAXZBC";"AERO-ECLAIREURS"
"XNZDRWTWIT";"76,2mm"
"XNZUXSOXVG";"Gr.Wfr. M-43 82mm"
"XOGHLZYOEB";"3-17 pz"
"XOHDFIPBNW";"VKK 254"
"XOIEYPHIKL";"USMC LAV-M 81mm"
"XOJJVGFZWP";"Su-22M4 [CLU]"
"XONEWDTTUU";"2-PR-19"
"XOPABZQTUK";"Teritoriální Prapor"
"XOPPSRYKUJ";"Dual Auto. Gun M2A1"
"XORHMOYRRX";"PANTSERINF. (DRAGON)"
"XOSJFICSHR";"ERC-90 SAGAIE PC"
"XOSVHVGPQI";"HOT-2"
"XOTPKDQYIC";"해병 지휘관"
"XOYCKYZAKT";"3 pułk czołgów"
"XOYKKXINKN";"SUPER PUMA"
"XPADRQQGCJ";"M40A1"
"XPCSQCLEJA";"1-100-y Tank. Polk"
"XPDIHRTKKQ";"PM-43"
"XPFFTIVJAD";"AUFKL. PT-76B"
"XPFQAEKCDS";"1-126-y Gv. Art. Polk"
"XPGBQJHLXB";"Escadre de Chasse 2"
"XPMUMJRAEB";"20 dar"
"XPRQPWGXED";"TOA-LAG"
"XPVYAYFLPT";"FÜPZ. T-72"
"XPXHEQABVZ";"4. MOT.-SCHÜTZEN-DIVISION"
"XPYSPBEZYC";"NSV 12,7mm"
"XQCVWMVOGE";"PzArtillerie-Bat. 65"
"XQCYGRTULZ";"M219 x2"
"XQDQXJKTDV";"Mw. 74"
"XQDXPVPSCR";"RES. MARINES (AT-4)"
"XQGTPUFCQE";"PIONIER"
"XQHIVTIGSK";"2-3. MSP"
"XQHVVUGIJV";"1-333-y MSP"
"XQLIUJARME";"11E DIVISION PARACHUTISTE"
"XQLSHXIOJV";"#US  194th Arm. Brigade"
"XQQBVTTXBK";"TERRIERS PARAS (CarlG)"
"XQSJEKJCWA";"Smoke Launchers"
"XQTSCLYHJK";"1-40-y Gv. MSP"
"XQZMZXMMFR";"#BEL 2ste Wing"
"XRCQKFFSZH";"MiG-21bis [HE]"
"XREYZDDUZD";"DESANT. LuAZ-967M SPG-9"
"XRFQPMPIYO";"BRM-1K"
"XRFZXCBASB";"SEA KING Mk.48"
"XRHHQRXRWL";"PALR KONKURS"
"XRHKAMDMUB";"AIM-120A AMRAAM"
"XRHZZMOVXQ";"L4A4"
"XRLNEUUHFW";"76T2 Cerbere 20mm"
"XRLSIFQAMK";"Force d'Action Rapide"
"XRRLMCAVAO";"1-3 pcz"
"XRSYLQBGQE";"64-YA RES. TANK. DIV."
"XSBPWEAGBB";"JÄGER (PzF)"
"XSBREXNVLK";"F-16C [SEAD]"
"XSCKHOKXSY";"RT-61"
"XSCQLCTFZZ";"54th Engineer Bat."
"XSENGPKHLP";"M2HB 12,7mm"
"XSIGXLWYKE";"31-YA TANK. DIV."
"XSIWHLXYCV";"M35"
"XSKHLYWRKM";"3-237-y Tank. Polk"
"XSOFLBIFYD";"F-6A"
"XSPSWTNWEQ";"Heavily-armed plane"
"XSQOUZQCEO";"TU-22 [HE]"
"XSUQSOOYBR";"IMKA-4"
"XSVFGKHHMT";"SVD"
"XSVKHJZPIH";"Su-17M4 [SEAD]"
"XSVQFAWCPP";"1-79. MSP"
"XSWZUSWQFA";"18e Artillerie"
"XSZZQFMIYD";"101ST AIRBORNE DIVISION (AIR ASSAULT)"
"XTIUQZNDPR";"170mm"
"XTSBLHGOHD";"3-49. DP"
"XTTYSPOTQP";"M113 ADATS"
"XTUVTNRFAD";"Mi-8T [RKT]"
"XTXQCMYMWU";"Jäger-Rgt. 83"
"XTXUVMCXNF";"C1 155mm"
"XUCTJAKVLP";"30 Res. Dywizja Zmech."
"XUDPWLYANA";"Sicherungs-Bat. 4431"
"XUGDYJBYRX";"2-332-y Gv. Tank. Polk"
"XUGVJWKVLA";"M-46 130mm"
"XUKFFZHWPO";"예비 공병"
"XUKYDBROJP";"2-13. TP"
"XUQUQFDEOR";"M998 HUMVEE"
"XUSIEMYAMQ";"BL 5,5-inch 140mm"
"XUTVWWNOTF";"5,45mm"
"XUUQODRYXY";"#UK  22nd Armoured Brigade"
"XUYELWFUHY";"3-286-y Gv. MSP"
"XVBLOPBBJK";"CN-105 L/57"
"XVBOBVGXZD";"2-241-y Gv. MSP"
"XVGUKJKSAL";"Mi-2US"
"XVIOGZOERI";"ARMAT"
"XVIUMHJXAR";"M59 155mm"
"XVJUBETOUQ";"Jäger-Bat. 733"
"XVMIZXCKAT";"DESANT. SAPERZY (LPO-50)"
"XVORYURNNI";"F-8P CRUSADER [AA1]"
"XVPCXOITMI";"전차는 중장갑 차량으로 모든 종류의 지상표적을 상대로 효과적입니다."
"XVPONBIGUX";"55th Tac. Fighter Sq."
"XVPZEUVQNO";"DESANT. PKM 7,62mm"
"XVSTGJSUXI";"M201 RASURA"
"XVTGEMUZHI";"Mi-24P [AT2]"
"XVWKEFMSBV";"F-4G WILD WEASEL V [SEAD]"
"XVYRJSYPZQ";"RESERVISTEN FÜH."
"XWAETHXNYG";"82ND AIRBORNE DIVISION"
"XWAPRGYCBZ";"2A37"
"XWETVBBVLP";"2-360-y Tank. Polk"
"XWFKRKSKEC";"GC45"
"XWHKYFQEAG";"EM-11e DP"
"XWRWNCCCJQ";"M50/63 155mm"
"XWSMLGUDIJ";"예비 정찰병"
"XXDVCALEZS";"S-5M"
"XXFKYMLVGH";"VELITEL ŽENISTŮ"
"XXFQONNBQN";"ROVER CP"
"XXKDIWFSQA";"AH-6G LITTLE BIRD"
"XXKQXNPTEO";"ZU-23-2"
"XXLEUYEFHK";"Mk 84"
"XXLUMOQPRN";"Type 54"
"XXOBOVBGRJ";"T815 MUN."
"XXOIOGHXTY";"MiG-23MLA [AA]"
"XXOZCHQPWB";"L46"
"XXTZPAWQVT";"Mi-2"
"XXUGFUDGFA";"2-744-y Art. Polk"
"XXZBQGCMLY";"2-68th Armored Bat."
"XYBJLLDPZX";"RES. GENIE"
"XYCGCFGHRD";"V,/Queen's Rgt."
"XYFEWOZIKF";"MT-LBu"
"XYHVGGEVJC";"2-15-y Gv. Tank. Polk"
"XYIQTGQPUD";"AMX-13 VCI 20mm"
"XYKDTYPBZB";"R530"
"XYKYOXJBAV";"SANTANA RASURA"
"XYLWQYFRSU";"L16"
"XYMUOBHXJR";"2-63-y Gv. Tank. Polk"
"XYPHXWFAKI";"BRDM-2 KONKURS-M"
"XYPTNBVOKV";"GURKHA ROVER WOMBAT"
"XYUDXKRHRO";"Kom./10-ya Gv. Tank. Div."
"XYWBABLQQJ";"BTR-80K"
"XYWXTGJRHE";"CMDT PARA. SAS"
"XYYEKBNOSB";"#SOV 237-y Tank. Polk"
"XYZIHEOOLF";"MILAN 2"
"XYZPPNZEHG";"107mm"
"XZGNYYVKEG";"Pionier-Bat. 12"
"XZGWLAIXMQ";"2-23. TP"
"XZIMFELUID";"ZU-23-2"
"XZISNZEDEX";"HQ-3rd ID"
"XZJSRJKTOB";"Mi-2P"
"XZKZWNXTPR";"M998 HUMVEE DELTA"
"XZOABYJASD";"T-72M-E2"
"XZPSNORAYW";"R-77"
"XZQVWCRPAO";"AMX-13 T75 PC"
"XZTLIEIEHN";"3-100-y Tank. Polk"
"XZZROHBDLX";"Reservist"
"YAOBDDWREX";"공대지 로켓"
"YAOHQBWUVR";"303. TANKOVÁ DIVIZE"
"YAPVXISUZL";"SMAW"
"YARQLJAUXC";"LARS 2"
"YASKUWIHQT";"GBU-24"
"YATDSGEXSM";"#UK RAF Laarbruch"
"YAUFHEXQWO";"66mm HEAT"
"YAWNOTIEYR";"R-27T"
"YAXNZEAKUV";"KAMPFSCHWIMMER"
"YAYBBUFSKS";"DANA"
"YAYBMJPTED";"BTR-152"
"YAYEHVIPJI";"Kh-25MP"
"YAZBMBSUQL";"공수 정찰대"
"YBAVRPKZPO";"#CZ 74. Motostřelecký Pluk"
"YBBFTABAXY";"T-34/85M"
"YBCCIBIQXU";"17th Field Artillery Brig."
"YBFANDJRCL";"RES. KPz. T-54AM"
"YBFCTJBASQ";"USMC M1025 HUMVEE M2HB"
"YBHFKUEGOU";"349ste Smaldeel"
"YBKIBFHYCX";"MG3"
"YBLRJJCLKR";"Mi-8T [RKT]"
"YBMFDZDAKJ";"HS-831A"
"YBNBULLUQC";"ECUREUIL 20mm"
"YBQORWXSJS";"K.d.A. FÜH."
"YBUKXYPNCQ";"Sicherungs-Bat. 200"
"YBVZMYWDVD";"1-MSR. 35"
"YCABTWYEMX";"2A42 "
"YCBEYUSCBD";"Heeresflieger-Rgt. 26"
"YCFNPGQQRC";"#RFA  VBK 31"
"YCMRTIJZLN";"2B9 Vasilek"
"YCPONUZYRL";"M230"
"YCQJZGLCZU";"Fs-SPG-9"
"YCQRBQVSTK";"6E DIVISION LEGERE BLINDEE"
"YCSRMDAKHP";"MISTRAL"
"YCSTIBQORK";"Fs-SCHARFSCHÜTZE"
"YCTTMAAJJB";"Satchel Charge"
"YCVGEVDIZS";"M551 TTS SHERIDAN"
"YCYLPDRGYH";"HEIMAT-JÄGER FÜH."
"YCYZERNXSW";"PIONIER (Flam.)"
"YCZQWYLXRB";"#DDR 20. Panzer-Rgt."
"YCZZASAZNW";"M198"
"YDBIZCFQKL";"F-16CG [LGB]"
"YDBLCPLHVO";"T-72MD"
"YDBZJBWSUN";"LuAZ-967M"
"YDEMOHGNCL";"M3A2 BRAT"
"YDEPSQUBVA";"KRAKA M40A1"
"YDGXWMGADS";"2-16-y Gv. Tank. Polk"
"YDJGLUZRBT";"AKM"
"YDJJUCWYMK";"L-39ZA"
"YDJUCZBCSW";"332. Kanónová Dělostř. Brigáda"
"YDTHELFELP";"EXPLORADORES"
"YDTQMBDJKS";"ZU-23-2S"
"YDUURHYDEA";"AS.37"
"YDVHQEIVXU";"S-25O"
"YDVVHOXHEZ";"4-5 Baa"
"YDWRGQLHYI";"전차포는 지상표적에 포탄을 발사할 수 있는 대구경 고속포입니다. 운동에너지형 철갑탄(AP), 날개안정분리철갑탄(APFSDS), 고폭탄(HE), 대전차고폭탄(HEAT) 등 여러 탄종을 사용할 수 있으며, 일부 포는 전용 유도미사일까지 발사할 수 있습니다. 전차포의 구경은 사거리와 화력을 결정하는 중요한 요소입니다.

전차포는 보병, 다른 전차, 장갑차량을 직접사격으로 공격하는 전차의 주무장입니다."
"YEBFGLYLOY";"HEIMAT-JÄGER FÜH."
"YECPWZEIKQ";"#US 3rd Brigade (Forward)"
"YEENKYKBZI";"Mi-8MT [UPK]"
"YEKMWFEREZ";"돌격소총은 대다수 병사의 표준 전투화기입니다. 단거리에서 중거리까지 효과적이며, 소형화된 형식부터 더 정확한 반자동·점사형과 완전자동형까지 매우 다양한 종류가 개발되었습니다. 구경에 따라 기동성, 사거리, 화력이 달라집니다.

돌격소총은 적 보병과 일부 경장갑표적에 효과적입니다."
"YELICYNRVE";"SFL-H 2S3M 152mm"
"YEMCRFVOCE";"MiG-23BN [HE]"
"YENNEVSYDD";"Panzer-Bat. 14"
"YEOHSHNSTU";"3 gb 51 pz"
"YEOLSSDIML";"MOR. ZIL-131"
"YEQKGAOIAK";"AMX-30RE"
"YESDTHHAMI";"ROVER"
"YEZLYLESMP";"SAS 'G'"
"YFEUQMDEAF";"III./AR-4"
"YFISGCQGRM";"MOR. T-55AMDK"
"YFMDGZHGPQ";"GATLING"
"YFMUDGQHSF";"II./AR-4"
"YFMXFHSSQR";"1er Spahis"
"YFSFZCQMKT";"1-138-y otd. Tank. Polk"
"YFXMMZXILW";"2PzGrenChallenge"
"YFYSJYVWII";"#UK  19th Armoured Brigade"
"YFZECUDDOB";"M1 Long Tom"
"YFZNYLTAYD";"MOTOSTRELKI (BMP)"
"YGFQHBUXRR";"HJV CENTURION Mk.3"
"YGIMKMPKCY";"VW T3 FELDJÄGER"
"YGIRMVNBSW";"TOW-2A"
"YGJJAOMYSO";"2-67-y Gv. Tank. Polk"
"YGJLRBJDEJ";"GUARDS (CarlG)"
"YGNHDMJUJE";"F-16A [AA]"
"YGNHEZWSIN";"2-308-ya Artilleri. Brigada"
"YGNPNLKSJR";"M55 75"
"YGUBGUGKFA";"34-y otd. Razvedka Bat."
"YGUGARCKQF";"Pionier-Bat. 10"
"YHBWXLMHGX";"II./PR-10"
"YHDXMDGJQP";"L-39ZO [CLU]"
"YHEBHRIIKU";"SIG-543"
"YHGTQYBXDU";"#SOV 79-y Gv. Tank. Polk"
"YHHSJATYLU";"152E DIVISION D'INFANTERIE"
"YHIOZTAXIT";"PPLRK S-2M"
"YHKVFMIOWW";"2A46"
"YHLTTNPTBN";"M252 81mm"
"YHMEJWPVZU";"7,65mm"
"YHOMJQAEQA";"10. PLRP"
"YHRAPPZEST";"PZ.GREN. FÜH."
"YHTLBOKHNW";"LYNX AH.1 [RKT]"
"YHTNNXACCP";"미 해병대 정찰 저격수"
"YHXEPLAGZP";"9M38M1"
"YHXWORNERU";"BTR-70D"
"YHYAZULUUF";"1-172-y Gv. MSP"
"YHZLIXYYTN";"MiG-23ML [AA]"
"YIADMUSDOK";"HEIMAT. M48A2CGA1"
"YIAHNCVTZG";"#DDR 27. Mot.-Schützen-Rgt."
"YIARUBTJRC";"#DDR 3. LVD"
"YIBQYHFGYV";"LAV-C"
"YICIJCJTKU";"M35"
"YICKROCGIJ";"M117"
"YIEHAXEUSU";"V,/Royal Green Jacket"
"YIEWWNOGAG";"DESANT. SAPERI (RPO)"
"YIEZAZAAYY";"507e RCC"
"YIGQXLAAKW";"INFANTERIE CMG"
"YIMMOVATBS";"#US 11th Arm. Cavalry Rgt."
"YINGLZSRLH";"AIM-7M Sparrow"
"YIOPMEDIBJ";"AUVERLAND A3 PC"
"YIWXLXVNIA";"F-16A [AA]"
"YIWZAIBPKB";"BMP-1"
"YIXLGACUEP";"MIRAGE 2000C RDI [AA]"
"YIYIKRQBLN";"6E DLB OFFICIAL BATTLEGROUP"
"YJCUQQNSDA";"GRENZER (Flam.)"
"YJGVQTMEZZ";"ASTROS II [HE]"
"YJIXVZMIID";"M67 RCL"
"YJJBQAYWLG";"Kom.-1st Gv. Tank. Armiya"
"YJNGRYTFYG";"MOTOSTRELKI (BMP)"
"YJNJOKJFFO";"BTR-RD ROBOT"
"YJUVMWMHNT";"RPG-16"
"YJVNEBEWPF";"해병 공병"
"YJWCBWNQOY";"#RFA  4. Panzergrenadier-Brigade"
"YJYGMBXPDZ";"Stab-3. Panzerdiv."
"YJYWPRLVBY";"#SOV 56-y Gv. Tank. Polk"
"YKCADHNWBB";"PT-76B"
"YKCBOWWRFL";"TERRIERS "
"YKDVBQITDV";"1-693-y Art. Polk"
"YKEKLZUXWM";"2-40-y Gv. MSP"
"YKFIQHZDSL";"VW T3 GENDARMERIE"
"YKHABCBEAT";"Viper"
"YKHUXVJLQH";"3-51. MSP"
"YKMNOPTYHE";"6E DIVISION LEGERE BLINDEE"
"YKNHPSMKID";"RBS56"
"YKOXTNOAFR";"대전차 로켓발사기는 장갑차량을 파괴하도록 설계된 견착식 무기입니다. HE와 HEAT 등 여러 탄두를 사용하는 무유도 로켓추진탄을 발사하며, 전차와 다른 지상표적을 무력화하는 효과적인 원거리 휴대화기입니다.

사거리가 짧으므로 매복이나 엄폐지에서 사용할 때 가장 효과적입니다. 최신형은 관통력과 파괴력이 더 높으며 탠덤 탄두를 사용하는 모델도 있습니다."
"YKQKDGOLXN";"PZ.GRENADIER (PzF3)"
"YKRIMJUWJP";"122-JROF-L"
"YKRSDUMUNU";"RESERVISTEN (S.MG)"
"YKRVQCVRML";"UK Vz.59 7,62mm"
"YKSFLSJCWC";"JÄGER (PzF)"
"YKUEKXIGYN";"F-4E PHANTOM II [HE]"
"YKVOJVWJMQ";"M901 ITV"
"YKXBMCZGOT";"JAGUAR GR.1 [RKT]"
"YKXEIVKYJO";"82. Protiletadlová Raket. Brigáda"
"YKXJNLQTCS";"Mi-17 [RKT 2]"
"YLAFTODRPI";"MW-1 KB44"
"YLERMYZNEG";"#SOV  57-ya Gv. MSD"
"YLFHPAAUQR";"Kh-25ML"
"YLHUNJGZVW";"2-21. TP"
"YLIMMVCHDY";"ODSTŘELOVAČI"
"YLKLDVBXLR";"L5 105mm"
"YLOAWIGFUZ";"SPW-40P2 MALYUTKA-P"
"YLOOZYMCWO";"Refleks"
"YLPGDWJIEE";"DESANT. LuAZ 2F62 ZENITCHIK"
"YLTFYMHLTV";"M113A1 RECCE"
"YLYXQXKJOP";"ShKH DANA 152mm"
"YLZONFRFTS";"[CMD#trait_CMD] [SHOCK#trait_SHOCK] [PARA#trait_PARA] "
"YMFLAGHXMM";"35-ya GvDShB"
"YMIDZMALHD";"MECH. FUSILEROS MANDO"
"YMJAQGIYVI";"LYNX AH.1 HELARM/LBH"
"YMKBXMSCZG";"MiG-21MF [HE2]"
"YMPMHSWZBX";"34 Afdva"
"YMQRWZKBGL";"IGLA"
"YMSZIZLUXF";"3-172-y Art. Polk"
"YMTAJLSRKE";"HEIMAT-JÄGER"
"YMTNDSGPMT";"Mi-24V [AA2]"
"YMVYEELSTX";"지휘 헬리콥터"
"YNBCXMAERX";"M/37"
"YNDLJFDBIK";"대공포"
"YNEDNHMJWH";"MiG-23BN [HE]"
"YNGJOKMHRA";"USMC RIFLEMEN (AT-4)"
"YNGTWKCQMJ";"AML-90 INSTRUCT."
"YNHNVJJEXQ";"M113A1-B-MIL"
"YNKYLBXYRM";"적 전차와 장갑차량을 교전하고 파괴하는 데 특화된 유닛입니다."
"YNKZWZNLDT";"지휘관"
"YNNTEQYYKK";"G.91R/3 GINA [NPLM]"
"YNOBHGFLQD";"공중기병대원"
"YNSVXOCNPM";"WP-8z"
"YNSWLWBFZE";"ASh-78-2"
"YNSYUERUAM";"#RFA  35. Panzergrenadier-Brigade"
"YNUTASHOHT";"공중을 통해 전장에 투입되도록 훈련된 유닛입니다. 기동성이 매우 높지만 장비가 가벼우며 정규군보다 앞서 빠르게 전개할 수 있습니다."
"YNZLQYXPCL";"#SOV 243-y Gv. MSP"
"YNZLWTGOZU";"M1 81mm"
"YOEFRSROTK";"GV. PLAMYA 30mm"
"YOFKANTGIH";"BMP-1K3"
"YOFWDQAPUB";"MARSOUINS"
"YOGYWBAPXZ";"FAL"
"YOJBQBMOUS";"Sicherungs-Bat. 78"
"YOMAUDTCPM";"KRAKA MUN."
"YOMEDOOTJA";"N.G. M40A1"
"YOMEOMAVIL";"S-8KOM"
"YOMVVHXJBJ";"T-62MDK"
"YONTJMFBDD";"KËMBËSORIA E MEK. (ldr)"
"YOTAQAJQEW";"AANF1"
"YOTUMPCYEK";"AML-90 CP"
"YOTVEXDGMJ";"Aufklärungs-Bat. 12"
"YOVKUSKBLB";"1-7. TP"
"YOWBMGVFWE";"I British Corps"
"YPCCEHNKJR";"9. PLRP"
"YPCVOTOPWT";"PIONIER FÜH."
"YPEMXPWDPL";"1. TANKOVA DIVIZE"
"YPITWQCMPV";"1-54-y Art. Polk"
"YPLEEDFUUG";"FAL Scope "
"YPNDOXTAZS";"M1 ABRAMS CP"
"YPQADIBPGG";"Kom./27-ya Gv. MSD"
"YPTRZFEWZY";"REZ. T-55A"
"YPUIEGDPJD";"1ST ARMOURED DIVISION"
"YPUWRBQXWP";"3 gb 10 pz"
"YPVEXLHXAN";"Queen's Own Yeomanry"
"YPVMSEYNIP";"ZSU-23-4M3 BIRYUSA"
"YPXMWNQODK";"94. Heimatschutz-Rgt."
"YPXOPAOLOG";"PARA. MILAN  1"
"YPYILHAARE";"Tampella"
"YQAGXZWXVO";"MO.1.01.04"
"YQBSRWMUUE";"20. MOT.-SCHÜTZEN-DIVISION"
"YQEMCHNNLT";"DESANT. MOR. FAGOT"
"YQFBYMMROI";"III,/The Light Infantry"
"YQFDLLJSET";"AUFKLÄRER"
"YQHNARCEJM";"AB M998 AVENGER"
"YQIWZBIDYO";"42ste Smaldeel"
"YQJIZJRNSS";"Zwillinge MK 20 Rh 202"
"YQJJOWEPKB";"MiG-21MF [HE1]"
"YQJZZYSHVO";"OT-810"
"YQQHTOWLXS";"2-9 pa"
"YQROOSLZHC";"I./Queen's Dragoon Gds."
"YQTAIDPRSU";"REZ. SAPERZY"
"YQULHDMPMX";"M85"
"YQWIXXZDXL";"Catatumbo"
"YRBNGVACKT";"3-216. PTp"
"YRCCRXFSIR";"3-172-y Gv. MSP"
"YRGNIUGSNF";"494th Tac. Fighter Sq."
"YRHRJXUIBR";"HQ-2-ya Gv. Tank. Armiya"
"YRJEEMMWWP";"35TH INFANTRY DIVISION (MECH.)"
"YRMELBOLPD";"기병 정찰대"
"YRMTQMKCPN";"T-72"
"YRNEKRFKAZ";"2. PZ.GRENADIER-DIVISION"
"YRPYIWVCNW";"DIV.ACOR. BRUNETE OFFICIAL BATTLEGROUP"
"YRTXPLIUYN";"MiG-23BN [NPLM]"
"YSBUWVYAYN";"MLVW"
"YSLEYULPVD";"경지원화기"
"YSLJFYTPGM";"1-17th Cavalry"
"YSNVNECBJR";"512th Tac. Fighter Sq."
"YSPNDCTXOL";"결연한 유닛은 전투에서 받는 제압이 감소합니다."
"YSPZTECEMB";"11E PARAS OFFICIAL BATTLEGROUP"
"YSRLSRZHVW";"GRENZER"
"YSSCMQVTWR";"AUTOCANNON"
"YSUGYZPBFD";"716-y Zen. Art. Polk"
"YSVBQNJFUH";"79-GV.TD OFFICIAL BATTLEGROUP"
"YSVUHGKNSI";"Yak-B"
"YSXBEBYFTH";"#DDR  41. Mot.-Schützen-Rgt."
"YSXMAIZLDP";"DSh. SAPERI"
"YSZCSIONJL";"로켓"
"YSZKUFMXJY";"Velitelství a štáb 9. TD"
"YTBTEBWJYA";"FÜPZ. T-55AM2K3"
"YTCWTSAIQA";"S-125 NEVA"
"YTCWZCWQPI";"Breda/Bofors L40/70"
"YTCXJJAMGM";"3 Regiment AAC"
"YTFJFDVBQQ";"2-390-ya Gv. Art. Brigada"
"YTGEUPHVLD";"9K37 BUK-M1"
"YTMZHIDDFK";"CLKA OFFICIAL BATTLEGROUP"
"YTPIUOZSMW";"Feldartillerie-Bat. 31"
"YTPSMJMGQL";"LRM"
"YTVFZXRPMS";"MIRAGE III E [AA]"
"YTVNQMDPKA";"CN 90 F4"
"YTWUMUKSKF";"NF-5A [NPLM]"
"YTYAYADNZI";"Skyflash SuperTEMP"
"YUDJRIGYBP";"SAS 저격수"
"YUEMHRPJCM";"USMC ASSAULTMEN"
"YUFGEVJZRQ";"HQ-1st Infanfry Div."
"YUHNIGINKZ";"1st Battalion, Parachute Regiment"
"YUIEPJIYCS";"HM2A1 105mm"
"YUIXEXNNZW";"2A65 Msta-B 152mm"
"YUJKFMIJOF";"36th Tac. Fighter Wing"
"YUJVQMDJDA";"AMX-30 B"
"YUKUKBJXUZ";"F/A-16 [AT]"
"YUMNHEPZFG";"Vz. 53/59"
"YUVJRZUCUG";"MILAN"
"YUXKKMYORO";"UH-60A CO"
"YUYKDVUNZE";"ALPINI CMDO."
"YVBMEDJUWZ";"M118 105mm"
"YVBOZTXVUK";"INFANTERIE"
"YVDBOWDLEL";"#SOV  79-ya Gv. Tank. Div."
"YVGZVXTPSW";"HEIMAT-AUFKLÄRER"
"YVHZKWLLJR";"GAZ-69"
"YVLMVYSOCN";"39-YA GV. STRELK. DIV."
"YVSTUIGJFO";"REZ. M wz. 1943 160mm"
"YVVUDUEKYP";"II./MSR. 23"
"YVWBVDGDGZ";"104 Afdva"
"YVXBMWRXMG";"IFA W50"
"YVYCXWUNYE";"2A20"
"YWAAPIIFRO";"64-YA RES. TANK. DIV."
"YWBHZRGVPD";"Fallschirm.-Bat. 253"
"YWCAUHJJBK";"N.G. M60A1 RISE"
"YWCBVGTTYJ";"TOW 2A"
"YWCYOPHSYI";"MOR. BTR-60PB"
"YWEQJURVFY";"ALOUETTE III"
"YWFAIXZHZG";"Kom./11-ya Gv. Tank. Div."
"YWFMBNSXOW";"박격포는 운용조가 사용하는 간접사격 화기로, 단거리에서 중거리까지 고각 탄도로 포탄을 발사합니다. 구조가 단순한 후장식 무기이며 구경에 따라 사거리, 기동성, 파괴력이 달라집니다. 일부 대형 박격포는 차량에 탑재됩니다.

박격포는 HE탄과 연막탄 등 여러 탄종을 빠르게 발사할 수 있으며 전장에서 중요한 근접 화력지원을 제공합니다."
"YWGFAJMSSM";"CN-105 F1"
"YWIOENPTLP";"496th Tac. Fighter Sq."
"YWJMKHUVCW";"GT-MU-1D AGS"
"YWLFEQEERH";"MILITÆRPOLITI"
"YWMEHFUEVZ";"#RFA II. Korps"
"YWMTQHJAFI";"RPG-7VS"
"YWRPFVXUDD";"I./MSR. 24"
"YWRZLMPTCK";"Ka-29TB"
"YWSYQJUYPZ";"SPW-40P2 KONKURS"
"YWTBQABJRS";"13 pułk zmech."
"YWTLIMRYEZ";"Su-7BKŁ [NPLM]"
"YWVLNTAVEU";"USMC TOW-2"
"YWVLPCXJDP";"Bantam"
"YWVUOEEDJW";"BRDM-1 DShK"
"YWVWEUPASH";"WSW"
"YWYMJGNXSV";"9M8M3"
"YWYPJDTIGI";"WP-8Z"
"YXAXXWZPRE";"M40A1 RCL"
"YXCIVWATGF";"GEB. MISTRAL"
"YXEBMECZRE";"Tampella"
"YXHMYZFMYY";"EC-90"
"YXIJHQJPZE";"Su-24M [LGB2]"
"YXNJZTVVDJ";"Panzer-Bat. 31"
"YXNOPQAYCA";"공병 (DRAGON)"
"YXPMZEJCPW";"Su-22M4K [AT]"
"YXTAJAKIUB";"BFA-920"
"YXVSTRHOIL";"BLG-252"
"YXWTUHHSFN";"I./MSR. 42"
"YXXCVRAMGI";"ZiS-3 76,2mm"
"YXYOVUPIWN";"VERKENNERS"
"YYAWSSUYKP";"PIECHOTA ZMECH. (SVD)"
"YYECLSNIGN";"MARDER 1A1 MILAN"
"YYFGJTMUQN";"MOR. SPETSNAZ"
"YYFTUTDNAH";"QF 17-pdr"
"YYIIVEBHYL";"2-914-y Art. Polk"
"YYJBNFONGN";"AFMS-10"
"YYKHCMNZSW";"L7A3"
"YYQFUAGSJO";"1-82nd Attack Helo. Bat."
"YYRXCLSMDP";"2-11. TP"
"YYTZVUQJXB";"Raketenartillerielehr-Bat. 52"
"YYUEMVKTMI";"MAG"
"YZAIVIXFCA";"A-109A HIRUNDO"
"YZAQKEGJBR";"PRŮZ. BVP-2"
"YZDEOETJLL";"3-PR-8"
"YZGYYQNMXJ";"#SOV 47-y Gv. Tank. Polk"
"YZHKUSLPSF";"KG1,/5. ABr"
"YZJRANZZYR";"T-72K"
"YZKHWTHHAY";"Jäger-Bat. 732"
"YZLQKBONQG";"GSh-30-2"
"YZONDYIJDC";"III./MSR. 18"
"YZOXCWZFWE";"3-153-y Tank. Polk"
"YZQRQUWKHE";"105-ya ADIB"
"YZTEIWBJTO";"2-33 pz"
"YZVDZJLDCS";"4-52-y Gv. Art. Polk"
"YZVHGRXJVH";"M36"
"YZVWFACIGJ";"SPG-9"
"YZWKHTGFOO";"PLČK vz.53 12,7mm"
"YZYRDMDSPQ";"TERUEL"
"ZABFXVLPSZ";"I./AR 10"
"ZABMWOVCIJ";"RBK-500"
"ZACFQQYBDW";"USMC M151A2 FAV"
"ZACREVWWAF";"#SOV 18-ya. Zen. Rak. Brigada"
"ZACWQHTLYT";"F-16C [HE]"
"ZADWXNWCXK";"294-Y ORAP"
"ZAEBDNBQGE";"Flugabwehr-Rgt. 140"
"ZAEHWWMFRT";"Kom./48-ya MSD"
"ZAIIQFITDK";"9. Tanková Divize"
"ZAISYHYCQQ";"HQ-5A"
"ZAIXTFIPTB";"MIM-23B I-Hawk"
"ZAJVQCGFWF";"#DDR 14. Panzer-Rgt."
"ZALUICYXNX";"2-JaboG 35"
"ZAMAREAPZY";"OH-58D KIOWA Wr."
"ZAOBITCILW";"CFMP"
"ZAOJOGKHVB";"P4 PC"
"ZAONRFZKRX";"Vz.59"
"ZAOYCKIUQO";"MISTRAL"
"ZAVZODSCGR";"Fagot-M"
"ZAXMKTZEXG";"MCC MILAN 2"
"ZBBGYQLSCB";"G3A3ZF"
"ZBCSVVSAAI";"부대 정찰대"
"ZBGGCTXDMH";"FALLSCHIRM. FÜH."
"ZBLANEDHJD";"2-400-y MSP"
"ZBLBCIYQJJ";"GEBIRGSJÄGER (PzF3)"
"ZBNXYPDUQX";"TRM-10000 Log."
"ZBOTDYDLCV";"MARINIER-COMMANDO"
"ZBQHUTUFIY";"BTR-50PU"
"ZBRQNFZUEI";"SIG-543"
"ZBSSDVHYAO";"MiG-23BN [CLU]"
"ZBTYQDKGDQ";"11th Aviation Brig."
"ZBVONGJNPJ";"Panzer-Bat. 523"
"ZBWBSUANSQ";"BM-24M"
"ZBWLELTGKC";"Fs-FLA-RAK. STRELA-2M"
"ZBYMXDHVBB";"LPO-50"
"ZCEDMTQXEM";"BM-21-1 GRAD"
"ZCFUJKPDEO";"CL-89"
"ZCGUPLGXDA";"B1000 MILITÄRSTREIFE"
"ZCKIDIENSW";"527th Aggressor Sq."
"ZCLOVFVCCH";"IMKA-2"
"ZCRZFHFXWJ";"282-y Zen. Art. Polk"
"ZCSEJWFIII";"2-PR-23"
"ZCXOOIMJBX";"AB M1025 HUMVEE AGL"
"ZCXYEIVJDO";"BTR-40"
"ZCYLMJQBFJ";"2K12 KUB"
"ZDATBLTZKN";"#US  18th Engineer Brigade"
"ZDEJINIVLD";"KS-19 100mm"
"ZDHZNBWLVF";"병력 수가 줄어든 반분대 규모의 보병분대입니다. 수송은 더 쉽지만 화력과 전투지속력이 낮습니다."
"ZDLGRLXGKP";"AUFKL. LEOPARD 1A5"
"ZDRKECBNQC";"DESANT. GAZ-66B SNAB."
"ZDWFWHBFDO";"385th MP Battalion"
"ZDYVQTOFHH";"2-18. TP"
"ZEBWIQAQYU";"FV721 FOX ZB298"
"ZEIDLJEHKJ";"A-37B [HE]"
"ZEKSSWHRUW";"Panzer-Bat. 144"
"ZELEKBHFBU";"ZSU-23-4M1 SHILKA"
"ZELQCTBCRU";"MiG-31B [AA]"
"ZENBXLZZTR";"미 해병대 화기병"
"ZENOKFNDJY";"N.G. M2HB 12,7mm"
"ZEYGYQXZVP";"1-3rd Field Artillery Rgt."
"ZFEFPKAIEW";"Mi-19"
"ZFEOVHFJND";"OH-6"
"ZFFKLKTDQO";"1-28 pcz"
"ZFGBXESWSS";"HONKER 4011"
"ZFJECSJMHR";"Kh-31P"
"ZFJUSSGJXR";"근접전, 돌격작전, 육박전에 특화되도록 훈련되고 장비된 숙련 병사들로 구성된 유닛입니다."
"ZFNFKMXDBY";"SAPEURS (Flam.)"
"ZFOFUASZID";"PEGASO 3046 BITUBO"
"ZGBVCSPKWN";"기갑소총병"
"ZGDXFDNGBF";"Jäger-Bat. 36"
"ZGEORIVEPL";"DIVMOB"
"ZGFZONUVUL";"#CZ 1. Tankový Pluk"
"ZGIOBXAPEL";"DOW. REZERWISCI"
"ZGJDVSBASK";"INFANTERIE (LAW)"
"ZGMDXTMKTF";"Su-22M4 [HE]"
"ZGMUYTUUSP";"항공기나 헬리콥터에서 공중표적을 파괴하기 위해 발사하는 고속 미사일입니다. 공대공 미사일은 크게 두 종류로 나눌 수 있습니다. 하나는 가시거리 내의 매우 짧은 거리에서 적 항공기를 공격하는 미사일이고, 다른 하나는 장거리로 비행하여 가시거리 밖 표적을 무력화하는 미사일입니다. 단거리 미사일은 빠른 로켓모터와 열추적 유도체계를 사용하는 경우가 많습니다. 장거리 미사일은 비교적 느린 제트엔진과 레이더유도를 이용해 상당한 거리의 적 항공기를 공격합니다."
"ZGNGGEQMYD";"AUFKL. SPW-60PB"
"ZGOKRQILBR";"SCHWIM. PTS-M MUN."
"ZGOQHIBMEJ";"GT-MU-1D ZU-23-2"
"ZGPLUNKUFX";"M-13"
"ZGQFENWCLG";"ŽENISTÉ (LPO)"
"ZGQTXCBTTS";"3-8th Mech. Infantry Bat."
"ZGTUVPAGFD";"110mm HEAT"
"ZGUMEDAGQD";"MAT-49"
"ZGWDDNLTKM";"II./MSR. 13"
"ZGXEVRDDFA";"2-77-y Gv. Tank. Polk"
"ZGZQBTWEAA";"#RFA  21. Panzerbrigade"
"ZHASEMAJGA";"BUCCANEER S.2B [HE]"
"ZHAWUBRCUK";"DD-2 DZ"
"ZHKGOTWQWA";"LUFT.-GEBIRGSJÄGER"
"ZHKSAJBBMK";"#CAN 5 CMBG"
"ZHKTLUUYOJ";"ROVER 101FC"
"ZHNFLGNWWD";"#SOV 280-y Gv. MSP"
"ZHOVVXEYQL";"94-YA GV. MOTOSTRELK. DIV."
"ZHWAHMBMTI";"GSR"
"ZHYQHRZHSN";"3-120-y Gv. MSP"
"ZHZQTGNAJR";"#CAN 4 CMBG"
"ZIGUTRWPTD";"1. PLP"
"ZIJBGPJKVX";"31-YA TANK. DIV."
"ZIKLNTTEUY";"공중기동 공병 지휘관"
"ZIKOHOEMWZ";"#POL 1 Armia"
"ZIOKRKERDH";"HJV RESERVISTER"
"ZISLOENAJS";"Panzer-Bat. 44"
"ZITCGJHGNQ";"VLRA 20mm"
"ZIWLTGIHOD";"MORSK. AGS-17"
"ZIXDUNHQCK";"II./AR-3"
"ZIZOZBOTOR";"RM vz.70 [CLU]"
"ZIZXJFLNRH";"CH-46E SEA KNIGHT"
"ZJCYCITSYX";"PPK FAGOT"
"ZJEEFSNJSE";"3-8th Arm. Cavalry Sq."
"ZJLGOKBHZK";"OERLIKON GDF 005"
"ZJMKSQOKDB";"#SOV 1-ya Gv. Tank. Armiya"
"ZJMNLLSHIU";"5-211-y Gv. Art. Polk"
"ZJQCIJREVP";"회전식 기관포"
"ZJUCBYQPXO";"A-19"
"ZJXWUWPXVP";"3-70-y Gv. Tank. Polk"
"ZKDQRMSOFA";"1-sMSR. 25"
"ZKHIFVJGNY";"SPG-9"
"ZKHVBXNVCI";"공수공병 지휘관"
"ZKIBPJRVBA";"BO-105 CB"
"ZKODYULIRW";"M1038 HUMVEE"
"ZKOZHNOCWZ";"682-y Otd. Zen. Rak. Bat."
"ZKPQWFEVWW";"NIEB. BERETY STRZAŁA-2M"
"ZKPVTLHZKK";"M30 107mm"
"ZKRSXZTEJE";"PSSE-B"
"ZKTAVNQDXG";"DESANT. UAZ-469 SPG-9"
"ZKTOTVTJQN";"BMP-2 INSTRUKT."
"ZKTYBLYCJW";"GAZ-66"
"ZKVGGKWDZC";"Su-22M4 [KMGU]"
"ZKXKXCUJVZ";"1-8. DP"
"ZLDKYSDRBP";"CHINOOK HC.1B"
"ZLEOCTUZPH";"T-55A"
"ZLEZNNDLIZ";"EF-111A RAVEN [EW]"
"ZLJPXLCVRO";"2-37 pz"
"ZLTXCFPNGE";"PARA. LDR."
"ZLUDBGPRMA";"4de Pantserinfanteriebrigade"
"ZLUYWKLRTN";"AMX-13/90"
"ZLWCRBMUYR";"PZ.GREN. FÜH."
"ZLXGORWQSI";"중형기관총은 중거리에서 자동사격이 가능한 보병 공용화기입니다. 이 탄띠 급탄식 기관총은 병사 한 명이 운반할 수 있을 만큼 가볍지만 효율적으로 운용하려면 보통 소규모 운용조가 필요합니다. 대부분 5.56mm(NATO) 또는 7.62mm(바르샤바 조약기구) 탄을 사용하며, 이 탄약은 다른 소화기에도 사용됩니다. 중형기관총은 비장갑 또는 경무장 차량의 주무장으로 자주 장착되고 더 무거운 차량에서는 동축무장으로도 사용됩니다."
"ZLZBCAUWBB";"ALASKAN CAV. SCOUTS"
"ZMAAUKQBFH";"ZUR-23-2S JOD"
"ZMBHODSRXY";"1er Guides"
"ZMBXFOWYLL";"3-4th Attack Helo. Bat."
"ZMEHPJSVDS";"L23A1"
"ZMGHDEOURW";"No. 16/20 Squadron"
"ZMHWOABKWB";"2A46"
"ZMKXTIWCGA";"23rd Engineer Bat."
"ZMLYQNIJIH";"Raketenartillerielehr-Bat. 22"
"ZMOOTCKFRH";"LUFTSTURM-JÄGER FÜH."
"ZMRGNABKYX";"DESANT. GAZ-66 ZU-23-2"
"ZMRQMSTUED";"157-YA MOTOSTRELK. DIV."
"ZMSEOCXAMK";"대공포병"
"ZMSQCRDOLH";"1-54th Mech. Infantry Bat."
"ZNAEKUOZJA";"M47 Dragon"
"ZNAWQHPZOJ";"C-3464"
"ZNJAYZDCZG";"124 prplot"
"ZNJBULQTRU";"PARA. FV102 STRIKER"
"ZNKJHMKXTX";"Stab./4. MSD"
"ZNLPSOWROR";"Panzer-Bat. 563"
"ZNNEJZPGYX";"1-21. TP"
"ZNSGIVQXAS";"T-62MK"
"ZNTCXNXZQX";"RPS-6 VEKTOR"
"ZNTHZNUEEA";"MG3S"
"ZNWQMYUIPU";"#RFA  7. Panzerdivision"
"ZNYORQSSFQ";"12-y otd. Razvedka Bat."
"ZOAFMTOFFW";"HJV"
"ZOBACJQFMU";"ECLAIREURS PARA-CMDO."
"ZODFVYJKTL";"AA-52"
"ZOFNMITFEB";"2-14th Field Artillery Rgt."
"ZOFVOELGYZ";"AKM"
"ZOILQKAWKQ";"2-23 Baa"
"ZOKEHXMWBU";"L3A4 7,62mm"
"ZOLCQBQLJV";"ZAPADORES (M65)"
"ZOLUFWHHRZ";"SKS"
"ZOOTFFPZQX";"M9 Bazooka"
"ZORMAZFEBR";"23 pułk czołgów"
"ZOSUQWVHAT";"AAVP-7"
"ZOUJTPMPAE";"BEUTE I-HAWK"
"ZOVPVRUZQO";"MOTOSTRELKI (BMP)"
"ZOYTJWEFTE";"II./MSR. 41"
"ZOZYRYPBVJ";"53e Rgt. d'Artillerie"
"ZOZZGXUIWT";"M1C"
"ZPANFVEZEW";"L11A5"
"ZPETGWUEAX";"RCLAC Villaviciosa"
"ZPFUVMDBEK";"M3A2"
"ZPGIUYYTAQ";"[CMD#trait_CMD] [SHOCK#trait_SHOCK] [PARA#trait_PARA] [SML#trait_SML] "
"ZPHUMDLTWK";"15 pułk czołgów"
"ZPJXBANFLM";"1-128-y Art. Polk"
"ZPMRMPMXLQ";"Stab./10. MSD"
"ZPNTYRBLEX";"Pionier-Bat. 120"
"ZPQHGGLEQJ";"Stab.-8. MSD"
"ZPRIRYGLPM";"AMX-30E MANDO"
"ZPTZVDYROA";"#RFA Panzerbrigade 28"
"ZPUGBKSWEO";"75e Rgt. d'Artillerie"
"ZPYBSBSSML";"VKK 323"
"ZPYWEWKUQJ";"1. TANKOVA DIVIZE"
"ZQABDDEOOP";"BEVEILIGING MOBIEL "
"ZQDLRPZCNP";"#SOV 61-y Gv. Tank. Polk"
"ZQOBHEFLUF";"MOT.-SCHÜTZEN (Strela)"
"ZQONCSLHBG";"#CZ 8. Motostřelecký Pluk"
"ZQPJFZGGLX";"#SOV 31-ya Tank. Div."
"ZQVPARJJKB";"11 Painfbat"
"ZQVPVQPPMM";"RES.-AUFKLÄRER"
"ZQVRHVVCHE";"UAV"
"ZQZHCKWYRT";"대전차 로켓발사기"
"ZRBOMIIKBS";"USMCR AAVP-7"
"ZREGBUOFQC";"공수공병 지휘관"
"ZRJRUMJGBG";"421TFS"
"ZRSBCQFVLX";"LPO-50"
"ZRTHKYBFXS";"#RFA  11. Panzergrenadier-Division"
"ZRXRZDILSJ";"PARA. P4 MILAN"
"ZSBYQNCFSH";"I./MSR. 23"
"ZSCPSPQXQJ";"4-1047-y Art. Polk"
"ZSGYIWTPRT";"CMDT PIONIERS"
"ZSLEUVFFQE";"N.G. M60A1 ACAV"
"ZSLJMVHGDE";"18-y Gv. Razvedka Bat."
"ZSMUOLMLYI";"MIRAGE 5BA [CLU]"
"ZSPWBUMCTJ";"Sicherungs-Bat. 441"
"ZSUJLXKCRQ";"M2A2 BRADLEY IFV"
"ZSXCVBMDOQ";"제5군단 본부"
"ZSZHHUXOEY";"58mm "
"ZTBBSLJYEI";"JAGUAR [RKT]"
"ZTBHUCXBLS";"INFANTERIFØRER"
"ZTHJVCWVQY";"A-19"
"ZTKEUAWMBA";"3-99-y Art. Polk"
"ZTKHWWMFHP";"III. CORPS"
"ZTLZRQZZQU";"KS-19"
"ZTNGXPEPAJ";"M29 81mm"
"ZTNSWPWQCP";"3-55-y Gv. Tank. Polk"
"ZTTKRNNAIX";"3e Dragons"
"ZUAAWCVZLU";"216. PTP"
"ZUBRHBWJIU";"F-16A [AA2]"
"ZUEBKPHKGX";"SDRA 8"
"ZUEPVKIICZ";"SU-22M4 [KMGU]"
"ZUETIMIDWW";"ILTIS"
"ZUFYSTIZQW";"I. KORPS"
"ZUGVGPQFLP";"PzGrenadier-Bat. 191"
"ZUHOPJJXCI";"GshG-7,62"
"ZUHOXNQXIR";"M39A2"
"ZUIJYUBKPY";"1. PANZERDIVISION"
"ZUKAJADDDO";"T-54BK"
"ZUKCEMVRCC";"AKM"
"ZUMMTSYACK";"PZ.BEF. LEOPARD 1A4 FÜH."
"ZUNSDUYFVD";"KPz. T-55A"
"ZUQGNADRUQ";"CAA 40/70 P-87"
"ZUSWSUXZMX";"UAZ-469 FAGOT"
"ZUUGLPODEE";"LYNX AH.1"
"ZUVJJLUYYJ";"16 Air Defence Rgt. RA"
"ZUVPETGOPD";"PtK vz.52 85mm"
"ZUVXERKJBU";"Super 530F"
"ZVABZWVPIX";"3-42 pz"
"ZVDAIEOWFF";"3-41 pz"
"ZVDSNNSFCQ";"1. PPR"
"ZVGUFIYCVA";"2-24 Bm"
"ZVJPHODORW";"Artillerie-Brigade 40"
"ZVMOOSXXDU";"4. PLRP"
"ZVOEIXLKXZ";"M63"
"ZVPMIHUTIG";"ODAB-500PM"
"ZVXSHDXJZE";"I(BE) Corps"
"ZWARDKULQA";"3-Royal 22e Rgt."
"ZWBYCOADSY";"1-24 Bm"
"ZWCNXCSUMJ";"L4A4"
"ZWDVXKKBBH";"#FR 5e Division Blindée"
"ZWEXFHOKZU";"H wz. 1943/85 152mm"
"ZWEYXLNGZT";"#DDR 19. MSD"
"ZWFLPEONIP";"2-100-y Tank. Polk"
"ZWFOXLPRMO";"1-4 pa"
"ZWJHQYHOVG";"CETME C"
"ZWPNMMRHTI";"39th Heavy Artillery Rgt."
"ZWUIXMDBBK";"Aviation Brigade-8th Inf. Div."
"ZWVMBWAQZD";"FAL Scope "
"ZWWEXVLTIH";"SCHWIM. PTS-M MUN."
"ZWXASCCTIJ";"74de Artillerie"
"ZWXIJNGPWW";"R-27T"
"ZWXOYEEFDX";"3-30-y Gv. Tank. Polk"
"ZXBFCYYXIG";"LEOPARD 1NL"
"ZXFAXDDRJE";"KRAKA MUN."
"ZXFAZHZEPD";"MECH. FUSILIER (RL-83)"
"ZXGSSKFTFF";"AB M167A1 VADS 20mm"
"ZXIKZINOED";"LEOPARD 1A2A1"
"ZXJAHEZCZF";"T-64B1"
"ZXKHFVAVFF";"MOR. SPG-9"
"ZXLJMLCJFP";"TRI HORS"
"ZXLQGQXOBH";"AMX-10 VOA"
"ZXLQJWEQYF";"REZERVISTI"
"ZXQASPTCKQ";"II./PR-17"
"ZXQAWPZJSZ";"M30 107mm"
"ZXQUAUNHDS";"해병 공병"
"ZXRBOEEYUK";"DIVISIÓN ACORAZADA 'BRUNETE'"
"ZXUJYEKQWY";"2-MSR. 31"
"ZXWJGAAMIA";"Panzer-Bat. 81"
"ZXWNCKMMKL";"AS.11"
"ZYAQRCGNPE";"#SOV  15-y Gv. Tank. Polk"
"ZYAWQTHPLI";"I./MSR. 22"
"ZYBMVPCHAU";"M47"
"ZYDAXZYUTB";"SCHWIMMWAGEN MAV"
"ZYDLOLRPAZ";"RPS-6 VEKTOR"
"ZYEOIIPOAF";"L7A3"
"ZYGJBHWQHW";"4 DYW. ZMECHANIZOWANA"
"ZYGMKTWNUA";"Oerlikon GDF"
"ZYJIROKDLN";"RPG-7VR"
"ZYKHMNJQXP";"MARDER 1A2"
"ZYNYVVWPCS";"Su-22M4P [SEAD]"
"ZYRSQXHLXJ";"CN-105 F1"
"ZYTMFRPZFS";"코만도"
"ZYUFCQXGWL";"PPS-43"
"ZYVKRYUBCR";"2A46M1"
"ZYXHCMLPUP";"T-64B"
"ZYYGBZIEQE";"16E PANTSERDIVIE OFFICIAL BATTLEGROUP"
"ZZCYUCBAMS";"FFAR"
"ZZEUOLLMCU";"II,/A&S Highlanders"
"ZZFOSQKDCB";"ALPHA JET A [NPLM]"
"ZZJMGSPPCW";"HK21"
"ZZOMNNCUPY";"M61A1 Vulcan"
"ZZQVWUNEHB";"76 pcz"
"ZZTUINPRSB";"Pz.Gren.-Bat. 102"
"ZZVPTGOWGM";"#UK RAF Bruggen"
"ZZWRLLSPKK";"#BEL 10ste Wing"
"ZZYZFZSGRU";"Feld-Art.-Bat. 101"
"_124RBombG";"124th Gds. Bomber Rgt."
"frag";"Frag"
"smoke";"Smoke grenades"
"test";"무기고에서 테스트 유닛을 표시하는 데 사용됩니다."
"vide";"vide"
