"TOKEN";"REFTEXT"
"AABXBXFCDZ";"HFS 3"
"AADMLNOKEZ";"Wpn-3-PPCLI"
"AAEVSSNTCM";"D-5RDG"
"AAFLTIHHUA";"C-59 Tkbat"
"AAGVIPKRVI";"II,/730-y APIB"
"AAHYNSNRXN";"4-33. FlaRak"
"AAPSDOJCKY";"H-3-67th Armored"
"AAQURXOYZL";"Kom.-1-96-y Art. Polk"
"AARCLFWGJZ";"B-12 Painfbat"
"AARTQSEMAE";"B-44 Painfbat"
"AATAHNLXJE";"4-104. Panzer"
"AAUEULMEYY";"3-3-332. kdbr"
"AAYHPHKHCU";"4-43. FlaRak"
"AAYNYQUNBU";"FlaB-6"
"ABCTSGTYAR";"2-MSB-PR11"
"ABDAECGZTE";"DD-12 DZ"
"ABFKVXOITD";"3-294. Panzer"
"ABKZSDHRVN";"1-3-41 pz"
"ABMKAKNJZH";"1-45. Artillerie"
"ABPHVUSMPN";"5-2-249-y GvMSP"
"ABQJJORHUN";"2-4-9 pz"
"ABUAFCWBZF";"3-308-ya Art. Brigada"
"ABWAMWAWOP";"Velitelství 2-1. dp"
"ABWQOHQSBR";"3-544. Panzer"
"ABZLVLTESM";"Supp-1 Para"
"ACBMUOTNQX";"2-364. Panzer"
"ACCIITFPHD";"12-4-385y Art."
"ACGBJVUKUQ";"1-2-64. tp"
"ACIALFCEKL";"B-1-68th Armored"
"ACIZSFZGLQ";"Kom.-3-1-y Gv. Tank. Polk"
"ACJEOKSXCK";"2-GeWa9"
"ACLRUTRREE";"3-286-y Otd. Zen. Rak. Bat."
"ACMNVJCLRB";"3-1-MSR23"
"ACMRJDPVFD";"SK-142. Pz.Gren."
"ACOWKXGRGM";"2-PzB-MSR43"
"ACPAWLFIZY";"Velitelství 3-362. dp"
"ACQJMNGLHH";"1-47 dar"
"ACRSPUKVRZ";"5-2-MSR2"
"ACTPHEVEBI";"3-1-59 pz"
"ACUKRLFCZS";"1-12 br"
"ACURORXSCB";"6-2-AR1"
"ACXOFGXAPX";"A-11 Afdva"
"ACZYCKWHJA";"E-2-319th Field Art."
"ADBUAWEQGU";"SK-FRR7"
"ADDVPWNXHG";"B-78th TFS"
"ADGRRPZLYL";"SK-23. Panzer"
"ADGXYIDIMU";"2-4-322. kdbr"
"ADHFAWHDCI";"Velitelství 2-14. tp"
"ADHGKXYYNT";"N-4-11th ACR"
"ADIHGBGEHH";"1-1-5 Baa"
"ADIVEIVGYD";"SK-320. Pionier"
"ADUKFBIGFH";"12-4-724y Gv. Art."
"ADYYDJPWAO";"SK-103. Pz.Gren."
"AEALDYVWKS";"1-Res.MSB 33"
"AEFNXOOMOK";"12-3-5 Baa"
"AEHIZKUILU";"3-1-28-y GvTP"
"AEMXHDECSC";"P-4-18th Field Art."
"AENGYYCVTK";"2-2-57. msp"
"AENJQHLEPS";"Kom.-519-y Otd. Zen. Rak. Bat."
"AENVQKCUHX";"S-5-6th Air Cav."
"AEOVRIOJVB";"1-30. HFR"
"AEPHRPAVWG";"L-3-7th Cavalry"
"AEQKHPMWGT";"A-V,/TLI"
"AEQNBBCPGZ";"SK-5-AR9"
"AERHMQSECX";"B-VII,/RAR"
"AERMTGRHFP";"3-20y Razv."
"AEWDBYCXBS";"SK-53. Pz.Gren."
"AEWRNKHLEO";"2-1-PR19"
"AFCJTGHHSE";"HQ-2-5th Field Art."
"AFGOQOFQEO";"Paost-12 Painfbat"
"AFHBFMAMXB";"3-MSB-29y GvTP"
"AFHSEZLBBW";"SK-33. FlaRak"
"AFITGEGWMA";"2-21. Panzer"
"AFKDKXPZTS";"1-1-29y GvTP"
"AFKVENUJII";"3-1-63y GvTP"
"AFNDEDAGIS";"3-1-25 pz"
"AFNQBRBYKL";"C-55 Painfbat"
"AFVGCZOHIL";"3-FRR8"
"AFXWZCSSDH";"Staf-11 Afdva"
"AGASQCRVBN";"2e Gpe-2e RHC"
"AGGSVNKLZJ";"SK-341. Panzer"
"AGGTJEJLUE";"A-52 Tkbat"
"AGLKXBLAMI";"A-1-18th Field Art."
"AGLOAOIPEO";"5-2-MSR3"
"AGMTGKRFSR";"B-124 Afdva"
"AGOACIAXAR";"2-301. Panzer"
"AGOSGEJPOM";"1-JBG 35"
"AGPDNBEQSX";"2-116. Jäger"
"AGRHAZGFEN";"1-2-8 Bah"
"AGSDILITWN";"SK-31. FlaRak"
"AGVIFMAWJG";"Velitelství 3-65. msp"
"AGWHCPSRXG";"2-41. FlaRak"
"AHATCPYPNA";"5-2-385y Art."
"AHBLOEKUAJ";"DB-76 pcz"
"AHEFDMWPED";"10-4-128-y Art."
"AHEFIWQYUV";"5-2-MSR24"
"AHEJZZOMVI";"HQ-BHELA I"
"AHEXNDWAQI";"1-18th Field Art. Bat."
"AHGZLZUCMB";"C-43 Tkbat"
"AHJRETRRTH";"2-1-71. kdbr"
"AHLANPASIZ";"DB-2-11 pz"
"AHMTIKKXSA";"3-3de Karabiniers"
"AHNAMWMAOR";"D-79th Engineers"
"AHNNDQIJQM";"3-TkBat-168y GvMSP"
"AHPHOEQRDV";"1-3-68 pcz"
"AHRDLCDSTR";"4-899y DShB"
"AHSXCKBZZQ";"3-4 kdes"
"AHTLNTOPXZ";"2-2-36. dp"
"AHWDZWQXKU";"3-7 ksap"
"AHZCRWJZSL";"2-19. ppr"
"AIAXOUXOOP";"3-3-332y GvTP"
"AIFAXAIUHB";"3-13. ppr"
"AIFMQGIAGU";"Rota Komandovaniya"
"AIHUYVGDET";"2-293. Panzer"
"AIJDQZTNTX";"6-2-241-y GvMSP"
"AILTBUKZEP";"3-522. Jäger"
"AINNDUVQTS";"1-55y OTB"
"AINZCUROIJ";"3-159y Okhrany"
"AIORMTTVBY";"3-564. Panzer"
"AIQNCGKVFB";"3-2-8. dp"
"AIRNOJFNXP";"R-5-3rd Field Art."
"AIVSHNFKDA";"2-224. Panzer"
"AIZGLBCEHH";"7-3-52y Gv. Art."
"AJBFSOXIKC";"2-1-6. dp"
"AJBVMLIENG";"DD-16 DZ"
"AJDOFOUXQV";"HQ-5-5th Mechanized"
"AJEMTSIYQK";"4-37. FlaRak"
"AJFETVDRAV";"Velitelství 3-49. dp"
"AJNQAJZSWJ";"1-1-36 pa"
"AJRYFYRFTH";"3-2e Gidsen"
"AJSASAGOBS";"9-3-288y GvMSP"
"AJTIHLNBFW";"1-2-21. tp"
"AJTTPJTXUK";"SK-3-AR10"
"AJVRGXGPUQ";"1-809-VKK 243"
"AJWXRHNJLO";"8-3-87-y Art."
"AKAVKPJVZX";"6-2-Art. Rgt. 7"
"AKEHBKIEWO";"2-292. Pz.Gren."
"AKHUYYBCQR";"3-6e REG"
"AKJUUWHJEG";"2-1-239y GvTP"
"AKNEDMGBEF";"8-3-MSR43"
"AKOVSWRZCR";"HQ-2-18th Mechanized"
"AKOWJVFDFU";"5-2-MSR7"
"AKQNLUKBXV";"A-III-RAAA 71"
"AKQPQRXZZB";"1-19. ppr"
"AKRFJHVFTO";"Wachkompanie"
"AKTFUWEHBJ";"P-4-37th Armored"
"AKTIDHMEKF";"HQ-7 (Para) RHA"
"AKXNKGERHP";"F-2-1st Field Art."
"AKYCPGFADE";"B-13 Painfbat"
"ALDQTXTXPS";"2-5-7 Bah"
"ALERTJZAVS";"3-4e Ch. à Cheval"
"ALESTOVBHF";"F-4-8th Mechanized"
"ALFHLFRJPD";"2-1-249-y GvMSP"
"ALJJWJZANG";"7-3-308-y Art. Brig."
"ALJPFTKBHV";"7-3-MSR30"
"ALKPWWOGZX";"II,/Artillerie-Brigade 40"
"ALNDFEVCRR";"2-75e RA"
"ALNPWQBJIP";"6-2-841-y Art."
"ALPGCPIKYL";"E-2-505th PIR"
"ALRQNCAGDX";"2-11. Aufklärer"
"ALWBCZZGBX";"1-MSB-47y GvTP"
"ALYBBIQAXA";"2-52. Rak.Art."
"ALYHNURTUM";"1-1-AR3"
"ALYWOODEMP";"9-3-AR11"
"AMAAGZERKU";"3-3-21. tp"
"AMAPNJBWSI";"4-2-5 pz"
"AMBDCUBAGB";"14-5-AR9"
"AMBXDEFAYP";"1-MSB-67y GvTP"
"AMDBZKAYNU";"2-1-PR8"
"AMFLIKYLRP";"HQ-4-8th Armored"
"AMFQYFHFOW";"4-152e Infanterie"
"AMHTPLDNUK";"D-1-18th Field Art."
"AMJVSTXVVN";"2-23. Panzer"
"AMRJTKEZCP";"HQ-1-36th Armored"
"AMZRCGDZFY";"2-61. Panzer"
"ANAVCJSHPS";"3432-VKK 343"
"ANFZGINWQE";"3-GeWa17"
"ANKOAQYHEY";"7-3-744y Art."
"ANNDSHGGKE";"2-125. Artillerie"
"ANQOQJYFLG";"2-443-y Otd. Sapery Bat."
"ANRWUFUDZK";"HQ-6-52nd ADA"
"ANUDBFJLXV";"1-852-VKK 412"
"ANVHPNJGPX";"D-52 Tkbat"
"ANYEHWSKOO";"SK-VKK 333"
"ANZLYJCLFG";"A-53rd TFS"
"ANZTEZBEHS";"EM-12e DBL"
"AOAQPIZTVZ";"3-1-PR1"
"AOBXWTPPYK";"659 Sq. AAC"
"AODIPBQPXH";"5-2-PR8"
"AOFHHVIYPH";"B-1-27th Field Art."
"AOFSQFGTKL";"2-943. Jäger"
"AOHDUZFUPG";"SK-VKK 461"
"AOHOEZBMCE";"1-261. Fallschirm."
"AOPRDKCRBD";"3-1-60. tp"
"AOQLVQEUGW";"3-4-12 pz"
"AOTOSWDNTH";"4-8e RPIMa"
"AOTQKJVQVZ";"H-3-5th Mechanized"
"AOUMUKOWNI";"2-13 dplot"
"AOVZSLBULL";"5-2-MSR27"
"AOYBPDYTGC";"5-240. FlaRgt."
"APAAYTOOJP";"3-1-13. tp"
"APHCHOCCAN";"II. JS/JG-1"
"APIQCLBMNU";"B-350ste Smaldeel"
"APJYSDGYKB";"4-34e RA"
"APNOQKRCMI";"5-81y Tank. Bat."
"APPCWOSWFO";"I,/968-y IAP"
"APSMYABWKA";"1-3e RHC"
"APSOYXEMMQ";"4CCM-13e Génie"
"APTAUPPCNA";"2-126e Infanterie"
"APTKQDTRMD";"2-PB-MSR30"
"APUJWRZEVR";"CEA-114e Infanterie"
"APVZDSYRSH";"1-933y Zen. Art."
"APYEOHORMX";"H-2-505th PIR"
"APZGIXQPPU";"2-1er REC"
"AQAXRDOVYI";"1-1-7. tp"
"AQFLOXBEXH";"4-7th Field Art. Bat."
"AQHFLUSPTT";"HQ-2-30th Mechanized"
"AQNLRQMQGB";"9-3-AR1"
"AQOILSIJMN";"DB-2gb-10 pz"
"AQOXXGWLOO";"2-3-9. msp"
"AQQSEMYURF";"4-2-265y GvMSP"
"AQSNOONHYD";"B-1-5th Field Art."
"AQUHSILKTM";"3131-VKK 313"
"AQWLOSAMAK";"3-2-67. msp"
"AQYFTXBUUO";"2-1. Pionier"
"AQYVBMOJUZ";"EM-16e Chasseurs"
"ARAAKKAJZJ";"21-7-34-ya Art. Brig."
"ARBLGZTLYZ";"3-2-9 pz"
"ARDPJBNCLQ";"3-61. Panzer"
"AREMBHAJKI";"1-520-y Otd. Zen. Rak. Bat."
"ARGJHBYMQY";"2-2e Chasseurs Ardennais"
"ARGLHLCFOK";"Kom-.23-y Otd. Tank. Bat."
"ARHYLSVKKJ";"W-6-1st Field Art."
"ARIDSRPCOZ";"SB-101. Artillerie"
"ARQSQRFQGU";"DB-2-29 pcz"
"ARRUJJGRHG";"2-7. Pionier"
"ARSVRHPOGN";"3-30 pcz"
"ARTVVJEHLV";"I-3-52nd ADA"
"ARWSBSPJBJ";"2-3-47. dp"
"ARYPSPVBZN";"2ya PT Rota"
"ASDPQQJFUM";"8-3-244y GvTP"
"ASERWQBLJY";"4-68-y Razv. Bat."
"ASKSIBTLCJ";"2-524. Panzer"
"ASLSWRMONX";"DB-3-5 pz"
"ASMYAADUCX";"3-3-18. tp"
"ASPWHOXVQQ";"2-899y DShB"
"ASRADZZHCR";"3-9-y Razv. Bat."
"ASRRLKBZKH";"SB-645. Artillerie"
"ASVWDUBWMB";"Kom.-?- Rak.Art."
"ASWLYTZHPV";"(Territorial F)"
"ASXKTHPJXA";"Velitelství 2-55. msp"
"ASXOUAICDN";"Velitelství 3-75. thdbr"
"ATADZPQJMP";"1-2-9 pz"
"ATBYZCPJNB";"3-310. Pionier"
"ATFXAIPZEN";"4-21-y Otd. Ognemetniy Bat."
"ATHSNXTNZW";"SK-262. Fallschirm."
"ATKKEBFJMD";"SK-1-MSR28"
"ATLIVJQRJN";"P-4-67th Armored"
"ATMRMBUTEK";"2-105. Artillerie"
"ATNQHIOPFE";"SK-AB4"
"ATPSFIRKVF";"HQ-2 Para"
"ATRCGLGKOF";"N-4-8th Armored"
"ATRXOUFWBQ";"6-2-MSR23"
"ATUJNZCJQH";"rozp.-76 pcz"
"ATWTBEGLZF";"M-3-325th PIR"
"ATXBZTFVNN";"1-2-13. tp"
"ATXZWURUVF";"HQ-5-41st Field Art."
"ATZKVSZNJX";"N-4-5th Field Art."
"AUBKCNGIGT";"2-3-50 pz"
"AUCUGBMEVI";"Wachkompanie"
"AUGPBEZAUA";"5-2-67-y GvMSP"
"AUGXNCADDS";"1-3-32 pz"
"AUHXFCQBKF";"SK-94. Panzer"
"AUIMTFAXGR";"4113-VKK 411"
"AUJQSIJZKT";"4-2-145y oTP"
"AUKGXPJDIJ";"C-53rd TFS"
"AULFETHBZS";"4-12. Rak.Art."
"AULLWUXSDT";"8-3-35-ya GvDShB"
"AUMIMNWXAN";"5-2-PR21"
"AUQPZLMSTR";"2-1-100y TP"
"AUQSRPGKDD";"3-MSB-47y GvTP"
"AURBWQJDAV";"3-112. Pz.Gren."
"AUSCWFCZDB";"HQ-19th Field Art."
"AUWISJJFQM";"4-41. Artillerie"
"AUXJJKTGPB";"A-1-PPCLI"
"AUYESQBFYO";"7-3-240y MSP"
"AUZROSUIDX";"1-FR17"
"AVAWOYYLVA";"SK-GeWa20"
"AVCJYRDMRE";"3-4431. Sicherungs"
"AVCXZIIUSU";"HQ-5-8th Mechanized"
"AVETUSMVEP";"Dd-41 da"
"AVHTOSVSBY";"4-35 pcz"
"AVIBVCJHHR";"5-2-PR1"
"AVILECAXMT";"3-1-385y Art."
"AVIPFUBINT";"29 Field Sq. RE"
"AVJODOUABT";"3-341. Panzer"
"AVNCWKBPOF";"Pionier-Kie 320"
"AVOHYKSWPP";"DB-3-9 pz"
"AVONRIXGBV";"3-53. Pz.Gren."
"AVPJKVRCDI";"1-732. Jäger"
"AVVKZPTPRZ";"HQ-1-325th PIR"
"AVYERBNWSI";"PzPionier-Kie 110"
"AVYFAWNOKC";"G-2-227th Helo."
"AVZZWVNDGY";"3-1-51-y GvTP"
"AWAEJSLVNR";"3-1-7 Bah"
"AWDYDSYWZC";"3-2-200y GvMSP"
"AWESBDNWMJ";"19-7-34-ya Art. Brig."
"AWGETRFAYW";"6-2-120y GVMSP"
"AWGLWVNINU";"1-82nd Attack Helo."
"AWIFQTJTVM";"2442-VKK 244"
"AWIKBQSXPD";"4-92e Infanterie"
"AWJSQWIROB";"2413-VKK 241"
"AWLKHROPHU";"B-34 Afdva"
"AWMUNUOWVJ";"439TFS"
"AWQQUHAMWF";"DD-15 DZ"
"AWQZKIOKSN";"218th MP Coy."
"AWTIJYAGDM";"503rd MP Coy."
"AWTUUHTXER";"5-2-16y GvTP"
"AWTZYKLSLP";"L-3-325th PIR"
"AWUFZUWBNC";"2412-VKK 241"
"AWVKCHFMEC";"4-8e Chasseurs"
"AWVRAGDIWI";"2-1er Rgt. du Génie"
"AWYWUWKKAZ";"1-812-VKK 253"
"AWZXZHHHRD";"Staf-124 Afdva"
"AXHLHIHQGE";"11 GnBat (-)"
"AXHSKRXYQW";"C-78th Engineers"
"AXJWKWYKHK";"C-15 Painfbat"
"AXRGMWPMIJ";"3-2-14. tp"
"AXRUANAJOC";"G-2-505th PIR"
"AXRVXTUKKZ";"3-9e RCP"
"AXULSNYWTQ";"K-3-1st Field Art."
"AXVTXRSSHT";"PzPionier-Kie 240"
"AXWTPXTTIY";"3-595-y Razv. Bat."
"AXZVDLDWKK";"II,/357-y OShAP"
"AYAKJACKEV";"D-4/7RDG"
"AYBGBUXBPU";"2-1-Otd. Tank. Bat."
"AYFPQCGSIU";"D-V,/Queen's Rgt."
"AYGEDDDEIC";"Velitelství 4-74. RMbr"
"AYGICQEBSY";"3-20 pappanc"
"AYHHBTRYXB";"DB-1-9 pz"
"AYIQGTQQCZ";"1-2-10. msp"
"AYKBPFRMEZ";"DB-2-23 pcz"
"AYKXDKDJHD";"3-353. Panzer"
"AYLWXRTAOC";"3441-VKK 344"
"AYNEXRRLUN";"3-4-9. msp"
"AYOUTTXTRX";"2-Res.MSB 13"
"AYUUDQWUFP";"Kom-.2-51-y Gv. Tank. Polk"
"AYVBOOZMRX";"HQ-II,/Queen's Rgt."
"AYXKGSNHYS";"7-3-AR11"
"AYXUJIAOUN";"SK-743. Feldjäger"
"AZBKWEAZWC";"2-521. Jäger"
"AZCCRIWFVO";"2-813-VKK 353"
"AZDINETZDY";"3-GeWa20"
"AZHMKDTHKQ";"A-8th Can. Hussars"
"AZITNQTHHF";"B-I,/York Vol."
"AZJNFRMHFU";"3-1-62. msp"
"AZLKGAMIOG";"6-2-PR19"
"AZMLHVRPMC";"2-ya VDV Rota"
"AZONSSVLUJ";"37 Field Sq. RE"
"AZUKMXXZWB";"HQ-I,/Scots Gds."
"AZVNTWXVOD";"4-12e Cuirassiers"
"AZVUZURAAZ";"3-2-8. msp"
"AZWONTKGVB";"4-2-44-y TP"
"AZYIGXQJYC";"X-VI,/RRF"
"BAGQLSJCBC";"Kom-.3-15-y Gv. Tank. Polk"
"BAHXKBECZT";"1-HBS57"
"BANFJWPSWE";"2-14th Field Art. Bat."
"BASJKXNLOY";"2-MSB-23-y TP"
"BASNRUYVYE";"5-2-174-y GvMSP"
"BATVOZNCNF";"1-128 dplot"
"BAUCXLFSMZ";"15-5-34-ya Art. Brig."
"BAVDVCWXXJ";"A-10th Engineers"
"BAXZTUBOOM";"8-3-MSR27"
"BAYJERTKSU";"SK-242. Pz.Gren."
"BBFNPLKVII";"2-2-4. msp"
"BBGDZMJMQL";"9-3-390ya Art. Brig."
"BBHKUNZVDL";"SK-3-AR10"
"BBIOIPKAMC";"4-2-67-y GvMSP"
"BBKCXCJBML";"5-4 kdes"
"BBMABCBTBG";"92 Squadron"
"BBMMKOWOPD";"1-34e RA"
"BBNGMOSRKC";"B-III-RAAA 71"
"BBPJIHTXAA";"2-102. Pz.Gren."
"BBPPNAFRTH";"2-51. Feld-Art."
"BBSGOUPUPH";"1-332. Pz.Gren."
"BBTGZZTEHG";"Staf-14 Painfbat"
"BCAKGBRZDU";"4-112. Rak.Art."
"BCBLCJKINB";"Détcht. du Génie"
"BCCBBQDTLS";"C-Royal Yeo."
"BCCGCXITVZ";"8-3-100y TP"
"BCCNYMZJHO";"C-14 Painfbat"
"BCCPQWTZRQ";"23-103 Field Rgt. RA."
"BCDJAKGKGV";"4-1er RHP"
"BCDPZVUHTB";"C-7 (Para) RHA"
"BCEEMESDLH";"2-20y TkB"
"BCFYWRFMAE";"Kom-.2-249-y Gv. MSP"
"BCFZPDILLO";"2-1-MSR43"
"BCHMVTOBCI";"Q-4-159th Helo."
"BCIAIKVPUS";"SB-31. Artillerie"
"BCIRHBRZYS";"5-2-MSR14"
"BCJBWXIDWF";"2-1-670y Art."
"BCKESMGGAQ";"D-1-67th Armored"
"BCODQPPOPQ";"4-2-249-y GvMSP"
"BCTJEACUVB";"4-302. Pz.Gren."
"BCTWCBBWZW";"2-1-290y Art."
"BCVBCVAKXZ";"2-3-3. msp"
"BCZARPVFLN";"436 Infbevcie Mbl"
"BCZLKEXMHE";"7-3-375y TP"
"BDAIRBLXZQ";"4-8e Hussards"
"BDANKMXEPQ";"III,/85-y Gv. IAP"
"BDAUTODJPX";"8-3-74y GvTP"
"BDBXXWSWCB";"A-78th Engineers"
"BDDSAGUAMJ";"1-923-y Otd. Zen. Rak. Bat."
"BDGKNWWMNV";"2-205. Artillerie"
"BDJCVKKTOF";"4-113. Pz.Gren."
"BDNAKFLHFF";"7-3-1047y Art."
"BDRDOMBSMS";"SK-521. Jäger"
"BDRVDPAJMV";"DB-1-75 pz"
"BDTANGXSKY";"1-248y Art."
"BDTOBCBLVM";"2-110e Infanterie"
"BDTZNMDLCP";"HQ-III-RAAA 71"
"BDYUGAAFJH";"4-8. Geb.Aufkl.-Bat."
"BEAHSICEIR";"3-23-y Otd. Tank Bat."
"BEAUQPXVTV";"4-93-y PT"
"BEMEOMSZFT";"F-2-RCR"
"BENFCKDJIG";"3-3-42 pz"
"BEOJXMKAAE";"3-2-21. tp"
"BEPKTSLWEH";"1-2e Chasseurs Ardennais"
"BEPNIWLNMW";"1-1-11. tp"
"BEQNTDUDRO";"2-35. FlaRak"
"BERLDHNJFT";"SK-1-PR4"
"BETUFEMGDL";"A-1-11th ACR"
"BEVCMOKIMG";"3-16 kdes"
"BEVVAVNJAB";"3-54e RA"
"BEVYPIEFNN";"SB-72. Rak.Art."
"BEWDYLGVUM";"4322-VKK 432"
"BEYEUARUKT";"1-5e Chasseurs"
"BFCZHVTXVB";"Velitelství 2-361. dp"
"BFDLECJSER";"6-2-MSR7"
"BFFLGYHLJG";"Staf-CLKA"
"BFGNVITMJD";"4-2-60y MSP"
"BFHBOAUSXB";"3-1185y DShB"
"BFHUPRSLOM";"P-4-11th ACR"
"BFLJDMVNTW";"1-1-361. PT oddiel"
"BFNDXWFBBW";"4-740. Pionier"
"BFTPBOKODP";"2-480y PT"
"BFXTJTTYLS";"2-4-49 pz"
"BGACOKQMQJ";"B-7ste Smaldeel"
"BGCTZOHZZT";"2-41 ba"
"BGDPDXPDZM";"1-PB-MSR29"
"BGENOHPSYD";"2. Ersatz-Kie"
"BGGDZZHCCV";"2-TkBat-200y GvMSP"
"BGHMRSTSME";"Velitelství 3-8. tp"
"BGIRNUGMOY";"Teile/PiB15"
"BGJFFLWOGG";"Velitelství 251. plrp"
"BGKXLUJJVD";"Q-3-12th Field Art."
"BGMZAMMRWC";"4-11 dplot"
"BGPSXUSQVI";"5-2-PR10"
"BGTOHADCBF";"B-38th Eng. Rgt., RE"
"BGWCRQPHZQ";"A-Mérida"
"BGWKIBCHAU";"2-342. Pz.Gren."
"BGYDWJKNEX";"C-154 Afdva"
"BGYOTQFGJN";"SK-621. Jäger"
"BHDDYWFXLY";"2-1-sMSR25"
"BHDZZYAIZC";"H-2-66th Armored"
"BHFCOFTAII";"K-3-5th Field Art."
"BHGPPAWTWV";"7-3-AR10"
"BHIECADXVF";"1-3-197y GvTP"
"BHIMWPFRFN";"Kom-358-y Gv. Zen. Rak. Bat."
"BHMWDDKFFO";"3-3-74. msp"
"BHPVMPVODQ";"2-1-55y GvTP"
"BHQOSOZEWD";"E-2-70th Armored"
"BHRVPZYZKC";"Kom.-4-390-ya Art. Brigada"
"BHSSOCRXVD";"B-1-18th Field Art."
"BHTAKVJJLD";"SK-1-MSR15"
"BHVFYYMTOO";"2-3rd Attack Helo."
"BHWGEJAEHJ";"Kom-677-y (SAM Bat.)"
"BHWHVVMPAD";"1-711. Jäger"
"BIACIMUEMM";"1-3-73 pcz"
"BIAIJCHRUE";"Kom.-216-ya Otd. Zen. Rak. Bat."
"BIFQHUOJFO";"3-1-AR10"
"BIKBJIKVBG";"A-1-3rd Aviation Rgt."
"BINJXEXTXP";"2-1-33. tp"
"BIOLYJDWDP";"4-2-34-ya Art. Brig."
"BIQMQZAJPU";"1-3-33. tp"
"BIQSZCQLAE";"EM-401 Artillerie"
"BIUOQXEQVG";"Velitelství 1-49. dp"
"BIUSBBTLXM";"2-1-17-y GvTP"
"BIUXGABVXS";"4-152. Pz.Gren."
"BIXRVIEACB";"1-2-95-y TP"
"BJBEPTIJKA";"8-3-333y MSP"
"BJDVPJWHUP";"A-1-66th Armored"
"BJFCKHGBCP";"1-1-724y Gv. Art."
"BJFISHMEUW";"B-Covadonga"
"BJGSGWMGOP";"B-103 Verkbat"
"BJGXMDQTQZ";"HQ-16th Engineers"
"BJHUYZVRRV";"3./StuPiB-21"
"BJIVWTQCKJ";"3-PzB-MSR24"
"BJJTGZIWGZ";"933. Jäger"
"BJPRAARVIK";"D-43A"
"BJPTCOQQUL";"DB-1-68 pcz"
"BJSEVZLLZE";"C-Blues & Royals"
"BJSWDEUNAK";"11-4-693y Art."
"BJTVKTOGSC";"3-20 dar"
"BJTVLFRSXZ";"HQ-4RTR"
"BJWLVDYYEJ";"1-1-17 pz"
"BJWRCDFYOX";"SK-2-AR10"
"BJXRJFLXHS";"DD-25 dar"
"BJYAINRXLV";"8-3-PR23"
"BKBMIIWMSI";"Velitelství 2-38. dp"
"BKDIGZCUWP";"3-PB-MSR32"
"BKFHHKGLVW";"B-1-34th Armored"
"BKIPUPZFBZ";"1-PB-MSR3"
"BKJETNRTGP";"B-62A"
"BKJMPIQXKS";"III,/31-y Gv. IAP"
"BKQVGBDJET";"K-3-66th Armored"
"BKRENMRPLE";"O-4-14th Field Art."
"BKRHLFQWPY";"SK-344. Panzer"
"BKSCVTMJPM";"C-5-18th Mechanized"
"BKVGYVMCKD";"SK-116. Jäger"
"BKXYNNOZPN";"11 bcz"
"BKYKOEVDLG";"3-114. Panzer"
"BKZGEBRFFP";"8-3-MSR24"
"BLAHMODAHE";"Reco-8de Lansiers"
"BLBIYVPJVZ";"B-1-391st Field Art."
"BLCAVBIXCZ";"1-Res.MSB 43"
"BLHANESVXT";"2-262. Fallschirm."
"BLIFBXPMKL";"2-2-200y GvMSP"
"BLKBEKDBZG";"SK-1-PR20"
"BLMNWPZXBG";"SK-VKK 251"
"BLMZOBCXFG";"3-MSB-211GvTB"
"BLNNVBECDW";"3-234-y MVD"
"BLNZUMEKMY";"9-3-37 pa"
"BLOQWLVELR";"A-15/19th KRH"
"BLOUBDBSNF";"C-1-44th ADA"
"BLPQRVWTIN";"1-741. Feldjäger"
"BLPZOFDWKR";"4-303. Pz.Gren."
"BLSFGAPBPO";"3-1-6 Baa"
"BLTLWJLMBD";"22-8-34-ya Art. Brig."
"BLTTEUQJOE";"2-677-y (SAM Bat.)"
"BLUHBKYWNE";"3. Ersatz-Kie"
"BMAIEJPMKT";"2-PJA10"
"BMCORUOXPN";"4-11e RA"
"BMEEVVKIRL";"G-2-229th Helo."
"BMEWFJOAIQ";"3-MSB-67y GvTP"
"BMFGZWXDPF";"1-3-7 Bah"
"BMGTVNCYOJ";"3-TkBat-295y GvMSP"
"BMKVOJISGU";"2-4433. Sicherungs"
"BMLBUUYXSE";"H-2-1st Field Art."
"BMQWVBUTFX";"2-286-ya Art. Brigada"
"BMSOEBVCMM";"9-3-693y Art."
"BMVWJQBQJF";"1-71. Artillerie"
"BMYUZFGYTN";"9 Squadron"
"BNBMSDOURH";"2-22. Rak.Art."
"BNCLZGDSEK";"9 bateria"
"BNCNCFYBNT";"A-31ste Smaldeel"
"BNDMLZPQZW";"2-820-VKK 314"
"BNGAFHBDJY";"T-5-8th Mechanized"
"BNGQXDHNDU";"3-1-275y GvMSP"
"BNIBPPCNLK";"3-82. Pz.Gren."
"BNJDOGWRSN";"DB-83 pz"
"BNJVCZUDAU";"PzPionier-Kie 220"
"BNKBJQEBTQ";"7-3-MSR33"
"BNLJMPNSOG";"4-216-y Otd. Zen. Rak. Bat."
"BNOBXLRZIC";"Kom.-3-70-y Gv. Tank. Polk"
"BNPPJMHDSF";"3332-VKK 333"
"BNPXLINIJD";"HQ-3-5th Mechanized"
"BNZUBWSQYZ";"7-3-AB40"
"BOCRDXPBWJ";"1-491-y PT"
"BODWPORRIQ";"HQ-10th Engineers"
"BOEZMYJIEK";"Velitelství 3-14. tp"
"BOFKBFJGSY";"3-3-36 pz"
"BOFRGDZFYL";"3-2-68. msp"
"BOGJWQDNQO";"4-2-MSR23"
"BOLCOGUEHH";"SK-72. Pz.Gren."
"BOLDZXOFKV";"3-1-50 pz"
"BOLPZDMWOU";"5-9y Tank. Bat."
"BOPCGCKSVY";"1-47e RA"
"BOWFTBAVVH";"4-443-y Otd. Sapery Bat."
"BPBQSXDGSE";"HQ-2-64th Armored"
"BPFEDJALIO";"Velitelství 3-71. kdbr"
"BPNMQIIOBT";"A-102 Infbat"
"BPQKFRXNNY";"2-39. FlaRak"
"BPVVETYXAK";"1-15 pcz"
"BPZDZIEMPP";"B-52 Tkbat"
"BPZMDMPSKC";"Kom-.1-7-y Gv. Tank. Polk"
"BQBQKGFHYP";"BDP-99 paplot"
"BQGVQKZWSA";"1-PzB-MSR42"
"BQHNOUPWPG";"A-Royal Yeo."
"BQKUNRXBND";"B-1-504th PIR"
"BQKXVPXXYR";"4-133. Pz.Gren."
"BQQDRCQALM";"1-139y Zen. Art."
"BQTVRAQPMJ";"DD-1-9 pa"
"BQXOTVIFKH";"HQ-43A"
"BRCWOOYQPO";"CEA-1er RCP"
"BREVAFZXIR";"B-12 Tkbat"
"BRHMMFVQMX";"9-3-239y GvTP"
"BRJJNYVJWE";"9-3-96-y Art."
"BRKHLYMHLS";"CEA-3e RPIMa"
"BRKPPVFIBI";"4-282. Pz.Gren."
"BROIPQUQIR";"2-4-55. msp"
"BRPZFFXCNG";"EM-1er RHP"
"BRRDHBKEMC";"A-49 Tkbat"
"BRTQQFHDCZ";"A-5-18th Mechanized"
"BRWFATCOFP";"3-Tk-117-y GvMSP"
"BRWFXFUQXF";"14 Squadron"
"BRWNNJLYCN";"R-4-16th Mech. Inf."
"BRWUZCFILY";"3-1-138y oTP"
"BSCYUQIZXT";"2-1-AR9"
"BSEJPNOGAC";"HQ-1-10th Armored"
"BSEUCXSSJO";"1-541. Jäger"
"BSFARTVTQR";"Feldersatz-Kie 1"
"BSHINMKABU";"6-2-37 pa"
"BSIQFVLZUT";"2-15 pcz"
"BSKOENRXRL";"2-194. Panzer"
"BSLSZKBGRD";"2-26 dar"
"BSQGRAZTBM";"HQ-3-325th PIR"
"BSSUKQKOOG";"4-5-y Razv. Bat."
"BSYKLLFVFI";"1-3-42 pz"
"BTANWLQEZW";"6-2-914y Art."
"BTBGSXVWTE";"2-99 dplot"
"BTCNFEGJMH";"DD-11 DPanc"
"BTDFXMAUVB";"BDP-75 prplot"
"BTEEKBBSHD";"2-192. Pz.Gren."
"BTHOTMOBDB";"4-36. HFR"
"BTKKQQNQYH";"1-817-VKK 314"
"BTNCAFSDHK";"2-519-y Otd. Zen. Rak. Bat."
"BTQARTXBYW";"DB-2gb-100 pz"
"BTUIPGFIRO";"Velitelství 1-12. msp"
"BTVGQKAHOO";"Support-I,/QLR"
"BTVSXQLUYF";"HQ-1-391st Field Art."
"BTWSATTLWM";"3-1er RHP"
"BTWYPQRFKL";"Velitelství 2-75. thdbr"
"BTYIXDALAN";"1-1-288y GvMSP"
"BTZODHBKFE";"F-2-30th Mechanized"
"BUCLGKNHZI";"III-ResPR15"
"BUELLQMMAQ";"A-I,/Staffordshire"
"BUEUXQDLBW";"1-3-36. dp"
"BUIIRNAGIA";"3-1er Lanciers"
"BUIOJLKAGV";"3-1-290y Art."
"BUSSAKEBMB";"H-2-6th Mechanized"
"BUTJQFFBYR";"HQ-4-82nd Field Art."
"BUWBWRLFLA";"9-3-44-y TP"
"BVBZJNCAPN";"1-1-40y GvMSP"
"BVEVSLYWLA";"11-4-99y Art."
"BVHTIVCFII";"1-3-49. msp"
"BVHZQKQNDW";"C-1-3rd Aviation Rgt."
"BVJNATQMXV";"EM-75e Artillerie"
"BVNMELAISY";"Velitelství 2-47. dp"
"BVNOCJIWXD";"4-2-MSR29"
"BVRLRYHMEY";"3-112. Rak.Art."
"BVSVJKYAQG";"12-3-6 Baa"
"BVVFMNWITZ";"2-1-8. tp"
"BVVQHVXPGS";"EM-19e Génie"
"BVWPAMWJMQ";"4-2-164y GvMSP"
"BWFNNOSFEF";"2-71. Artillerie"
"BWJGOCXZDJ";"3-3-11 pz"
"BWJYEPZJYE";"HQ-6-1st Field Art."
"BWKCMPVQSZ";"2-12e RA"
"BWKLESYYEU";"1-2-4. msp"
"BWNSPETOMH";"DB-5 Bsap"
"BWTGOPETNO";"1-24e RA"
"BWTHLBOOKH";"3-2. Aufklärer"
"BWTQSJWFDF";"3-125. Artillerie"
"BWXBHNLILM";"3-PB-MSR31"
"BXCFJHQXSA";"Velitelství 2-74. RMbr"
"BXCHNJBOQE";"2-1er Spahis"
"BXGLXKUUCY";"SK-43. Pz.Gren."
"BXHULPBOYL";"4-304. Panzer"
"BXLLBIBDDQ";"327 Eskadron"
"BXXRRYJINI";"HQ-V,/RAR"
"BXYCISDMUX";"1-TkBat-200y GvMSP"
"BYDCEPJPOG";"SK-39. FlaRak"
"BYFVZNTNOI";"2-2-55y GvTP"
"BYKTMELFHJ";"2-1-153y GvTP"
"BYNHVZWHVD";"R-5-6th Air Cav."
"BYPVCQBMIS";"3-1-55. msp"
"BYTNMEMLHN";"Teile-FErsatz-Bat. 210"
"BYXNHJMKEO";"6-100 Field Rgt. RA."
"BZAIPUCVWW";"SK-7. Panzer"
"BZGEPQMQIG";"6-2-PR16"
"BZGNLJHRXW";"1-1-1054y Art."
"BZLYXEGLAE";"A-511th TFS"
"BZMZLFUFRJ";"792-y Spetsnaz Rota"
"BZNDHCFMSF";"1-MSB-61GvTB"
"BZNHNSACHL";"1-485-y (Helo)"
"BZNLTMTIYX";"1-38. Sicherungs"
"BZPDVROUNP";"C-54 Tkbat"
"BZSKCZNKXC";"A-1-2nd ACR"
"BZTBSGAPQD";"SK-1-AR10"
"CABDFURGMO";"Velitelství 5. plrp"
"CACCBIUDPU";"3-GeWa8"
"CACCJMLVXD";"7-3-MSR18"
"CAIDUMEWWB";"1-4451. Sicherungs"
"CAKHKPXVXM";"3-1-PR15"
"CAMMZRNHEK";"3-1-9 pz"
"CAQQVDXWHR";"Kom.-3-390-ya Art. Brigada"
"CATBEOOSZK";"2-841. Jäger"
"CATTRVGSRL";"3-823-VKK 313"
"CAUDFCNDQK";"2-144. Panzer"
"CAVWJKHKNM";"4-358-y Gv. Zen. Rak. Bat."
"CBDUBHDWOG";"4-2-1-y GvTP"
"CBNLFYQYJI";"1-1-67y GvTP"
"CBQTPWHKNP";"1-36. Jäger"
"CBTFQFJTYJ";"3-14 pappanc"
"CBURCWHOYD";"2-1-MSR29"
"CBVFJKUOJD";"4-18th Field Art. Bat."
"CCAGJZXHOB";"3-325. Artillerie"
"CCDURFBASL";"CEA-9e RCP"
"CCDYTFCUCN";"B-1-PPCLI"
"CCETVVRORS";"6-2-AR17"
"CCGBOFFVSD";"3-1-166y GvMSP"
"CCGYGGPTFI";"1-1-99y Art."
"CCHCTNQHDJ";"3-1-724y Gv. Art."
"CCJROXMZEA";"3-68e RA"
"CCLGUPZCGC";"HQ-1-77th Field Art."
"CCMVUIFAVW";"1-JG 74"
"CCOEGFXDZC";"B-526th TFS"
"CCTVFHZRZA";"3-4-36 pz"
"CCUHMFGIOP";"SK-2-AR20"
"CCXLOOTPTY";"1-18y Gv. Razv."
"CCYQQVFNKC";"I-11FighterRgt"
"CCZSEUEOPK";"4-2-841-y Art."
"CDAXXZRBNS";"1-31. Artillerie"
"CDCOSPOQMI";"3-91 pappanc"
"CDECZXLYWJ";"2-1-168y GvMSP"
"CDHZQAMJDA";"3-1-64. tp"
"CDJGXJQPYA";"SK-3-MSR27"
"CDKPCRYGLM";"2-1-MSR32"
"CDMGLVTLXN";"C-León"
"CDNODQWMHI";"4-2-239y GvTP"
"CDSVPYYNHW";"1-1-MSR15"
"CDTFAXEGCM";"SK-AB19"
"CDWDIWURMP";"1-1-35-ya GvDShB"
"CDWOYZXRIX";"3-18e Artillerie"
"CDYLLXIDSA";"3-829-VKK 323"
"CEBADNFJPN";"III. JS/JG-2"
"CECXSUWJGU";"1-1-MSR31"
"CEJHJFZEQY";"B-349ste Smaldeel"
"CEKGLUEVXA";"2-1-400y MSP"
"CEPXEBNUNZ";"A-57 Tkbat"
"CERRAKWNZO";"3-84y Razv."
"CESDMVNNXT";"9-3-PR20"
"CESQQZQATG";"2-2 dar"
"CETOZPTLBC";"SK-1-AR20"
"CEVLJBSLYW";"1-51. Feld-Art."
"CEWNRRZPJS";"2-1-17 pz"
"CEXCMEGIWM";"1-PzB-MSR14"
"CEYQEPVNED";"9-3-914y Art."
"CFAJZKDUQA";"1-334. Panzer"
"CFBDYOEZXW";"8-1-54-y Art."
"CFFDHOBJUY";"2-3-23. tp"
"CFFYSJAESS";"5-292. Pz.Gren."
"CFGBZXGXFB";"HQ-1st Arm. Div."
"CFIXLJBFHM";"8-3-PR19"
"CFJQOFCTLV";"C-11 Tkbat"
"CFKSVJRVNC";"SK-VKK 323"
"CFQDRHNDKQ";"3-804-VKK 221"
"CFQWMQNBWT";"A-Las Navas"
"CFRLACDCJY";"3-3-26y TP"
"CFSXBBCBFT";"Velitelství 2. ppr"
"CFWCCAVXGA";"1-4 kdes"
"CFWOZUVUBC";"3-1-47y GvTP"
"CFXIXTLAMA";"3-3-49 pz"
"CFXQLEFHGQ";"SK-2-MSR23"
"CGBXXLQPIS";"SK-106. Jäger"
"CGHDHEBSCR";"Kom.-4-35-ya GvDShB"
"CGHMAURASE";"6-2-145y oTP"
"CGMDCANRJB";"2-Tk-302-y GvMSP"
"CGTPJICEHX";"SK-361. Panzer"
"CGUYRHWJGQ";"Velitelství 2-63. msp"
"CGWTSCKNBR";"4-2-23 Baa"
"CGXIUTPGDU";"DD-14 pappanc"
"CGYQKAFWBZ";"A-9th/12th Royal Lancers"
"CGYVUGKPSJ";"3-1-70y GvTP"
"CGZHPBTOFW";"4-4. Pionier"
"CGZOBIGTCH";"1-2-49 pz"
"CHBRGXRAYJ";"4-1-54-y Art."
"CHHHNQJFYS";"2-1-15-y GvTP"
"CHISFIQALQ";"1-1-33 pz"
"CHJRAENZQW";"1-81y Razv."
"CHRGVSCAZQ";"Support-2e Chasseurs Ardennais"
"CHTAGOGDGE";"1. Heimatschutz-Kie"
"CHUODAYZLA";"2-20y Razv."
"CHXHFGMCMU";"2-1-67y GvTP"
"CHYDHULUYM";"2-3-12. msp"
"CHYYTITSLU";"3-202. Pz.Gren."
"CIDIFXMNWM";"2-33. Panzer"
"CIGLNTCKNJ";"Q-4-44th ADA"
"CIHLCRZGAC";"7-3-100y TP"
"CIHWCUYNQZ";"1-1-210y MSP"
"CIKYDBWBOR";"1-1ste Karabiniers"
"CISCRSTOKP";"PALR-FJB40"
"CISUQNYTSL";"9-3-MSR29"
"CITCGBUMIT";"3-1-36 pa"
"CITSBKDUCJ";"8-3-221y oTP"
"CIVACHPOLS";"5-2-247-y GvMSP"
"CJDAOXNXUO";"3-1-12. msp"
"CJGQGAFADB";"Kom.-Otd. MSB"
"CJJGVUVNRT";"S-4-11th ACR"
"CJKFBGELVC";"C-132 Infbat"
"CJKFJZZYVE";"(Territorial E)"
"CJKXLNAVAJ";"HQ-2e Lanciers"
"CJLBJODCTJ";"3141-VKK 314"
"CJMZEZVKOV";"D-1-7th Mechanized"
"CJNDLXAYWE";"Support-III,/RAR"
"CJNVVPIFRU";"1-1-60y MSP"
"CJOMCANKQN";"1-GeWa11"
"CJOWIKCBHC";"5-2-65y GvTP"
"CJRZUHJBJB";"1-16 kdes"
"CJSRELPOGT";"6-2-MSR30"
"CJVSNIENDZ";"I,/559-y APIB"
"CKIBBILHVW";"2-GeWa4"
"CKNBRGAGKL";"1-1er RHP"
"CKNMBWXYNM";"HQ-1-17th Cavalry"
"CKNMXTAZFD";"HQ-3AAC"
"CKPQCWMYLG";"4-312. Pz.Gren."
"CKPSHRJGWH";"HQ-1-RCHA"
"CKRDDQEJKN";"1-2-6. dp"
"CKSCMRWTEV";"SK-VKK 451"
"CKSQXDNYEB";"2-72. Rak.Art."
"CKXBUKFGTA";"HQ-23rd Engineers"
"CKZFSXDZLK";"3-MSB-63GvTB"
"CLBSLAPZOZ";"HQ-2-325th PIR"
"CLBWHTDQNM";"1-134. Panzer"
"CLBWVIOFVJ";"C-77th TFS"
"CLCQREJNFS";"3-2-217. PT oddiel"
"CLKQAEZACX";"2-3-4. msp"
"CLMKYZCKBY";"B-1-82nd Helo."
"CLNXGHGGFU";"HQ-2nd Inf. Div."
"CLQWDJQZVW";"1-300. FlaRgt."
"CMEKHPMVLL";"U-4-16th Mech. Inf."
"CMEOWIKJPJ";"SK-3-PR19"
"CMGRDKPUYY";"HQ-1-16th Mech. Inf."
"CMJGCOBSQJ";"3-3-68 pcz"
"CMJLCJBPFS";"Wpn-4-8th Mechanized"
"CMKEVGJHHG";"3-(TerrA)"
"CMRDIKAGXP";"CEA-152e Infanterie"
"CMSCPMHBUM";"8-3-239y GvTP"
"CMTMZBFZCZ";"3-10. Pionier"
"CMUGKMGQVG";"3-30. HFR"
"CMUROQKVLV";"5-2-67y GvTP"
"CMWRCBGAGH";"7-3-45-y GvTP"
"CMXGUYQVXT";"1-343. Panzer"
"CMYUXOFHDD";"1-PB-MSR28"
"CMZXWVDWJL";"B-8th Can. Hussars"
"CNDQLDWFXP";"1-1-51 pz"
"CNHCHYXDIY";"1-8 br"
"CNJYUVESER";"1-27th Field Art. Bat."
"CNKFTIZFEM";"5-2-23-y TP"
"CNKQTQIVNV";"C-1-13th Armored"
"CNQRMOWGRQ";"3-8 br"
"CNQXQLUFCN";"5-43. FlaRak"
"CNTNWIKXXC";"A-1-36th Armored"
"CNZKFLRWSQ";"110th Provost Coy."
"COALROCARY";"3-3-79. msp"
"COCHSVDUAL";"HFS 2"
"COEBKTNNVB";"B-293rd Engineers"
"COEKDXIUID";"9-3-AR20"
"COGTNWGJNP";"1-5e Dragons"
"COIDGAGFNR";"1-1-MSR24"
"COJLITCHEE";"B-32th TFS"
"COLRFVRWLI";"4-170e Infanterie"
"COMINQIZQJ";"DD-4-5 Baa"
"COOAFOHTSM";"2-64. Panzer"
"COPOCTCIFF";"1-3-38. PT oddiel"
"CORSYCZNGL";"3-TkBat-245y GvMSP"
"COSMPZHHIN";"3-1-35-ya GvDShB"
"COTIALXOXI";"1-362. Pz.Gren."
"COUFAQIWIA";"A-1-77th Field Art."
"COWRQHJDHQ";"AT-1-16th Mech. Inf."
"CPBUMIVKLU";"B-II-RALCA 62"
"CPEAREIRIT";"1-FRR20"
"CPHNBUFUAC";"2-Tk-241-y GvMSP"
"CPIBHZXKCC";"II-28FightBombRgt"
"CPLEAIHSSF";"7-3-MSR22"
"CPOGVGSAPS";"C-II,/York Vol."
"CPOVLBYKME";"4-20y TkB"
"CPOWGKTHOU";"Kom-.1-15-y Gv. Tank. Polk"
"CPPVYQQGXZ";"3-1-145y oTP"
"CPQPEWWCIY";"3-MSB-49-y GvTP"
"CPVCZMLHJP";"7-3-7-y GvTP"
"CPXLXPNTQI";"1-3-74. RMbr"
"CPZSCCIGBT";"1-2-8 pcz"
"CPZZIKOZRA";"2-1-16y GvTP"
"CQBVLIHYXS";"6 bateria"
"CQCIRRBNBX";"A-125 Afdltlua"
"CQCIXCTUXW";"2-1-48y GvTP"
"CQCSZJFCUG";"3-1-295y GvMSP"
"CQDJLIFDWM";"SK-8. Geb.Pionier"
"CQIUSOLYRO";"3-36. HFR"
"CQJQZWRNJP";"Kom-.2-54-y Art. Polk"
"CQJRIDJPZI";"1-Tk-67-y GvMSP"
"CQKMERZRTR";"Kom-1-67-y GvMSP"
"CQOTXCEONW";"P-4-44th ADA"
"CQUMVBCGCA";"DB-1-25pz"
"CQZBOTUGJZ";"1-2-197y GvTP"
"CRADBUOHMZ";"1-1-239y MSP"
"CRENYOVTPI";"1-GeWa20"
"CRHACSNLRI";"GSA Süd 1"
"CRJOKEZMOU";"3-76. Jäger"
"CRLRXVEFTP";"3-75 dplot"
"CRNPERWIJP";"C-44 Afdva"
"CRPCMRRFQS";"1-4-17 pz"
"CRQGCYEMKR";"DD 8DZ"
"CRQNEFRJWA";"1-1-322y MSP"
"CRSZDNAGRX";"2-300. FlaRgt."
"CRTKUNGLGW";"Dd-77 da"
"CRUCSAHINM";"3-214. Panzer"
"CRUYKQWNXK";"3-1-Otd. Tank. Bat."
"CRVGTGALLY";"HQ-1-3rd Field Art."
"CRVUPQMUEU";"9-3-22 pa"
"CRWCOJJELC";"H-2-41st Infantry"
"CRZDQWHSQB";"C-46 Painfbat"
"CRZLKFHDTE";"4-2-50 pz"
"CSAREKAWCK";"SK-VKK 422"
"CSBYCAPWLN";"3-12 bcz"
"CSFVQGCQUK";"F-2-81st Armored"
"CSGHHIBSKN";"S-4-2nd ACR"
"CSHYMNYNGT";"2-1-332. kdbr"
"CSISRRIVRJ";"3-3-17. tp"
"CSNZWETNUL";"SK-1-AR4"
"CSRNVYXMLJ";"Komandatura-234-y MVD"
"CSTMOUZVQA";"HQ-3-44th ADA"
"CSTVEWHALI";"5-2-170y GvMRD"
"CSWGOMSVNU";"11-4-128-y Art."
"CSYAZJWXGN";"SK-1-AR3"
"CSZFUTWTNH";"DD-3-23 Baa"
"CTCSYNXPTE";"5-1-54-y Art."
"CTGIJLTFFK";"SK-1-MSR18"
"CTHJSZUKBW";"SK-2-MSR33"
"CTIGPTJDSB";"2-1-217. PT oddiel"
"CTJQHRVDFG";"SK-111. Panzer"
"CTLKXYXNOW";"3-PJA10"
"CTLPBGZAMC";"794-ya Otd. Rota SpN"
"CTSJTXQSZK";"2-251. plrp"
"CTTWANIMML";"1-1-AB40"
"CTVKQNSRDX";"3-1-36. dp"
"CUBEQWAQXO";"2-TkBat-322y MSP"
"CUCNQQZQCG";"2-6de Artillerie"
"CUENMTBLTQ";"3-1-670y Art."
"CUKEICRGOC";"3-815-VKK 344"
"CUNUNZZUXW";"SK-37. FlaRak"
"CUPSHVMYRJ";"3-1-8. dp"
"CUTXRELPFS";"2-92. Pz.Gren."
"CUVMXYRHTV";"Kom-288-ya Art. Brigada"
"CUWYRSBQUV";"B-57 Tkbat"
"CUYLFLWQQU";"EM-2e RHC"
"CUYQWFYDVB";"4-6e RPIMa"
"CUYWOCRPBB";"22 kchem"
"CUZKFFKWUK";"1-2-47. dp"
"CVELEZKQHF";"DD-2-39 pa"
"CVEVHZGGXG";"823. Jäger"
"CVGUXPBYJM";"6-2-944-y GvArt."
"CVKEKCBEIF";"2-1-20. tp"
"CVNAAMMZMN";"Velitelství 3-51. msp"
"CVPUYYWHAT";"4-35. FlaRak"
"CVZBHSBHXK";"SK-2-MSR7"
"CWAEUWGAYW";"T-5-68th Armored"
"CWCROGYTAV";"1-18y OTB"
"CWESUVXNCO";"A-44 Afdva"
"CWFSLUNWKB";"N-4-67th Armored"
"CWGNOEDCTU";"SK-841. Jäger"
"CWGSKTJMNQ";"1-4 ksap"
"CWPCNSQJSK";"C-134 Afdva"
"CWQCENKUJJ";"1-4-3. msp"
"CWRWKQUEWQ";"HQ-1-7th Mechanized"
"CWUCOTVNYW";"1-1-MSR18"
"CWUTQDTXUI";"Velitelství 1-3. msp"
"CWVRQHVWBK";"JHSU"
"CWVYEPEXXJ";"1-57. Jäger"
"CXAEAHTQOB";"DB-32 br"
"CXEAARRXXJ";"B-144 Afdva"
"CXGJSXKGBZ";"116Provost Coy. RMP (V)"
"CXITHDAHVS";"6-2-MSR15"
"CXKYPFRATM";"G-3rd Field Art."
"CXMHMDIBYD";"DD-1-37 pa"
"CXOPJQSWAJ";"2-36. HFR"
"CXOPRHKODQ";"1-1-Otd. Tank. Bat."
"CXQXVQWQPS";"9-3-302-y GvMSP"
"CXSPADZHRQ";"art-84 pz"
"CXUAJPSAYX";"3-220. Pionier"
"CXXSRNDERT";"3-1-MSR30"
"CXYKAVOJKB";"3-MSB-PR16"
"CXZKMFLGFI";"G-1-69th Armored"
"CYCFSAUDFF";"HQ-2-11th ACR"
"CYEPZYYQEK";"DB-1-5 pz"
"CYGNNFQYDH";"B-I,/RGJ"
"CYHETKQXVM";"HQ-3 Field Rgt. RHA"
"CYNCSLXSQJ";"A-39th Field Art."
"CYRHHWHKCE";"SK-3-PR23"
"CYRXVGLRYA";"3-PB-MSR2"
"CYXMWWMKJY";"Velitelství 1-3. dp"
"CZAIRLWSQK";"HQ-1er Lanciers"
"CZCXGRKYUP";"3-25e RA"
"CZCZWBMMHC";"2-47 dar"
"CZDLQCZQVO";"D-1-R22R"
"CZEJCPYFEI";"Kom-.11-y Razv. Polk"
"CZFBWJTBHF";"2-9e RAMa"
"CZFZSHOPVX";"4-4 kdes"
"CZJPSFANAR";"6-2-PR10"
"CZJXVKSUTX";"2-FJB 261"
"CZPWZWMUPK";"Kom-2-241-y GvMSP"
"CZRPLTHRSB";"SK-1. Aufklärer Bat."
"CZRUIWFRFD";"2-149y PT"
"CZTFSSAYJM";"2-5e Cuirassiers"
"CZZTTFXWAR";"D-1-17th Cavalry"
"CZZZLLMCIF";"C-1-16th Mech. Inf."
"DAASEVTMSX";"1-PB-MSR27"
"DAAXDBSRUX";"1-42e Infanterie"
"DAEFTJWDZG";"1-901-y Otd. Zen. Rak. Bat."
"DAFSGUZLDP";"X-6-52nd ADA"
"DAGKXCRXDL";"3-14de Linie"
"DAGTJBVSDZ";"SK-64. Panzer"
"DAHPDRJHOK";"4-18 dplot"
"DANBUKRMMM";"HQ-2-20th Field Art."
"DANHVUDHDU";"HQ-1ere Div. d'Infanterie"
"DAQFUAKJEN";"6-2-1-y GvTP"
"DAQSSVCNSK";"C-5RDG"
"DATGJCSWUX";"SK-545. Artillerie"
"DAUBDQTAGP";"2-MSB-47y GvTP"
"DAVBBXQQQQ";"2-3-5 Baa"
"DAVUFFYSBG";"HQ-5-16th Mech. Inf."
"DBAKIJGOQY";"D-62A"
"DBBAHGPHFF";"1-2de Karabiniers"
"DBBNZSNMND";"D-1-4th Cavalry"
"DBDVUBGGOV";"A-2ste Smaldeel"
"DBDYNLQYGW";"E-2-69th Armored"
"DBFVKPJJUA";"3-PJA8"
"DBHDXVIPVI";"Velitelství 9. plrp"
"DBJEWFNCNO";"7-3-360y TP"
"DBMJCMBIOU";"4-5. Pionier"
"DBNNDUMOQH";"H-2-41st Field Art."
"DBNTYJQUBY";"HQ-4-3rd Field Art."
"DBPEYXAZDK";"SK-18. Sicherungs"
"DBRMCIJSFN";"2-211. Panzer"
"DBVCPZBFUG";"18e Esc. d'Aviation"
"DBWTXNNVSA";"1-(TerrC)"
"DBYCPANXFL";"H-2-325th PIR"
"DCAYKPADKD";"721. Jäger"
"DCEDPZBMJO";"Velitelství 1-71. kdbr"
"DCFAUNCIPO";"3-2. Pionier"
"DCIKCEGNKG";"I,/730-y APIB"
"DCKAJLKMWF";"2-1-3 pcz"
"DCLWGZYGLS";"2-2e REP"
"DCOPOABFLD";"1-1-65y GvTP"
"DCPLKINGOZ";"3-4-55 pz"
"DCQCLWNVJN";"3-2-75. thdbr"
"DCVNZXSTYA";"HQ-Brunete"
"DCWBUWHYUY";"2-1-2. tp"
"DCXQXNYCDV";"1-1-128-y Art."
"DDCBNWJAMS";"C-I-RAAA 73"
"DDCPVGXGDW";"3-4de Lansiers"
"DDCSXMDGSE";"HQ-Villaviciosa"
"DDGAPSZRTU";"H-2-32nd Armored"
"DDLQQKJSKI";"B-17th Engineers"
"DDNWHZDAEK";"1-216-y Otd. Zen. Rak. Bat."
"DDQZDTFYWX";"II-11FighterRgt"
"DDRLMOJBBD";"8-3-168y GvMSP"
"DDTLHNALVF";"4-2-MSR30"
"DDUWEGCHSQ";"2-42. RakArt.-Bat."
"DDXZYOJZBR";"3-816-VKK 312"
"DEILNRXACN";"11-4-AR9"
"DEJTWJWFMP";"7-3-333y MSP"
"DEMPNRRNJF";"3-1-68. msp"
"DEOEQFJNSW";"AT-4-16th Mech. Inf."
"DEOOYJLLEW";"Wpn-1-R22R"
"DEPPQGSZQI";"4-121. Artillerie"
"DEQWXCMXGG";"Velitelství 216. PTp"
"DEQYIQFADA";"6-2-67y GvTP"
"DEREISVRWC";"Chindits-I,/KORB"
"DERYABMKOP";"Velitelství 1-49. msp"
"DERYEFCTRO";"R-5-41st Field Art."
"DESCEVSXQJ";"D-1-82nd Helo."
"DESSEGIURS";"1-MSB-1-y GvTP"
"DETCLTZGGS";"3-323. Pz.Gren."
"DEUKKYAKEW";"Velitelství 1-6. msp"
"DEVPZKEXGX";"1-2-48y GvTP"
"DEWUGSNUIH";"7-3-40y TP"
"DFDTHMYWRE";"2-1-286y GvMSP"
"DFFILYJONB";"SK-532. Jäger"
"DFGGXRAXDU";"3-3-6. msp"
"DFKTSWOTKE";"4-2-375y TP"
"DFLBZTEDDE";"I,/296-y APIB"
"DFMDYQVXBV";"1-1-38. PT oddiel"
"DFNWWHTWJK";"2-20 pappanc"
"DFNXAZVAJL";"3-FR19"
"DFOBIKRFUZ";"Teile/PiB20"
"DFONQFZNBR";"1-3-12 pz"
"DFPHDLKLRC";"Q-5-5th Mechanized"
"DFQEBVAOPV";"4CCM-32e Génie"
"DFSYJJNPKX";"3-21 dar"
"DFTQYVHBIW";"1-2-63. msp"
"DFUAQBFSZJ";"3-1-217. PT oddiel"
"DFUNNZWQZA";"1-18 ksap"
"DFXRYOBXIY";"1-2-55. msp"
"DGCNZTJOQE";"8-3-45-y GvTP"
"DGCSFXQPKH";"Velitelství 1-5. msp"
"DGGMELFQGR";"602-ya Spetsnaz Rota"
"DGHFNUAIGO";"3-1-244-y GvMSP"
"DGIGUJHWTU";"2-19e RA"
"DGJHRHNMEY";"5-35 kdes"
"DGJOXAWZFE";"1-1-67-y GvMSP"
"DGMGYQHZAD";"P-4-12th Field Art."
"DGPQDIQFRD";"2-2. Aufklärer"
"DGTYTGKVVK";"A-1-54th Mechanized"
"DGWPVWFETE";"III. JS/JG-9"
"DHGIZIEEML";"3-MSB-55GvTB"
"DHJKYEJTTL";"HQ-79th Engineers"
"DHJXBUHSAE";"6-2-5 Baa"
"DHKKZXKGUR";"4-320. Pionier"
"DHNZXRMHUJ";"Wpn-1-504th PIR"
"DHPFRUJAKH";"2-3-197y GvTP"
"DHPUESLUTR";"2-37. Jäger"
"DHPWOFUMBB";"D-1-37th Armored"
"DHQCCFOFRW";"2-25e RA"
"DHSBXEECNL";"2-215. Artillerie"
"DHSMAXVTJS";"6-2-2 pa"
"DHSWZPBOLD";"C-1-37th Armored"
"DHWKMHYWGF";"3-43e RAMa"
"DIDVISVXRL";"DB-3-75 pz"
"DIGJOGYNDV";"2-3-42 pz"
"DIJHAFFMEM";"B-49 Tkbat"
"DIMESMYDLE";"2-21e RIMa"
"DINBVSGCSL";"SK-3-MSR7"
"DIOCSFPHTY";"HQ-5-17th Field Art."
"DIPRMHYWNM";"1-3-63y GvTP"
"DIUDNTCVAA";"SK-2-AR1"
"DIUPOJENQZ";"2-3-67. msp"
"DJBFOXZHHH";"2-PzB-MSR15"
"DJBGDYNGJN";"9-3-PR21"
"DJBQZYWKFB";"2-2-361. dp"
"DJCZSZACQV";"A-492nd TFS"
"DJDBRZMINT";"HQ-I (Br.) Corps Eng."
"DJDLRYDBXR";"3-PzB-MSR13"
"DJDNCMYYJY";"8-3-724y Gv. Art."
"DJDPUQIXLE";"9-3-67y GvTP"
"DJEAJJLALA";"13-5-AR9"
"DJEIQWVMBM";"2-4. Pionier"
"DJGGCZRNNQ";"2-1-21. tp"
"DJGNCAOSSF";"3-2-62y GvTP"
"DJHONPPTBS";"HQ-4-18th Field Art."
"DJIKESEMZJ";"1-3-361. dp"
"DJIXNCTNYY";"3-4451. Sicherungs"
"DJJONBDKCT";"6-2-AR3"
"DJMJFNNTCW";"1-3-49 pz"
"DJRBDASMWS";"6-2-PR21"
"DJRBZQUKBK";"C-13 Painfbat"
"DJRDLVSQWS";"3-1er RCAM"
"DJUCPZHZJO";"4-72. Pz.Gren."
"DJUMYRZCGK";"16-4 Para"
"DJZGQLTEWU";"Kom-443-y Otd. Sapery Bat."
"DKENGFCKQN";"794-ya Otd. Rota SpN"
"DKEWBLLCHX";"1-6e RPIMa"
"DKKJOPFDRW";"2-3-55y GvTP"
"DKKMAAZSYQ";"9-3-385y Art."
"DKQXXGKMLQ";"1-2-26y TP"
"DKRXHVQZAJ";"3-330. FlaRgt."
"DKRYVUACFP";"1-24e Chasseurs"
"DKVHXDNEWI";"III,/357-y OShAP"
"DLAOEBUIFW";"1-2-217. PT oddiel"
"DLDMMUNFZW";"K-2-18th Mechanized"
"DLETFBCNPT";"B-I,/RIR"
"DLGQVBDWLY";"DD-2-23 Baa"
"DLHNEPSQCS";"4-2-241-y GvMSP"
"DLIHEVGHJM";"C-54 Afdva"
"DLIRTFVRKF";"SK-57. Jäger"
"DLMDFYUMET";"1-22. Rak.Art."
"DLMTKMFSDL";"8-3-280y GvMSP"
"DLORPQRCXY";"3-489-y PT"
"DLSHGQHQBS";"C-349ste Smaldeel"
"DLTGJBCFLW";"2-1-MSR41"
"DLWYHKVNPL";"3-75y OTB"
"DMAAOUWVDX";"1-1-74. msp"
"DMAVOEEJEX";"4-16 pcz"
"DMHTTTOMON";"Det./1 Combat Eng. Rgt."
"DMHZJOIFRJ";"2-FJB 253"
"DMLENLSAKA";"7-3-99y Art."
"DMMYMEGCFT";"F-2-6th Mechanized"
"DMSUQMYZWT";"2-4-41 pz"
"DMUWXCMBNK";"2-2-12. msp"
"DMVPEKIRZH";"1-1-24 pcz"
"DMXDLIGPWC";"III-5FighterRgt"
"DMZUWEUYLB";"4-2-16 pa"
"DNGRKKRDQB";"HQ-3-1st Helo."
"DNIZUAMZTK";"4-2-670y Art."
"DNJUYASEGM";"1-827-VKK 333"
"DNLOPTHOPY";"1-1-29-y GvMSP"
"DNMBXFEXTV";"3-19. ppr"
"DNMIYKUBNN";"HQ-39th Field Art."
"DNPCDGEURL";"4-2-40y TP"
"DNPFTNBOMF";"2-1-27 pcz"
"DNPZSSSIUA";"2-FRR9"
"DNSXJJBJMY";"3-TkBat-288y GvMSP"
"DNVLAXNSWP";"1-3-10. tp"
"DNWGSMHFRC";"C-102 Verkbat"
"DODOPFELFX";"DB-3-10 pz"
"DOFVASGZAO";"8-3-172-y Art."
"DOKSLLVQKT";"7-3-PR1"
"DOMIUBBLCB";"1-1-MSR22"
"DOMRBUNRMM";"5-2-5 Baa"
"DONAFWXHAL";"SB-300. FlaRgt."
"DOOOUTXAZP";"3-1-87-y Art."
"DOPBNGLGAV";"A-54 Tkbat"
"DOPIIQPDLC";"B-108 Afdva"
"DOQBFLVPVY";"1-8de Lansiers"
"DORHIGYGLH";"9-3-117-y GvMSP"
"DOSWYXHARO";"3-191. Pz.Gren."
"DPAYKYONJL";"23-27 Field Rgt. RA."
"DPBMDXNFCH";"2-233. GebJäger"
"DPBZMMBKIA";"B-2 Gurkhas"
"DPCNEPDWVF";"1-2-17 pz"
"DPFMIHSZOV";"5-242. Pz.Gren."
"DPFUNDVZCL";"3-29-y Otd. Tank Bat."
"DPINYIHPYU";"2-741. Feldjäger"
"DPJDHOFZSI";"5-2-210y MSP"
"DPJNXFXVMM";"V-6-41st Field Art."
"DPMPGXGLHW";"P-4-41st Infantry"
"DPQYOVADKH";"3-3e RPIMa"
"DPSENRLTTR";"2-TkBat-283y GvMSP"
"DPSYQSDKYT";"4-2-120y GVMSP"
"DPTTQVRAIB";"6-2-AR8"
"DPWGTPWSHH";"2-5-322. kdbr"
"DPWPEQQYJF";"9-3-375y TP"
"DPYLJNNDYV";"1-2e RA"
"DPYVHRQWWS";"4-31. FlaRak"
"DQBIEEXOMQ";"7-3-385y Art."
"DQCRNCGJXR";"1-1-59 pz"
"DQDHSDSSZK";"Velitelství 3-63. msp"
"DQDTOHNORA";"3-4-79. msp"
"DQETJRVTEU";"2-5. Aufklärer"
"DQMAMECECL";"A-Escadron Blindé"
"DQMNYAGQVI";"2-20. ppr"
"DQTOZHNFUX";"2-11. plrp"
"DQTZEYCZIR";"SK-350. Pionier"
"DQWDDKOLNR";"2-127. Jäger"
"DQZJJSVLAR";"HQ-Bevrijding Bat."
"DQZLFIZNFZ";"3-1-40y TP"
"DRAFKVHXZS";"3-234-y MVD"
"DRBFCZTSAP";"3-2-104. msp"
"DRBLSGRUSZ";"SK-1. Pionier"
"DRCIOPDVUG";"2-1-MSR2"
"DRDSLDICDU";"3-860-VKK 442"
"DREEFIBPNV";"Kom-1-390y Art. Brig."
"DRFADVFLDA";"4-915-y Otd. Zen. Rak. Bat."
"DRIVOEDNYU";"2-234-y MVD"
"DRKIHCHPAM";"1-21. Panzer"
"DRLLTGXBDV";"5-2-MSR30"
"DRMQOBOBRL";"L-3-41st Infantry"
"DRNUGJGUFT";"5-2-MSR32"
"DRRAIYDFDT";"G-3-5th Mechanized"
"DRRCTSXMSG";"1-PzB-MSR43"
"DRSWTMEDZN";"3-1-247-y GvMSP"
"DRVPBHXIEY";"Fliegerhorstgruppen"
"DRWQRHVZDN";"4-35 kdes"
"DRYFPDCGEY";"Pionier-Kie 50"
"DRYQJPVJZD";"6-2-PR14"
"DSAPMIGFJJ";"4-15 pcz"
"DSCLOOYWTH";"Velitelství 2-67. msp"
"DSHZMOTOOK";"A-I,/York Vol."
"DSIISCESEV";"2-496y PT"
"DSINUBEAFY";"Wpn-3-504th PIR"
"DSKYOPWPHI";"2-1-199y Art."
"DSLILTUIWC";"R-1-151st Helo."
"DSLNPWIHCL";"3-813-VKK 352"
"DSMDVZVIKC";"7-4 ksap"
"DSPAJKHDFE";"3-TkBat-166y GvMSP"
"DSPYFQFMCJ";"9-3-Art. Rgt. 7"
"DSQGUBDXEK";"1-4e Ch. à Cheval"
"DSRWLOCRUJ";"V-5-16th Mech. Inf."
"DSVOHLRGDP";"3211-VKK 321"
"DSXRFWLGHZ";"2-8. Geb.Panzer"
"DSZYUDSZOK";"Kom-.1-40-y Tank. Polk"
"DTABJNAJLI";"C-II,/RIR"
"DTASJDHJAP";"Velitelství 1-17. tp"
"DTJKNAAWNJ";"B-I,/Royal Scots"
"DTJPEWRISG";"2-1-10. tp"
"DTLZGJSBIQ";"1-MSB-PR23"
"DTNHENFQBR";"2-285. Artillerie"
"DTTIBVUEOE";"A-59 Tkbat"
"DTZVRZGSND";"2-3-8. tp"
"DUCQEWDLLR";"SK-1-MSR32"
"DUDIUCLQYJ";"1-12y Razv."
"DUGOYSPVWW";"2-3-12. tp"
"DUGURLZWJP";"1-FR10"
"DUIIANZUIL";"SK-1-PR22"
"DUQKLYAJDR";"1-3-1. tp"
"DUSDYKKBZX";"8-3-2 pa"
"DUTPRJSEYB";"2-152. Pz.Gren."
"DUVEOZDTZW";"SK-333. Panzer"
"DUZQFIYJJE";"2-122. Rak.Art."
"DVDNDUZHDU";"C-49th Field Art."
"DVEAATIPBH";"2-PzB-MSR23"
"DVEDJWJYJV";"3-3-32 pz"
"DVFJFLUSOH";"4-2-240y MSP"
"DVGUVXGFFG";"3-1-23. tp"
"DVHHRGLXRK";"1-MSB-29y GvTP"
"DVJLIEGEIB";"3-293. Panzer"
"DVKCGKZJYU";"DB-2-32 pz"
"DVMGDPOMRK";"1-4-8. msp"
"DVPIOUAVPB";"2-313. Pz.Gren."
"DVRDMHDKDS";"4-2-41y MSP"
"DVSCACLJUQ";"HQ-2e Chasseurs Ardennais"
"DVURMGIRFD";"4-340. Pionier"
"DVXMCTLELG";"1-1-50 pz"
"DVYBSRFICH";"3-20th Field Art. Bat."
"DWARDZIOVN";"5-1-119-y Otd. Tank. Polk"
"DWBEDFBUBT";"5-2-87-y Art."
"DWBNMYCIKN";"SK-FR19"
"DWEOUYMVQU";"CLR-1er RCAM"
"DWIDENBWYH";"3214-VKK 321"
"DWNFSGIYUY";"2-2-6 pz"
"DWOGHLQODP";"SK-VKK 452"
"DWPMXYWKDH";"2-4451. Sicherungs"
"DWPXZBEOQA";"5-2-23 Baa"
"DWQAAHFKSK";"1-12e RA"
"DWQQYPQLXL";"3-224. Panzer"
"DWRMVRJYIO";"1-265y GvMSP"
"DWTNXMWMSL";"654 Sq. AAC"
"DWZJVZBBXJ";"3-8de Lansiers"
"DXAJRJCXQM";"2-200. Sicherungs"
"DXBHXLSIWF";"1-440y oVP"
"DXBTDWNLES";"3-1-49 pz"
"DXDRDOUXQK";"3-1-27 pcz"
"DXDYKUOHMK";"3-FR10"
"DXHQPSANRT";"3-545. Artillerie"
"DXICQQQKEP";"2-1. plp"
"DXICSFFVRM";"DB-3-55 pz"
"DXIOPRULCH";"3-3-12. tp"
"DXIXEKSUIJ";"B-9th/12th Royal Lancers"
"DXLBPVAAII";"1-82. Pz.Gren."
"DXOWZFVLXQ";"C-1-391st Field Art."
"DXPWSTZYSA";"2-63. Panzer"
"DXQYSSMCFF";"SK-AB8"
"DXRIZIGQJU";"5e CAD"
"DXSCPGDKPY";"HFS 1"
"DXTUOSEXGD";"3-1-390ya Art. Brig."
"DXWRTUQAAM";"1-16. Jäger"
"DXYFSXEFID";"I,/833-y IAP"
"DXZQDJSGXJ";"HQ-9th/12th Royal Lancers"
"DYBLZMEEVJ";"HQ-2-34th Armored"
"DYCGOJCXPM";"2-623. Panzer"
"DYCSPOLMPE";"B-VIII,/TLI"
"DYEAORPKNK";"4-120. Pionier"
"DYHGBXAOVE";"2-258y PT"
"DYPQWYDSXL";"III,/559-y APIB"
"DYRFJRQLWJ";"2-3-23 pcz"
"DYXNLRPCSK";"3-113-y Razv. Bat."
"DYYIYNOGZV";"4-222. Pz.Gren."
"DZBYNPPUDW";"4-2-166y GvMSP"
"DZHMRWSICP";"3-282y Zen. Art."
"DZJHSXGZSG";"2-68e RA"
"DZKWUJVXWU";"1-127. Jäger"
"DZLXEAQZWO";"7-3-241-y GvMSP"
"DZQCUNSMNP";"D-12th Engineers"
"DZQGLHOFED";"SK-1-PR1"
"DZQIVZWSOF";"3-1-28 pcz"
"DZQPVMWOWS";"1-330. FlaRgt."
"DZUXAZFXZN";"1-124 dplot"
"DZWBATEJWT";"3-1-18. tp"
"DZWLIVIOIK";"6-2-390ya Art. Brig."
"DZYSBHBUFG";"C-IV,/RGJ"
"EAAWNUWMFD";"O-4-159th Helo."
"EABJAGLAOQ";"HQ-317th Engineers"
"EAGWFYAOZG";"1-1-41y MSP"
"EAHXQIPQFE";"1-682-y (SAM Bat.)"
"EALOSBWGND";"HQ-2e Gidsen"
"EAMZTLIZRS";"3-3-10. tp"
"EANRLQUKBL";"4-2-5 Baa"
"EAQUIRTUZQ";"SK-88. Geb.Sicherungs"
"EASGDFSPXD";"C-237th Engineers"
"EASWLZIINR";"39 Field Sq. RE"
"EAVAAGHLET";"49 pśb"
"EAVGWLNIWX";"3-46. Jäger"
"EAZKJCDAFA";"2-2-24 pcz"
"EBBQDXABCV";"I. JS/JG-2"
"EBCIPIVMBD";"3-841. Jäger"
"EBHJJRMNAV";"2-83 pz"
"EBJJEOSOZW";"2-813-VKK 352"
"EBJQVCPCYQ";"3-TkBat-333y MSP"
"EBLMFSSPIS";"3-855-VKK 413"
"EBMQLKGDYG";"4-308-ya Art. Brigada"
"EBPFGYZBWO";"H-2-3rd Helo."
"EBQFOVWCHN";"2-856-VKK 431"
"EBQQMSWXUR";"O-4-3rd Field Art."
"EBXHHZRHYK";"1-1-17. dovm"
"EBYFHCLLGC";"7-3-204y GvMSP"
"EBZIHTZDGQ";"3233-VKK 323"
"EBZPHJIBID";"2-713. Jäger"
"ECFFPIKXOU";"3-308-ya Art. Brigada"
"ECHZNAUNIW";"CEA-92e Infanterie"
"ECKZOONDSP";"9-3-170y GvMRD"
"ECMNEGOHGI";"HQ-Santiago"
"ECSYJPTVGI";"A-DCA 11"
"ECUJLAEOES";"3-2-37 pz"
"ECZVLXUXFZ";"DB-2-50 pz"
"EDAMMRIQZE";"3-211. Panzer"
"EDAMVKVXUN";"1-3-8. msp"
"EDBJUBQETC";"2-1-1-y GvTP"
"EDBQJGYNXD";"3-3-14. tp"
"EDCCAQSLAC";"3-61 brop"
"EDDOBCBSCM";"3-4-41 pz"
"EDHFGQBEHF";"M-3-4th Helo."
"EDIQEDFZDZ";"2-34 kdes"
"EDKDHUWENV";"2-3-28 pz"
"EDKNCSFWKZ";"Kom.-3-172-y Art. Polk"
"EDLGYSPYAP";"3-34. Panzer"
"EDMXZRSMEQ";"2-491-y PT"
"EDOFDFNNOT";"Geb.HFS 8"
"EDOGUYEAER";"Velitelství 1-4. msp"
"EDSUDULRXI";"C-I-RALCA 62"
"EDVGSPWZRF";"1-1-241-y GvMSP"
"EDVVRUVIWO";"Paost-16 Painfbat"
"EDXXOBHSQP";"5-2-33 pa"
"EDYRDJNYOS";"5-358-y Gv. Zen. Rak. Bat."
"EECCPPQBCD";"1-4-10 pz"
"EEFAUUHHIH";"2-1018-y Otd. Zen. Rak. Bat."
"EEFZIPTXKO";"9-3-70y GvTP"
"EEHBJPMRNO";"5-2-AR17"
"EEJUSLOCVY";"1-1-8 pcz"
"EELGOMUHFX";"3-900y DShBat."
"EELNOVMVRZ";"B-1-3rd Field Art."
"EEPVBTYDKM";"DLWP"
"EESJFJKLXY";"670 Sq. AAC"
"EEVJCJGRZO";"DB-2-24 pcz"
"EEWMIEVYUE";"Y-6-41st Field Art."
"EEXQTUHIOJ";"1-486-y Otd. Vertoletniy Polk"
"EEYDPZCHGW";"HFS 7"
"EEZTPELFXF";"SK-731. Jäger"
"EFATZKAQJW";"1-(TerrD)"
"EFAXJKUEHY";"Kom-.3-249-y Gv. MSP"
"EFDJWXCTKP";"2-803-VKK 221"
"EFEBBEWRZY";"C-1-67th Armored"
"EFGBRITNBX";"2-645. Artillerie"
"EFGUIFTOLA";"3-35th Field Art. Bat."
"EFLRYLIPFB";"1-PzB-MSR18"
"EFMIUXGSRV";"EM-6e REG"
"EFRGDBDNXU";"B-I,/Green Howards"
"EFTCHGSING";"S-5-3rd Field Art."
"EFXASPVDNL";"2-MSB-49-y GvTP"
"EGBZAEMJGL";"1-PzB-MSR13"
"EGCUZQSAYE";"C-1-69th Armored"
"EGDYFLTDAN";"A-I,/Grenadier Guards"
"EGFZLQZICW";"DD-26 dar"
"EGGNXJOXNG";"SK-2-PR8"
"EGHVGXNOLC";"II. JS/JBG-28"
"EGIUKWKDGZ";"DB-1-28 pcz"
"EGLLJPUDPW";"2-25 pcz"
"EGOUDSAHGQ";"HQ-3-41st Infantry"
"EGRLNNVVUH";"1-4431. Sicherungs"
"EGWREVSJLF";"1-1-38. dp"
"EGXBBWTIKY";"SK-118. Sicherungs"
"EHBXCKONOG";"Heimatschutz-Kie"
"EHDLVOUIXE";"7-34 ksap"
"EHEJZIMRAM";"DB-25 pcz"
"EHJBLQAQWO";"A-5RDG"
"EHQNRZEGPR";"3-805-VKK 245"
"EHRFJWMGVL";"3-3-2. tp"
"EHTQSZNDXX";"3-5-332. kdbr"
"EHVQGAZNYY";"8-3-sMSR25"
"EHWFCTTKZS";"A-II-RALCA 62"
"EHWQUCBYZW";"N-4-7th Mechanized"
"EHYYBXQPSM";"2-740. Feldjäger"
"EIEOKRXSRV";"3-PzB-MSR42"
"EIFAEELNTR";"2-1-42 pz"
"EIFXXBQPZL";"3-1-MSR29"
"EILUEEYFKF";"H-4th Avia."
"EIRHGQKOGU";"2-2-103. tp"
"EITNIXJRWV";"SB-51. Feld-Art."
"EIUOBWWMKA";"2-826-VKK 322"
"EIUZBASFFG";"2-47e RA"
"EIWUSQMEYS";"2-1-7-y GvTP"
"EIXMUTDCTM";"HQ-4e Ch. à Cheval"
"EIYQMBBRPS";"P-3-12th Field Art."
"EJAKODSTJI";"1-1-MSR7"
"EJCXAQVVWP";"EM-7e DB"
"EJDEXXFQAP";"C-23ste Smaldeel"
"EJEPHUVELV";"EM-1er Spahis"
"EJGWPXMLMO";"1-2-11. msp"
"EJHGOBCATU";"15-5-5 Baa"
"EJJYHBVRPF";"7-3-AR4"
"EJKGEGZYUO";"1-MSB-153GvTB"
"EJKSNBBBPL";"2-124 dplot"
"EJVAYOYNCZ";"DD-3-2 pa"
"EJVIUUVYBU";"3-451y PT Bat."
"EJVUEKWNXG";"BDP-128 prplot"
"EJWBGIMNIV";"Pionier-Kie 30"
"EJXDJXNJLL";"3-2-40y GvMSP"
"EJYPUOJVHO";"D-1-505th PIR"
"EJYUIDHIGF";"4-2-PR4"
"EJYXCCMXBN";"Paost-42 Painfbat"
"EKAISMXNIN";"56 pśb"
"EKCNDTTDHP";"3-48. Sicherungs"
"EKDXAQOOTN";"3-2-56y GvTP"
"EKEJVSZPKW";"3-1-172-y GvMSP"
"EKGSXHBVFF";"1-1-40-y TP"
"EKHGVVWHVE";"E-2-77th Field Art."
"EKNHFVPOAU";"4-2-MSR7"
"EKOCHPAWKJ";"3-1ste Jagers te Paard"
"EKOSIIFTLR";"3-10. Aufklärer Bat."
"EKPZNHJWRQ";"X-6-29th Field Art."
"EKSVQYBHWG";"2-901y DShB"
"EKTDGRRFDK";"1-4-51. msp"
"ELBVKPTGGF";"2-Tk-120y GvMSP"
"ELBVLBQMJY";"Teile-2-PiR3"
"ELEKEOFYEP";"CEA-4e Etranger"
"ELFLUZIAQM";"3-740. Pionier"
"ELGOACTQYV";"SK-243. Panzer"
"ELHBYFXAVB";"III. JS/JBG-37"
"ELJNYOOZZB";"2-220. Pionier"
"ELKRLZGASF";"2-10y Razv."
"ELNBQLNUMA";"3-1. Aufklärer Bat."
"ELNHVLLOLD";"2-3-7. tp"
"ELOGRTGOOZ";"Esc. de Chasse 2/2 Côtes d'Or"
"ELPOWBEVTU";"3-17e Art. à Cheval"
"ELQGNELWGS";"11-4-914y Art."
"ELQWXEKOBS";"2-1-57. msp"
"ELVHKQBTAU";"SB-225. Artillerie"
"ELWCRKWCEO";"7-3-174-y GvMSP"
"ELWLDJVZUF";"2-2-18. tp"
"ELXOOVTNZV";"1-2-71. kdbr"
"ELYMPUWXBQ";"1-258y PT"
"EMAHXTNWPY";"9-3-145y oTP"
"EMNJODHTUV";"5-234. GebJäger"
"EMOAJYSDSI";"1-5-8 Bah"
"EMQBRMTEAH";"1-TkBat-40y GvMSP"
"EMVZUFMDGA";"B-1-RCHA"
"EMYQIAPKCT";"3-1-174-y GvMSP"
"EMZVEAKCXW";"7-3-243-y GvMSP"
"ENDASVRYFQ";"Paost-41 Painfbat"
"ENFGKSNDPF";"3-2-153y GvTP"
"ENLRCSNUTS";"C-Las Navas"
"ENLTYOGFCQ";"2-MSB-153GvTB"
"ENNYYTORMD";"1-355. Artillerie"
"ENPPKYOXPC";"3-5 dplot"
"ENVNWVNDYY";"6-2-126y Gv. Art."
"ENWQEYNMJG";"3-302. Pz.Gren."
"ENWVNMLKOF";"5-2-914y Art."
"EOAENMBBHD";"2 kochr"
"EODNFQQBVJ";"Staf-52 Tkbat"
"EOFIQQIHAW";"3-1-286y GvMSP"
"EOGEHSPUZF";"2-113-y Razv. Bat."
"EOGWFAKQGW";"Wpn-2-R22R"
"EOLBYPBBBV";"7-3-PR4"
"EOPCVAMDMH";"1-1-77y GvTP"
"EOPYFUPWHX";"2-2-1. dp"
"EOSMESGFZO";"HQ-29 Engineer Brigade"
"EOWCYHOHPL";"1-17e RGP"
"EPCISXQZLH";"I. JS/JBG-37"
"EPDBPCSSUF";"1-22. Pz.Gren."
"EPEEZUNOEH";"1-308-ya Art. Brigada"
"EPEGONLXUM";"6-34 kczp"
"EPGYRXABXM";"2-1-22 pa"
"EPJRKJMBFH";"1-4-33 pz"
"EPKOFVZECN";"C-2nd Field Art."
"EPNPZBGLRD";"6-2-585y Art."
"EPOMJKMVDE";"3-42. Pz.Gren."
"EPPFQOHJRE";"SK-742. Feldjäger"
"EPSTWUIUFT";"12-4-AR9"
"EPUPPVJJNJ";"1-1-33y MSP"
"EPVWCGWHAJ";"1-TkBat-245y GvMSP"
"EPWQIKLVJX";"3-PzB-MSR14"
"EPXAQGCEFY";"C-QOY"
"EPZAOWTYVR";"3-1-249-y GvMSP"
"EQDWIINJPY";"12-4-128-y Art."
"EQKLTNTHWQ";"1 kochr"
"EQKZOHJFAH";"Staf-1 Divisie"
"EQLMPKGQZQ";"2-1-308-y Art. Brig."
"EQMCKNNBCM";"Velitelství 1-1. dp"
"EQMRXBSFYE";"2-312. Pz.Gren."
"EQOAMMVCOV";"7-3-302-y GvMSP"
"EQQZOSZVPD";"6-2-29y GvTP"
"EQSJTPQTOG";"3-4-13 pz"
"ERAEOQLFIB";"1-TkBat-68-y GvMSP"
"ERBCJABJOV";"8-3-204y GvMSP"
"ERBZWOKOAY";"2-4-32 pz"
"ERDYHMIJUY";"SK-3-AR19"
"ERFQCDSTWQ";"B-1-37th Armored"
"ERHQKAYMQL";"5-2-239y GvTP"
"ERILWNZCOF";"1-351. Jäger"
"ERIYROUDWQ";"5-10. Aufklärer Bat."
"ERKDOCZJCL";"4-2-278y GvMSP"
"ERMSLZAACX";"C-42 Tkbat"
"ERPPHWQSIL";"4-2-MSR9"
"ERPTKGNJBL";"D-1-36th Armored"
"ERQCXHKUNP";"6-2-MSR16"
"ERQVZHTSQH";"V-6-1st Field Art."
"ERRMFHWUNQ";"3-3-48y GvTP"
"ERSGRUZLWL";"HQ-6-29th Field Art."
"ERTKYNHLNY";"4-10. Aufklärer Bat."
"ERZVXAZJDQ";"3-20y TkB"
"ESBBYAYTWG";"Reco-1er Lanciers"
"ESDEQNAYHB";"4-340. FlaRgt."
"ESEGYULSJY";"1-1-79. msp"
"ESNBOIDIOM";"1-1-120-y GVMSP"
"ESOBRNRFWQ";"1-(TerrA)"
"ESOWYLGSWT";"II. JS/JG-2"
"ESSGLFJXRY";"2-3de Linie"
"ESVIHFIPWO";"B-10th Engineers"
"ESYMQYBLMG";"2-1-MSR15"
"ESYUSMRETJ";"DB-3-28 pz"
"ETALWICVWT";"DB-3-68 pcz"
"ETCCQHMIEU";"2-1-8 pcz"
"ETMAUCVIQI";"C-1-68th Armored"
"ETPRCDEGJY";"2-16e Chasseurs"
"ETPZTGHZFI";"7-3-PR20"
"ETTGJZJBIJ";"2-FJB40"
"ETUBJOZCWK";"3-742. Feldjäger"
"ETYTOLAUGW";"9-3-MSR15"
"EUCFTELDAL";"B-26th Field Rgt. RE"
"EUFPMIMNDK";"1-1-56y GvTP"
"EUGDLSUTTG";"2-23-y Otd. Tank Bat."
"EUHQWXMWAA";"3-37. Jäger"
"EUJLSYLAJH";"1-3-28 pz"
"EULCSLIPWY";"1-141. Panzer"
"EUNCTUFEFC";"3-1-48y GvTP"
"EUSJDUZCUV";"SK-1-PR23"
"EUUCIBDTAH";"1-8e RPIMa"
"EUUVUEKHKV";"2-155. Artillerie"
"EUWECTKLEG";"3-PJA20"
"EUZXMVBOJU";"2-1-1054y Art."
"EVARLPYIVB";"8-3-40y TP"
"EVDBDHSKUF";"2-1-24 Bm"
"EVDGOFDIWQ";"3-1-MSR22"
"EVDYOCPTYR";"Kom.-Tauragskiy Bat."
"EVFNGYODHY";"1-TkBat-286y GvMSP"
"EVFSEUCWEI";"SK-VKK 321"
"EVGGOCOXUD";"E-2-30th Mechanized"
"EVGLAIEVCE";"6-2-33y MSP"
"EVHZLDMGTP";"2-323. Pz.Gren."
"EVKJFMMPTK";"4-2-37 pa"
"EVNUSONWEK";"4-2-PR19"
"EVPWDTTOTU";"B-I,/Grenadier Guards"
"EVSOLDZDSA";"SK-533. Panzer"
"EVUHYAWZHE";"8-3-4 pa"
"EVWXWSHVMT";"O-4-67th Armored"
"EVYFILLFTS";"6-2-MSR13"
"EWDPNFYQNE";"G-2-81st Armored"
"EWDZYVKFVO";"1-523. Panzer"
"EWHCPECKLD";"4-241. Panzer"
"EWHXPELHIM";"1./StuPiB-21"
"EWIYGGEHQH";"SB-365. Artillerie"
"EWIYMDHYII";"2-PJA8"
"EWLVRCGQDK";"1-3-6. msp"
"EWNXGWYYDS";"B-1-36th Armored"
"EWNZRZQPVG";"Feldersatz-Kie 3"
"EWQNYNLRIE";"1-4-55 pz"
"EWSBRYCFQE";"2-10 Para"
"EWUDYMUNJK";"3-4-8 Bah"
"EWVCSAZLVC";"HQ-1ste Jagers te Paard"
"EWWYSNMZWR";"SK-1-PR15"
"EXAQGVEBAO";"2-GeWa1"
"EXCYNNQWBK";"7-3-168y GvMSP"
"EXHKFCWDDE";"B-42 Tkbat"
"EXJVAWMCBN";"Velitelství 2-217. PTp"
"EXMATXGYRH";"3-1ste Karabiniers"
"EXMJSTUXMM";"3-631. Jäger"
"EXNFSXTTLT";"4-2-9 pa"
"EXNFZHILCY";"6-200. FlaRgt."
"EXOFJYHPQY";"2-21 dar"
"EXPCFAIOUW";"Ajax-2RTR"
"EXPOZVZPNH";"SB-11. Artillerie"
"EXQWTPXDNK";"B-BHELA I"
"EXUZBTEHVK";"1-1-360y TP"
"EXVQYSDMOF";"Velitelství 1. plp"
"EXXNRKHLDN";"O-4-5th Field Art."
"EXXVPUDPGA";"2-2-61y GvTP"
"EXZWJKDQZS";"4-2-AR3"
"EYBCEZUKRF";"SK-283. Panzer"
"EYFYORFZII";"2-MSB-61GvTB"
"EYHAKZSXLU";"1-1-74. RMbr"
"EYLQOPVXYU";"1-3-21. tp"
"EYPEIYVTZJ";"5-25 pcz"
"EYRADPPTWU";"1-5e Cuirassiers"
"EYSKRTTMUC";"1-507e RCC"
"EYSRITCCPU";"DD-2 DZ"
"EYTKQPMTWT";"E-2-6th Mechanized"
"EYXLHIENDZ";"4141-VKK 413"
"EYXYYRJJRM";"2-56. Jäger"
"EYYXEAGFIT";"2-244. Panzer"
"EZAAFXBOQN";"D-1-66th Armored"
"EZAEXSCSVU";"8 bateria"
"EZCCJWIRXC";"1-1-8. msp"
"EZCEBOQYHE";"G-2-82nd Field Art."
"EZDZUQVQLQ";"Staf-125 Afdltlua"
"EZHVKWCLLP";"1-JBG 34"
"EZJPFESHKV";"6e co. de Police Militaire"
"EZJYPCWWZX";"9-3-126y Gv. Art."
"EZLIRJBMFR";"2 infbevcie"
"EZNHGMYMLC";"3-1-37 pz"
"EZTNWQOMPX";"Support-I,/RRF"
"EZWHFPQSUD";"D-54 Afdva"
"EZWRSILVOV";"III,/911-y APIB"
"EZYQODHWNI";"5-81. Geb.Artillerie"
"EZYRSJANIP";"2-76 pcz"
"FAAEZIJBTS";"1-56. Jäger"
"FABYCBNAWN";"1-PB-MSR35"
"FAFTVJUKWV";"Kom.-2-119-y Otd. Tank. Polk"
"FAGPLIFRSO";"SK-1-AR10"
"FAJAWUPGGV";"HQ-3-64th Armored"
"FAJOMKQASF";"HQ-3rd Field Art."
"FAKFNTXTMI";"DB-1-73 pcz"
"FAPEOKRWUL";"E-2-11th ACR"
"FAPKKCBOMS";"2-41. Panzer"
"FASSOUBFTT";"1-345. Artillerie"
"FATBVSNZVM";"4-124 dplot"
"FAVAWREJKS";"1-4321. Sicherungs"
"FAVMQDZUWX";"B-75th Ranger Bat."
"FAWWYYEMML";"2-FRR8"
"FAYJPKPOWY";"2-314. Panzer"
"FBFCMOPLGY";"3-TkBat-68-y GvMSP"
"FBFFPHZVDA";"2-20e RA"
"FBFHIWOKGX";"HQ-3RTR"
"FBJVHLBQYZ";"1 Field Sq. RE"
"FBKJFYKQBA";"9-3-MSR16"
"FBLGVVYIXJ";"1-1-211y Gv. Art."
"FBMNLBPSPR";"3-3-8. dp"
"FBOGVQRXTD";"3-240y Okhrany"
"FBQTZAVKRK";"2-1-23 pcz"
"FBTKIMZNNN";"SK-525. Artillerie"
"FBUDFOWBRL";"3-1-9. msp"
"FBYDLKWFMD";"1-1-AR8"
"FBZHWQJCSY";"HQ-1-11th ACR"
"FCASIRGRPL";"HQ-VI,/RRF"
"FCEVFPOBBD";"5-223. Pz.Gren."
"FCHSOZRTWT";"3-22. vp"
"FCNCTZDYYK";"1-896y Zen. Art."
"FCOAOEXLFU";"6-2-60y MSP"
"FCQESJDCPP";"Corps Avia. Group"
"FCQHWVHRYL";"3-78. Sicherungs"
"FCRUURDNYO";"3-5e Cuirassiers"
"FCSSAEUSXP";"2-240y Okhrany"
"FCSUCFLXGF";"2222-VKK 222"
"FCTNKLYAQR";"EM-6e Dragons"
"FCULMMOBWQ";"9-3-MSR35"
"FCVUGTIDFB";"N-4-159th Helo."
"FCVWDGKNQT";"4-2-239y MSP"
"FCXQUZBVZS";"C-I./Queen's Dragoon Gds."
"FCYPQAQQSD";"8-3-47y GvTP"
"FDCUUSJBRU";"B-I,/Scots Gds."
"FDGVCRDTTS";"1-942. Jäger"
"FDKCIRBGNF";"SK-VKK 221"
"FDMBBWYXPB";"2-TkBat-265y GvMSP"
"FDMHQGTNZI";"A-8ste Smaldeel"
"FDQWJXEVYS";"DD-1-39 pa"
"FDRXCWXBWD";"EM-61e Artillerie"
"FDRYROIGPD";"8-3-9 pa"
"FDVFJHETBM";"4-2-PR14"
"FDZJUTSAUG";"3-213. Panzer"
"FEAXZCVSWC";"HQ-72th Field Art. Brigade"
"FEBSSRTWYE";"SK-343. Panzer"
"FECFILCXMP";"1-227-y MVD"
"FEDXWXJGMY";"2-4. plrp"
"FEFPRFVLNB";"SK-36. FlaRak"
"FEIOPYBSWQ";"3-801-VKK 344"
"FEJVZVWXUF";"K-3-44th ADA"
"FELXRHZGMN";"SK-3-AR17"
"FEMUVYULIG";"DB-2-3 pcz"
"FEPZLJEZRK";"5-23-y Otd. Tank Bat."
"FEVHTNRWMY";"8-3-138y oTP"
"FEVXKMRJTH";"EM-FAR"
"FEYMPUXVNO";"3-51. Pz.Gren."
"FFBTIAASWR";"1-140. FlaRgt."
"FFFEYSJRQU";"3-1-23 pcz"
"FFIBZNPGPG";"HQ-5-18th Mechanized"
"FFIDACNBPM";"HQ-6de Artillerie"
"FFIMNAHPUJ";"Velitelství 1-63. msp"
"FFJHAUBCMQ";"7-3-278y GvMSP"
"FFLGOKPVMI";"2-FR19"
"FFOIFNGPTB";"3-1-14. tp"
"FFOXQDMSPK";"Kom.-3-23-y Tank. Polk"
"FFPWCXWZSJ";"3-82 plrbr"
"FFUIAFGPRN";"A-494th TFS"
"FFYAULVUDE";"3-864-VKK 461"
"FGAHZVCKDI";"D-54th Engineers"
"FGGPOJWTIZ";"3-440y Art."
"FGIXFUUFQC";"2-1-30y GvTP"
"FGJIPONQAM";"2411-VKK 241"
"FGNBAUOYWX";"2-25. Artillerie"
"FGPDKDKDRM";"4-900y DShBat."
"FGPWRLQVRB";"1-1-22 pa"
"FGRKETFIGE";"9-3-199y Art."
"FGTQOYVNZR";"Velitelství 4-75. thdbr"
"FGTQYBRACS";"2-2-50 pz"
"FGXHOPAQCT";"2-31. Artillerie"
"FGYFLWIOSD";"2-1er Dragons"
"FGZGGREJGN";"A-154 Afdva"
"FHBNSHWHMF";"4-2-AR9"
"FHHRKOCEZA";"8-3-PR4"
"FHIATGVZEM";"SK-VKK 243"
"FHKBOUBFPF";"2-1st Attack Helo."
"FHKFRWSRZH";"2-1-41y MSP"
"FHKFTFHPLX";"311-y (Helo) Sq."
"FHMNXFHXBA";"3-295. Artillerie"
"FHMOMMJVMA";"B-115 Afdltlua"
"FHNPWCZLZS";"1-18. Sicherungs"
"FHNQKSZIHS";"SK-364. Panzer"
"FHOPNMDIBU";"3-3-57. msp"
"FHORUHMBVR";"B-102 Infbat"
"FHPFKLNGGB";"3-2-7 Bah"
"FHPPFTSODI";"104 Maresk"
"FHRQXQMDIR";"3-3-62y GvTP"
"FHSBCOVBIR";"1-26. Jäger"
"FHSTSXFHAN";"DD-3-7 Bah"
"FHUIPCJMYA";"1-TkBat-248y GvMSP"
"FHVSBWORMF";"SK-PiBr5"
"FIAAXLKRNF";"2-4-12. msp"
"FIARIOTNFP";"7-3-77y GvTP"
"FICMSISNLR";"1-33. Panzer"
"FIDSGAHHOY";"C-55th TFS"
"FIKRCXOFKX";"8th MP Coy."
"FINFXNZXOA";"1-2-3. msp"
"FIOUNSYCRZ";"3-643. Panzer"
"FIVZRYNGWY";"3-543. Panzer"
"FIWKTPDRYS";"1-2. ppr"
"FIWQPUMRVS";"2-PJA11"
"FIXCLZXCRA";"Paost-17 Painfbat"
"FIYAXFQGUE";"C-45 Painfbat"
"FJGLJDKLQM";"1-818-VKK 342"
"FJHQJEJRSJ";"3-MSB-PR21"
"FJINKHQXLE";"3-3-353y GvTP"
"FJKHTTPZOM";"3-3-27 pcz"
"FJKQCJFINK";"C-58 Tkbat"
"FJNFYGETIN";"5-2-308-y Art. Brig."
"FJQAMLZZOF";"11-4-585y Art."
"FJQSYEPNUC";"1-1-283y GvMSP"
"FJRSGILVAP";"SK-11. Pz.Gren."
"FJRUFOHNUY";"3115-VKK 411"
"FJRZKZZQAW";"SK-1-MSR35"
"FJSZPPXJZI";"2-526-y Otd. Zen. Rak. Bat."
"FJTNRJECDF";"HQ-54th Engineers"
"FJYGUSSCMW";"1-1-MSR9"
"FJYNAGXEUS";"9-3-243-y GvMSP"
"FJYOVUQDYA";"3-1-26y TP"
"FKAQMZHYAT";"HQ-I,/Grenadier Guards"
"FKIUYBLRIP";"HQ-1RTR"
"FKJRKCKLML";"1-5-332. kdbr"
"FKNLLYXBFV";"2-2-11 pz"
"FKNLUSTIBJ";"2-1-244y GvTP"
"FKPEFBNOUT";"6-2-1047y Art."
"FKRKXRALFK";"HQ-100 Field Rgt. RA"
"FKRNOFNCMA";"3-35 kdes"
"FKSANVPRUN";"1-533. Panzer"
"FKTBCDVGTF";"SB-71. Artillerie"
"FLAQYSNUII";"2CC-11e Génie"
"FLCPBVQEYT";"B-314 Sq."
"FLDCKFKPCX";"C-17 Painfbat"
"FLFIQXGTWA";"1-2e REP"
"FLFWYZHHCJ";"3-1-120y GVMSP"
"FLGDYIPFXY";"2-42. FlaRak"
"FLJGAKEHXU";"3-901-y Otd. Zen. Rak. Bat."
"FLKBJBMJCI";"7-3-MSR13"
"FLKKTLCIUF";"HQ-1-13th Armored"
"FLLPZKUNSL";"SB-355. Artillerie"
"FLLXGTJLTA";"1-915-y Otd. Zen. Rak. Bat."
"FLNFDGJKYF";"2CCM-19e Génie"
"FLNUUVJCKM";"2-2-322. kdbr"
"FLNZUHXFQC";"2-1-248y GvMSP"
"FLPRYWMGWV";"C-31ste Smaldeel"
"FLVQIGSMDO";"U-1-151st Helo."
"FLWBLDKTLH";"3-12. Rak.Art."
"FLWVFMZYHP";"SK-12. Aufklärer Bat."
"FLYSAOMLMT";"HQ-4-12th Field Art."
"FMEGQNJJOZ";"2-2-48y GvTP"
"FMFERKQUJK";"1-3e RCP"
"FMFJWYFVMS";"D-16th Engineers"
"FMGFNLXKWJ";"B-81th TFW"
"FMGIHZCPZD";"3142-VKK 314"
"FMGOXDRNOF";"5-2-244y GvTP"
"FMJZNFKLSB";"1-TkBat-295y GvMSP"
"FMLWHJADVR";"4-2-47y GvTP"
"FMODSVZYRJ";"23-100 Field Rgt. RA."
"FMPFRCIHFI";"K-3-3rd Field Art."
"FMPKREFCHA";"7-3-Art. Rgt. 7"
"FMQWMJYTAP";"2-1-MSR14"
"FMSSFOWGQY";"DB-1-50 pz"
"FMUOVWTMGE";"HQ-3-34th Armored"
"FMYEEJPOCU";"11-3-119-y Otd. Tank. Polk"
"FMZRKGFSDY";"HQ-3de Karabiniers"
"FNAKMYZOLI";"Velitelství 2-322. kdbr"
"FNCWLCSLHN";"C-94th Engineers"
"FNDKZRTWXV";"1-2-51 pz"
"FNFWKPHKBT";"2-TkBat-168y GvMSP"
"FNILUZMMSX";"B-102 Verkbat"
"FNJEFTXFKT";"C-115 Afdltlua"
"FNMJQKSBWJ";"3-FHT"
"FNMLBYKQIA";"2-(TerrB)"
"FNMWCEGTEA";"2-2-5. msp"
"FNPOAVYWPO";"16 Field Sq. RE"
"FNSHINGEVW";"3-817-VKK 314"
"FNUQKIBRJJ";"1-3-38. dp"
"FNVUYQLTEM";"3-3-51 pz"
"FNXURQPFBC";"1-2 br"
"FOAAVDSGSO";"SB-565. Pz.Pz.Artillerie"
"FOBMRXSGZU";"1-4453. Sicherungs"
"FOETMHUSVH";"2-152e Infanterie"
"FOHPZUTKQF";"4-2-6 pz"
"FOIZCUKNIK";"2-9e RCP"
"FOJHQRPQGD";"7-3-170y GvMRD"
"FOJYRBPSVS";"1-632. Jäger"
"FONKNGNKQT";"8-3-70y GvTP"
"FONXILTSNT";"1-1-MSR16"
"FOPKOEDYSG";"3-534. Panzer"
"FOUHMMAQCE";"1-344. Panzer"
"FOWQJGOJKG";"CEA-8e RPIMa"
"FPCQLWSAAI";"1-MSB-26y TP"
"FPDNTXSWFN";"K-3-63rd Armored"
"FPJQAAIDFM";"Y-6-52nd ADA"
"FPJXNJDAYA";"HQ-17th/21st Lancers"
"FPKQZTSICJ";"4-286-y Otd. Zen. Rak. Bat."
"FPLHYXBMDJ";"3-480y PT"
"FPNEUWVEAR";"1-1-400y MSP"
"FPQAAZBYWK";"Velitelství 2-11. msp"
"FPXXBXZQSS";"H-2-136th Mech. Inf."
"FQBFIOHLVC";"2-3-12 pz"
"FQFCKSXIOY";"HQ-82nd AB Div."
"FQFZMTEJGP";"HQ-12th Engineers"
"FQHDDQFTWM";"EM-1er Cuirassiers"
"FQINAONCLZ";"A-54th Engineers"
"FQJKXNMDCI";"R-5-17th Field Art."
"FQKFTLOGAQ";"1-3-361. PT oddiel"
"FQLTKLBNJL";"II. JS/JG-7"
"FQOPOXCZBM";"SK-234. GebJäger"
"FQSMYKBJHF";"2-4-75. thdbr"
"FQWFGSAQLE";"1-5de Linie"
"FQXCSTYYYJ";"1-PzB-MSR41"
"FQYBHLKMHN";"2-4-10. msp"
"FQZCFGPIZV";"2-106. Jäger"
"FQZVHWFQRV";"D-4 Para"
"FRAFXOPYGQ";"2-TkBat-280y GvMSP"
"FRAVFDMLVL";"3-81. Geb.Artillerie"
"FRDFEJVYOD";"A-44 Painfbat"
"FREAOVDYXM";"1-843. Jäger"
"FRHYISJITU";"E-2-2nd ACR"
"FRJAUECFJK";"SK-1. Gebirgs."
"FRPJGXLKFZ";"2-3-68 pcz"
"FRSNSWAHMK";"EM-24e Artillerie"
"FRTJXDIIVD";"2-358-y Gv. Zen. Rak. Bat."
"FRWCBOXWUT";"ATGW-9th/12th Royal Lancers"
"FRYGOSMYEQ";"SK-1-PR10"
"FSANFUPGYQ";"D-1-69th Armored"
"FSASRYHIYH";"Q-4-2nd ACR"
"FSJTCHXDXX";"2543-VKK 254"
"FSJVOYPJRM";"1-1-17. tp"
"FSKVXXIXJX";"HQ-21 Field Eng."
"FSLDIXSYWY";"3-83. Panzer"
"FSMDOEZFYN";"9-3-65y GvTP"
"FSMOWNBAHY";"B-1-15th Mechanized"
"FSNLNBECUC";"2-3-49. dp"
"FSOLUIAENM";"1-1-29 pcz"
"FSONCPRKCP";"B-14/20 King's Hussars"
"FSQYSULWJQ";"3-2-63y GvTP"
"FSRKTHTXVQ";"3-2-13 pz"
"FSWQLLJUBT";"1-15. Artillerie"
"FSXCOGXWXD";"1CC-10e Génie"
"FSYNHTNAWC";"1-MSB-77y GvTP"
"FSZTTFJOSZ";"2-3-10. msp"
"FTCCRTLWGS";"9-3-286y GvMSP"
"FTDKQNDMNM";"2-343. Panzer"
"FTGKGXGDZP";"F-2-2nd ACR"
"FTJAFYQFNT";"3-333. Panzer"
"FTSWKNYDEQ";"4-451y PT Bat."
"FTTOTYFQMR";"2-1-67. msp"
"FTXCCQKNJG";"1-2-55 pz"
"FTZGFOHUID";"D-I,/Staffordshire"
"FUBEMRAYFT";"HQ-3-227th Helo."
"FUCKZNOOWP";"4-2-Art. Rgt. 7"
"FUCZFCUBUW";"9-3-23-y TP"
"FUDWBXHUKS";"2-1-62y GvTP"
"FUEAANWJFK";"3-1-74. msp"
"FUETZEZHJE";"1-4-59 pz"
"FUFQAYXPGV";"SK-VKK 441"
"FUGHWLBKFA";"12e Gpe. d'Hélico. Légers"
"FUGZLUXFLM";"5-2-1047y Art."
"FUHASEOXYE";"4-2-211y Gv. Art."
"FUJMUDBIAV";"7-3-68-y GvMSP"
"FULKMFKXBI";"C-I,/Grenadier Guards"
"FUOQIXVWJT";"4-251. plrp"
"FUPSPZDXHN";"HQ-2-70th Armored"
"FUPUTYQRHB";"2-120. Pionier"
"FUQEODTWHC";"1-4-25 pz"
"FUQNTMWKRL";"3-116. Jäger"
"FUSWMFWMQK";"C-496th TFS"
"FUSZDLNLFE";"1-1er Chasseurs Ardennais"
"FUTCPZCBKT";"2-FJB 252"
"FUUFOPLGIT";"1-3-362. dp"
"FUUIWLCMIK";"DD-3-24 Bm"
"FUVCZSHWLA";"A-134 Afdva"
"FUVLHDJWVH";"5-1075-y Otd. Zen. Rak. Bat."
"FUVNOPDDLY";"1-3-50 pz"
"FUXEBEFZNU";"R-4-77th Field Art."
"FUYFKLXTGW";"1-TkBat-60y MSP"
"FUZXAXTBTP";"8-3-172-y GvMSP"
"FVBBCWBULI";"C-16th/5th QRL"
"FVCVEUIVLU";"III,/773-y IAP"
"FVEINXUJYU";"2-1-PR17"
"FVEZXKUNKZ";"I-20FightBombRgt"
"FVICJRFFMY";"C-1-41st Infantry"
"FVJXHRBJOY";"P-4-229th Helo."
"FVNQHHVVIZ";"Kom.-4-34-ya Art. Brig."
"FVRPEMFKFP";"1-1-20. tp"
"FVRQZRECWZ";"B-9th Engineers"
"FVUBPMUCBU";"SK-16. Jäger"
"FVXACNEKUX";"HQ-1-44th ADA"
"FVXKVJQGJO";"5-2-GeWR5"
"FVZSUPTMOT";"2e Det./12e RBC"
"FWAQBWVAKV";"A-3-RCHA"
"FWAVVMALXE";"2-1-5 Baa"
"FWBVSEIARZ";"2-1079y Zen. Art."
"FWDSIPHTYP";"1-15. ppr"
"FWJAPEADZA";"5-2-166y GvMSP"
"FWMJCAPUXS";"1-853-VKK 422"
"FWNNESSCGH";"2-311. Panzer"
"FWOKHJTYBR";"O-4-29th Field Art."
"FWUCVCETOB";"SK-201. Panzer"
"FXFHIJUVNZ";"SK-54. Panzer"
"FXGCWYGRWR";"B-510th TFS"
"FXIILOMXOX";"3-8. Geb.Panzer"
"FXJWIVTGAK";"8-3-Art. Rgt. 7"
"FXLEBNIXXY";"2-203. Panzer"
"FXLUMEPGVN";"pc-84 pz"
"FXOYEFPIMF";"3-1-245y GvMSP"
"FXQBPYUJIF";"1-3-6 Baa"
"FXRRDTDWWW";"Kom-.1-68-y Gv. MSP"
"FXUKUWDPKQ";"2-MSB-29y GvTP"
"FXVQCPGQFI";"8-3-164y GvMSP"
"FYBBYWPPXM";"H-2-77th Field Art."
"FYBHGLSICJ";"2-1-PR16"
"FYBUJLXJBE";"D-42 Tkbat"
"FYCFETIWPI";"2-1-283y GvMSP"
"FYFTFWNIOP";"B-3-PPCLI"
"FYILHECPSM";"6-2-265y GvMSP"
"FYLHJGHVNE";"Velitelství 15. ppr"
"FYLWIETGVI";"SK-4431. Sicherungs"
"FYMPWHXHHW";"1-531. Jäger"
"FYNFZAYNNZ";"EM-3e Hussards"
"FYNXBDAJCD";"3-3-153y GvTP"
"FYPUMKPXRO";"1-51. Pz.Gren."
"FYQGIMXAVL";"1-263. Fallschirm."
"FYRQKOKIUI";"5-2-322y MSP"
"FYRWJXFHYA";"2-87. Geb.Jäger"
"FYXCZHHMCG";"3-4-71. kdbr"
"FYZHUIBCUN";"HQ-Alcantara"
"FZDUZYHXOC";"4-901y DShB"
"FZEOAVGLVK";"1-12. plrp"
"FZIYYTNAYI";"A-41 Painfbat"
"FZJCCHENLV";"A-1ste Smaldeel"
"FZLMOBYUQX";"Velitelství 2-74. msp"
"FZVPVNJPBB";"K-4-27th Field Art."
"FZWLHWCIXH";"4-2-211-y GvTP"
"FZWPQLWBFR";"2-2-64. tp"
"GAEDOIDGDT";"Kom-.1-44-y Gv. Tank. Polk"
"GAJQDNEDSP";"3-81. Panzer"
"GAJVPDWRKH";"SB-111. Artillerie"
"GALPHHLPPI";"A-525th TFS"
"GALPNYGDWG";"4-2-30y GvTP"
"GANNBUIPYE";"Staf-41 Painfbat"
"GAPYOGOOAM";"114 Provost Coy. RMP"
"GAQKILMXPG";"1-34 kdes"
"GASINLPTDE";"1-813-VKK 352"
"GASXCQQJKF";"4-126e Infanterie"
"GATQXDGHXM";"1-10-y Razv."
"GATSMPKIEX";"1-7br"
"GAVKLWPWIR";"Pionier-Kie 60"
"GAVMVZIMRV";"3-FJB 253"
"GAVYSVDEEQ";"HQ-3-504th PIR"
"GBCKNBHIHL";"SK-FR10"
"GBDSKXCEPQ";"SK-732. Jäger"
"GBDWMNJFQU";"2-531. Jäger"
"GBGTEGBRXB";"HQ-20e Artillerie"
"GBGWAOYLUQ";"SB-230. FlaRgt."
"GBKMGXVMEU";"8-3-15-y GvTP"
"GBLANOEPKP";"B-493rd TFS"
"GBMZOUJYRL";"A-323 Sq."
"GBNRTJQUVR";"DB-25 br"
"GBOMUNWHAS";"1-3-64. tp"
"GBPLNVPGYI";"1-1-12 pz"
"GBUTMWXFUL";"3-7y Gv. Razv."
"GBVYXDFXPU";"7-3-MSR9"
"GBWYHKJGGX";"HQ-4-67th Armored"
"GBYIFOBOIS";"2-320. Pionier"
"GBYKJRRQSN";"5-2-295y GvMSP"
"GCBTUWCPWR";"Velitelství a štáb 14. TD"
"GCKFJNMBTF";"A-1 Para"
"GCLAIUOKCM";"B-26th Field Art."
"GCMJWRCRGD";"204th MP Coy."
"GCMPFAFZTQ";"Velitelství 19. ppr"
"GCNMTCUMYR";"B-1-69th Armored"
"GCREBAHTTR";"8-3-44-y TP"
"GCYFJRRGOE";"2-2-5 pz"
"GCYWTTXSDK";"1-1-28 pz"
"GDAMSTVAFZ";"3-15 Para"
"GDARQQHAMX";"4521-VKK 452"
"GDCINHPRZX";"2-1ste Jagers te Paard"
"GDDGTZAFRF";"Velitelství 3-15. tp"
"GDEBTTBLZY";"3-1-AR7"
"GDEVHLDZZF";"4-2-AR8"
"GDJCETJNLG";"HQ-45 Field Rgt. RA"
"GDKSSQRJLR";"1-3-103. tp"
"GDNQARQKGA";"1-1-332y GvTP"
"GDOQEEALJI";"2-232y Okhrany"
"GDPJZNGVVC";"2-4-5. msp"
"GDSEXEZHDU";"1-10 kdes"
"GDWZJYJYXF";"2-1-9 pa"
"GDYZGEPKUW";"F-1-4th Cavalry"
"GDZMUYEPTQ";"3-216-y Otd. Zen. Rak. Bat."
"GEALVZXALW";"1CC-1er Génie"
"GECHVSCNOI";"Q-4-68th Armored"
"GEEAFSTVIM";"2-170e Infanterie"
"GEGLLSVBXO";"3-21. Panzer"
"GEIGBPAGQK";"HQ-1-34th Armored"
"GEIZGWMJGQ";"DB-3-41 pz"
"GEJFWNCLMP";"R-4-41st Infantry"
"GEPMHKWOIS";"6-2-MSR29"
"GETFLZJCZX";"B-4 Field Rgt. RHA."
"GEVOPTKSUS";"3-110e Infanterie"
"GEXWQLRCLG";"7-3-MSR2"
"GFANNDZNOU";"2-38. FlaRak"
"GFDQOSFIYY";"SK-742. Pionier"
"GFFZOXDLVL";"SB-42. RakArt.-Bat."
"GFGFDNPZKI";"II,/368-y OShAP"
"GFJGZTWFHM";"1-47. Jäger"
"GFKENLOBEH";"3-3. Pionier"
"GFLTMWFVKH";"DB-1-29 pcz"
"GFMZBKRDIK";"2-3-24 pcz"
"GFQZPKDIBB";"Q-3-35th Field Art."
"GFSMBEOOJT";"8-3-400y MSP"
"GFXQVQKOOR";"B-1-3rd Aviation Rgt."
"GGAALOWSSK";"2-MSB-28-y GvTP"
"GGBMWFOQWA";"E-2-R22R"
"GGCONPILNC";"4-1-6 pz"
"GGEJYFLUEC";"3-3-8. msp"
"GGGSDSRTTS";"2-43. Pz.Gren."
"GGHNGQWQAK";"4-111. Panzer"
"GGHNHGBSVO";"SK-842. Jäger"
"GGJBHOVCWI";"2-1069y Zen. Art."
"GGMRYKJXEN";"HQ-16th/5th QRL"
"GGMWGYERFN";"1-251. plrp"
"GGNIRWLVVU";"2-1-211-y GvTP"
"GGRMUSBGIY";"3-22. Pz.Gren."
"GGSCBCFADD";"1-1-5 pz"
"GGSKLXZTPZ";"2-(TerrD)"
"GGVYMWQPEQ";"2-3e Lanciers"
"GHBBYBTWDC";"3-75y Gv. Zen. Art."
"GHBDMTEDEZ";"4-2-172-y GvMSP"
"GHCQSGCCTG";"E-3rd Field Art."
"GHCWBFMBAW";"2-3-8 pcz"
"GHCWUJQWHQ";"SK-VKK 222"
"GHCXGZHBRR";"Wachkompanie"
"GHEWEEGRVP";"SK-541. Jäger"
"GHJSTTGAAY";"Mim.-2-35-ya GvDShB"
"GHJWQBEVGD";"A-91st TFS"
"GHPEXVMENR";"9-3-211y Gv. Art."
"GHPMTLDUUZ";"4535-VKK 453"
"GHUYXATXPF";"2-900y DShBat."
"GIEGEOVXLY";"3-1-AR4"
"GIFXRTXETM";"2-1-74. msp"
"GIIKVWAFHQ";"3-5th Field Art. Bat."
"GIINGYRXHV";"2001-VBK 20"
"GIIVIRCDBS";"3-402 RA"
"GIJNYMGTMZ";"O-4-7th Cavalry"
"GIKBEFNXCW";"C-I,/Staffordshire"
"GIMJNEFICN";"CEA-110e Infanterie"
"GIOOAVNNOA";"2-1-119-y Otd. Tank. Polk"
"GIRGVETTYM";"2-225-y (Helo)"
"GIRVGYEEUA";"3-2-26y TP"
"GIVSJHAQNJ";"6-2-286y GvMSP"
"GIYLVZWKRB";"C-22nd TFS"
"GJBZUKBQHW";"3-3de Linie"
"GJDASFLORT";"1-803-VKK 221"
"GJDRHDXMMT";"1-308-ya Art. Brigada"
"GJFMVNYEAR";"D-1-44th ADA"
"GJHKDICTWB";"3-MSB-100y TP"
"GJKGDJNHEX";"6-2-MSR43"
"GJKKUYEDVI";"SK-340. Pionier"
"GJLENGGSUH";"9-3-MSR43"
"GJPVVPBVDH";"5-2-Art. Rgt. 7"
"GJQYGARBMI";"A-118 Afdva"
"GJVVLWFCMY";"B-41 Tkbat"
"GJZIWZGHJD";"Feldersatz-Kie."
"GJZORXYQOQ";"1-13. ppr"
"GKCZRRXXVS";"Z-VI,/RRF"
"GKEGDXQPFX";"1-1-1-y GvTP"
"GKIGVETQDR";"2-7br"
"GKJILDUDYU";"I-3-R22R"
"GKNNYABWTY";"2-1-25 pz"
"GKSOLOFATB";"II-9FighterRgt"
"GKTOGJNFQN";"2-85 pz"
"GKUFFMHPLF";"3-193. Pz.Gren."
"GKYGPZAYBL";"Velitelství 2-332. kdbr"
"GKYRBEHSAC";"3-2-63. msp"
"GKZHWGVHRF";"SK-43. FlaRak"
"GKZLRKSZTM";"C-47 Painfbat"
"GKZSWZWYHG";"B-1-41st Infantry"
"GLAQYZQPZK";"2-30. HFR"
"GLGVRPVDKP";"7-3-PR16"
"GLJWSDUSGI";"2-227th Attack Helo."
"GLPHUQSINF";"DD-2-5 Baa"
"GLPXZZDLNR";"EM-3e Chasseurs"
"GLQHJRJOKL";"1-1-12. msp"
"GLTQOORZDX";"248th MP Coy."
"GLTUXAHPGW";"7-3-283y GvMSP"
"GLVWHKEEHV";"1-1-3 pcz"
"GLWIGNHSTB";"2-1-5. msp"
"GLYBVJXHZF";"3-4-8. msp"
"GLYQOZPXZP";"1-202. Pz.Gren."
"GLYWJEVNBU";"3-632. Jäger"
"GMATRINHWK";"2-42. Pz.Gren."
"GMCTQNCGNO";"1-PB-MSR30"
"GMCYINBSPP";"3-36. FlaRak"
"GMFYIJDPDA";"M-3-227th Helo."
"GMGOTTWVYC";"5-42. RakArt.-Bat."
"GMMKTSKDKM";"3-1-168y GvMSP"
"GMNUCXBLFC";"2-1er RCP"
"GMQVBDBASX";"Feldjäger-Kie 740"
"GMRONMLGTU";"4-2-100y TP"
"GMUEHPUKHV";"2-1-59 pz"
"GMWSBRALOD";"9-3-52y Gv. Art."
"GMYQEAWPGF";"EM-2e Cuirassiers"
"GMZMDPQMQR";"1-1-221y oTP"
"GNBBUUNDUG";"Teile/FRA-4325"
"GNCKFEJVQC";"16 Squadron"
"GNCTEIZGDX";"Gurkhas Coy. Sandhurst"
"GNDBJDGDDW";"Velitelství 2-8. msp"
"GNFJDMXIEN";"A-314 Sq."
"GNFNQCELTX";"2-FA15"
"GNIXQCBWRO";"2-1-15. tp"
"GNKIMZWDYH";"O-3-35th Field Art."
"GNPHBHTBWB";"3-1-332y GvTP"
"GNQASGYZTW";"PT-3-35-ya GvDShB"
"GNQPFSKWGY";"2-808-VKK 242"
"GNQWIABGWS";"C-2 Gurkhas"
"GNTTDWSHVO";"4224-VKK 422"
"GNUICVAUJG";"2-805-VKK 245"
"GNVDGBJGHT";"3-1-170y GvMRD"
"GNWMIYLYBW";"B-511th TFS"
"GNXNSEOVYD";"A-313 Sq."
"GNYNEAWGMM";"2-4-75 pz"
"GNZXEQSYLB";"7-3-PR15"
"GOAZHRPKSA";"2-901-y Otd. Zen. Rak. Bat."
"GODECZXWIR";"3-20. ppr"
"GOEPCNLMMV";"I,/773-y IAP"
"GOFVGNTHKE";"1-2e Cuirassiers"
"GOILWDNKPR";"SK-712. Jäger"
"GOKCPGQNXQ";"3-2-38. dp"
"GOPVZGQZNM";"2-130. FlaRgt."
"GOQHUTXNRC";"HQ-TRH"
"GORERPDZZT";"2-2-29 pcz"
"GOSRNLSKQF";"1-41. Panzer"
"GOTLJAOYMF";"D-1-1st Helo."
"GOTSXRJPCO";"8-3-360y TP"
"GOTZWZHORJ";"2-24e Chasseurs"
"GOUHAQWQVR";"HQ-1-1st Helo."
"GOVHZZPGLC";"4-42. Pz.Gren."
"GOWQYQXXEE";"3-2-11. msp"
"GOXEDTGCEX";"3-1-11. msp"
"GOXMAFJXQO";"DB-7br"
"GPCIFXQABK";"421TFS"
"GPDLZGTXHR";"Velitelství 1-60. tp"
"GPDTUEXAAD";"2-2-41 pz"
"GPENKHSPKD";"2541-VKK 254"
"GPEUPZRYNX";"DB-1-27 pcz"
"GPINPJIZZE";"Velitelství 1-104. msp"
"GPIXOKGKHD";"2-2-12 pz"
"GPJGECNERB";"C-1-PPCLI"
"GPKZAEWWMB";"3-1-41 pz"
"GPLBDQKMWM";"Velitelství 11. plrp"
"GPNXFOIORI";"2-1er RHP"
"GPOLZYEXOZ";"A-79th TFS"
"GPQUZXVAPV";"SB-12. Rak.Art."
"GPRHRXJSNA";"Q-4-7th Cavalry"
"GPVBSJBOXT";"131y Gv. Saperi Bat."
"GPWRETHNOD";"3-1de Karabiniers"
"GPYIMDTNFW";"3-58. Sicherungs"
"GPZBOMMMSR";"Mim.-1-35-ya GvDShB"
"GQAVJIXASZ";"U-5-6th Air Cav."
"GQCJZCRLIK";"21CA-13e Génie"
"GQEIBRWFLI";"A-305 Cotrbat"
"GQFDHILNSM";"17-6-34-ya Art. Brig."
"GQGGNACUQN";"O-4-77th Field Art."
"GQGYSODFJI";"3-4453. Sicherungs"
"GQIJYFVOOQ";"3-66y Gv. Zen. Art."
"GQIRFSQDYG";"3-741. Feldjäger"
"GQITTOXRTD";"B-317th Engineers"
"GQLTTVKHSM";"A-23ste Smaldeel"
"GQPYJWTVQR";"3-65. Artillerie"
"GQQFFIKMDM";"D-1-10th SFG"
"GQSSKQKAYO";"6-2-308-y Art. Brig."
"GQTTWWTGMN";"B-11 GACA"
"GQVXUHDKQH";"1-2-29 pcz"
"GQVYXASSLY";"2-1-385y Art."
"GQZPVRBORH";"2-322. Pz.Gren."
"GRAXEGOHNF";"3-321. Panzer"
"GRBDIZLZYX";"4-4e Etranger"
"GRFTXXTSYK";"1-52. Pz.Gren."
"GRGZSEGYWR";"2-1-211y Gv. Art."
"GRJONKBQCF";"1-1-6. dp"
"GRLDFTIRNZ";"C-4450th TFS"
"GRMDIYCKXJ";"1-1-47. dp"
"GROXDTDXNN";"SK-300. Sicherungs"
"GRRDCHPSVT";"HQ-1e Artillerie"
"GRRWQWPDRR";"Velitelství 1-79. msp"
"GRRWYLVDFF";"2-12. Pz.Gren."
"GRTJVBSZNK";"HQ-I,/ASH"
"GRUKZBXSHJ";"3-1-239y MSP"
"GRZEACMLKP";"Pionier-Kie 330"
"GSABTPGEEW";"3-PB-MSR30"
"GSAWEFKCNR";"7-3-PR19"
"GSCAVYKNFU";"15-3-119-y Otd. Tank. Polk"
"GSEVFUOWCN";"A-1-30th Mechanized"
"GSFYJIPFEU";"HQ-Avia. Brigade-3rd Inf. Div."
"GSHAPAWFIK";"HQ-4-27th Field Art."
"GSIRPZNEIT";"SB-205. Artillerie"
"GSLVLHESTM";"3-3-8. tp"
"GSNONCADMY";"6-2-AB40"
"GSPAXXCRJV";"1-1er RHC"
"GSPEVYQHRN";"2-6e Dragons"
"GSPTHLDVMK";"2-8de Lansiers"
"GSUOBDAMRU";"DB-1 Bsap"
"GSVXDOAYYT";"Velitelství 3-38. dp"
"GSYCEFSZGX";"3-3-61y GvTP"
"GSZHTYVXOP";"A-527th TFS"
"GTCDUSEJMS";"DD-45 dar"
"GTDMRXOPNG";"3-Dd-35 das"
"GTEYVHIPCQ";"DB-3-73 pcz"
"GTFZEOLZJI";"1-3-57. msp"
"GTHMVIBDRH";"7-3-MSR34"
"GTKWKUORNP";"A-47 Painfbat"
"GTNAJGXUOS";"1-2-100 pz"
"GTNEDKFWZG";"HQ-Avia. Brigade-82nd AB Div."
"GTNFUZQXRJ";"9-3-AR3"
"GTOKAKQNZI";"3-1069y Zen. Art."
"GTQSHJHSBF";"3-5-322. kdbr"
"GTUJKPGTIC";"SK-233. GebJäger"
"GTVKHEGGSF";"7-3-286y GvMSP"
"GTXEOOYWIN";"D-1-13th Armored"
"GUBLITUSKQ";"2-3-75. thdbr"
"GUEVPLRMOB";"DB-2-68 pcz"
"GUFNMELGHS";"3-828-VKK 334"
"GUHJEPSTQC";"1-4-13 pz"
"GUJDXWUVRD";"9-3-40y TP"
"GUJNBXUMSJ";"HQ-1RoyalScots"
"GUPSWBMXGV";"2-1-28 pz"
"GUPVLMFNUZ";"K-3-227th Helo."
"GUTLQJEXHP";"HQ-I,/RIR"
"GUWLALIIMT";"Q-4-12th Field Art."
"GUYIIPKJFY";"2-4de Linie"
"GUZOUULPCQ";"2-1-60. tp"
"GVAZIANTLO";"1-4de Linie"
"GVIAPWEOGN";"Staf-59 Tkbat"
"GVIHVSEDHO";"331CM-33e Génie"
"GVJVAPXOCG";"A-V,/Queen's Rgt."
"GVKKTCQJJL";"49-103 Field Rgt. RA."
"GVKRMGNYYC";"1-238y oVP"
"GVLGEMOCDP";"D-I,/Green Howards"
"GVOENPTCDM";"2-14 ksap"
"GVQABFBNUD";"3-3-55y GvTP"
"GVVLUKSVXB";"I-3-8th Mechanized"
"GVVOCIJBCV";"1-1-10 pz"
"GWBZZQGBBS";"SK-VKK 242"
"GWEFXZVLJU";"3-1-MSR3"
"GWIGFSWCUT";"3-281. Panzer"
"GWJVQBIUJM";"1-32. FlaRak"
"GWKKKPBFRS";"2-17. Jäger"
"GWLHUFZJJF";"2-1-39 pa"
"GWMDTZBKWH";"3-18 ksap"
"GWMGEOFZPG";"1-1-174-y GvMSP"
"GWNFKZALIM";"3-1-375y TP"
"GWQDBHGLUS";"1-1-13. tp"
"GWRPJXVQXB";"1-4-47. PT oddiel"
"GWUUXVBWMS";"Staf-102 Infbat"
"GWXCCLOHHK";"9-3-AR4"
"GWXXGJHFLG";"1-595-y Razv. Bat."
"GWYGIOMCFD";"Support-I,/ASH"
"GWYWLIFVLK";"4-2-AR19"
"GWZAUUJHST";"1-11. Pz.Gren."
"GWZRNVXQSF";"3241-VKK 324"
"GXBUCEWUDN";"1-2-24 Bm"
"GXDGWUZBFJ";"3-3-41 pz"
"GXHKIVSISY";"3-245. Pz.Artillerie"
"GXIYMURYDY";"1er ESR-GVP"
"GXJSPJKMSH";"SK-1-MSR29"
"GXKXOLFXAU";"B-92nd TFS"
"GXMDUPSYJN";"1-3-217. PT oddiel"
"GXMZRLIFMP";"II,/73-y IAP"
"GXNNJIJXFD";"Kom.-520-Otd. Zen. Rak. Bat."
"GXOMKRBZKX";"HQ-3-4th Helo."
"GXRTDFQRQX";"2-21. Artillerie"
"GXUKUQPKVD";"3-1-GeWR5"
"GXURFSYMZI";"3-809-VKK 243"
"GYAWCVLPAP";"2-18e Artillerie"
"GYBASZKCYR";"2-1-41 pz"
"GYBNYPQIHP";"DB-2-8 pcz"
"GYEMQZYPMT";"Esc. de Chasse 1/30 Valois"
"GYFBUEROGC";"C-I,/RGJ"
"GYFLZEURDW";"3-441. Sicherungs"
"GYIDQAFDIU";"Velitelství 1-362. dp"
"GYJSARRSTY";"4-5. Aufklärer"
"GYKSIZIIUA";"HQ-12e de Ligne"
"GYKSXXWPCB";"1-1-73 pcz"
"GYLBNAPEAP";"1-2-361. PT oddiel"
"GYNMVYCPQT";"1-2-7. tp"
"GYRRZQCGBU";"C-43A"
"GYRXWJGBJY";"1-112y Razv."
"GYSEOBJCYQ";"1-3de Karabiniers"
"GYWXUBJUAA";"A-12 Tkbat"
"GYYNRSEKWO";"3-15 pcz"
"GZADSITRSS";"3-84 pz"
"GZEKYJITLT";"2-1-170-y GvMRD"
"GZGQJGDUQO";"3-3-12 pz"
"GZKHFJCARH";"9-3-333y MSP"
"GZNNNROBLI";"1-2-13 pz"
"GZPYONCNMC";"1-3-6 pz"
"GZQIYHIYFQ";"1-3-9. msp"
"HACNDYQIHU";"A1-7-6th Mechanized"
"HAIIWNWLJX";"A-3rd Field Art."
"HAREZCXOWE";"4-293. Panzer"
"HASIKKGWYX";"Kom-227-y MVD"
"HATKYFZDYO";"Velitelství 2. plrp"
"HAVJGOQPOE";"3-4-12. msp"
"HAVWFRFFJW";"1-1-MSR27"
"HAXTYBSOYA";"SK-562. Pz.Gren."
"HAYWDAINLF";"2-41. Artillerie"
"HAZTUVCVWQ";"G-2-11th ACR"
"HBAIRCVBWH";"C-1-34th Armored"
"HBAMOLMUJJ";"1-1-MSR28"
"HBASPWDWCV";"3-34y Razv."
"HBBNZJPMUP";"Velitelství 3-1. tp"
"HBDYDHBWWU";"1-3e RPIMa"
"HBEMBMWPXZ";"4-2e Chasseurs"
"HBEOEIUWTF";"Komendantskaya Rota"
"HBIOMLHAFD";"2-2-59 pz"
"HBJYNGTVXP";"1-3-55. msp"
"HBKDKWYAFG";"Velitelství 171. plrp"
"HBLAKDZUSL";"SK-21. Panzer"
"HBMNQHNQNC";"2-8. Geb.Aufkl.-Bat."
"HBOWJBYTOU";"1-PzB-MSR17"
"HBPDURGNBB";"4-42e Infanterie"
"HBPVFFZSNI";"DD-1-4 pa"
"HBWHKRAJNG";"1-743. Feldjäger"
"HBYKDMDQPC";"A-1-37th Armored"
"HBYMRWMJHD";"P-4-7th Mechanized"
"HBZQDMJLAA";"B-4/7RDG"
"HCBJKVSPIS";"1-213. Panzer"
"HCBYQBGHBP";"Db-7 DDes"
"HCGJOXSSEY";"Kom-.1-51-y Gv. Tank. Polk"
"HCHCGLRUMY";"2-1-10 pz"
"HCIAFCZGBK";"A-2nd Field Art."
"HCLWGIOANZ";"2-351. Jäger"
"HCLXLPSINM";"3-2-10 pz"
"HCOHPSAUJX";"3-2de Karabiniers"
"HCONNNPUYD";"2-Tk-241-y GvMSD"
"HCPCEUVQHB";"HQ-1-67th Armored"
"HCRXBLTNDN";"1-923-y (SAM Bat.)"
"HCTYGQVRWH";"SB-200. FlaRgt."
"HCUQEYOQAN";"1-1-MSR2"
"HCWIEYFTQN";"HQ-1-PPCLI"
"HCWSFKQGBN";"3-MSB-77y GvTP"
"HCZJTIEWSC";"HQ-4-7th Field Art."
"HDBEPZDGLM";"Teile-1-PiR2"
"HDGAGQRTTX";"D-1-15th Mechanized"
"HDGNTUZSVX";"2-PB-MSR33"
"HDGWYKKPAQ";"2-93. Panzer"
"HDHXMUPRNQ";"EM-1er RHC"
"HDJVABLIGS";"A-TRH"
"HDNWGGSLEM";"2-84 pz"
"HDPRTHOAMD";"2-3-1. dp"
"HDSTUSVSAY";"3-PzB-MSR16"
"HDTXMATVJF";"2-16. HFR"
"HDVUDJFWRV";"G-2-41st Infantry"
"HDVZDYZNWS";"2-11. Artillerie"
"HDXBVLKTTK";"3-153e Infanterie"
"HEDVYVMDWZ";"3-2 dar"
"HEEKFWKDUI";"1-MSB-49-y GvTP"
"HEFUHHRQXD";"2-732. Jäger"
"HEGEPEJHBB";"A-I,/PWORY"
"HEHKGPPMFU";"2224-VKK 222"
"HEIERMBWUW";"7-3-249-y GvMSP"
"HEJPUEZLKZ";"2-712. Jäger"
"HEMSWHRSCE";"HQ-3-63rd Armored"
"HENMTHPCMJ";"DB-3-27 pcz"
"HENQUWGUHJ";"2-287y Zen. Art."
"HENZGTVUIT";"7-3-693y Art."
"HESDPECQDJ";"DB-3-100 pz"
"HESOYCXKTO";"SK-200. Sicherungs"
"HEUXVTINII";"8-3-MSR22"
"HEVDKBXUBJ";"3-232. GebJäger"
"HEVZDNDFTY";"DB-2-37 pz"
"HEYDQANVIO";"4-FJB 261"
"HEZHTRFSRZ";"3-11e RA"
"HFASXWWNZD";"8-3-693y Art."
"HFBHSTMHTL";"2-1-172-y GvMSP"
"HFBTQVZBLQ";"3-1-73 pcz"
"HFCCJKJDDQ";"1-AB19"
"HFIBLJMETY";"2-1-AR4"
"HFKXSQDIOW";"ATGW-I./Queen's Dragoon Gds."
"HFLMGQECCD";"3-2e Chasseurs"
"HFMRHGWQFJ";"2-AB7"
"HFPFNONAQJ";"2-232. GebJäger"
"HFPQTTVHUO";"4-1-50 pz"
"HFSFYIDVWO";"SK-3-MSR3"
"HFTMVIJIIN";"2-4-36 pz"
"HFTSVMQERJ";"3-57. Jäger"
"HFTUODCDPD";"8-3-MSR28"
"HFVVEEMAYT";"6-2-47y GvTP"
"HFYGCRVERV";"3-2-32 pz"
"HFZPNHHBST";"Teile-FErsatz-Bat. 230"
"HGBNUUBISA";"2-3-5 pz"
"HGBSZIZBLT";"1-820-VKK 314"
"HGCTHSOPWU";"EM-3e RPIMa"
"HGGBXHJYOH";"R-4-3rd Field Art."
"HGLVLVVPCG";"1-122. Rak.Art."
"HGMWHDELSG";"B-5-18th Mechanized"
"HGOMSKRKAH";"S-5-44th ADA"
"HGRRZPVNBG";"Velitelství a štáb 1. TD"
"HGRTSNZGZR";"4-562. Pz.Gren."
"HGTKGIEAJO";"D-1-6th Mechanized"
"HGXDXFVTHX";"B-512th TFS"
"HGYCCVGBUP";"L-3-1st Field Art."
"HGYIVFLIVF";"1-831-VKK 331"
"HHCFXREGVP";"Velitelství 3-217. PTp"
"HHFNFATQGG";"1-166y GvMSP"
"HHJURWCWGQ";"2-3e Hussards"
"HHKARDRKLN";"2-2-17. tp"
"HHMSQAIRLI";"DB-17br"
"HHOURJENXD";"2-3-13 pz"
"HHPGSJSRDT";"10 eś"
"HHRVMGDTIE";"2-1-50 pz"
"HHSEXFDUNW";"3-3-9 pz"
"HHSNBJKFRC";"6-2-PR1"
"HHVUPEEFKD";"Pionier-Bat. 731"
"HHZFNEJQAQ";"1-1-49. dp"
"HHZJIXLDLB";"2-47. Jäger"
"HHZJWJCBRC";"A-41 Afdva"
"HHZYXXADDR";"1-4. plrp"
"HIDXRLXJKL";"DD-2-6 Baa"
"HIFSOPCSNU";"L-3-3rd Field Art."
"HIGYAEGXTD";"4-2-295y GvMSP"
"HIIQYPQRST";"HQ-26th Field Rgt. RE"
"HIJOUDZFCQ";"1-144y Zen. Art."
"HIJTZYYMBB";"1(Stab)-FJB 253"
"HILCZLRMDE";"1-4-63. msp"
"HINMRJVJWP";"Kom.-2-34-ya Art. Brig."
"HIPLBDTISF";"9-3-670y Art."
"HIQBEGYEYP";"SK-Aufkl. Bat. 7"
"HIQGCXMJHB";"2-MSB-7-y GvTP"
"HIRBYRCKDW";"1-858-VKK 471"
"HIWLVFEBZP";"Kom-.3-174-y Gv. MSP"
"HJDIDVONMZ";"Velitelství 2-2. tp"
"HJETYOXCXY";"2-2-197y GvTP"
"HJFGCFEPOQ";"A-3-4th ADA"
"HJGKFWMONV";"CEA-2e Etranger"
"HJHDIHABYX";"Teile-2-PiBr5"
"HJIDNAHRMB";"6-2-211y Gv. Art."
"HJKHUYCLYA";"8-3-MSR17"
"HJMQYJJXYI";"9-3-117y Art."
"HJRJKDMMEA";"5-1018-y Otd. Zen. Rak. Bat."
"HJRROERTVE";"1-3e Infanterie"
"HJTRZJUKIF";"A-Farnesio"
"HJTXNJHSQK";"1-3-2. tp"
"HJWFOMHCZH";"1-53. Pz.Gren."
"HJXHDJBJGD";"2-AB4"
"HJXXWCSSHF";"6-2-23-y TP"
"HJYCTYDJWZ";"1-12 bcz"
"HJYLHUBGDI";"Pionier-Kie 40"
"HJYNXVNGPU";"1-1185y DShB"
"HJZBOMUIUV";"2-801-VKK 344"
"HKCIIIKQSZ";"R-4-2nd ACR"
"HKCMYVPILG";"2-1-AR8"
"HKDUMVAJNP";"1-353. Panzer"
"HKENDSDIJG";"4223-VKK 422"
"HKEWJQXWNP";"Kom.-336-y Otd. Vertoletniy Polk"
"HKHOZMJJUG";"H-2-229th Helo."
"HKLQEMPTDE";"G-1-4th Cavalry"
"HKLUYTPRMB";"B-23rd Engineers"
"HKMHTWECGE";"2-3-57. msp"
"HKSBTWRWBM";"2-2-71. kdbr"
"HKSWSHUQWY";"C-9th Engineers"
"HKSXXAMBKL";"3-4-322. kdbr"
"HKVNCJQARS";"Paost-14 Painfbat"
"HKVQFSZMPQ";"1-TkBat-265y GvMSP"
"HKWVSDIKOE";"6-2-MSR42"
"HLDIFFSJOA";"A-1-391st Field Art."
"HLDIGDUBCC";"SK-30. HFR"
"HLHVTAZVLY";"4-1-119-y Otd. Tank. Polk"
"HLIBNOIRJE";"2-1-45-y GvTP"
"HLJHGPMNFG";"2-1-8. msp"
"HLKBQRBQKQ";"A-104 Verkbat"
"HLKIPBTIAG";"2-2-74. RMbr"
"HLKWSNRNDM";"1-1-62y GvTP"
"HLLJZONFMB";"4-2-68-y GvMSP"
"HLOHQRLLAU";"E-2-1st Field Art."
"HLQJXNMVDP";"2-325. Artillerie"
"HLREEFVRMM";"1-1-GeWR5"
"HLTBIYNRYN";"DD-5-6 Baa"
"HLTDDADBLN";"1-MSB-33GvTB"
"HLTUICZHVN";"A-9th Engineers"
"HLUOLKAZZS";"6-2-sMSR25"
"HLWLQSIXVT";"Kom.-3-34-ya Art. Brig."
"HMCQPUZRKD";"1-3-11. tp"
"HMDDJETPHO";"3-37. FlaRak"
"HMDJNRJWKE";"3-MSB-15-y GvTP"
"HMEELSKEGI";"3-TkBat-244-y GvMSP"
"HMEXPLWDVE";"2-132. Pz.Gren."
"HMFJDQNFWT";"128 ADA"
"HMOCNDANZZ";"2-2-55. msp"
"HMOFZNSOVY";"3-93. Panzer"
"HMQEJQKOVT";"Support-II,/Queen's Rgt."
"HMRRYOBMFJ";"SK-362. Pz.Gren."
"HMSQTUBGME";"1-120 pplot"
"HMVDUQTZPP";"DB-3-11 pz"
"HMWGJGIPKB";"1-30e Chasseurs"
"HMYGMHMLLD";"212th MP Coy."
"HMZTPDWSRU";"12-4-290y Art."
"HNAEUCPSFW";"Kom.-486-y Otd. Vertoletniy Polk"
"HNAQWUEWYP";"2-16 ksap"
"HNBSAHWAWN";"B-2ste Smaldeel"
"HNDIZKURVO";"20-7-34-ya Art. Brig."
"HNDYGNHOVA";"4-1er RCP"
"HNFLXVFDRL";"4-9-y Razv. Bat."
"HNGCIBLQYI";"L-3-20th Field Art."
"HNHBKOBOMD";"EM-5e Cuirassiers"
"HNHRLQIFGP";"2-8e Hussards"
"HNHSISVJBQ";"D-104 Afdva"
"HNIBZHYGZZ";"5-2-MSR33"
"HNJFZIQNQD";"HQ-22 ADR"
"HNJJHBDBMJ";"B-43 Tkbat"
"HNPBPIZDJL";"I,/19-y Gv. APIB"
"HNPFPFMYMP";"Kom.-1-45-y Gv. Tank. Polk"
"HNPGGBZKLO";"6-2-40y TP"
"HNPUSFMJLM";"3-1-119-y Otd. Tank. Polk"
"HNTFAITLMG";"2-150. Pionier"
"HNTSFWEXED";"8-3-MSR1"
"HNTSUPDHWZ";"12-4-199y Art."
"HNUHPCOIGS";"2-1-GeWR5"
"HNXAWHXKMV";"DB-3-59 pz"
"HNXXLDWOSM";"1-1-914y Art."
"HNYZPPMNDH";"C-V,/TLI"
"HOBEPQCSTO";"3-1-1.dp"
"HOCILYMHHA";"G-IV,/RGJ"
"HOCUWSALKF";"3-7y Tank. Bat."
"HOFJFJOABT";"1-526-y Otd. Zen. Rak. Bat."
"HOHCKCWVMT";"3-2-353y GvTP"
"HOHMQKXZEV";"HQ-2-82nd Field Art."
"HOJCTCNNST";"1-14. ppr"
"HOKNRSMMSJ";"10-4-290y Art."
"HOLDNUWRWQ";"1-MSB-PR17"
"HOMQQPKNJB";"SK-KG2-ABr5"
"HORWBCGVOL";"Staf-43 Painfbat"
"HOSZXFZAHW";"A-I-RAAA 73"
"HOTDDVRCKP";"Kom-.1-87-y Art. Polk"
"HOUMXAEGMY";"3-1-23-y TP"
"HOVDCNDYNV";"2-1. ppr"
"HOVIHKKQZK";"B-142 Painfbat"
"HPHFLKTMHJ";"1-3-3 pcz"
"HPIEVBIHCH";"Velitelství 2-7. tp"
"HPIJJMRIVU";"DB-1-55 pz"
"HPMFFWFBVH";"1-4-332. kdbr"
"HPNKTHPICA";"2-3-68. msp"
"HPNXVUGCAP";"HQ-Almansa"
"HPQBWYKVZB";"Sicherungskompanie 20"
"HPQEJPAWCF";"3-2-79y GvTP"
"HPUAZFOIFZ";"G-2-325th PIR"
"HPXHYFJJFT";"1-863-VKK 451"
"HPYQXXKGEB";"2-36. Jäger"
"HPYXXSPZCE";"1-PzB-MSR23"
"HPZMQWMGPO";"L-1-77th Field Art."
"HQAQODWGVG";"9-3-PR22"
"HQBMJFUNGP";"C-Mérida"
"HQDYQCWKQZ";"1-826-VKK 322"
"HQFXTKQFOU";"1-2-38. dp"
"HQGLGVJXTU";"3-1-36 pz"
"HQHXVASIBA";"K-3-60th ADA"
"HQIKTJZOYT";"11-4-87-y Art."
"HQIWKNNDIH";"2-45. Artillerie"
"HQQDBZARSK";"4-FJB 254"
"HQRZJZECNP";"2-858-VKK 471"
"HQRZOYWWJI";"Velitelství 1-2. tp"
"HQXOPJYATF";"SK-2-PR19"
"HQYFSSNMOA";"Kom-303-ya Art. Brigada"
"HQYQMDOWFW";"2-PB-MSR28"
"HQYYPEPRPX";"2-TkBat-204y GvMSP"
"HQYYWHIEYC";"16-6-5 Baa"
"HQZFXLISNW";"2-104. Panzer"
"HRFELHJHXN";"SK-7. Pionier"
"HRINULPMON";"3-2-4. msp"
"HRKNZQYKMP";"SK-3-AR20"
"HRKTHCFCJF";"1-622. Jäger"
"HROHLICMRX";"Velitelství 3-361. dp"
"HRRUIDPKAS";"2-85. Artillerie"
"HRSMUBWUZE";"III-11FighterRgt"
"HRTJZNDBWW";"2-3-332. kdbr"
"HRUYTWZBOS";"62 krozp"
"HRWLKKHFDH";"Spets ""A"""
"HRYPLQBPTE";"1-4-75 pz"
"HRYPUDUSSH";"11-4-126y Gv. Art."
"HRYUGZRBPO";"3-305. Artillerie"
"HSBECJPAKM";"1-149y PT"
"HSHHWANBXI";"1-542. Jäger"
"HSJCWBHLJC";"3-5e Dragons"
"HSJPEQNEFX";"2-1-275y GvMSP"
"HSKWUWWERJ";"932. Jäger"
"HSKZVMJLGQ";"1-1-67. msp"
"HSODOGBLLY";"3-5. plrp"
"HSOOBSNEKP";"C-79th Engineers"
"HSRKAQJYLE";"2-1-1.dp"
"HSWCUDXKGO";"BDP-83 prplot"
"HSWRFTOBXE";"Kom-.2-170-y Gv. MSP"
"HSWZJOCNHK";"4534-VKK 453"
"HSZIVUQKJK";"4 eś"
"HTCWYIFWWZ";"C-1-10th SFG"
"HTDEZECNAY";"SK-741. Feldjäger"
"HTILCYUAXA";"2-2-15. tp"
"HTMQEMROEY";"1-1e Artillerie"
"HTNSTXWQRR";"11Maresk"
"HTOHDGZRXP";"SK-132. Pz.Gren."
"HTQWMJAABI";"2-1-8 Bah"
"HTSGQYBCDG";"CA-1er RCAM"
"HTTZRZLCHU";"I. JS/JBG-77"
"HTWXYUVYVI";"3-1-MSR31"
"HTXARKFSPX";"M-3-504th PIR"
"HUAUXOPKZY";"HQ-9th/12th Royal Lancers"
"HUDKUNMDXS";"3-TkBat-40y GvMSP"
"HUIRXPIAZW";"1-1-295y GvMSP"
"HUJVYZUZNM";"1-1-10. tp"
"HUQDWKIAYQ";"2-1075-y Otd. Zen. Rak. Bat."
"HUQHFPFQPQ";"A-16th Engineers"
"HUQULSJTPC";"2-1-AR11"
"HUSJNYUOSV";"SK-114. Panzer"
"HUSYCNPIXT";"1-1de Karabiniers"
"HUUGNDXAWA";"C-DCA 11"
"HUUYMWOARD";"16e Esc. d'Aviation"
"HUVZDXATKH";"SK-GeWa19"
"HUZOUBIHTU";"3-172y oVP"
"HVAHELEIIV";"3-14 ksap"
"HVDKPIDGKA";"HQ-49th Field Art."
"HVEBRTTKAF";"2-MSB-PR16"
"HVGDAZNCTB";"M-3-17th Field Art."
"HVIWNUVZNT";"Velitelství 1-65. msp"
"HVMQRWVJBM";"1-2-8. tp"
"HVNZILJPAZ";"1-9 br"
"HVPRKDVRFI";"3-3-23 pcz"
"HVPUFJMBPH";"2-43. FlaRak"
"HVRMDLLYCW";"2-261. Fallschirm."
"HVUQJZBEMU";"9-1-54-y Art."
"HVVVEMCHPF";"DB-5 br"
"HVVWSUWXLH";"1-3-28 pcz"
"HVVXJYZWCS";"3-102. RakArt.-Bat."
"HVWLHFQQMR";"6-2-283y GvMSP"
"HVXETTRXMQ";"E-2-3rd Helo."
"HVZAYEMDEE";"3-53e RA"
"HWFAQQKKFL";"8-3-AR8"
"HWFZVAHANV";"3-201. Panzer"
"HWFZXZDPRV";"SK-542. Jäger"
"HWGJNFFECM";"831. Jäger"
"HWGUARWYJV";"HQ-62A"
"HWRPXTAVCZ";"1-Res.MSB 13"
"HWVJPWGXPA";"3-4-9 pz"
"HWZDCRJWAV";"I-3-11th ACR"
"HXACESBCPG";"2-22. vp"
"HXALBWSQEK";"DD-3-22 pa"
"HXDLLXGBGS";"7-3-MSR29"
"HXHAEMBSEO";"822. Jäger"
"HXHWMSVYRM";"T-5-41st Field Art."
"HXLAWVEZWP";"EM-153e Infanterie"
"HXNFPRCXIL";"3-810-VKK 251"
"HXRDNOODFV";"SK-FRR8"
"HXRLZCGXCI";"2-12. plrp"
"HXSVJSRLPR";"2-4452. Sicherungs"
"HXUBWAPBMZ";"2-863-VKK 451"
"HXVTIBTTXP";"D-1-36th Field Art."
"HXWCDNJOFW";"Kom-68-y Razv. Bat."
"HXZHJTSBMT";"2-4301. Sicherungs"
"HXZNHJPTTN";"SK-351. Jäger"
"HYGJUCQQSA";"E-3rd Aviation"
"HYGLYNPZNM";"SK-VKK 244"
"HYIEAVQOUV";"2-3. ppr"
"HYIXOSMELJ";"2-MSB-211GvTB"
"HYJIPPRMFX";"6-2-AR11"
"HYKDXVFKPJ";"4311-VKK 431"
"HYMASZUAOV";"D-1-68th Armored"
"HYREKPOPDR";"2-MSB-15-y GvTP"
"HYWLPATAFG";"2-2-68. msp"
"HYWPOWAXIS";"5-2-44-y TP"
"HYWWWOYGDY";"C-Alcantara"
"HYYYCFBFDX";"3-1-103. tp"
"HZFBPVXPBC";"14 Air Def. Bty."
"HZGKSXAWYW";"3-1-79. msp"
"HZGMGOCCTG";"3-1-MSR16"
"HZHOJXSTUG";"A-Cantabria"
"HZKRHACJNI";"3-1 sbsz"
"HZRDQEBOCG";"Kom-.3-7-y Gv. Tank. Polk"
"HZREIFTVQS";"2-1143y Zen. Art."
"HZSMSBIAHY";"SK-123. Panzer"
"HZWUAEOYGY";"6-2-333y MSP"
"HZYLSEJSUT";"D-Royal Yeo."
"HZYSAWMIFT";"9-3-249-y GvMSP"
"IAAUXYJZAD";"SK-223. Pz.Gren."
"IABXNJUFOH";"2-PzB-MSR41"
"IADWTNOATW";"SK-281. Panzer"
"IAJYEANKVZ";"2-3-10. tp"
"IALVPWCSPH";"Det. A-42nd ECS"
"IAPBZRFUCS";"M-3-66th Armored"
"IARQVTYEWV";"Velitelství 3-10. tp"
"IAWOTVFQQV";"1-18 dplot"
"IBBFYVHFDV";"1-PzB-MSR24"
"IBBNREQCUZ";"9-3-MSR34"
"IBEMRUFAXF";"2-2-68 pcz"
"IBFAKFECOY";"1-GeWa1"
"IBJUSXIVOS";"Kom-.2-15-y Gv. Tank. Polk"
"IBOBWPUCHU";"4-292. Pz.Gren."
"IBQBVOONYW";"4-212. Pz.Gren."
"IBRGQQKMUM";"A-43A"
"IBSRCWJGZW";"6-2-MSR14"
"IBTMPOBEZD";"X-6-41st Field Art."
"IBTRTZZAJV";"3-525. Artillerie"
"IBVMAHYPLJ";"1-20y Razv."
"IBWBTEJDKR";"AT-5-16th Mech. Inf."
"IBZRKPYFAE";"2-4-104. msp"
"ICBAXELXCM";"3-2-3. msp"
"ICCCUJZSNT";"DB-1-84 pz"
"ICCJWRDJMD";"II,/294-y ORAP"
"ICEGSFIIWG";"3-353. Pz.Gren."
"ICHDVBIIEW";"Velitelství 1-51. msp"
"ICHSNZDWYU";"1-1-13 pz"
"ICMPMGNMSD";"Velitelství a štáb 20. MSD"
"ICOSRXESNP";"2-58. Sicherungs"
"ICRBDPNMIS";"2-3-7 Bah"
"ICUQAINRTW";"HQ-5RDG"
"ICUZZMKZQQ";"4-224. Panzer"
"IDAKCZJDKC";"B-11ste Smaldeel"
"IDDSDJTNTP";"3-144y Zen. Art."
"IDDSEYRMCP";"2-1-332y GvTP"
"IDEBSHYTUB";"A-4 Para"
"IDEKQXOOXK";"8-3-MSR9"
"IDITKXWNTY";"C-44 Painfbat"
"IDJKDUJJJB";"2-3-104. msp"
"IDKHNJBOSS";"2-12y Razv."
"IDLALUMXRY";"1-9. ppr"
"IDNIUFCOBB";"SK-310. Pionier"
"IDOIFRZRUW";"E-3-67th Armored"
"IDOQEUVPJK";"2-TkBat-41y MSP"
"IDPZHAYXAR";"SK-127. Jäger"
"IDUCIYLIXP";"2-112. Pz.Gren."
"IDUJRBDYHY";"Fernspäh-Kie 300"
"IDVHLMPJZH";"3-121. Artillerie"
"IDYRFQYPXD";"22CA-32e Génie"
"IEGFYSUBIU";"1-2-20. tp"
"IEKBPPWSZK";"O-4-32nd Armored"
"IEKCFIIWOK";"C-III,/TLI"
"IEOEFMJYZN";"6-2-MSR18"
"IEQJKJKYHT";"D-2 Gurkhas"
"IERFWUIIDM";"D-QOY"
"IERKYKSJMG";"2-1-32 pz"
"IEWUSTUHJU";"K-3-504th PIR"
"IEXDFXRENI";"1-545. Artillerie"
"IFFDCMPJTT";"Kom-.3-243-y Gv. MSP"
"IFGWJIXTSC";"Feldjäger-Kie"
"IFIVHLYVVZ";"HQ-8CH"
"IFKBBUQEFJ";"9-3-MSR33"
"IFNUADNVZU";"2-FRR20"
"IFOSMJJGPN";"4-2-AR10"
"IFRUFWANNG";"C-1-6th Mechanized"
"IFTRUOLMRH";"1-35. FlaRak"
"IGAEULOCYB";"1(Stab)-FJB 254"
"IGAMGVIHPE";"2-3-25 pz"
"IGBOOSNMSF";"68-y Saperi Bat."
"IGDIRPHBXA";"1-31. Panzer"
"IGDXRHOFIZ";"SK-531. Jäger"
"IGFOWPPSOU";"B-V,/Queen's Rgt."
"IGJKIYATFV";"II,/911-y APIB"
"IGKKUQJASG";"1-4-100 pz"
"IGLMULLDZU";"2-Res.MSB 33"
"IGOYZQERBT";"1-3-55 pz"
"IGSAFVOGMW";"HQ-I,/RGJ"
"IGSCRUDOJN";"3-3-33. tp"
"IGUKMIDYCM";"B-1RTR"
"IGYUTWEOGB";"Kom-308-y Art. Brig."
"IHBJBJRSYN";"M-3-1st Field Art."
"IHBTKBYFEY";"4-25 pcz"
"IHCDFIICYD";"1-1-MSR17"
"IHFHFNMVLY";"Velitelství 3-3. dp"
"IHHQLHEAMV";"Pz.-Pionier-Kie (-)"
"IHRIYNTHMN";"C-125 Afdltlua"
"IHSMAGLZNF";"1-808-VKK 242"
"IHSWJIEQEF";"3-1-54-y Art."
"IHTTELIPUY";"HQ-1-15th Mechanized"
"IHVCKGHBVZ";"SK-1-MSR33"
"IHXIZCSRVT";"3-41 ba"
"IHZYYRKXQM";"1-FA15"
"IIABLIBCKO";"SK-222. Pz.Gren."
"IICFWAEQUA";"1-46 dplot"
"IICRUOWJZP";"A-QOY"
"IIDJHXIYMS";"HQ-4-44th ADA"
"IIELCAOGXN";"1-2-24 pcz"
"IIHKUGCHKE";"1-532. Jäger"
"IIIFTOCNLG";"1-GeWa9"
"IIJNNBIODG";"1-MSB-95-y TP"
"IILWSRMFNS";"B-78th Engineers"
"IIORDMJTSQ";"6-2-44-y TP"
"IIQGZSQBYN";"9-3-17-y GvTP"
"IIQKUNJANB";"B-III,/RAR"
"IITFEGXJUO";"1-14de Linie"
"IITTGGUXBK";"1-943. Jäger"
"IIWTILMMZI";"2-11e RA"
"IIYTAAWRCB";"2-2-73 pcz"
"IJDKMHLITV";"DD-20 pappanc"
"IJEDNXIUCN";"2-2. plrp"
"IJEXZWXUEL";"1-142. Pz.Gren."
"IJGZYNVHRK";"7-3-PR11"
"IJIGOZUMVV";"Kom-1-944-y GvArt."
"IJIOPWOCHS";"3-561. Pz.Gren."
"IJJAMCEXSY";"4-2-PR10"
"IJKRPCVDSE";"Velitelství 10. plrp"
"IJLRXBNHYO";"1-1-375y TP"
"IJMDTLPCBR";"N-3-RCR"
"IJNLBNOLAC";"2-1-MSR33"
"IJNZGEYRVB";"Q-4-11th ACR"
"IJOAQHWCLP";"3-3e RCP"
"IJOVDIJCWA";"Company HQ"
"IJPBHENPLE";"H-2-2nd ACR"
"IJPFUFKYJU";"3-FJB 251"
"IJQCNMQOWV";"4614-VKK 461"
"IJQEKFNAAM";"51Maresk"
"IJQNNMQRQQ";"SK-76. Jäger"
"IJSEIXJIWK";"2-1-204y GvMSP"
"IJSSTJVVBZ";"9-3-1054y Art."
"IJTANCAHLC";"170--45 Field Rgt. RA."
"IJTOBKCINV";"3-3-7 Bah"
"IJVVSFEAII";"2-3e Infanterie"
"IKACWGJTYG";"H-227th Avia."
"IKCRXHVIWA";"1-13-y Razv. Bat."
"IKCTWFQFGM";"B-Cantabria"
"IKEQXSFFBC";"3-1-PR21"
"IKIWZKAZQB";"2-1-52y Gv. Art."
"IKMLJERDEV";"PzPionier-Kie 100"
"IKQIEYLANQ";"3-351. Pz.Gren."
"IKSOOISPLF";"6-27 Field Rgt. RA."
"IKVYNEUQER";"1-2-2. tp"
"IKZIOEHSVR";"E-2-RCR"
"ILAQVKYYLO";"Velitelství a štáb 19. MSD"
"ILCMQTKEEB";"DA-ZD"
"ILDIAPZUJV";"CEA-99e Infanterie"
"ILEIMMCNMZ";"3-941. Jäger"
"ILEPTJJCPY";"3-9y Tank. Bat."
"ILEWPRIVQM";"Fernspäh-Kie 200"
"ILFXZDQLUY";"8-3-AR19"
"ILGXFWIFQG";"2-PB-MSR1"
"ILHXPSUOAK";"1-2-362. dp"
"ILIFCHNZJV";"DB-1gb-100 pz"
"ILOIAJPDDC";"HQ-I./Queen's Dragoon Gds."
"ILQVFBETUJ";"2452-VKK 245"
"ILTDAVPAVK";"H-2-5th Field Art."
"ILUJZUBLER";"5-2-MSR1"
"ILZFUMMXJQ";"2-1-1. tp"
"ILZRRMPQVL";"B-4RTR"
"IMACVDQPIM";"C-9th/12th Royal Lancers"
"IMDGUIXRRS";"3-807-VKK 241"
"IMEEMWCSXT";"Staf-47 Painfbat"
"IMFRLCDZKX";"1-1-240y MSP"
"IMGWMSZNGG";"3-1-1047y Art."
"IMIDXHSLXI";"2-3-64. tp"
"IMJEUSBYCR";"II. Esk./40. PLMB"
"IMJXFNLXUX";"EM-402 Artillerie"
"IMLEOETUEZ";"1-521. Jäger"
"IMNHEJGVXR";"4-47e RA"
"IMQNXIRYWY";"2-1-221y oTP"
"IMQOVEMJXA";"EM-3e RCP"
"IMYWUQEGFM";"I. JS/JG-3"
"INALZWERTG";"1. Ersatz-Kie"
"INAYETUEGG";"3-1-332. kdbr"
"INBMBZQITN";"B-525th TFS"
"INCPRJFNHL";"1-PJA20"
"INDSBVYRWU";"1-10 Para"
"INEDNPUHRU";"1-86y OTB"
"INEZEYUXMM";"B-8ste Smaldeel"
"INMKRSRBIF";"5-2-PR23"
"INOCYICAHX";"1-MSB-63GvTB"
"INOEOBKLZF";"Esc. de Chasse 3/11 Corse"
"INOMKMWGGX";"6-2-375y TP"
"INPNVDWDEI";"Kom-.1-120-y Gv. MSP"
"INQKVKEQQC";"6-2-400y MSP"
"INREBVIXZG";"11-4-34-ya Art. Brig."
"INRLKOHFRB";"1-3-65. msp"
"INRWOOTXSV";"7-1-54-y Art."
"INSNGRRHJK";"2432-VKK 243"
"INTAOGVMTM";"3-83 dplot"
"INVGKUVVSW";"1-3-55y GvTP"
"INWQIFPVKM";"2-1ste Grenadiers"
"IOADIVQDSS";"SK-FRR5"
"IOBDBKUGGW";"SK-VKK 331"
"IOCUWUOOLN";"SK-2-PR11"
"IOCXOYBIXV";"3-3-67. msp"
"IOHMAONQWK";"4-38. FlaRak"
"IOKOYKUWDA";"HQ-NORTHAG"
"IONMBZWDOA";"4-2-174-y GvMSP"
"IONNIQBFGT";"2-335. Artillerie"
"IOPKMUMNMP";"3-1-240y MSP"
"IOPQRCGDUD";"SK-2-PR15"
"IOQRMFPCNU";"B-45 Afdltlua"
"IOYEYHCIIL";"2-1-7. tp"
"IOZQLYYIIQ";"Q-4-82nd Field Art."
"IPAGDICYPR";"11-4-1047y Art."
"IPBEYBMOJY";"3-1-MSR13"
"IPBXIBSLVZ";"HQ-3-RCHA"
"IPDPCUDTQU";"4-2-MSR24"
"IPDQZMPTSB";"4-220. Pionier"
"IPHDGZZJBA";"C-19th Field Art."
"IPISELGJKI";"53 Air Def. Bty."
"IPIYEYZYJH";"1 bateria"
"IPJFHLPUTB";"C-16th Engineers"
"IPJNGDPBRD";"3-3-15. tp"
"IPJUXFKFQN";"C-23rd Engineers"
"IPJXUUUXCK";"D-2-18th Mechanized"
"IPRNNUBTAU";"4-1er Cuirassiers"
"IPTFWFJTWS";"2-819-VKK 343"
"IPVKDJVOKR";"1-1er REC"
"IPWEXKWUMA";"SK-331. Panzer"
"IPWFSXJATA";"4-43e RAMa"
"IPXLFEERLK";"2-1-77y GvTP"
"IPXRYALKYN";"P-4-7th Cavalry"
"IPYCWVSPNH";"3-48 krozp"
"IPYZKDHRCC";"Staf-12 Tkbat"
"IPZGCVDIZO";"1-1-MSR34"
"IPZHHTBMAE";"9-3-MSR3"
"IPZPAQGQRW";"G-2-6th Mechanized"
"IPZWCZVACY";"2-2-27 pz"
"IQBISUBJEI";"HQ-16 ADR"
"IQBNJDRRFP";"6-2-33y TP"
"IQDUSMCWBG";"48 krozp"
"IQGFBFLQNT";"3-3-322. kdbr"
"IQJDEZUDKX";"2-862-VKK 452"
"IQJLUECDNC";"CEA-3e RCP"
"IQKJJWBAKN";"7-3-MSR35"
"IQKODFKRBY";"9-3-360y TP"
"IQKWOBPXUI";"2-1-37 pa"
"IQKXFLHTNN";"Support-1ste Karabiniers"
"IQLAVDSFBV";"3-PzB-MSR22"
"IQLLOQGXRQ";"2-16. Jäger"
"IQLWRPORJI";"GSA Mitte 2"
"IQMNLWNIBG";"3-2. ppr"
"IQMOJZMGJB";"1-Bevrijding Bat."
"IQNUSRPLSR";"2-3e Cuirassiers"
"IQNZJNDMDN";"2-498y PT"
"IQOMHXIMTH";"1-PJA17"
"IQSRZXFRBL";"2-1er Lanciers"
"IQSYLODYQJ";"1-12 dar"
"IQUMERKNYV";"3-350. Pionier"
"IQXYOWNAQD";"1-851-VKK 471"
"IQYKBBIKJG";"Kom.-8-ya Gv. Ob. Armiya"
"IQZXCYZVAD";"6-2-211-y GvTP"
"IRAYMAPGHY";"4-142. Pz.Gren."
"IRDOVVXHPM";"L-3-11th ACR"
"IRGGFHMIHU";"2-PB-MSR34"
"IRHHQTDDAA";"SB-21. Artillerie"
"IRHTEHLJEI";"DB-1 sbsz"
"IRKTDRFBWM";"1-4-9 pz"
"IRLNFSXZGL";"Velitelství 1-67. msp"
"IRMHXTRMYP";"9-3-100y TP"
"IRMZVQOKWN";"9-3-841-y Art."
"IRNZWRRZWZ";"2-3-11. tp"
"IRQNNLGTML";"Support-I,/QOH"
"IRSQMGHLAZ";"2-46 dplot"
"IRUPBRWUPH";"3-1-10. msp"
"IRVTJCYDXO";"2-3-5. msp"
"IRYHJEWJND";"5-2-MSR16"
"ISAVYOVKZZ";"1-1-18. tp"
"ISBGWWYGFS";"B-44 Afdva"
"ISCDOWELVW";"Velitelství 2-1. tp"
"ISDQSFUDHR";"EM-30e Chasseurs"
"ISELGBNGMY";"1-Res.MSB 23"
"ISMIGOAMES";"2-1-11. tp"
"ISNNSSYQPY";"Kom-.2-7-y Gv. Tank. Polk"
"ISSXSDVFXI";"1-111th Attack Helo."
"ISUKACGYVR";"6-2-45-y GvTP"
"ISVSMYGQJR";"9-3-MSR42"
"ISWYBPMQCI";"H-2-82nd Field Art."
"ISWYHAYTHO";"C-1-505th PIR"
"ISXAIMEREZ";"1-1-49 pz"
"ITAMFVJTER";"Wpn-3-505th PIR"
"ITBQRQJIZT";"1-PJA19"
"ITCYWGDRCE";"G-2-4th Helo."
"ITEOMKTHVT";"A-1st Engineers"
"ITGIHBCUQF";"3-1-42 pz"
"ITHSHFAQNW";"DD-6-5 Baa"
"ITJQZWNDSX";"B-81st TFS"
"ITKVHJFYAX";"A-4 Field Rgt. RHA."
"ITSNDXPQFB";"4-2-37 pz"
"ITTNJYWQOB";"4e Bataillon Logistique"
"ITUIKSOVDU";"3-12 br"
"ITUZZMQNCE";"2-1-74. RMbr"
"ITVCOGVMGE";"4-2-4 pa"
"IUCJDTBYRA";"3-1-8. msp"
"IUCNBWUSAZ";"1-2. plrp"
"IUESAQULTC";"2-77th Field Art. Bat."
"IUFDOIFKXR";"1-15e Artillerie"
"IUHKTDYKXG";"92nd MP Coy."
"IUHUOXSHTN";"Velitelství 1-103. tp"
"IUJLTCJOYS";"4-2-29-y GvMSP"
"IULOUDGGLY";"B-114 Afdva"
"IULVPGZQYG";"Velitelství 3-2. tp"
"IUMOLRXJWS";"C-51 Afdva"
"IUSMUPZNNO";"3-1-AR20"
"IUZOEATZPP";"Tank-227-y MVD"
"IVBEYTRSFP";"3-93-y PT"
"IVBORZAKQJ";"2-334. Panzer"
"IVCQFPBMJL";"2-2-245y GvMSP"
"IVELZLZSDC";"2-3e Chasseurs"
"IVHTUCSEIL";"3-1-13 pz"
"IVKMCEIPDN";"7-3-PR21"
"IVKSLUSYJU";"3-1-29y GvTP"
"IVKXZSKYLD";"2-1er Cuirassiers"
"IVMBDNFSVJ";"1-250. Pionier"
"IVNMTNVAFR";"1 infbevcie"
"IVNZWOTYQF";"3-FRR7"
"IVSGWGBLTD";"4-99e Infanterie"
"IVVUMGRLHW";"HQ-3-12th Field Art."
"IVXWSUBWZL";"3-344. Panzer"
"IVZDYWODHY";"3-2-79. msp"
"IVZRLETOLU";"7-3-244y GvTP"
"IWBBOBWVTN";"4-2-914y Art."
"IWBZRJTUXC";"K-2-35th Armored"
"IWFGNITDCL";"HQ-4-41st Field Art."
"IWGGMQCTUO";"DB-4 Bsap"
"IWGSZYIEPI";"Kom.-21-y Otd. Ognemetniy Bat."
"IWILKTLAON";"2-852-VKK 412"
"IWJNFJFISB";"4-2-15-y GvTP"
"IWKMSNXKYL";"8-3-PR11"
"IWKYYIBRNQ";"8-3-51-y GvTP"
"IWKZJJIVTU";"1-193. Pz.Gren."
"IWMPJWHYHH";"1-85. Artillerie"
"IWPRWKBCHX";"S-1-151st Helo."
"IWTPLHUVPC";"2-2-33 pz"
"IWUBBXDDEU";"1CCM-32e Génie"
"IWWHYYREJS";"2-2-248y GvMSP"
"IXALAISVOK";"HQ-4-159th Helo."
"IXCWJAWKSH";"5-29-y Otd. Tank Bat."
"IXDUQBKPZM";"3-1-PR8"
"IXEUGYQDGP";"5-42. FlaRak"
"IXEWYKSSRU";"B-5-RALC"
"IXFEBENUTE";"5-2-PR16"
"IXFMSNWYYW";"3-2-23. tp"
"IXFMXJJKDX";"SK-28. Sicherungs"
"IXHGORTZSZ";"3-153. Panzer"
"IXIOEFREML";"3-2-57. msp"
"IXIOWHUAQQ";"3-2-12. msp"
"IXJIXVUUNL";"2-MSB-65y GvTP"
"IXMHUPPTBK";"1-1-48y GvTP"
"IXMJOLBKAG";"2-10. Aufklärer Bat."
"IXMPBFZZWB";"Velitelství a štáb 13. TD"
"IXRGRSOEUP";"1-FRR7"
"IXUUQMHQJO";"2-1-360y TP"
"IXWOHYSMUW";"HQ-3-67th Armored"
"IXZCOOXDWU";"1er Det./12e RBC"
"IYCFFNTRFM";"Staf-57 Tkbat"
"IYFREHQCVX";"B-I./Queen's Dragoon Gds."
"IYJHJMDJHS";"4-71. Artillerie"
"IYLIDUKFFJ";"2-4-62. msp"
"IYMCQWYMRE";"H-2-81st Armored"
"IYNTPTWGSV";"1-46 dar"
"IYOJWQSXMN";"4-2e REP"
"IYPAWFWZHW";"M-3-41st Infantry"
"IYSUVGWJQT";"7-3-23 Baa"
"IYTTIBONJD";"I,/931-y ORAP"
"IYUICWRSPU";"5-102. RakArt.-Bat."
"IYVHSANHJR";"SK-2-MSR9"
"IYXZPAQNRV";"2-321. Panzer"
"IYYRGHOATS";"3-1-113 pa"
"IYYRNYKSKV";"4CCM-19e Génie"
"IYZLIOSGHT";"M-3-RCR"
"IZDTSVVOGQ";"2-1-PR20"
"IZEOCNMGOG";"1-4-8 Bah"
"IZFCFFBBEW";"HQ-5-68th Armored"
"IZJFKJFSRL";"1-2-32 pz"
"IZJJQUTPQL";"HQ-Groupement Génie"
"IZRKKMWYIE";"DD-2-8 Bah"
"IZRZDGWZTR";"3-38. Sicherungs"
"IZTDSHGQEU";"2-9-y Razv. Bat."
"IZUCLMZWNK";"HQ-1-505th PIR"
"IZVHWBQAGE";"3-3-59 pz"
"IZXXCHAZWJ";"2-10 br"
"IZZIZMIVWC";"2-1-63y GvTP"
"JADQIQPASV";"2CCM-32e Génie"
"JAEQAIMVGM";"5-2-290y Art."
"JAFFOUBTUA";"6-2-119-y Otd. Tank. Polk"
"JAGFLVVXZR";"3222-VKK 322"
"JAIALMWYTS";"F-2-41st Infantry"
"JAOEXIJOQD";"A-León"
"JASQWDTWVI";"SK-3-GeWR5"
"JAYIVJFUCI";"2-1-MSR1"
"JAYJIDABWU";"4-2-MSR14"
"JAYVPECNKR";"1-18 pcz"
"JAZLDGYYSO";"DB-1-59 pz"
"JBBRFVTNSJ";"A-3e Parachutiste"
"JBFRYENDQL";"DB-3-28 pcz"
"JBFUONZBMA";"Staf-14 Afdva"
"JBFYVQHXUN";"5-2-278y GvMSP"
"JBJDTSKFTI";"3-21e RIMa"
"JBKWRLRURS";"3-3-5 Baa"
"JBLHCHOIKG";"5-2-275y GvMSP"
"JBLXTHBJQK";"1-3-68. msp"
"JBMVOOTFJA";"1-321. Panzer"
"JBOFYIYKTK";"1-TkBat-33y MSP"
"JBQVBYKLUD";"C-350ste Smaldeel"
"JBREOKGEZP";"3-1-MSR34"
"JBRTUQGOVN";"Sicherungskompanie 1"
"JBTRLPFGQK";"5-222. Pz.Gren."
"JBUOJXIJWJ";"DB-3-50 pz"
"JBXKZYORNX";"SK-1-MSR2"
"JBXTDFDNMT";"3-PJA11"
"JCAYUEWZSI";"3-358-y Gv. Zen. Rak. Bat."
"JCBORSSAHL";"H-2-11th ACR"
"JCDREVEXOY";"5-231. GebJäger"
"JCEJCZPJPB";"F-IV,/RGJ"
"JCEUVSIGQN";"2-1-27 pz"
"JCLFOIPDJU";"A-V,/RGJ"
"JCLLLFJKAC";"U-5-77th Armored"
"JCLWCLQQCM";"5-2-1-y GvTP"
"JCMBTMLVWM";"9-3-944-y GvArt."
"JCVFMSJKVH";"III. JS/JBG-28"
"JCXVMYBBHT";"5-4. Aufklärer Bat."
"JDBCJPVHWG";"H-2-30th Mechanized"
"JDESJEAAZY";"1-1-170-y GvMRD"
"JDKJGJRNYC";"3-10 kdes"
"JDPAZPMUDK";"2-812-VKK 253"
"JDSMTRWSOS";"3-4-67. msp"
"JDUXHKPUAZ";"2-2-17 pz"
"JDVJKSUKLV";"Velitelství 1-361. dp"
"JDWVJGOKSH";"1-3-95-y TP"
"JDXRBXUVIC";"1-43. FlaRak"
"JDYSKRHJEW";"5-2-41y MSP"
"JEBFTFGNWZ";"W-6-41st Field Art."
"JEDQEIYRIZ";"1-524. Panzer"
"JEDSFVBSJN";"EM-170e Infanterie"
"JEJZHFEFRV";"HQ-I,/PWORY"
"JEKCXRGRYV";"2-1-40y GvMSP"
"JELUJOOOWF";"SK-VKK 343"
"JENAZFWKFB";"1-32. Rak.Art."
"JENFNTDPCF";"3-33. Panzer"
"JENHCJLADE";"4 bateria"
"JEPATJCNSH";"I,/73-y IAP"
"JERHQWZBUE";"Velitelství 1-74. msp"
"JESXLDAMNE";"3-TkBat-210y MSP"
"JEUFBVTUQY";"2-3-26y TP"
"JEVMVEWPSN";"I-3-66th Armored"
"JEWUECAWAU";"4-7. Pionier"
"JEXWWPSZQJ";"3-MSB-PR22"
"JEXXFMRPTW";"2-AB9"
"JFASMAHHRR";"II. JS/JG-3"
"JFCWKFORRU";"Wpn-5-8th Mechanized"
"JFHWRNQMPO";"12-4-1054y Art."
"JFJLBNVEUF";"3-1-PR16"
"JFLLTMNUGO";"2-TkBat-68-y GvMSP"
"JFQQVUXZVK";"3-1-5 Baa"
"JFXOQBGCUQ";"Velitelství 2-23. tp"
"JFXVAGAZMR";"SK-3-PR14"
"JGALPUPCUH";"SK-3-AR4"
"JGBTWBFNQT";"3-712. Jäger"
"JGCVICTNKK";"3-12. Pz.Gren."
"JGESSDLBAR";"A-11 GACA"
"JGHLYXKCNO";"HQ-1-R22R"
"JGLXPRWDNG";"F-2-319th Field Art."
"JGNKTZWKHJ";"HQ-1-27th Field Art."
"JGSZPPTYQT";"SK-220. Pionier"
"JGWQXYPTTB";"7-3-35-ya GvDShB"
"JGZYHWGVDO";"DB-2-59 pz"
"JHADQVYLJJ";"5-2. Aufklärer"
"JHAUTPTURF";"4-2-AB40"
"JHFGHVTNXR";"3-1-AR19"
"JHGLZPTJWS";"SK-292. Pz.Gren."
"JHGPRKAPLZ";"C-3RTR"
"JHLELGFSDP";"SK-2. PzGren. Div."
"JHNLZFECVI";"HQ-MNAD"
"JHOZSLHHUW";"1-GeWa7"
"JHRCAXARPA";"3-25. Artillerie"
"JHRWTDVING";"A-237th Engineers"
"JHWQVIBWVJ";"1-1-145y oTP"
"JHWTHENGQG";"B-58 Tkbat"
"JHXETQSTGC";"HQ-1-10th SFG"
"JHXPJDLGPW";"4-46 dplot"
"JHZMOZDANG";"2-11 dplot"
"JIBBEGOVOU";"2-36. FlaRak"
"JIBCEOPRNQ";"2-MSB-51-y GvTP"
"JIDPJDAVNU";"3-4432. Sicherungs"
"JIFWJFHXTJ";"1-PzB-MSR16"
"JINPFJMTSN";"Stabskompanie"
"JIPONCNNPK";"8-3-MSR14"
"JIPXJUXLFB";"CEA-126e Infanterie"
"JIYCWQTTCR";"2-1-MSR23"
"JIZEJTTNUJ";"2-865-VKK 411"
"JJAIXYNKFH";"4-2-23-y TP"
"JJAMHEWQPV";"2-4y Gv. Razv."
"JJFHDJVRFG";"3-3-55. msp"
"JJFSVTYMOA";"DB-3-23 pcz"
"JJKEGNBSZP";"4-2-27 pz"
"JJKTSYCGHA";"SK-20. MSD"
"JJSPKQUBQO";"ATGW-16th/5th QRL"
"JJSXOLJVMO";"EM-3e Cuirassiers"
"JJWSCCAWHF";"SB-15. Artillerie"
"JKAYCWDWQQ";"Staf-144 Afdva"
"JKBFQJVDQZ";"2-2-51. msp"
"JKENFIVISY";"10-IV-AB40"
"JKJZUGNADH";"1-126e Infanterie"
"JKLVMZZAHK";"3-401 RA"
"JKMCOPNAWN";"9-3-MSR2"
"JKMSSQINEF";"1-5-322. kdbr"
"JKQMBHHIRI";"SK-5. Panzer"
"JKRDNFQMGY";"SK-2-MSR15"
"JKRYZVEKRZ";"3-1-MSR14"
"JKSTVCGFCM";"SK-73. Pz.Gren."
"JKTPGSOVIJ";"4-284. Panzer"
"JKXPIHTSOT";"N-4-29th Field Art."
"JKZNCGOOUV";"HQ-2-81st Armored"
"JKZVTRGWBN";"Velitelství 3-11. tp"
"JLADBSVODW";"SK-3. Aufklärer Bat."
"JLAWXWSETX";"IV-KG2-ABr5"
"JLFRZEXWVY";"P-4-68th Armored"
"JLHOTTIJCP";"3-830-VKK 324"
"JLIECTTFDC";"3-PB-MSR33"
"JLIXKKCSNJ";"1-2-248y GvMSP"
"JLMFCSVRTF";"E-2-34th Armored"
"JLMNUJIUGD";"3-1-77y GvTP"
"JLOBYIQSWX";"1-21-y Otd. Ognemetniy Bat."
"JLOBZMEAOM";"O-4-11th ACR"
"JLOZJLPZBS";"1-92. Pz.Gren."
"JLRGNXGWBE";"9-3-128-y Art."
"JLSADAFYQH";"832. Jäger"
"JLUUAOGGVC";"1-9-y Razv. Bat."
"JLUZROIUEI";"2-807-VKK 241"
"JLVLKZFCRM";"X-5-16th Mech. Inf."
"JLZWBCYGPS";"3-443-y Otd. Sapery Bat."
"JMBBNSXFSG";"SK-232. GebJäger"
"JMFHMUJESU";"2-TkBat-295y GvMSP"
"JMFIYTYKMR";"7-3-87-y Art."
"JMFJPMOXSB";"3-56 pśb"
"JMFZPQUUEG";"3-1-17 pz"
"JMMCQTXXAG";"1-1-670y Art."
"JMMNGMYGLP";"3-2-28 pcz"
"JMNFCYBMFN";"3-2-18. tp"
"JMORQYATQJ";"1-2-361. dp"
"JMPMYUSKZM";"3-MSB-28-y GvTP"
"JMPZBCWTPP";"2-140. Pionier"
"JMTBLXJMNM";"4-2-AR4"
"JMUUOHANRT";"A-142 Painfbat"
"JMVTEMDSWF";"III,/11-y ORAP"
"JMWOGLPECS";"A-79th Engineers"
"JMYVVJOIAI";"4-82. Pz.Gren."
"JMZHEHHTXA";"SK-35. FlaRak"
"JNAHHZESYL";"2-6e RPIMa"
"JNEUUJQTLA";"3-248y Art."
"JNIIXMDNZS";"4-352. Pz.Gren."
"JNIJMAQQEN";"1-3-79. msp"
"JNIZCXERRT";"2-12. Rak.Art."
"JNJNGJXXNO";"SK-31. Panzer"
"JNLNINGZYO";"SK-3-MSR13"
"JNRHHGYURS";"4-2-MSR34"
"JNUMFEWHGK";"SB-315. Artillerie"
"JNVGEVGANA";"A-4RTR"
"JNVGMAFUVC";"5-2-MSR42"
"JNVQABDANY";"3-16. Jäger"
"JNXBBNQWVJ";"SK-77. Jäger"
"JOAYNOBXIL";"1-25. Artillerie"
"JOCVOSNZDO";"1-12e de Ligne"
"JODNKUZWFE";"3-1-29-y GvMSP"
"JODXRDWNRS";"SK-740. Pionier"
"JOFRRVVTDU";"Kom.-2-45-y Gv. Tank. Polk"
"JOHNKHUSNW";"5-2-241-y GvMSP"
"JOKFWAIZZR";"3-128. Sicherungs"
"JOOJCOWNDZ";"2-133. Pz.Gren."
"JOTBRKAPVP";"SK-1-AR19"
"JOUWDRFHLT";"3-FA15"
"JOVICUACTP";"3-1-67-y GvMSP"
"JOXQJMFQSH";"DB-35 pcz"
"JOXRTMLDPO";"2-341. Panzer"
"JPCVWVKSEV";"A-43 Tkbat"
"JPEPXBBKCY";"Staf-132 Infbat"
"JPEPZSAAXS";"I-1-77th Field Art."
"JPGKMOBJFA";"4-561. Pz.Gren."
"JPIIHRORDA";"2-282y Zen. Art."
"JPMIQIAJAG";"Kom.-2-211-y Gv. Tank. Polk"
"JPMZYBETVW";"3-171. plrp"
"JPNPRWFCGU";"3-292. Pz.Gren."
"JPPPRVLTMB";"2-1-68-y GvMSP"
"JPQGGHLWZY";"S-4-16th Mech. Inf."
"JPQTRSZVZW";"3-151. Panzer"
"JPQYDDLPTR";"Q-4-5th Field Art."
"JPSJIHWUYB";"102 Maresk"
"JPSLTYQDPD";"HQ-17th Engineers"
"JPSVGMZWXR";"Gpt. Reco"
"JPYDYXKGVT";"A-46 Painfbat"
"JPYICXMMPK";"2-304. Panzer"
"JPZURSSMGD";"10-4-724y Gv. Art."
"JQARCOIBUC";"9-3-PR23"
"JQBQVJKXDD";"2-1-61y GvTP"
"JQBUPBXJEW";"3-MSB-7-y GvTP"
"JQBWNXAZKC";"1-1-1. dp"
"JQDFKLAMCO";"SK-2-MSR15"
"JQDHQQNDGH";"1-17br"
"JQECSMBTBG";"SK-3-Art. Rgt. 7"
"JQFIBGAVVT";"HQ-3rd Armoured Division"
"JQFJKSQOHN";"HQ-2-69th Armored"
"JQFWIYOJAK";"1-3-23 pcz"
"JQLVRTYJEI";"A-26th Field Art."
"JQPAWWYXAZ";"E-1-4th Cavalry"
"JQRTKGLMFN";"3-102. Pz.Gren."
"JQUVKAWGQV";"Velitelství 3-64. tp"
"JQVOANMPFB";"B-1-30th Mechanized"
"JQVQQRLZFP";"B-1 Para"
"JQXQXQYIIS";"3-821-VKK 344"
"JRCPJLXPEA";"5-2-239y MSP"
"JRCVSOTNBY";"C-48 Painfbat"
"JRFNUWABNN";"1-91 pappanc"
"JRJBPCFBHY";"2-53. Pz.Gren."
"JRQTSYBKOM";"3-852-VKK 412"
"JRRGNQKVMO";"2-25 dar"
"JRRXYYTKWY";"C-11 Painfbat"
"JRSAGARXZE";"2-101. Artillerie"
"JRSSYSSBGK";"SK-VKK 453"
"JRUMGSLYNN";"2-TkBat-243-y GvMSP"
"JRVQHXJAZY";"Reco-1er Guides"
"JSAAMMWTPS";"2-1-33y MSP"
"JSBUAMPXGP";"M-3-8th Armored"
"JSCBCETWLS";"B-134 Afdva"
"JSDXYTLGVN";"Velitelství 2-10. msp"
"JSHGJXTOIF";"Pionier-Kie 310"
"JSIJBUJKAP";"B-2e Commando"
"JSMNNJYILR";"5-34 kdes"
"JSNOUXTXKR";"SK-3-PR15"
"JSRTURFDKS";"4222-VKK 422"
"JSUBUXDCFJ";"2214-VKK 221"
"JSUOKUYILU";"7-3-PR23"
"JSWADXEMTE";"3-92. Pz.Gren."
"JTALQDEIMJ";"7-3-126y Gv. Art."
"JTBACHUJJK";"3-3-8 pcz"
"JTBHDCYJUA";"3-308-ya Art. Brigada"
"JTBIUFHUJE";"5-2-AR1"
"JTCNGJGMMB";"1-4-10. msp"
"JTCRWCYWVY";"Kom-.1-841-y Art. Polk"
"JTEWJINWDA";"3-Tk-29-y GvMSP"
"JTGKRGVDVZ";"4-114e Infanterie"
"JTJLUSYBLR";"2-525. Artillerie"
"JTMPJCSIQE";"1-12 Squadron"
"JTPGNAQYWS";"Badger-2RTR"
"JTQEBZOPNS";"1-1-51-y GvTP"
"JTQPVKOJWS";"3-2-49. dp"
"JTRLXUSHHS";"2-2de Karabiniers"
"JTSOXOZZFD";"3-112y Razv."
"JTTAYQLKXD";"5-11. Aufklärer"
"JTUCGCAOKF";"1(Stab)-FJB 252"
"JTUSUVLDTN";"2-563. Panzer"
"JTWDYUZYVD";"1-1-172-y GvMSP"
"JTWLUWCDTD";"I-3-325th PIR"
"JTXOTRBZRW";"9-3-15-y GvTP"
"JTYSQAZDSQ";"HQ-3-75th Armored"
"JTZMIXHYQE";"Kom-.1-28-y Gv. Tank. Polk"
"JUBUXLFTHE";"2-MSB-PR15"
"JUBVVRFVYI";"B-1-10th SFG"
"JUDBZJUMMO";"7-3-AR20"
"JUFQTGXVWN";"DB-2 br"
"JUFYHKDSVL";"6-2-693y Art."
"JUGPHLJYOP";"DD-1-2 pa"
"JUKAQAGQYP";"4-3-28 pz"
"JUPWGTVAZZ";"2-1-17. tp"
"JURKYLJOFA";"Support-2e Carabiniers"
"JUTYASVALH";"II,/833-y IAP"
"JUUDMXAKIG";"D-17th Engineers"
"JVBHGBJYLJ";"4-564. Panzer"
"JVCHEMJVAA";"2422-VKK 242"
"JVEQBNSRRA";"8-3-174-y GvMSP"
"JVHIQWRRGJ";"1-645. Artillerie"
"JVMCIUNITV";"2-733. Jäger"
"JVRMDAXCLM";"SK-58. Sicherungs"
"JVXKEZWUOX";"2-439y oVP"
"JVZKOVGULE";"5-2-199y Art."
"JWHROOFGKR";"8-3-1047y Art."
"JWINWRHQGX";"5-401 RA"
"JWKSMLKNGN";"2-131. Pz.Gren."
"JWMZJNFFJZ";"6-2-199y Art."
"JWNBUVZIYV";"1-3-37 pz"
"JWRBIOJFCB";"2-2-32 pz"
"JWRLJQXDYG";"5-230. FlaRgt."
"JWURETANVV";"SK-112. Pz.Gren."
"JWXGWBTTLN";"Kom.-2-35-ya GvDShB"
"JWYEQPHZRC";"HQ-I,/RAR"
"JWZQZSUMFO";"3-FJB41"
"JXCVPNCPWN";"3-3-56y GvTP"
"JXDDCDELVF";"SK-524. Panzer"
"JXFZJVQWKY";"HQ-V,/RRF"
"JXGWREWJEF";"1-2e Carabiniers"
"JXHMJNLIPK";"Wpn-1-PPCLI"
"JXLFACTCFJ";"3-3e Hussards"
"JXPIZJLVDL";"B-1st Engineers"
"JXRDTVXRMN";"7-3-MSR28"
"JYAGDHWLFR";"Teile/PiB 17"
"JYFEJSAKAF";"2-216-y Otd. Zen. Rak. Bat."
"JYKXNPWMGI";"3-1-PR17"
"JYLNSKSBWS";"1-2-28 pcz"
"JYNYVSBWSV";"SK-1-MSR43"
"JYOABTTSJM";"3-4-33 pz"
"JYOPZQJIBP";"8-3-PR22"
"JYSYMFYKNU";"3-3-49. dp"
"JYTEQNZWWM";"1-204. Panzer"
"JYXICOJJSN";"3-802-VKK 244"
"JYZNQAQYTR";"C-26th Field Rgt. RE"
"JYZOVOMGCA";"D-3rd Aviation Rgt."
"JZCCZAIMER";"HQ-III,/Stafford."
"JZNMMWCMYB";"EM-14e DBL"
"JZPBJDGTLR";"3-TkBat-243-y GvMSP"
"JZUKDENMBG";"1-25 dar"
"JZVRZIWALD";"SK-VKK 413"
"JZXACSPKBB";"6-3-68-y GvMSP"
"JZXFZWMNAX";"4-2-65y GvTP"
"KABSJXVFCM";"DD-5-8 Bah"
"KACQLZFUQO";"3-3-27 pz"
"KAIXRIHEKU";"2-145. Artillerie"
"KAJEUEAMJQ";"A-V,/RRF"
"KAJMCPNWYD";"7-3-221y oTP"
"KAJQKUBMMV";"2-82. Pz.Gren."
"KAKNPTUWHL";"5-2-47y GvTP"
"KAPBZOIFSG";"T-5-6th Air Cav."
"KAQMAUTVOT";"8-3-MSR3"
"KARGRMQANT";"1-MSB-56GvTB"
"KARMEEIKJT";"HQ-1-36th Field Art."
"KAROPQGFGU";"1-1-sMSR25"
"KARWMGDCOT";"D-1-504th PIR"
"KATXLVBQNH";"A-16 Painfbat"
"KAVKFDZKFQ";"Kom-2-390-ya Art. Brig."
"KAVNOICFUP";"7-3-239y GvTP"
"KAWKECGHYM";"2-1-MSR22"
"KAWMZZTQPQ";"SK-3-PR10"
"KAYDYICXVV";"D-94th Engineers"
"KAZNIXALOR";"A-11 Tkbat"
"KBAZWNNMFA";"3-(TerrD)"
"KBCMFXRHXV";"P-4-5th Field Art."
"KBFAXAEENO";"D-58 Tkbat"
"KBJXQGVVSO";"2-1-AR19"
"KBLLOFPBGS";"HQ-2-136th Mech. Inf."
"KBPEEXCOVH";"Kom-.9-y Razv. Polk"
"KBUPBJZLGA";"2-16 kdes"
"KBWIPPCNFA";"3-113. Pz.Gren."
"KBYRAERIGZ";"Staf-17 Painfbat"
"KBYUDSUOUI";"C-49 Tkbat"
"KBZENOZEKA";"I-2-35th Armored"
"KCCMHKGPGF";"2-114e Infanterie"
"KCFXHBUDLY";"2-2-13 pz"
"KCHTLQBRYY";"1-AB1"
"KCOGJYGGZY";"4-2-MSR35"
"KCOKIWCHWX";"D-1-30th Mechanized"
"KCTNMIUPOS";"9-3-PR16"
"KCTTAJUIVM";"3-Res.MSB 43"
"KCUGTSXAAC";"1CC-2e Génie"
"KCXJEEVNQR";"3-12. Aufklärer Bat."
"KCXMLGXZRB";"3-9. ppr"
"KCXMXPKTMF";"1-2-50 pz"
"KDASIPDEXD";"B-QOH"
"KDJZHMYKZQ";"2-45 dar"
"KDKILEBHFP";"3-1er RCP"
"KDQYNGOPOB";"4312-VKK 431"
"KDRHLWFJXA";"1-3-26y TP"
"KDSAUNPKUZ";"A-349ste Smaldeel"
"KDTVYHEVDC";"D-1-5th Field Art."
"KDUSTJSOWZ";"1-3-9 pz"
"KDWOPWERBH";"DB-16 br"
"KDXGMSAINL";"Staf-44 Afdva"
"KDYPZPZZCB";"3-1-67. msp"
"KDZATKNPPS";"2-523. Panzer"
"KEANRHKWEO";"3-854-VKK 421"
"KECDLFQHBP";"7-3-944-y GvArt."
"KECZMYQCZL";"2-2e Chasseurs"
"KEDURTATBN";"5-35 pcz"
"KEGDDUZNXB";"1-3-75. thdbr"
"KEHIFEAKFC";"HQ-2-2nd ACR"
"KEMERRXLFD";"3-1-3. msp"
"KERRGFKSFL";"3-345. Artillerie"
"KEUOJCYPYL";"Wpn-1-58th Mechanized"
"KEVLSQVJFF";"SK-3-PR21"
"KEWAYHPGWE";"SK-3-MSR2"
"KEWEIXILVJ";"C-43 Painfbat"
"KEWUXSBCDG";"1-2-153y GvTP"
"KEZTCSXTFR";"2-831-VKK 331"
"KFAHLLLOCY";"3-13 dplot"
"KFDGMOPXYG";"BDP-46 paplot"
"KFDOIAABDD";"C-249th Engineers"
"KFDQPUBOPA";"1-41 ba"
"KFFLEVIBJQ";"1-MSB-62GvTB"
"KFHPSBOSAQ";"SK-2-PR22"
"KFIMNGZGTD";"A-Santiago"
"KFISGCTWNH";"B-54 Tkbat"
"KFJDOXPEST";"3-1er Chasseurs Ardennais"
"KFJHGYFHRY";"HQ-3-3rd Field Art."
"KFKRVGZLUN";"SK-26. Jäger"
"KFKSKVQEHV";"3-1-30y GvTP"
"KFKYNBDEVC";"2-91 pappanc"
"KFLEPLRXXQ";"Esc. de Chasse 2/3 Champagne"
"KFNLBZZWYC";"3-3-100 pz"
"KFNLSYHCEC";"1-25 br"
"KFNVCBJSTQ";"Kom-.915-y Otd. Zen. Rak. Bat."
"KFQANZEMWJ";"C-10th TFS"
"KFQDIYUPBA";"2-310. Pionier"
"KFQYBXBRBT";"HQ-2-35th Armored"
"KFURBWBXNB";"DD-3-4 pa"
"KFUSNENUSJ";"1-172y oVP"
"KFWKUHYHQH";"EM-35e RAP"
"KFZKIHRQCC";"2./WSB-15"
"KFZNBGVXMG";"SK-311. Panzer"
"KGAKERRSGJ";"10-4-87-y Art."
"KGCBPKQSCO";"1-21 dar"
"KGFSQAISEW";"6-2-295y GvMSP"
"KGGXDFGPKL";"2-201. Panzer"
"KGKFGMVZLC";"O-4-18th Field Art."
"KGNTAVXSLD";"C-26th Field Art."
"KGSIHONGCV";"1-1-3. dp"
"KGTMVOGEUF";"B-RSDG"
"KGUFABVEMC";"5 bateria"
"KGUVDBIOVZ";"3-101. Panzer"
"KGVGWUHSVS";"5-2-MSR17"
"KGWIUDTIIJ";"SK-152. Pz.Gren."
"KHFZBDUBOM";"2-1-375y TP"
"KHGGAPXKLU";"7-3-AR8"
"KHGLYGHYUF";"SK-12. Panzer"
"KHIUWYYDTZ";"4-294. Panzer"
"KHIVMKBTYW";"A-1-7th Mechanized"
"KHKXHAMCZD";"SK-72. Jäger"
"KHLALRKVHJ";"8-3-MSR23"
"KHLDGUINCI";"3-1ste Grenadiers"
"KHLRAMEERX";"3-2-3. dp"
"KHLWBOZKCK";"3-152e Infanterie"
"KHORQMAGFA";"3-KHG5"
"KHOZOLJCLH";"2-MSB-63GvTB"
"KHPIZBVLEN";"2-3-73 pcz"
"KHSRXUXWWB";"C-10th Engineers"
"KHTXUAAKNV";"1-3-56y GvTP"
"KHVDNWSVFN";"EM-1er Chasseurs"
"KHVGIMCNED";"3-359y Zen. Art."
"KHXWACPBCJ";"3-533. Panzer"
"KHYPDCCIMX";"2-1-AR7"
"KHZDRWIYZY";"4-34. FlaRak"
"KHZLZRZOWJ";"SK-2-MSR2"
"KICYBDQIEC";"A-249th Engineers"
"KIETVUWZAP";"3-311. Panzer"
"KIFYNMWRPQ";"HQ-II,/RIR"
"KIGJKEUCFR";"5-3. Aufklärer Bat."
"KIGWLYNYYT";"3-Eng-91y ISP"
"KIGYGGLXFD";"3-126. Jäger"
"KIHHZPPXEB";"5-2-AR10"
"KILTDVXTQJ";"3-1-283y GvMSP"
"KIQTTAJMDP";"1-MSB-197y GvTB"
"KIRRVRQUGR";"1-11e Cuirassiers"
"KIVCAREFQA";"SK-4301. Sicherungs"
"KJAHSWSPWP";"2-2-56y GvTP"
"KJAIQSHPRI";"3-361. Panzer"
"KJBEZJLUJU";"9-3-265y GvMSP"
"KJBSQPVNBM";"49-27 Field Rgt. RA."
"KJEIBCSJOM";"Kom.-1-70-y Gv. Tank. Polk"
"KJIDEZLALJ";"4-121. Panzer"
"KJMLZBYUOV";"1-Tk-170y GvMSP"
"KJMRVOHVCV";"1-815-VKK 344"
"KJNKYTGONA";"C-4 Para"
"KJOOMELAIP";"2-PB-MSR2"
"KJQSTCJLOK";"SK-FRR9"
"KJRJOGLICT";"Db-6 bpdes"
"KJSKMCAUJV";"3-645. Artillerie"
"KKDMBQGLPE";"E-2-4th Helo."
"KKDTIRUZVZ";"2-263. Fallschirm."
"KKEWZINSMB";"C-1 Para"
"KKFEMKFANI";"Kom.-2-390-ya Art. Brigada"
"KKHZBSKMHF";"7-3-164y GvMSP"
"KKICDGPXNE";"Gurkha Coy. Brecon"
"KKIWPBPWQK";"3-126e Infanterie"
"KKKXEBXCOF";"3-117. Jäger"
"KKMBSPBUFS";"2-33e RA"
"KKNCGFCOWY";"Kom.-2-1-y Gv. Tank. Polk"
"KKNZUPGMFT";"3-2-48y GvTP"
"KKORNZTHMQ";"1-7 ksap"
"KKOYHCHDJL";"9-3-29-y GvMSP"
"KKPXURVRNN";"HQ-2-319th Field Art."
"KKQYGQXDVZ";"41 GnBat (-1)"
"KKRJPNKJIT";"1er Gpe-7e RHC"
"KKSDDYFXVG";"A-1-505th PIR"
"KKTZFNDEBK";"4-2-290y Art."
"KKVZSXICZU";"1-2-5 pz"
"KKXEWKYUXR";"3-PB-MSR28"
"KKXLQDRGFK";"42 Field Sq. RE"
"KKXOCOEUQM";"B-496th TFS"
"KLBFBWWQPG";"Velitelství 3-4. msp"
"KLGEQRCFHT";"1-1-10. msp"
"KLGYTTJHWV";"1-480y PT"
"KLKZWGHVBV";"I-5FighterRgt"
"KLMRUMUFBN";"5-2-33y TP"
"KLPGKSTMSL";"6-2-164y GvMSP"
"KLPYQPZHOJ";"2542-VKK 254"
"KLPYVXVZHR";"662 Sq. AAC"
"KLQSZJVLHK";"3-1-67y GvTP"
"KLQWBUNFBZ";"1-1-28-y GvTP"
"KLWAZHSAVI";"DB-1-11 pz"
"KLYORTRCQL";"9-3-MSR7"
"KMAZVFEYVD";"A-1-27th Field Art."
"KMBSTTZSTL";"11-4-52y Gv. Art."
"KMCWDHDGVK";"A-115 Afdltlua"
"KMHXBBVBVN";"3-20e RA"
"KMKEMJWYSL";"Velitelství 2-15. tp"
"KMLWEPNAFR";"HQ-1-37th Armored"
"KMNTOKZTTT";"G-2-1st Helo."
"KMNWTCDTDB";"Kom-.3-28-y Gv. Tank. Polk"
"KMPJOYAGHV";"2-FJB 262"
"KMQPIVXRRJ";"1-88. Geb.Sicherungs"
"KMWIKSTPAU";"SB-121. Artillerie"
"KMWLGDHURM";"2-20 dar"
"KMWSPOKWJJ";"F-2-1st Helo."
"KMZEZHFKTQ";"4-13e RA"
"KNCXUOOSCR";"R-5-77th Armored"
"KNEVMPMFXE";"A-1-58th Mechanized"
"KNGBSPUFFT";"1-9e RAMa"
"KNLXDEKXNF";"1-1-95-y TP"
"KNNUIQSNRN";"3-641. Jäger"
"KNOPBZNDXF";"2-AB19"
"KNOXMBCUBG";"11-4-199y Art."
"KNQBKFMFXZ";"T-5-17th Field Art."
"KNQRXENDUX";"G-3-67th Armored"
"KNTDTLROFW";"2-172y oVP"
"KNVENJDXJS";"3-2-61y GvTP"
"KNYAODORWO";"III,/Artillerie-Regiment 3"
"KNYAWCCPTW";"4-291. Panzer"
"KNZGJLGZKK";"2-46 dar"
"KOEUHQKMIM";"HQ-1-30th Mechanized"
"KOFLZWCICW";"B-1-6th Mechanized"
"KOGISVMWJX";"3-1-322y MSP"
"KOGLCAYRRI";"3-861-VKK 453"
"KOGVGZPQWV";"2-(TerrF)"
"KOMSHDKHXM";"HQ-4/7RDG"
"KOPNXREEXV";"HQ-2-6th Mechanized"
"KOQCMGOHFX";"1-4-71. kdbr"
"KORYKJYGZB";"3-16e Chasseurs"
"KOUDJFTWLJ";"2-38. Sicherungs"
"KOVOHNCKRR";"Komandatura-227-y MVD"
"KOWARKJEMC";"9-1-54-y Art."
"KOWLDDWPSM";"EM-2e Etranger"
"KOYLHORXOR";"III. Esk./8. PLMB"
"KPBMLUNTZA";"3-824-VKK 321"
"KPBPHUAVOM";"2-6 kdes"
"KPBQOJMVCV";"Staf-13 Painfbat"
"KPCNVVAFPG";"SK-1-PR17"
"KPCUJIKHYK";"A-3 Field Rgt. RHA"
"KPEUXZMRYR";"3-MSB-153GvTB"
"KPILBIMXAN";"A-4450th TFS"
"KPIQQAOMEF";"11 eś"
"KPJATZJCFP";"4-34 kdes"
"KPJKVYTCKS";"3-PzB-MSR23"
"KPKHJQLEGP";"1-153. Panzer"
"KPOIUSAJXA";"1-1 sbsz"
"KPQVEZVZWU";"3-56. Jäger"
"KPRNKCKBZL";"3-811-VKK 254"
"KPSSCEUTXD";"SK-102. Pz.Gren."
"KPZNBXLWUL";"2-(TerrE)"
"KQBNOJWZJQ";"1-72. Rak.Art."
"KQDWGTKUCS";"Support-I,/RIR"
"KQFNXSSTHV";"Stab-HFK 3"
"KQGLLPZYBI";"202nd MP Coy."
"KQIIZNAUYR";"Staf-115 Afdltlua"
"KQOKYJJCGP";"1-3-5. msp"
"KQRPDLGHRU";"SK-564. Panzer"
"KQSBDAOXXD";"3-5th Field Art. Rgt."
"KQSKRTEGRR";"SK-VKK 253"
"KQSLLSUQCF";"1-3-12. msp"
"KQSPLWMFIW";"3-8e RPIMa"
"KQXQWSYGCV";"1-1 ksap"
"KQZONAQLTT";"D-1-16th Mech. Inf."
"KRDANXDVOY";"Stab-2. PzGren. Div."
"KRGCEMAWXQ";"3-524. Panzer"
"KRHFBUSUIL";"2-JBG 34"
"KRHGLFQJVQ";"HQ-16de Ptser Div."
"KRIBOESFBG";"3-352. Pz.Gren."
"KRJERAIBMJ";"2-361. Panzer"
"KRKSOUQELB";"B-55th TFS"
"KRKYPYNKFK";"1-802-VKK 244"
"KRMMBNVYKU";"Kom.-1-23-y Tank. Polk"
"KRNAGETYNX";"2-1-29-y GvMSP"
"KRNEJRZEFP";"1-1-249-y GvMSP"
"KRQIBNUYNS";"B-23ste Smaldeel"
"KRRTIJWSZQ";"1-2-8. msp"
"KRSVSHRIWF";"L-3-2nd ACR"
"KRVGIKGMJI";"7-3-AR1"
"KRYBHVAANE";"HQ-II-RALCA 62"
"KSAZKSWTLE";"Dét./13e RDP"
"KSCREHAMXT";"2-PzB-MSR17"
"KSCTSHOELY";"HQ-Farnesio"
"KSDPFWZXGA";"1-1er Chasseurs"
"KSENIRUTGC";"2-1-MSR18"
"KSHCTMHMMO";"3-4de Linie"
"KSNPTUGPLO";"3-342. Pz.Gren."
"KSPEBNSEGN";"7-3-29y GvTP"
"KSRHUZFTXW";"3-1-117y Art."
"KSRHYYOUKL";"15-5-AR9"
"KSSWLUNZGI";"2-3e RPIMa"
"KSSWSLFGND";"11-IV-AB40"
"KSTBUGDWLC";"1-1-PR17"
"KSWDDNQWRM";"16 eś"
"KSWUWSSOXT";"1-200. Sicherungs"
"KSXULTLDYH";"2-139y Zen. Art."
"KSZLZTFZFE";"1-MSB-23-y TP"
"KSZUCRBTLO";"A-1-1st Cavalry"
"KTBSFZBSDL";"B-I,/QOH"
"KTHBKULKBB";"4221-VKK 422"
"KTJKMQGDLW";"1-61e RA"
"KTMFHGNTNS";"3-283. Panzer"
"KTMHZPPKLZ";"1-83. Panzer"
"KTOTPWGETD";"3-34 kdes"
"KTRSICDDOF";"1-4433. Sicherungs"
"KTTDVTMXBZ";"10-4-AR9"
"KTUDKDORNT";"H-3rd Avia."
"KTVUXBTCUY";"SK-2-PR23"
"KTZHFRSQFP";"2-4-7 Bah"
"KUDHUPZIUJ";"3-141. Panzer"
"KUEHFMUZRJ";"2-12e de Ligne"
"KUJXPOOUVQ";"SK-36. Jäger"
"KUKZDXEYKR";"3-831-VKK 331"
"KULBIJUZBQ";"M-3-34th Armored"
"KULLYBIYLO";"Kom-.3-172-y Gv. MSP"
"KUOTJSVQZQ";"C-144 Afdva"
"KURDSBQPAW";"3-1-353y GvTP"
"KVAUEJCGSD";"Kom.-2-172-y Art. Polk"
"KVCKQFZGHB";"A-81st TFS"
"KVDJAUYCEY";"C-Wad Ras"
"KVGCACVOJV";"3-4-65. msp"
"KVJJBEVAMK";"1-865-VKK 411"
"KVJOWHSEDJ";"3-61e RA"
"KVLOGOGGLT";"3-1-AR8"
"KVLOKLPOQE";"1-2-60. tp"
"KVNFKQYYWC";"HQ-2-R22R"
"KVNTMZFMZC";"Staf-11 Painfbat"
"KVTCFOYXOM";"B-1-1st Cavalry"
"KVVCHLWMLL";"2223-VKK 222"
"KVYBNGIJGL";"2-2-8 pcz"
"KVZUAYOQSB";"3-2-50 pz"
"KWCRTJJQDX";"8-3-PR17"
"KWESNGQTZF";"2-TkBat-247-y GvMSP"
"KWFRWRKPMV";"2-JBG 33"
"KWHEYMVWPC";"SK-42. FlaRak"
"KWKJNSNSUP";"3-843. Jäger"
"KWLWEFGLSS";"2-5. Pionier"
"KWPNJBNQWY";"Feldersatz-Kie 2"
"KWPSARUYCD";"Kom.-9-y Tank. Div."
"KWQKFNKJVJ";"1-66y Gv. Zen. Art."
"KWSTJWSCFN";"8-3-MSR34"
"KWTSATGMJR";"2451-VKK 245"
"KWUMCBQFIM";"art-83 pz"
"KWVSSCDZPI";"1-133. Pz.Gren."
"KWXVMZFJIH";"I-3-1st Helo."
"KXAWXIHUCA";"3-2e Cuirassiers"
"KXGEMCZYAS";"1-3-104. msp"
"KXHBUCRFXN";"B-5 Hvy. Rgt. RA."
"KXHDDSVRGA";"BDP-11 prplot"
"KXINTQLOLQ";"3-1er Spahis"
"KXJGAXMGNW";"2-18 ksdes"
"KXKQGXSCOV";"31 Squadron"
"KXMECYOAVY";"2-86y OTB"
"KXOMMYSZHY";"14-5-211y Gv. Art."
"KXQTXSLPGR";"1-742. Feldjäger"
"KXRYENFYYG";"10-3-117y Art."
"KXSSGVHFOE";"1-33. FlaRak"
"KXUBSJJQYL";"SK-12. Pz.Gren."
"KXYEODPIMW";"19 Squadron"
"KXZFAYMHME";"3-1-12. tp"
"KXZTQMSIFS";"2-2-332. kdbr"
"KYCGINAUZH";"3-808-VKK 242"
"KYCNKSNGOS";"2-2-332y GvTP"
"KYCUKAXMCQ";"1-155. Artillerie"
"KYCXWENAOW";"H-2-4th Helo."
"KYDMTGWCEA";"1-1-MSR30"
"KYGIZLUCQJ";"Sicherungskompanie 9"
"KYJTOULAOF";"SK-244. Panzer"
"KYRVYWPDLY";"3-3-4. msp"
"KYXDWWEJDG";"HQ-12 GACA"
"KYYTNUTNBC";"2-821-VKK 344"
"KZDUXEAXDM";"8-3-166y GvMSP"
"KZGBODSEAH";"SB-52. Rak.Art."
"KZHKEDSIKD";"SK-1-MSR42"
"KZICYVFUOJ";"2-4-24 Bm"
"KZKBABADZB";"A-17 Painfbat"
"KZLJYSBOOC";"1-2-10. tp"
"KZMCNPFKHP";"1-49 pśb"
"KZNVIEXVLW";"A-26th Field Rgt. RE"
"KZSPGCWWTU";"2-2-7. tp"
"KZUUFRDCMC";"1-20-y TkB"
"KZVIFSHUDC";"4-1er Spahis"
"LACXGSRMVR";"7-1-54-y Art."
"LADASRNQUQ";"Velitelství 1-8. dp"
"LAGOGNPYJZ";"5-2-211-y GvTP"
"LAHAWWHRUM";"HQ-Avia. Brigade-4th Inf. Div."
"LALRYXNJCC";"EM-CG1CA"
"LAMCVRAHCE";"SK-740. Feldjäger"
"LAMELCUQDT";"2-1-172-y Art."
"LANOQZRURJ";"F-2-10th Armored"
"LAQNMXGNHS";"2-2-10. tp"
"LARLSODQGR";"HQ-1-54th Mechanized"
"LBBVPEYLJZ";"HQ-15 Para"
"LBCIDHONME";"2-17e Art. à Cheval"
"LBCYWQVORP";"HQ-1-18th Field Art."
"LBEHQSQCLY";"Kom.-1-34-ya Art. Brig."
"LBELDSLBMT";"F-2-3rd Helo."
"LBLXOJGSNV";"P-4-82nd Field Art."
"LBNZKLVXEW";"3-MSB-244y GvTP"
"LBOJLOAUZW";"2-923-y (SAM Bat.)"
"LBPTTPYLPI";"2-Tk-174-y GvMSP"
"LBQRKHNJZW";"3-1-63. msp"
"LBVWHHUBJP";"1-116. Jäger"
"LCEDEGUADA";"1-4-5. msp"
"LCFHCVFKQT";"1(Stab)-FJB 262"
"LCIEQYVKAD";"A-14/20 King's Hussars"
"LCNFKCIFLZ";"8-3-265y GvMSP"
"LCOQOAGJHG";"1-MSB-PR11"
"LCOWAWPQPE";"4-281. Panzer"
"LCPLEPFGGB";"EM-3e RHC"
"LCRTGAUWYY";"2-34. Panzer"
"LCVFIIVLXF";"9-3-MSR27"
"LCVJGRWNCH";"2522. Jäger"
"LCYQAHKRQD";"Kom-.3-44-y Gv. Tank. Polk"
"LDDEMAIYWP";"3-1 gb-10 pz"
"LDDSBIWDAM";"E-2-82nd Field Art."
"LDDXWVBBOG";"3-TkBat-283y GvMSP"
"LDFHZVUQUV";"I,/31-y Gv. IAP"
"LDKDIQWRJR";"2-3-36. dp"
"LDLQYUJIHQ";"3-1-62y GvTP"
"LDSYTWIQBF";"6-2-117-y GvMSP"
"LDTCKOVCPI";"1-TkBat-247-y GvMSP"
"LDWHLGGPRZ";"HQ-2-3rd Helo."
"LDYYUUFTQT";"2-1-62. msp"
"LDZKZTSUHD";"2-4-57. msp"
"LDZQGZLYAS";"1-61. Panzer"
"LEAWBUPSBX";"1-534. Panzer"
"LEDJSCPUED";"2-4-63. msp"
"LEFVRGLABL";"2-3-37 pz"
"LEILSMJVPV";"Teile-3-PiBr5"
"LEIQCMURFU";"C-40 Field Rgt. RHA."
"LELOYHSBJZ";"11-4-944-y GvArt."
"LEOAUMAJJB";"1-1-197y GvTP"
"LESVOGVRSD";"6-2-MSR27"
"LEXOZNEAYC";"EM-9e RCP"
"LEZOTLOQUT";"7-3-37 pa"
"LEZQGAEWRA";"4-2-45-y GvTP"
"LEZQPGSRAT";"3-1-75. thdbr"
"LFCUIFHAVG";"SK-535. Artillerie"
"LFCYEVCTQN";"4-7y Tank. Bat."
"LFCZZBFTRR";"1-713. Jäger"
"LFFIIAGEYZ";"13-y Saperi Bat."
"LFIYUNMPSH";"1-56 pśb"
"LFJUJDFQRR";"2-363. Panzer"
"LFJXNFEYXZ";"B-1-58th Mechanized"
"LFMGTLLPWZ";"D-124 Afdva"
"LFNVGTLCHW";"W-6-52nd ADA"
"LFODWSEAOZ";"4-229th Attack Helo."
"LFONNCMTUJ";"A-1-1st Helo."
"LFRINWEFVF";"4-1185y DShB"
"LFSHAGWYUG";"G-2-30th Mechanized"
"LFUWFRXBZZ";"3-1-sMSR25"
"LFZTHKDFWR";"3-210. Pionier"
"LGDFGOQABO";"8-3-841-y Art."
"LGGGBFQHUP";"HQ-QOH"
"LGJKDONWQL";"2-2-6. msp"
"LGLJTQXEST";"595th MP Coy."
"LGOQYPBYTX";"SK-561. Pz.Gren."
"LGPLNQEFOT";"N-4-229th Helo."
"LGRLNQQGOY";"3-5de Linie"
"LGSJQMYDZK";"3-1st Attack Helo."
"LGSWOCGNEH";"C-4RTR"
"LGTHVNTMIE";"Sicherungskompanie 19"
"LGWJRRZQVH";"N-4-7th Cavalry"
"LGWMLWHZKB";"1-2-23. tp"
"LGXTUXTRFB";"11e Gpe. d'Hélico. Légers"
"LGXZHCUANZ";"4-2-390ya Art. Brig."
"LHADHVXZNX";"1-14 ksap"
"LHBKBZMFQL";"1-1-68. msp"
"LHCDMFEGBL";"3-282. Pz.Gren."
"LHHFITHUUB";"HQ-1-6th Mechanized"
"LHIRSGSPDS";"330-ya Spetsnaz Rota"
"LHJSUMAYUQ";"SK-3-MSR1"
"LHMZHLTBVO";"C-15/19th KRH"
"LHNFAPGZMZ";"2-4. Aufklärer Bat."
"LHOBSWASKU";"7-3-211-y GvTP"
"LHOKDOPWBV";"2-25 br"
"LHOQWYKQKV";"11-4-211y Gv. Art."
"LHSRTFTKAF";"SK-2-PR21"
"LHULDIGXJV";"3e Det./12e RBC"
"LHWMLSTMOU";"833. Jäger"
"LHXSQZOLQW";"1-1-23 pcz"
"LHYJJCCQKS";"2-3-2. tp"
"LHYPYSITVO";"Staf-51 Afdva"
"LHYXDINOJS";"D-1-RCHA"
"LHZEHAUXBN";"7-3-MSR42"
"LIDBEGHWTC";"1-2-41 pz"
"LIGPJOMZWL";"3-17y Gv. Razv."
"LIJMJDJASA";"8-3-670y Art."
"LIMJXQHIVG";"3-62. Pz.Gren."
"LIOVWZGQUB";"1-152. Pz.Gren."
"LIQYFDBRZQ";"3-4-62. msp"
"LIRSJGPNPS";"2-2e Cuirassiers"
"LISKAFGENC";"6-2-244y GvTP"
"LIXUULGTDL";"L-3-44th ADA"
"LIYEMQHVKO";"94-45 Field Rgt. RA."
"LIZKZYOAOO";"5-2-AR3"
"LIZVUJZUHR";"EM-9e RAMa"
"LJBNHMILZZ";"E-2-5th Field Art."
"LJDYPKHMMW";"3-3-3. dp"
"LJFSWFZMLG";"3-71. Pz.Gren."
"LJGNPMQDZK";"2-352. Pz.Gren."
"LJMUWLRYKU";"A-1-68th Armored"
"LJONQHOOHF";"7-3-95-y TP"
"LJOOVSANER";"Kom-.1-29-y Gv. MSP"
"LJXMEMWRFE";"SK-7. Aufklärer Bat."
"LJYSTSRBZU";"2-1-70y GvTP"
"LJYSZRDPJI";"2-743. Feldjäger"
"LJYYPBYIRQ";"4-10. Pionier"
"LKBYZFTJSP";"SK-203. Panzer"
"LKCTJLESKO";"2-440y oVP"
"LKIUPEHLKF";"1-AA1"
"LKJDDBPLAM";"3-1-55y GvTP"
"LKJPUVGPYG";"6-2-51-y GvTP"
"LKMFURFKPV";"2-PJA17"
"LKNCJPXSDY";"3-195. Artillerie"
"LKNZHSCKEN";"T-1-151st Helo."
"LKONGOESMN";"Support-14de Linie"
"LKPQIARPUB";"1-1-11. msp"
"LKSEHRDDCO";"9-3-MSR17"
"LKWHJNPRQY";"4-110. Pionier"
"LLBKRBGAYI";"1-1-3-4-ya Art. Brig."
"LLBLUMYZKD";"EM-4e Cuirassiers"
"LLDCLCRIKV";"4-2-AR17"
"LLDZWWWBFE";"2-561. Pz.Gren."
"LLESZDJITF";"Velitelství 1-10. tp"
"LLFZHNKBXO";"3-(TerrC)"
"LLJIMVJZCA";"2-20th Field Art. Bat."
"LLKVOZCGLM";"C-9th/12th Royal Lancers"
"LLMTBRUBIN";"3-2-332. kdbr"
"LLOYKHYWQB";"B-Escadron Blindé"
"LLTAYMNEUG";"1-2-68 pcz"
"LLTDQHWXHK";"SB-35. Artillerie"
"LLUQQWVPJH";"Kom-3-944-y GvArt."
"LLVQWNQGPK";"3-1-33 pa"
"LLWBLMPOBT";"3-4433. Sicherungs"
"LLWKLJIQZE";"3-(TerrE)"
"LLXMHCMBOM";"7-3-29-y GvMSP"
"LLXTIYBFNX";"2-1-51-y GvTP"
"LLYEXSCNIV";"H-2-20th Field Art."
"LLZPSVJJQW";"Kom.-13-y Razv. Polk"
"LMCEGOLODD";"3-3-63y GvTP"
"LMFPVCWRVH";"DB-2-28 pz"
"LMHPDUJGBU";"C-3rd Field Art."
"LMHQJUWNVE";"SK-AA11"
"LMJJWPBGFD";"2-128. Sicherungs"
"LMNXDEQHQH";"5-233. GebJäger"
"LMOJJFKCDH";"1-2-40y GvMSP"
"LMUEPBFFQA";"2-73. Pz.Gren."
"LMXEOWXHHX";"3-MSB-17-y GvTP"
"LMXOPWIATK";"3-38. FlaRak"
"LNBKZRGLVX";"1-128. Sicherungs"
"LNCGXEFAHN";"9-3-278y GvMSP"
"LNDFDPFACH";"A-23rd Engineers"
"LNDJTWQKKL";"2-2-55 pz"
"LNJTCNWGDA";"3-TkBat-204y GvMSP"
"LNKBWTYILF";"1-1-16y GvTP"
"LNKKOIIATD";"4-3e RPIMa"
"LNMTUMNHAE";"9-3-PR1"
"LNNNRAIRAS";"2-264. Fallschirm."
"LNQFLXJDNS";"1-MSB-7-y GvTP"
"LNRWNBXMKI";"1-2-59 pz"
"LNUFHENSRS";"Staf-45 Afdltlua"
"LNYOOQFTEU";"Kom.-3-51-y Gv. Tank. Polk"
"LNZFTPJXZE";"1-364. Panzer"
"LNZTPMBGXG";"1-2e Gidsen"
"LOAQESFEQK";"1-1-280y GvMSP"
"LOBQCEJFPW";"B-TRH"
"LODUDFGZOE";"2-1-362. dp"
"LOFQCOBPTO";"2-Tk-170y GvMSP"
"LOJFHBXDPJ";"C-16 Painfbat"
"LOJJMTTMLB";"1-1-204y GvMSP"
"LOJLHROAKY";"Velitelství 2-33. tp"
"LOLJATWJXB";"3-PJR5"
"LOLVDCDBHK";"2-178y oVP"
"LOMISWFSEH";"B-III,/TLI"
"LOOXIULFYA";"3-18y Gv. Razv."
"LOPWIIQDUA";"1-Tk-174-y GvMSP"
"LOSAUGAFMD";"4-8. Geb.Pionier"
"LOTPIUUSZZ";"3-4-63. msp"
"LOWXNBKEDJ";"R-5-68th Armored"
"LPAPPXBWCX";"409TFS"
"LPCAUXBKDR";"DB-2-41 pz"
"LPCKUPHMNT";"B-3e Parachutiste"
"LPCURZOZHW";"1-2-11 pz"
"LPDQIDSDHE";"SK-8. Geb.Aufkl.-Bat."
"LPGJLZPHVX";"1-359y Zen. Art."
"LPJOMZWFRE";"H-2-10th Armored"
"LPJXAGWGJU";"6-2-99y Art."
"LPKTJXXGII";"3-12. plrp"
"LPLFABIRZV";"1-29-y Otd. Tank Bat."
"LPLNHSQPAH";"2-TkBat-333y MSP"
"LPNNPOOUYM";"Velitelství 1-75. thdbr"
"LPOZTSFNXJ";"3-3-71. kdbr"
"LPTDPDJCMD";"HQ-3-66th Armored"
"LPTXOOJXQT";"1-830-VKK 324"
"LPUGNZJDFT";"2-2-100 pz"
"LPVWNUNKMV";"3-1-PR4"
"LPXRSWKHDS";"I-3-504th PIR"
"LQAUQRXXSK";"DB-3-24 pcz"
"LQBFOCVADW";"4-2-22 pa"
"LQEABKOHSM";"5-17th Field Art. Rgt."
"LQEHFAMFQJ";"L-3-5th Field Art."
"LQEPIVNLVX";"2-1-244-y GvMSP"
"LQHDUHOZSS";"6-2-23 Baa"
"LQIKYCCADV";"E-2-81st Armored"
"LQJNKAUDCU";"Kom-.2-68-y Gv. MSP"
"LQMUMQOEIB";"EM-24e Chasseurs"
"LQOLZFXLTF";"HQ-74de Artillerie"
"LQQKQKHDFD";"F-2-29th Field Art."
"LQQXGTVHBE";"3-1-6. dp"
"LQSLBNYEAI";"2-108. Sicherungs"
"LQTJTXAJGF";"2-213. Panzer"
"LQTMHPHYLC";"B-1-39th Armored"
"LQUFKPSDXP";"1(Stab)-FJB 251"
"LQWEHWAAWM";"2-28y OTB"
"LREAITVEMC";"SK-VKK 411"
"LRFGYKUOMG";"Velitelství 1-47. dp"
"LRFQLSTNOM";"2-1-AR17"
"LRGVETTIFF";"2-1-117-y GvMSP"
"LRJGIYUAXD";"SK-10. MSD"
"LRKBCZNCSK";"HQ-2RTR"
"LRNPPEVTKH";"7-3-30y GvTP"
"LRPXBHEKIK";"3-521. Jäger"
"LRQEQVRHCQ";"3-TkBat-240y MSP"
"LRVIABRAET";"1-2-49. msp"
"LRVUTNRJOE";"9-3-244-y GvMSP"
"LRWWYUUJSX";"10-4-914y Art."
"LRXICUGFRX";"HQ-5-RALC"
"LRZPRWTYYB";"4-5e Chasseurs"
"LSAGQPIHUJ";"Kom-3-95-y TP"
"LSCXSPTQGS";"E-2-1st Helo."
"LSENLHDVKS";"1-4-24 Bm"
"LSGGXSQBLH";"D-5-41st Field Art."
"LSGKCNTSPC";"4-401 RA"
"LSIXMHQCQE";"1ya PT Rota"
"LSKTJWMLCY";"SK-1-MSR17"
"LSNBJXZPKF";"2-3-153y GvTP"
"LSQQUPVYBL";"4-132. Pz.Gren."
"LSUEJCXJEM";"HQ-2ste Jagers te Paard"
"LSUKRORAVS";"Kom-.1-170-y Gv. MSP"
"LSUZQGQCES";"2-18 dplot"
"LSVFNHIRNN";"2-288-ya Art. Brigada"
"LSVQZZNNXN";"3-15. ppr"
"LSYMMAMORY";"7-3-16y GvTP"
"LTASXENADO";"2-284. Panzer"
"LTAWWZALWJ";"3-4-75. thdbr"
"LTBYRIFSYE";"3-111. Artillerie"
"LTCPBOXCTJ";"P-4-32nd Armored"
"LTDPFJFTOG";"A-144 Afdva"
"LTEBFAVTGP";"8-3-29y GvTP"
"LTGWPUYTAX";"1-71. Pz.Gren."
"LTPJDYTGLW";"4-36. FlaRak"
"LTPXDWJSMM";"Velitelství 22. vp"
"LTTOCRIKVW";"3-3-24 Bm"
"LTTSMLBAOQ";"četa TAI"
"LTUZCNBUEL";"2-144y Zen. Art."
"LUCKKQSGQX";"4-742. Pionier"
"LUDWFLVUEI";"3-4-104. msp"
"LUFBINSXSZ";"3-2-60. tp"
"LUFXNMEWBQ";"1-1-54-y Art."
"LUGXQHQZDS";"1-MSB-PR15"
"LUHEOOSUKX";"2-1er RA"
"LUHMFTHEUN";"1-1-244-y GvMSP"
"LUIGOUCUFX";"B-V,/TLI"
"LUIUXVGENY";"3-2-12 pz"
"LUKGOOFRTH";"2-Tk-29-y GvMSP"
"LUMUTUXLIF";"2CC-2e Génie"
"LUNKKAJLIH";"R-1-111th Helo. (NG)"
"LUOCGLTPAZ";"EM-11e Artillerie"
"LUQVBCCDGQ";"SB-105. Artillerie"
"LURFWNFJEY";"Staf-42 Afdva"
"LUSAAMWJQE";"3-4e Etranger"
"LUWKYPEADZ";"F-2-20th Field Art."
"LUXAEGYJZC";"SK-5. Pionier"
"LUYIAEIACT";"A-5-RALC"
"LUYRTHSOQP";"SK-2-GeWR5"
"LUYXPYKEFB";"9-3-MSR23"
"LUZVYKGZPR";"1-FR19"
"LVFSNHQMQR";"3-1-172-y Art."
"LVIAFTZZAB";"1-2-27 pcz"
"LVKIHDJRKS";"9-3-33y MSP"
"LVKIIHYGCW";"4-21e RIMa"
"LVMWPLSESD";"Velitelství a štáb 9. TD"
"LVNCSUIXOM";"1-1143y Zen. Art."
"LVNXMQISSC";"HQ-1-4th Cavalry"
"LVOWWZYBUO";"Pionier-Bat. 732"
"LVRNLIUMVI";"D-154 Afdva"
"LVTSUDCVCA";"15-5-211y Gv. Art."
"LVTXYJUSTP";"8-3-PR14"
"LVZIZPBSXA";"III,/368-y OShAP"
"LWDVMCSSNM";"I-4FighterRgt"
"LWFGPDXLRN";"T-5-3rd Field Art."
"LWGESLOGXY";"1-V,/RAR"
"LWKPYCWVAS";"2-1-13 pz"
"LWNXVFWUJT";"2-AA17"
"LWODUPSKHH";"7e CAD"
"LWPLYCBYCQ";"2-1-7 Bah"
"LWSATDQIDM";"6-15 pcz"
"LWSQPGOODD";"2-PJR5"
"LWTYHPWRGZ";"4-62. Pz.Gren."
"LWUHEREAPQ";"HQ-VII,/RAR"
"LWWUXJWXTQ";"SK-17. MSD"
"LWZYYYAKUI";"1-1er Cuirassiers"
"LXBCVZUOVX";"B-1-13th Mechanized"
"LXCQWYMAWG";"1-203. Panzer"
"LXDIASETFB";"3-1-15-y GvTP"
"LXFNXHMRBC";"II,/20-y Gv. APIB"
"LXHFKNPOFK";"2-1-390ya Art. Brig."
"LXHFVSDFEL";"3-288-ya Art. Brigada"
"LXNRJBINHO";"2-3-353y GvTP"
"LXWYOVPXRZ";"2-291. Panzer"
"LXXJYMGIYH";"A-15 Painfbat"
"LXXNCLMOSI";"2-13e RA"
"LXYMAIMEBH";"C-1-11th ACR"
"LYBHYFQXZE";"2-3-362. dp"
"LYCEGAOXGI";"C-VII,/TLI"
"LYDQEYQOGQ";"SK-33. Panzer"
"LYEYWONNQS";"4-741. Pionier"
"LYGAFHTFGJ";"1-144. Panzer"
"LYIPDQFQOH";"12-4-99y Art."
"LYNANGVECQ";"1-11-y Razv. Bat."
"LYNYJCVYGQ";"C-103 Verkbat"
"LYOBYGMGZV";"2-2-63. msp"
"LYOFYQGRMN";"B-1-10th Armored"
"LYQHWATTOM";"4-402 RA"
"LYTEEXQSHZ";"3-1-7. tp"
"LYURXRFMXR";"1-2-6. msp"
"LYZKQHWWNT";"I,/33-y IAP"
"LZFPGFRGPN";"1-489-y PT"
"LZGVOJTBNK";"EM-4e Etranger"
"LZHNSRLNGE";"Kom-.2-87-y Art. Polk"
"LZHUSOTQGB";"2-10 kdes"
"LZIGABNNAK";"2-72. Pz.Gren."
"LZJNPIXXTQ";"SK-117. Jäger"
"LZKZWQQBRK";"Ost-132 InfBat"
"LZNQLVEQEQ";"1-AA11"
"LZTKTMGIWV";"1-1-8. dp"
"LZUKYRFPQT";"DB-3-6 pz"
"LZVBWMXBHJ";"2-2-28 pz"
"LZZXQKNEQE";"C-14 Afdva"
"MADYJOSMJJ";"SK-312. Pz.Gren."
"MAEHLPSLHG";"GSA Mitte 3"
"MAHQITNQOI";"1-801-VKK 344"
"MALPABSOAU";"O-4-229th Helo."
"MALQZLNEGY";"E-2-229th Helo."
"MAMTXZLOAQ";"3-1-117-y GvMSP"
"MARPRGRKWF";"C-107 Afdva"
"MATQOQLMOG";"SB-125. Artillerie"
"MAUNYSEMIF";"3-142. Pz.Gren."
"MAZYRZOEJC";"5-303. Pz.Gren."
"MBADOXKHQJ";"2-4-6. msp"
"MBAJUGXIRL";"SK-VKK 313"
"MBBUGYMJLI";"C-Farnesio"
"MBEJYZCBKP";"2-1-13. tp"
"MBEMIMVLRH";"HQ-2 Gurkhas"
"MBGTXWRILN";"4-2-MSR1"
"MBIJSWVTWA";"554th MP Coy."
"MBIORRYWUE";"3-439y oVP"
"MBIZRHAMVB";"D-1-77th Field Art."
"MBJBBFBSUY";"2-2-23 pcz"
"MBJRVFJPLP";"4-2-286y GvMSP"
"MBKKCKJEMF";"G-2-20th Field Art."
"MBMQGFRKSM";"2-1-MSR27"
"MBNPHOMXVQ";"1-100. FlaRgt."
"MBRMBQOVVX";"1-2-3. dp"
"MBRRBCKXSX";"4-2-96-y Art."
"MBVCZRAKLE";"SK-131. Pz.Gren."
"MBXBPFMBWB";"2-AA11"
"MBXFYHVGGR";"6-2-128-y Art."
"MBXHNCRJJX";"B-43 Painfbat"
"MCBHHIMYVH";"T-1-111th Helo. (NG)"
"MCBNFNARJZ";"3-18 dplot"
"MCCFBEDLIH";"C-3e Parachutiste"
"MCEDZNULBU";"3-12. Pionier"
"MCFNBBPJWS";"5-2-237y TP"
"MCISIHGTVD";"5-2-96-y Art."
"MCIUETTMNV";"2-5e RHC"
"MCJRKNAVYY";"A-III,/Stafford."
"MCMXXBWXSJ";"Teile/FRA-4335"
"MCOARKMKOY";"Kom-.3-241-y Gv. MSP"
"MCRIERFODW";"(Territorial C)"
"MCULFVGPNT";"1-MSB-PR21"
"MCVJCGWQUK";"Kom-2-944-y GvArt."
"MDAPPFBRSK";"2-1-PR23"
"MDFJBELSGE";"3-14. ppr"
"MDHCIFCEHY";"Velitelství 3-18. tp"
"MDKBZOONSH";"1-3de Linie"
"MDRCQLVCGE";"3-144. Panzer"
"MDTRIRFYCE";"3-2-24 Bm"
"MDWVBAPALP";"SK-1. Panzer"
"MDZEFEJZOC";"3-4-11. msp"
"MEAGOFDYEI";"1-20 pappanc"
"MECVXXHNMC";"B-39th Field Art."
"MEDYFWIBWB";"2-Tk-172-y GvMSP"
"MEGLBBXOIX";"Velitelství 2-9. msp"
"MEJKOSCGNV";"DB-2-25 pz"
"MEUHWUHQZX";"3-1-AB40"
"MEWKGHBXUP";"Velitelství 20. ppr"
"MEZESJPFBE";"1-1-AR11"
"MFBSAOKILE";"1-36. HFR"
"MFGCQDXTPI";"HQ-103 Field Rgt. RA"
"MFGGHPKLCH";"3-3e Chasseurs"
"MFPAILYKGD";"9-3-MSR30"
"MFQHVJOWQS";"1-3-4. msp"
"MFRZWOMGEJ";"2-2-28 pcz"
"MFSYULKGCV";"1-1er Rgt. du Génie"
"MFVCUCUZDM";"Reco-3e Lanciers"
"MFWBTGLJMA";"2-2-47. dp"
"MFYEISPITM";"SK-2-MSR42"
"MGCDZWZQGO";"7-3-400y MSP"
"MGHXHDOPBN";"1-GeWa10"
"MGLLBUGVXH";"2-83 dplot"
"MGLSPBTQQY";"2-78. Sicherungs"
"MGNNGISDFL";"3-531. Jäger"
"MGNXRMOOQA";"1-3-10 pz"
"MGQLHOLOSJ";"Kom.-2-70-y Gv. Tank. Polk"
"MGTJWCSRSH";"EM-60e Artillerie"
"MGTXLZDTGZ";"2-46. Jäger"
"MGWPHMPSJA";"H-2-70th Armored"
"MGXMHURTHC";"3-1-PR20"
"MGXOKRWFKV";"B-GACA I/11"
"MHAVFODWDO";"1-3e Dragons"
"MHBMGNPRLP";"G-2-32nd Armored"
"MHCCKMLSHZ";"B-42ste Smaldeel"
"MHEZNZUEIS";"Staf-114 Afdva"
"MHJOYDOEVT";"4-54e RA"
"MHKOXLSIQJ";"4-2-724y Gv. Art."
"MHKXTHSPWD";"1-3-3. dp"
"MHNDETMUHV";"3-46 dar"
"MHNOAEUUZF";"1-2-67. msp"
"MHNRWSEZEL";"SK-632. Jäger"
"MHPJCYJKYU";"22CA-9e Génie"
"MHQLQHFPNJ";"Velitelství 2-11. tp"
"MHRHLJNAAS";"1-4e Etranger"
"MHSCHMZYHL";"4 kochr"
"MHSMMCONGL";"3-9 br"
"MHTPGNGSFW";"HQ-2-RCR"
"MHTYLAECCA";"4-200. FlaRgt."
"MHUXVIZNPQ";"2-1-145y oTP"
"MHWBNNXGJT";"D-237th Engineers"
"MHWONBWCMM";"1-1-21. tp"
"MHXOHZCEJA";"1-1ste Grenadiers"
"MIBXSPNGQK";"SK-153. Panzer"
"MIFWEVGSER";"1-1-PR15"
"MIGMVZSBUS";"3-2-36. dp"
"MIIXVPNNZI";"Kom.-1-34-ya Art. Brig."
"MIJRVWBPOL";"3-41. FlaRak"
"MIKINCHPLC";"3-MSB-95-y TP"
"MIKXPOLHOW";"A-1-13th Mechanized"
"MILWAWAINH";"8-3-AR1"
"MIMLGHHDMI";"EM-12e Artillerie"
"MIMUECQRFL";"4-230. FlaRgt."
"MIPTEGBETN";"Support-1de Karabiniers"
"MIPYPCAOCH";"1-2-38. PT oddiel"
"MIQNEWSMQB";"Staf-12 Painfbat"
"MISDBZMODR";"2-8e RPIMa"
"MIVRVQQAJJ";"2-115. Artillerie"
"MJCIIPSBQL";"2-1-914y Art."
"MJCOGAYJRF";"GSA Mitte 1"
"MJCOSQQDJT";"1-94. Panzer"
"MJFAKWSOWU";"Stab-4. Pz.Gren."
"MJFAMOGLRT";"2-533. Panzer"
"MJIJMHBEAJ";"DB-3-51 pz"
"MJJERAXXQG";"2-2-67. msp"
"MJKRAZWYCR";"1-816-VKK 312"
"MJOAILDZXP";"3-28y OTB"
"MJPVAXSMDW";"3-36. Jäger"
"MJRQXZQIRB";"1-83 pz"
"MJSBILFIBE";"3-858-VKK 471"
"MJTGYIBTCJ";"3-1-MSR9"
"MKAYMAHZUF";"Teile/PiB 10"
"MKEYPFPDNQ";"1-1-36 pz"
"MKJWSWLJBG";"Velitelství 3-49. msp"
"MKKNOBEKXV";"2-FR10"
"MKKYYPKMRZ";"HQ-GACA II/11"
"MKLJHZAKMR";"SK-GeWa10"
"MKNBJWKGXN";"SK-19. MSD"
"MKNCRIORZG";"1-143. Panzer"
"MKNHOFVWBS";"2-1-6 pz"
"MKNXNDTWZX";"3-1-74y GvTP"
"MKOXMYTLQZ";"8-3-117y Art."
"MKTGASJFSH";"SK-3-MSR43"
"MLGLFPFSMK";"1-7y Gv. Razv."
"MLIHPYQQEK";"3-2-3 pcz"
"MLJAMVAEYW";"2-Dd-35 das"
"MLMQCHUSZV";"2-825-VKK 321"
"MLPGJKAABR";"3-3-28 pcz"
"MLRPHGEUMC";"Staf-107/108 Afdva"
"MLXKLIWBBH";"3-91. Panzer"
"MLXQXEHAEG";"Kom.-1-211-y Gv. Tank. Polk"
"MLZPTIYPKM";"1-3-361. PT oddiel"
"MMBTOSQSHN";"6-2-PR8"
"MMCLLHRSYZ";"2-3-13. tp"
"MMEJDRRAHK";"2-HBS57"
"MMEPQODDBO";"A-GACA I/11"
"MMEQCBMDCA";"4-2-585y Art."
"MMIFFGKRAY";"2-210. Pionier"
"MMJBMKBMIG";"2-TkBat-244-y GvMSP"
"MMMNLCRUZN";"3-MSB-40y TP"
"MMOYVQYZUQ";"9-3-MSR22"
"MMTAUUMLEO";"1-1075-y Otd. Zen. Rak. Bat."
"MMUDYXFAGM";"SK-2-MSR42"
"MMUSKDHNLV";"10-3-6 Baa"
"MMVRKGIVCP";"SB-195. Artillerie"
"MMZLBKNNBN";"2-13. Pz.Gren."
"MNABOQLFGX";"2-331. Panzer"
"MNDJEQIIPX";"Kom-.1-ya Gv. Tank. Armiya"
"MNJFLNICXP";"3-857-VKK 432"
"MNNHJXNJQO";"C-1-15th Mechanized"
"MNORPWMQYG";"1-1-MSR41"
"MNQOYPQUUL";"HQ-I,/QOH"
"MNRCLCGEXV";"1-34y Razv."
"MNWEPEDBFY";"HQ-1-504th PIR"
"MNXHOMIANP";"3-303. Pz.Gren."
"MOAYRMHATF";"1-1-AR9"
"MOBVIJPIKY";"1-857-VKK 441"
"MODKBUVRHI";"I-3-75th Armored"
"MODWPREZCO";"1-3-15. tp"
"MOEATDMJXY";"2-18y OTB"
"MOGKENLFDR";"SK-Res.MSB 13"
"MOHZMGEYXI";"C-11 Afdva"
"MOJVNYNPOL";"3-43 dar"
"MOKUXFPTLF";"SB-41. Artillerie"
"MOMUOCVJMV";"Teile-1-PiR3"
"MOPNUWRLGU";"A-3-PPCLI"
"MOQJAJQKCU";"HQ-Blues & Royals"
"MORYFTYHIC";"Kom-2-67-y GvMSP"
"MOTCKZAVZT";"2-PzB-MSR42"
"MOVRPLYSVZ";"1-84 pz"
"MOXYTOZKGG";"A-42 Painfbat"
"MOYFEVQUXT";"SK-1-AR11"
"MOZLOUUKPP";"2CCM-9e Génie"
"MOZNUJMCIO";"12-4-914y Art."
"MPBAFCTXNN";"3-1-51 pz"
"MPMAMKDBZX";"G-2-29th Field Art."
"MPMHQWGDWG";"1-3. ppr"
"MPPKWRIHJK";"B-509th TFS"
"MPRVOCLEAV";"5-216-y Otd. Zen. Rak. Bat."
"MPSTYWJDSB";"3-3-47. dp"
"MPUJJMQZMZ";"2-35e RAP"
"MPWTISZVYL";"Velitelství 3-47. dp"
"MPZZLPIYMJ";"4-2e Etranger"
"MQDQIZWLXQ";"2-14. ppr"
"MQFMMDELFO";"DB-1-17 pz"
"MQFVIFEHXQ";"5-2-28-y GvTP"
"MQFXKCSSIA";"1-813-VKK 353"
"MQGOOYSMAF";"1-1-4. msp"
"MQIFMCUWJK";"Teile- PIB7"
"MQLNALDCUS";"1-TkBat-166y GvMSP"
"MQLNRDNEOE";"1-1-245y GvMSP"
"MQODMLWUOV";"R-3-35th Field Art."
"MQSYOWQGVN";"2-1-17. dovm"
"MQTAQJJYAW";"2-1 sbsz"
"MQUUMRGBYR";"2-823-VKK 313"
"MQXOEXUSYH";"3-1-37 pa"
"MQYVMRSZLW";"A-Alcantara"
"MQZFQKKTCB";"SK-301. Panzer"
"MRAXWSLGZD";"1-GeWa19"
"MRFEPNBPHI";"DD-43 dar"
"MRFOPOSEFF";"C-I,/QOH"
"MRJYPFABSQ";"3-3-13. tp"
"MRLIKAFWOF";"SK-3-MSR30"
"MRLVOBLSQV";"3-25 dar"
"MRPJLPLBTK";"1-FJB40"
"MRQSLWHSVQ";"A-55 Painfbat"
"MRRHUCHXTS";"C-54th Engineers"
"MRTEFURLEM";"12-IV-AB40"
"MRVILYHKKL";"3-2-29 pcz"
"MRVOOFAGND";"Staf-45 Painfbat"
"MRXXOANMJQ";"3-862-VKK 452"
"MRZCJCGVVK";"3-145. Artillerie"
"MSGXVMWGPX";"1-159y Okhrany"
"MSMMKAYTDX";"4-39. FlaRak"
"MSMNIMTIUI";"SK-AB20"
"MSMZGLMLJO";"III,/833-y IAP"
"MSNXNLBNDZ";"3-45 dar"
"MSSSCTXXIT";"2-1-295y GvMSP"
"MSSYSSAXKG";"SK-622. Jäger"
"MSTWLMNUPZ";"2-1-117y Art."
"MSWSTXVMUA";"DB-15 pcz"
"MTAAXPPFML";"3-4-6. msp"
"MTDGUQGTDM";"4-2-MSR41"
"MTDYIROEMT";"3-30e Chasseurs"
"MTGLFHPOTE";"4-563. Panzer"
"MTIXEFLDFU";"3-101. Artillerie"
"MTIYKHDPDR";"3-740. Feldjäger"
"MTJFHSTEYE";"1-1-117y Art."
"MTJUQYENVN";"1-MSB-PR4"
"MTMEDTDFWP";"HQ-XVII. AB Corps"
"MTNDUYWYYJ";"SK-284. Panzer"
"MTNEEVAYOY";"8-3-MSR29"
"MTREHNRTZQ";"Esc. de Chasse 2/11 Vosges"
"MTXORZCAAV";"3122-VKK 312"
"MTYOHMAHYN";"G-2-41st Field Art."
"MUFJYMUBOH";"A-QOH"
"MUGCKKDCEF";"SK-2-AR9"
"MUGMMQQQHE";"C-1-13th Mechanized"
"MULDSWXYBQ";"5-8. Geb.Panzer"
"MULOYYBCML";"Velitelství 2-6. dp"
"MUNONZPZTF";"1-2-57. msp"
"MUOZWGSALT";"L-3-63rd Armored"
"MUPRVIAHVM";"PT-2-35-ya GvDShB"
"MURKKZZAUZ";"311-y (Helo) Sq."
"MUTQAXUCPC";"9-3-PR14"
"MUUDSEFRHN";"8-3-286y GvMSP"
"MUULZXBXHQ";"1-MSB-353GvTB"
"MUVHUKZXHT";"Q-4-77th Field Art."
"MUVYLMZRGR";"Kom-.2-40-y Tank. Polk"
"MUWHDUJOQO";"1CCM-13e Génie"
"MUWMKOFUMD";"SK-VKK 353"
"MVABHGLMMV";"3-1143y Zen. Art."
"MVDCKWXQMF";"2-MSB-95-y TP"
"MVENHIQTMV";"1-1-15. tp"
"MVEZUFNWJU";"EM-403 Artillerie"
"MVHCQPHMDV";"A-2e Commando"
"MVIASUPWPP";"C-41 Tkbat"
"MVJDZZWKBL";"A-II,/RAR"
"MVNINUPSXB";"2-GeWa20"
"MVNYBSFTJW";"3-2-7. tp"
"MVSTFWXXOD";"5-2-283y GvMSP"
"MVTGKBDOOY";"III. JS/JG-3"
"MVTRRKFVPL";"3-11. plrp"
"MVUXSNHEVD";"670-y Spetsnaz Rota"
"MVWZZAYNUP";"Velitelství 3-6. dp"
"MVYSZZAPBD";"1-1-25 pz"
"MWAWJBTJUA";"B-313th TFS"
"MWCBFDFGNZ";"SK-3. Panzer"
"MWCBNWYUEV";"Kom.-2-17-y Gv. Tank. Polk"
"MWCMQLRFGO";"Velitelství 1. ppr"
"MWEVEWTWAT";"5-2-AR11"
"MWICGOJROV";"1-900-y DShBat."
"MWIETNDWOW";"1-7y Tank. Bat."
"MWKJCFZUOT";"8-3-MSR7"
"MWLBTJBFCU";"3-2-55. msp"
"MWMDWDIZCZ";"2-731. Jäger"
"MWNIXYOIAI";"2-1-MSR9"
"MWQYKHOIWH";"500 Eskadron"
"MWUFCVVSRE";"3-3-3. msp"
"MWUFZONXQK";"2-5e Dragons"
"MWVYFLZVEZ";"9-3-MSR1"
"MWWBSEFFYM";"3-3-68. msp"
"MWWODERYXH";"B-107 Afdva"
"MWXKOAVZCM";"SK-843. Jäger"
"MWZJEJYFIN";"3-863-VKK 451"
"MXAWCHWBRY";"4-2-11 pz"
"MXDKGQRKBI";"Kom-682-y (SAM Bat.)"
"MXECCGBJXN";"Support-I,/RAR"
"MXFDWGNVZD";"HQ- V. Corps"
"MXHNOQRTVR";"7-3-MSR24"
"MXKYSWXXGA";"HQ-4-32nd Armored"
"MXNLEJNCAU";"3-MSB-PR10"
"MXOFXGPSUT";"Kom.-1-302-y Gv. MSP"
"MXPKJCKDXZ";"3-2-51. msp"
"MXQRNBFXFS";"4-234. GebJäger"
"MXQTXQLMYJ";"SK-5. Aufklärer"
"MXRBDSOQZO";"3-2-24 pcz"
"MXRCDHPXPJ";"5-2-164y GvMSP"
"MXRCKNHZKZ";"SK-523. Panzer"
"MXSDZSYBDA";"A-526th TFS"
"MXUVQLESYT";"2-4-8. msp"
"MXXTJVOJTI";"B-I-RALCA 62"
"MXYAQDFEPS";"3-1-MSR1"
"MXZEGIQUCL";"Kom-.1-172-y Gv. MSP"
"MYCJDSWLJW";"3-3-79y GvTP"
"MYHIBNAETR";"3-3-24 pcz"
"MYILYFHBQT";"4-2-MSR16"
"MYIOYISLLM";"D-14/20 King's Hussars"
"MYPFLVUDJU";"A-II,/Queen's Rgt."
"MYPMFOITFX";"SK-351. Pz.Gren."
"MYPVDTPIVD";"Kom.-526-y Otd. Zen. Rak. Bat."
"MYQANWCLRG";"56 krozp"
"MYQZWFOEWL";"821. Jäger"
"MYRIHZJBDR";"3-1-MSR35"
"MYYUSZQPHD";"SK-48. Sicherungs"
"MZAWBYYVGY";"2-32. Pz.Gren."
"MZDUBBHRIJ";"SK-2-PR20"
"MZEGQLBVCC";"E-2-227th Helo."
"MZEHWYGZAJ";"4-61e RA"
"MZGDQICTEG";"3-1-47. dp"
"MZGPWRKOJX";"3-3-51. msp"
"MZJFDZSVRA";"5-1. Aufklärer Bat."
"MZLVPENPDP";"14 HQ Defence Coy. RPC"
"MZNBVUCQKJ";"B-1-11th ACR"
"MZNRDALSZJ";"SK-KG1-ABr5"
"MZOGDOHPGS";"1-716y Zen. Art."
"MZPYRQETKN";"3-1-7-y GvTP"
"MZQHULDHWF";"1-28y OTB"
"MZUEUFOJCQ";"1-16. HFR"
"MZVQFWPACE";"HQ-4-68th Armored"
"MZYGXKMTOR";"5-20y TkB"
"NABCZPELWS";"4-2-MSR17"
"NADUVYMDLM";"DB-8 br"
"NAGTJJZBRD";"SK-441. Sicherungs"
"NALYNTSSVY";"2-PJA20"
"NAOBFQGHEJ";"F-2-69th Armored"
"NAPUSSDTTP";"Kom.-2-23-y Tank. Polk"
"NARAJTFDIC";"2-4-8 Bah"
"NATKBDDDAF";"Staf-34 Afdva"
"NATOANHABS";"Velitelství 1-7. tp"
"NAVRFAZQDC";"3-234. GebJäger"
"NAWJNYMJCG";"EM-5e RHC"
"NBBCPQUTQB";"2-1-841-y Art."
"NBDQGSEPWS";"2-682-y (SAM Bat.)"
"NBFRZKMJNI";"3-FR17"
"NBFUWNAEUH";"SK-2-sMSR25"
"NBJAPLGZYL";"Staf-154 Afdva"
"NBMNJJGCJF";"SK-141. Panzer"
"NBOULXOSKY";"RAF Security"
"NBOYDDKRNA";"SK-314. Panzer"
"NBREESQKJY";"5-2-36 pa"
"NBRZZUSSPD";"6-2-MSR33"
"NBSBLHLKVX";"1-287y Zen. Art."
"NBUHCQIZVC";"4112-VKK 411"
"NBWYSZQHJG";"3-1-AR3"
"NBXLFMXKWH";"4-87. Geb.Jäger"
"NBYWPNKVZF";"C-117 Afdva"
"NCAQQNNBPS";"HQ-1-58th Mechanized"
"NCGXJMOJML";"2-1-MSR16"
"NCIIMEEAQE";"3-17th Field Art. Rgt."
"NCIUCAHHEC";"DB-1-3 pcz"
"NCMNBMJCPT";"3-2-62. msp"
"NCROFHXVRI";"A-13 Painfbat"
"NCSKBRTNVQ";"2-324. Panzer"
"NCSWHMNGSG";"DD-3-8 Bah"
"NCTCCOAYYE";"SB-55. Artillerie"
"NCTCMPTIPR";"3-1. ppr"
"NCTIDLUTUT";"C-I,/Scots Gds."
"NCUSCUGSMJ";"3113-VKK 311"
"NCVFICBAGL";"1-861-VKK 453"
"NDCRAWGBGX";"C-I,/RIR"
"NDCYHFQFAH";"2-818-VKK 342"
"NDDKRHLGUO";"4-2-MSR22"
"NDELWQBFWI";"4-22. Pz.Gren."
"NDFLQRCDKK";"2-1-PR4"
"NDGCQXDHYX";"1-1-353y GvTP"
"NDGVFYSSUY";"DD-5-7 Bah"
"NDIMCDXUPD";"1-1-33 pa"
"NDJDHUIJAW";"SK-1-MSR23"
"NDLBPFGXHU";"9-3-120y GVMSP"
"NDNYZADGQA";"C-101 Tkbat"
"NDPZIGEBSG";"1-1-28 pcz"
"NDQPBIZDOV";"1-855-VKK 413"
"NDUFYQHYXC";"3-1-28 pz"
"NDUKERQIHE";"SK-83. Panzer"
"NDYRKGXAOL";"2-5 br"
"NDZIMTKOZK";"2-37. FlaRak"
"NECJICYMWN";"1-36. FlaRak"
"NEDWECJBBI";"B-GACA II/11"
"NEGENEERAC";"SK-VKK 334"
"NEGFIPWMSL";"2-30e Chasseurs"
"NEGTWYJYGL";"Velitelství 1-20. tp"
"NEGXNCMHBM";"3-857-VKK 441"
"NEJCAIPTPW";"HQ-1 Para"
"NEKBNBPXWL";"3-1-24 Bm"
"NELDLXPIHZ";"2-17br"
"NENZZYYSOD";"B-7 (Para) RHA"
"NEOHVIAXMT";"1-27. Jäger"
"NETFBUHIIF";"5-7. Aufklärer Bat."
"NEVURUAJWM";"1-2-62y GvTP"
"NEWTJNMHXC";"1-3-62. msp"
"NEWVTJBHYB";"1-828-VKK 334"
"NEYLKPPUXL";"7-3-275y GvMSP"
"NFAZTMBTYB";"3-291. Panzer"
"NFELBHCITX";"2-340. Pionier"
"NFEMKJTCBR";"3-287y Zen. Art."
"NFFJFTYKAK";"SK-108. Sicherungs"
"NFGQBXEMBY";"HQ-26th Field Art."
"NFGYGDAATE";"3-1-32 pz"
"NFHPEBJSWL";"3 nfbevcie"
"NFNABAKOAK";"HQ-V,/Queen's Rgt."
"NFNOKYPIED";"B-10th TFS"
"NFSIZCNBGX";"3-2-245y GvMSP"
"NFUQJUVXGQ";"D-I,/York Vol."
"NFXRMBZHDE";"C-2 Para"
"NGAYLSSLAH";"3-1-MSR28"
"NGDGJQULUL";"2-1-29y GvTP"
"NGDSXRVDBK";"3-35e RAP"
"NGEVRXVGNG";"1-4-74. msp"
"NGILNSFPRO";"2-344. Panzer"
"NGIOIJZLFT";"2-816-VKK 312"
"NGJCHRRVUO";"2./StuPiB-21"
"NGKTBSBHXN";"1-13. Pz.Gren."
"NGOZKNWWFX";"Staf-54 Afdva"
"NGQMHPVNMV";"2-3-29 pcz"
"NGRTSMAQJJ";"3-1-944-y GvArt."
"NGULZENSBS";"Kom-485-y (Helo)"
"NGUSOLLDXI";"SK-3-AR9"
"NGXODLGDUB";"A-I,/Green Howards"
"NGXWXJLIBF";"SK-10. Aufklärer Bat."
"NGYDDXSEBG";"5-2-45-y GvTP"
"NGZNRGXCWK";"A-Wad Ras"
"NGZTBXLTIY";"2-229th Attack Helo."
"NHEJBRRXBI";"PT-1-35-ya GvDShB"
"NHKVMEIKRI";"1-3-75 pz"
"NHLHKPIATE";"DB-1-36 pz"
"NHQDRZMGYT";"2-1-100 pz"
"NHUWCNUQEF";"SK-GeWa7"
"NHWLFPKUUA";"1-60e RA"
"NHWVAQAMHU";"2-2-6. dp"
"NHYQUJOHGY";"34 pdes"
"NHZNVFIVVD";"E-2-10th Armored"
"NIEJYSRUKI";"HQ-11 GACA"
"NIFFJDIMIP";"1-4-36 pz"
"NIGRCIGUNV";"2-941. Jäger"
"NIKTNIPAGH";"1-8e Chasseurs"
"NIMEDTIESD";"2-193. Pz.Gren."
"NIPMITMTUC";"2-4e Cuirassiers"
"NIQJKACBSY";"3-2-11. tp"
"NIRDORDXBZ";"B-Royal Yeo."
"NIRVPIKQVK";"H-3-319th Field Art."
"NISTQITSOT";"6-2-360y TP"
"NITAOKBFEQ";"SK-711. Jäger"
"NIVRAEELSZ";"1-93-y PT"
"NIWMHOTVQM";"2-3-74. RMbr"
"NIWZOJSFCC";"I-3-20th Field Art."
"NIYTEDHVBD";"B-11 Afdva"
"NJAHJYVIKN";"2CC-10e Génie"
"NJCDUWWOUL";"6-25 pcz"
"NJCEWJKFMY";"Velitelství 1-332. kdbr"
"NJCXHLDKLI";"9-3-168y GvMSP"
"NJGWNONMLM";"SK-4433. Sicherungs"
"NJIIBSXAVQ";"3-31. Panzer"
"NJIYMRKQIQ";"HQ-3de Linie"
"NJMIVRDXNK";"C-II,/Queen's Rgt."
"NJNEHWLBQT";"C-41 Afdva"
"NJOBSUNCRG";"SK-1-MSR3"
"NJPTDHMTAK";"1-807-VKK 241"
"NJRATCQQQC";"1-4-7 Bah"
"NJSTAWDMOR";"2-2-1. tp"
"NJWGRHFVKX";"2-3e RHC"
"NJXCBSJBRB";"III,/730-y APIB"
"NKAETJXTKR";"3-4321. Sicherungs"
"NKALKAMBDU";"HQ-3-5th Field Art."
"NKAWJLZLKE";"6-2-15-y GvTP"
"NKGQQBGQBD";"5-2-37 pa"
"NKHDAFLEKD";"6-2-168y GvMSP"
"NKHHGRQNJR";"2-6e Rgt. du Génie"
"NKKTJHWCYH";"6-2-6 Baa"
"NKQCZKOLTT";"I-9FighterRgt"
"NKZNNEAKJS";"1-1-36. dp"
"NLAXHFMUFU";"3-FRR4"
"NLGFIBLFCR";"3-MSB-48GvTB"
"NLIUFLWISN";"1-45 dar"
"NLJVPAYKGG";"2-91. Panzer"
"NLKXYRKFIG";"Kom.-134-y Razv. Polk"
"NLLXPVHSAV";"Velitelství 1-11. msp"
"NLMMWPRTTO";"7-3-MSR14"
"NLMWXKTBZJ";"5-2-280y GvMSP"
"NLPMWXNEZB";"SK-AA17"
"NLSQJIFXYR";"4-2. Pionier"
"NLSTTMGHUJ";"3-MSB-353GvTB"
"NLSWALYYAQ";"3-1-244y GvTP"
"NMBCAOQITA";"3-3-74. RMbr"
"NMEJIGMQWW";"1st Det./LSRCH"
"NMEMTHKXON";"HQ-3rd Armored Div."
"NMFQLGGCRE";"6-2-138y oTP"
"NMGFRMKVJY";"5-2-22 pa"
"NMGIJTNXXG";"Velitelství 3-3. msp"
"NMHTKCOARY";"1-35 kdes"
"NMJGBBQAIG";"3-300. Sicherungs"
"NMJQRZCAQO";"4-16e Chasseurs"
"NMKCKGGCOP";"EM-11e Cuirassiers"
"NMKLHZSABU";"SB-335. Artillerie"
"NMKYKWZHHA";"3-1-27 pz"
"NMTBEXFCXT";"SK-2-AR8"
"NMTLTPWHCH";"B-I,/RRF"
"NMUHWWRLQX";"HQ-10 Para"
"NMZGRUSWHH";"5-2-117y Art."
"NMZXTTGOHE";"3-1-104. msp"
"NNCGENBLSJ";"SK-3. Pionier"
"NNIAPQSMUB";"D-2-319th Field Art."
"NNJWDEIPOK";"D-VIII,/TLI"
"NNKCOGZNKV";"A-124 Afdva"
"NNKFMEEFZB";"3-GeWa4"
"NNMFSAGIZV";"2421-VKK 242"
"NNVSYLCQIY";"Pionier-Kompanie"
"NNYHNPCRML";"14-5-6 Baa"
"NOBRXOIXYO";"1-68e RA"
"NOBZLTBKJG";"2-5de Linie"
"NODGCBXKCB";"A-316 Sq."
"NOEVZCYXPW";"5 eś"
"NOILTOUUGJ";"J-3-4th Helo."
"NOSYHQNJXE";"EM-1e Corps"
"NOTXRJEDBU";"B-154 Afdva"
"NOUKXPQZUE";"1-3-20. tp"
"NOXHENIKCY";"8-3-240y MSP"
"NOYAKXLMDF";"2-121. Artillerie"
"NOYBEWYPYO";"3-86. Geb.Jäger"
"NPACHZENSZ";"Pionier-Kie 200"
"NPAGKRHMZM";"Staf-134 Afdva"
"NPAVKYJJLJ";"15 Squadron"
"NPFWRNBKGU";"A-II,/RIR"
"NPIQTYGDXO";"1-Tk-117-y GvMSP"
"NPIWTMXZAP";"6-2-PR4"
"NPLXVVCQFB";"Kom-.2-243-y Gv. MSP"
"NPOKDCGGOG";"10-4-1047y Art."
"NPOMYVLANJ";"3e CAD"
"NPPUNMLLQX";"3-1-265y GvMSP"
"NPQDHLOBWK";"2-(TerrC)"
"NPRABBNRUO";"1-4-12. msp"
"NPVHDTJAEE";"5-2-MSR23"
"NPYITPOXRI";"3-2-10. msp"
"NPZPNCTPPI";"3-122. Pz.Gren."
"NQBICUWPVO";"5-2-99y Art."
"NQDDXMUZHT";"2-99e Infanterie"
"NQDQROPNVJ";"1-Tk-249-y GvMSP"
"NQETPAAZEP";"III,/19-y Gv. APIB"
"NQFQUPLLEQ";"1-145. Artillerie"
"NQHNIJRQMG";"D-V,/RGJ"
"NQHOQHFDSP";"I,/11-y ORAP"
"NQINXZMDJQ";"4212-VKK 421"
"NQLQHFSQEL";"2-Tk-117-y GvMSP"
"NQNBIDOLXD";"1-1-PR11"
"NQNBIFTQNV";"SK-27. Jäger"
"NQTJXBBUBH";"3-3-13 pz"
"NQTRJVLZVF";"12-4-693y Art."
"NQUKKJPKZR";"7-3-265y GvMSP"
"NQWKFLRGVP";"EM-4e DAM"
"NQYBWJCOEX";"Kom-20-y TkB"
"NRGEHODONP";"4-12e RA"
"NRGGNMIUQZ";"N-3-37th Armored"
"NRLOMHUEVY";"3-PB-MSR3"
"NRNRFQNOVJ";"I. JS/JBG-28"
"NRPDSHCOGY";"2-3-75 pz"
"NRPIQWIUQV";"DB-12 br"
"NRQWJKXFRV";"2-GBLA I/14"
"NRSKPJRJFW";"1-17th Cavalry"
"NRSYQYXBCX";"C-512th TFS"
"NRTATGMTII";"3-12y Razv."
"NRTKOIYWVJ";"1-1-55. msp"
"NRVQAKHHOM";"2-2e Lanciers"
"NRVSCGSBOT";"I-3-1st Field Art."
"NRVVPOTSTX";"6-2-247-y GvMSP"
"NRWNVTABXI";"Velitelství 5-322. kdbr"
"NRWZZTGUSC";"HQ-3e Lanciers"
"NSALPJDVCH";"4-19e RA"
"NSANQCCKUP";"A-16th/5th QRL"
"NSBBDBSRQV";"4 Squadron"
"NSBVQGDNTF";"1-3-13. tp"
"NSCXGBQYTE";"A-102 Verkbat"
"NSFWGVUKKV";"2-3-21. tp"
"NSFWHIXHIT";"1-32y OTB"
"NSGJYIBJDV";"C-1-1st Helo."
"NSHFYLBCFX";"SK-713. Jäger"
"NSLILKAOJC";"2-9y Tank. Bat."
"NSPPENNHOE";"A-1-10th SFG"
"NSREWIBZPQ";"1-312. Pz.Gren."
"NSVEQEBECO";"3-2-103. tp"
"NSVJZPXJXM";"DB-2-6 pz"
"NSVYXGEOXF";"N-4-2nd ACR"
"NSWJYDSKQL";"2-1-103. tp"
"NSWRDEOOVV";"Velitelství 2-64. tp"
"NSXJUKTSUJ";"6-2-MSR24"
"NSYXEECJOF";"6-1-54-y Art."
"NSZLZIHODJ";"V-6-29th Field Art."
"NTEZPLPXLS";"9-3-221y oTP"
"NTHLCSRVZL";"SK-3-AR1"
"NTILBGQZEZ";"3e EED"
"NTKXIUUHFX";"M-3-505th PIR"
"NTLGLBQTHK";"1-1-1047y Art."
"NTLZRXNEQH";"SK-4-AR9"
"NTRAKRGFKA";"2-3-62. msp"
"NTRQEDXCMI";"3-26 dar"
"NTSHKUXRHM";"3-1-4. msp"
"NTSJIVASOU";"2-1-75 pz"
"NTURSDOJLH";"HQ-3-1st Field Art."
"NTWTNSUXGQ";"3-1-22 pa"
"NTXYLQJBVT";"Staf-104 Afdva"
"NUAXWRVXYL";"2-827-VKK 333"
"NUBFWXHTRQ";"7-3-23-y TP"
"NUBYENECSY";"HQ-2-4th Helo."
"NUCNYCAADX";"4-86. Geb.Jäger"
"NUFUDDGGQS";"2-1-16 pa"
"NUFWXEZKVK";"DD-1-5 Baa"
"NUJCUQNCJX";"3-52. Pz.Gren."
"NULTTDYLSA";"2-32. FlaRak"
"NUMOWLOBVS";"8-3-37 pa"
"NUOQNAENTU";"AT-2-16th Mech. Inf."
"NUSGPMGRIJ";"SK-1-PR19"
"NUTXQOIHUM";"8-3-AR9"
"NUUEZXJTMO";"1-19e Chasseurs"
"NUULIXDNLG";"1-4-32 pz"
"NVACOWFLHN";"3-Tk-67-y GvMSP"
"NVAMMAACFS";"2-52. Pz.Gren."
"NVAWLFEORT";"C-52 Tkbat"
"NVAYYGJDZS";"2-3-71. kdbr"
"NVCWVJHKAC";"M-3-3rd Field Art."
"NVDLXYYUAP";"1-13. plp"
"NVDRZDXSUS";"1-3e Chasseurs"
"NVEZPYQEXZ";"1-1-33. tp"
"NVJKINLSPJ";"DB-3-17 pz"
"NVLKSPBXIZ";"2-MSB-40y TP"
"NVNRFIHEQO";"L-4-27th Field Art."
"NVQJWPOLEC";"2-1-322. kdbr"
"NVQNJYYRTJ";"HQ-3-35th Field Art."
"NVUSFWCQGK";"3-MSB-79GvTB"
"NVUVVAIOCZ";"3-35. Artillerie"
"NVWZZSZGGY";"3-170e Infanterie"
"NVXXZZFMMB";"3-923-y Otd. Zen. Rak. Bat."
"NVZZSGTVEP";"(Teile) LStR-40"
"NWAQRBYUMT";"HQ-Cantabria"
"NWASRATWPS";"8-3-1-y GvTP"
"NWBEMFOFKB";"7-3-15-y GvTP"
"NWBNASBZZY";"HQ-1-69th Armored"
"NWCXSFSOEA";"3-2-8 pcz"
"NWGGSQOBIN";"SK-942. Jäger"
"NWGQLPATHF";"I,/85-y Gv. IAP"
"NWISZIBRFD";"8-3-MSR31"
"NWITGXWDJZ";"HFS 4"
"NWKHQSTLFD";"3-1-243-y GvMSP"
"NWNJDPRIPU";"5-FHT"
"NWQMEZXMGG";"4-102. RakArt.-Bat."
"NWRBUPHDSO";"Velitelství 9. ppr"
"NWRPTDQGFH";"3-54. Panzer"
"NWSCNGPKFV";"F-2-4th Helo."
"NWTBMLFWFS";"3-520-y Otd. Zen. Rak. Bat."
"NWTIMCIYFP";"SK-78. Sicherungs"
"NWVNWPYFMW";"2-3-55. msp"
"NWYNFAIZMR";"Pionier-Kie 340"
"NXAPKKEYGZ";"G-2-10th Armored"
"NXGWOLBTDD";"6-2-52y Gv. Art."
"NXHOVGDMKO";"1-1-113 pa"
"NXIONYQYAN";"3-3-6 pz"
"NXJZTUDUQQ";"Velitelství 3-68. msp"
"NXKSSTTFYS";"4-101. Panzer"
"NXMTPBXIVM";"2-3-332y GvTP"
"NXNXGEFHIA";"3-233. GebJäger"
"NXPTRYRJOE";"Esc. de Chasse 3/3 Ardennes"
"NXQNRNTBND";"2-243. Panzer"
"NXSZFYRNFO";"3-26. Jäger"
"NXYBLOZZIZ";"1-MSB-PR14"
"NXZENLXHRJ";"1-535. Artillerie"
"NXZWREDETK";"3-124. Panzer"
"NYBCIZHCCD";"7-3-MSR7"
"NYBVFOATGT";"2-621. Jäger"
"NYCBDGNEGW";"3-258y PT"
"NYEXQGLGAJ";"2-1-128-y Art."
"NYHDBERPZI";"7-3-172-y Art."
"NYKRNXPVOI";"C-526th TFS"
"NYOKPETGXX";"4531-VKK 453"
"NYVKQNHXYJ";"5-2-265y GvMSP"
"NYVNCKRYYK";"5-286-y Otd. Zen. Rak. Bat."
"NYWNJMYUNR";"1-215. Artillerie"
"NYWQZHAJLR";"1-288-ya Art. Brigada"
"NYYRHTWUJD";"2-43e RAMa"
"NYZPFAVFDP";"III. JS/JBG-77"
"NZBJVVZIVR";"5-2-7-y GvTP"
"NZBXENCIVS";"8-3-744y Art."
"NZDJEZZUDQ";"2-403 RA"
"NZFBXTOMPX";"F-2-70th Armored"
"NZFFJGQKWR";"6-2-275y GvMSP"
"NZGBILZVTZ";"7-3-117y Art."
"NZHTBTBBGS";"Velitelství 3-6. msp"
"NZJCZDNXUJ";"6-2-PR23"
"NZLJRVRDHS";"2-151. Panzer"
"NZLUUSSCJJ";"Velitelství 3-332. kdbr"
"NZMHKSCHEA";"SK-231. Panzer"
"NZOTKGCCLG";"7-3-280y GvMSP"
"NZVEICFBVV";"1-365. Artillerie"
"OABICBOHJM";"3-1-MSR33"
"OADXWXIFNA";"3-3-75. thdbr"
"OAEQSPLFHM";"5-2-PR11"
"OAFRCCWNDY";"2-32. Rak.Art."
"OAHJPSGYDG";"SK-13. Pz.Gren."
"OAHPEJTCTJ";"L-3-17th Field Art."
"OAILEHREOO";"A-1-82nd Helo."
"OANWOJQLYW";"D-244 Afdva"
"OAPMPLXYMO";"4-2-PR15"
"OAPTXNXJDH";"C-GACA I/11"
"OAPZVBMUIE";"5-2-286y GvMSP"
"OARHOMKBTC";"4-2-PR21"
"OARSQRJFBU";"3-140. FlaRgt."
"OASDNBRWVC";"2-V,/RAR"
"OAWAOPAUNB";"DD-91 pappanc"
"OAWHADKWYX";"A-23rd TFS"
"OAXRULCQKJ";"U-1-111th Helo. (NG)"
"OBADSTPTLE";"2-54. Panzer"
"OBBBKVTBMY";"2-815-VKK 344"
"OBBVGSUSEU";"2-3-32 pz"
"OBCGBWBYJC";"3-18. Sicherungs"
"OBSNCDHEZU";"HQ-NG Avia. Brigade"
"OBSNTUNWLK";"DD-2-33 pa"
"OBTIKTYWXJ";"2-4-74. msp"
"OBTXATSTQT";"HQ-1er Chasseurs Ardennais"
"OBTYADTPUU";"9-3-PR17"
"OBVEIFOEPZ";"D-1-3rd Field Art."
"OBWCGRVGHO";"2-1er Chasseurs"
"OBWEXYMEJM";"HQ-14de Linie"
"OBWQKJKHQW";"4-2-67y GvTP"
"OBWTEUACAR";"HQ-2e Commando"
"OBYAPHNHMN";"R-5-44th ADA"
"OBYWQJSDLH";"501 Eskadron"
"OCASWOWIDU";"Velitelství 3-20. tp"
"OCCPQPTIKO";"651 Sq. AAC"
"OCDJPHYXSJ";"3-MSB-237y TP"
"OCDLPCXULX";"4-9e RCP"
"OCEVAKRMEN";"4-153e Infanterie"
"OCGBOARMQU";"DB-2-9 pz"
"OCHZGJJSPK";"4-2-PR16"
"OCIOCAWBFH";"1-76 pcz"
"OCJEPKVPWW";"III,/20-y Gv. APIB"
"OCJNRNKPMR";"SK-3-MSR23"
"OCJZMACHRX";"SK-623. Panzer"
"OCMHZRIIYB";"2-84. Panzer"
"OCMKMQYSDK";"D-Alcantara"
"OCRLRZNIOY";"B-1-325th PIR"
"OCRUOVXOBJ";"5-2-PR20"
"OCTEPLJUNP";"1-83 dplot"
"OCURPMEZUU";"4512-VKK 451"
"OCUZNMKXAK";"C-I,/RRF"
"ODAVPBDDTJ";"II-20FightBombRgt"
"ODBVSKCMVQ";"1-1-64. tp"
"ODDBHWWGZI";"6-2-221y oTP"
"ODDIYQRBHM";"SK-1-AR17"
"ODGGKURKYD";"SK-3-MSR28"
"ODKFWCZONL";"Kom-.27-ya Gv. MSD"
"ODKRHCGSWQ";"4-2-360y TP"
"ODMMYMIOZX";"SK-643. Panzer"
"ODOKFZSXIW";"Staf-5 Divisie"
"ODONSHCXMF";"1-733. Jäger"
"ODQDQSMAOW";"G-2-RCR"
"ODTAOVDWGQ";"HQ-4-37th Armored"
"ODXSMFYDQN";"Support-12e de Ligne"
"OEBDJRVUZC";"1-1-44-y TP"
"OEDHPAYOSZ";"4-311. Panzer"
"OEDOLSUWBH";"Supp-2 Para"
"OEEHTZGFYQ";"1-3-100 pz"
"OEGMMYHHTA";"D1-7-6th Mechanized"
"OEGXKERGFJ";"3-MSB-61GvTB"
"OEINOADGVL";"3-1-3. dp"
"OEJPPWJAJT";"4-2-PR11"
"OEKKLZPNRY";"2-2-9 pz"
"OENSETCNET";"B-I,/QLR"
"OEPHPLALMK";"2-2-49. dp"
"OEPQMBBNDM";"A-I,/RAR"
"OEQHUHBEMF";"4-FA15"
"OERROLURYM";"SK-VKK 245"
"OEUDIQMUTI";"2-2e Artillerie"
"OEVERHQKAO";"2-TkBat-278y GvMSP"
"OEVJEUXXAG";"13-5-6 Baa"
"OEXRNCVTFW";"Staf-43 Afdva"
"OEZAAMKTMT";"2-1-51 pz"
"OEZXCCXFXK";"2-MSB-197y GvTB"
"OFIQKYZWUM";"9-3-PR10"
"OFPEIVVRNP";"1-1-MSR33"
"OFPLRZNFLU";"C-1-54th Mechanized"
"OFQAZXLOKT";"1-3-59 pz"
"OFQKBDMVEX";"1-10 br"
"OFXVGIAUGV";"3-1-33 pz"
"OGEIMQOEMP";"C-1ste Parachutisten"
"OGJEANXZIL";"3-1-8. tp"
"OGJRTTVQQQ";"2-2. Pionier"
"OGJUDMVNFM";"1-4-57. msp"
"OGKRRQHDMK";"1-150. Pionier"
"OGUDMDYEBX";"3-1-6 pz"
"OGUOJOTNYD";"2-230. FlaRgt."
"OGWOXZZHBD";"SK-212. Pz.Gren."
"OGZLWXOQWN";"B-23rd TFS"
"OHCBSPNKTV";"M-3-64th Armored"
"OHDGUDDLAQ";"Kom-.2-128-y Art. Polk"
"OHGCZHNEVM";"SK-47. Jäger"
"OHGLFNFLXU";"2-1-1047y Art."
"OHHMBXERKB";"SK-321. Panzer"
"OHHVIRDACN";"14-5-5 Baa"
"OHIBFJOAGQ";"HQ-VII. Corps"
"OHIDOSNHAC";"4-2-52y Gv. Art."
"OHIDUBQNQW";"HQ-4-10th Armored"
"OHOKRFXICB";"2-FJB 251"
"OHUDKVKRKN";"SK-GeWa9"
"OHUEHDVZKV";"A-512th TFS"
"OHUFWINFQN";"2-1-26y TP"
"OHWFTZVRSL";"3-88. Geb.Sicherungs"
"OHWUCYQSDK";"Kom-3-308-y Art. Brig."
"OHXPCOMMKG";"I-3-67th Armored"
"OHYFZZQOII";"3-340. Pionier"
"OHZGETJCCM";"3-25 br"
"OIARREGLWV";"EM-12e Cuirassiers"
"OIBLGWLVOK";"III. Esk./40. PLMB"
"OIDKIRWWTZ";"2-7. Aufklärer Bat."
"OIGLEVYPKW";"4-202. Pz.Gren."
"OIKTSKNOFV";"2-2-26y TP"
"OILAMGURXC";"4-192. Pz.Gren."
"OIMJVVSXOZ";"HQ-2-6th Helo."
"OIRPCBHXPJ";"3-5-y Razv. Bat."
"OIUCVDPVFM";"3-812-VKK 253"
"OIZRSUFGNN";"7-3-MSR27"
"OJEVVRBKLF";"B-3 Field Rgt. RHA"
"OJFUNLUBZH";"2-Res.MSB 23"
"OJHFBCXACI";"3-1-65. msp"
"OJHRXIPYKN";"Velitelství 2-57. msp"
"OJHXVOEYAY";"3-TkBat-265y GvMSP"
"OJJDEEBCDN";"3-1-248y GvMSP"
"OJKPRJGTBR";"1-1-244y GvTP"
"OJNPSEHWBS";"3-732. Jäger"
"OJNTADRYVK";"2-PB-MSR32"
"OJOVWYPCYL";"2-11-y Razv. Bat."
"OJPKYKYGDL";"2-4-42 pz"
"OJQIFNILFN";"4-262. Fallschirm."
"OJQPMHXWQV";"1-16 ksap"
"OJVIZILVOA";"3-GeWa11"
"OJZWIQGPOG";"SK-204. Panzer"
"OKBXLXWGJT";"2-PzB-MSR13"
"OKGUWFRGVY";"3-262. Fallschirm."
"OKMIACYNWU";"W-6-29th Field Art."
"OKMTWJLNQT";"PzPionier-Kie 300"
"OKQATPSXTM";"K-3-20th Field Art."
"OKSMDQIATH";"7-3-914y Art."
"OKSOBSDQXY";"SK-733. Jäger"
"OKVQXPTZAD";"18-6-34-ya Art. Brig."
"OKWFTLXDWU";"O-4-7th Mechanized"
"OKZCCQIHWF";"3-3-33 pz"
"OLBINFTMHK";"5-200. FlaRgt."
"OLELFOCRPF";"2-2-8. tp"
"OLERZSLDKP";"2-2-353y GvTP"
"OLFEFWSVAS";"SK-2-MSR14"
"OLJZEAHBGW";"3-31y Razv."
"OLLHZQDQYJ";"4-2-24 Bm"
"OLLKZJCWPB";"4-56 pśb"
"OLMWVQFLLY";"2-1-744y Art."
"OLROAMGUJI";"3-4y Gv. Razv."
"OLUPXIFJAC";"8 eś"
"OLVJOLXJDG";"9-3-23 Baa"
"OLVLIQWZKJ";"6-2-16y GvTP"
"OLVNPJQJUO";"1-38. FlaRak"
"OLXFXIBMJZ";"2-FJB41"
"OLXWNRJCIS";"HQ-2-1st Field Art."
"OMADNOUWEO";"4-FHT"
"OMAFBYDVRC";"2-TkBat-33y MSP"
"OMDPSVEHJI";"I,/Artillerie-Regiment 3"
"OMFKWYPVNZ";"Q-4-7th Field Art."
"OMHEZERHSM";"D-114 Afdva"
"OMHTQXJSLT";"1-2-23 pcz"
"OMJZBQDGQC";"5-2-35-ya GvDShB"
"OMKCTWIWLG";"6-2-36 pa"
"OMKYUKKELT";"3-4-32 pz"
"OMORVXUUPP";"7-35 ksap"
"OMPXSOYBTX";"A-317th Engineers"
"OMQXIULNHS";"4-42. RakArt.-Bat."
"OMRLFZYKAQ";"1-1-39 pa"
"OMRLTNCUNU";"4-77th Field Art. Bat."
"OMSQFPZBAW";"5-76 pcz"
"OMTFHKTDGQ";"1-1-302-y GvMSP"
"OMUYTIHOIE";"SK-AA1"
"OMUZWUJWLH";"2-223. Pz.Gren."
"OMXSSIXGWA";"1-1-27 pz"
"OMYFVFOGTU";"2-5e Chasseurs"
"OMYJAZSTBM";"2-742. Pionier"
"OMZJWPITWM";"SK-GeWa1"
"ONADLOLNTU";"1-14 pappanc"
"ONADQGIXJW";"3-1-15. tp"
"ONAHKHFAGN";"HQ-15e Artillerie"
"ONAKKKEALO";"4-242. Pz.Gren."
"ONDTICHTYC";"1-2-28 pz"
"ONGJBSKZDA";"DD-3-9 pa"
"ONHWDIYMPZ";"L-3-66th Armored"
"ONIFEJKEDH";"A-1-39th Armored"
"ONLPCBXPLH";"W-5-16th Mech. Inf."
"ONMHBZGTFQ";"2-1-Otd. MSB"
"ONOFKNPSNI";"Gurkha Coy. Sandhurst"
"ONRQSZAEXL";"SK-2-AR17"
"ONRVMNOOVE";"2-1-5 pz"
"ONTTOICEVY";"3-5 ksap"
"ONXJOLUJHZ";"1-3-18. tp"
"ONXZXTAGER";"B-1-44th ADA"
"ONZPPDYXFT";"HQ-8th Infantry Div."
"OOAMZGIPRZ";"2-FHT"
"OOICQXGDMZ";"115Provost Coy. RMP"
"OOKAZFDXOK";"HQ-VII,/TLI"
"OOLIUACFCJ";"7-3-MSR3"
"OOMSWIZGEJ";"4-231. GebJäger"
"OOPVPBVYAA";"3-TkBat-33y MSP"
"OOWHJWJMUQ";"1-2-63y GvTP"
"OPAFLHVEIW";"2-3-63. msp"
"OPBCKAYEJV";"3-2-28 pz"
"OPBQQLOJKS";"4-53. Pz.Gren."
"OPECPLOPYY";"Velitelství 5-332. kdbr"
"OPHSGXJAWU";"9-3-AB40"
"OPJWCWDPXT";"SK-2-MSR3"
"OPLKLWEWZQ";"Velitelství 1-8. msp"
"OPPYLZUOEM";"M-2-35th Armored"
"OPTIPKCCHD";"7-3-MSR15"
"OPYVZKBTRE";"2-MSB-PR14"
"OQDVDLWSFK";"7-3-AR9"
"OQEJQDUYYZ";"2-2-9. msp"
"OQIUBJPENJ";"EM-54e Artillerie"
"OQJPQIIJER";"C-I,/PWORY"
"OQKGXBWPQW";"2-35 kdes"
"OQNKEYAICK";"Pionier-Bat. 720"
"OQNQNMJERX";"M-3-7th Cavalry"
"OQOUBYUIYL";"3-MSB-239y GvTP"
"OQPBEODTGM";"A-Covadonga"
"OQPPZRZFUR";"2-740. Pionier"
"OQUUSRFITW";"Paost-11 Painfbat"
"OQVXLXRCMF";"2-1-197y GvTP"
"OQXRCAJAQG";"9-3-744y Art."
"OQXYYZBZTY";"1-MSB-28-y GvTP"
"OQZHUAOJUZ";"DD-5-5 Baa"
"ORGESOQZBP";"Pionier-Bat. 722"
"ORGKFOPEJW";"1-1-MSR42"
"ORGNJQWIDK";"2-4-332. kdbr"
"ORHFTMXJLP";"3-12 dar"
"ORHYAMZNCN";"2-2-11. tp"
"ORIKMCGUOQ";"8-3-30y GvTP"
"ORJOBSNTWC";"HQ-2-505th PIR"
"ORPBHOFBEQ";"3-3-64. tp"
"ORPZMLSEUT";"8-3-AR4"
"ORUQOKEVPL";"1ère EED"
"ORVWHRPMIH";"D-RSDG"
"ORXYITIILS";"3-1-AR1"
"ORZTSGLZOJ";"6-2-AR9"
"OSDAWMEOWI";"1-PB-MSR9"
"OSDXAJJVUY";"3-2-11 pz"
"OSGKZXCCXS";"5-103. Pz.Gren."
"OSHBOSSARW";"Stab,/Artillerie-Brigade 40"
"OSLIOQMCTX";"3-?- Rak.Art."
"OSOJISDBGZ";"2-103. Pz.Gren."
"OSRBJIKCJZ";"B-Almansa"
"OSYUIZHVBU";"5-171. plrp"
"OSZIUNELTP";"11-4-35-ya GvDShB"
"OSZTNITHDJ";"1st MP Coy."
"OTACVEQTTW";"A-58 Tkbat"
"OTAXECFBNN";"A-2-1st Cavalry"
"OTDQXDCAKX";"1-1-PR16"
"OTGAWQYTNQ";"EM-2e Corps"
"OTLFKRMXRR";"A-VIII,/TLI"
"OTLQREPPKB";"2-1-333y MSP"
"OTOYTFXNGU";"3-2-6. dp"
"OTPSPPBUGV";"DD-5-24 Bm"
"OTRFODURZF";"3-121. Panzer"
"OTSGRKFQVG";"I-3-17th Field Art."
"OTTBZGPLYU";"D-144 Afdva"
"OTTEQBCOHZ";"2-81y Razv."
"OTTMHSJJSJ";"7-3-237y TP"
"OTTPJIFUZL";"2-1-28-y GvTP"
"OTZTOTFIEE";"4-2-221y oTP"
"OUEDMJJRWJ";"2-1er Guides"
"OUESVGEQBP";"HQ-237th Engineers"
"OUHKJTQTBX";"6-2-65y GvTP"
"OUHSFRVUWR";"Velitelství 1-68. msp"
"OUIIZTHXZL";"C-41 Painfbat"
"OULLCBDJBY";"6-2-204y GvMSP"
"OUNPSYTLSB";"A-1-69th Armored"
"OUNTDPIYJM";"2 eś"
"OUTHISWQFK";"Staf-103 Verkbat"
"OUTUYHAREV";"2-13-y Razv. Bat."
"OUURFTEHMZ";"3-313. Pz.Gren."
"OUWNLMMXWD";"4-1-28 pz"
"OUXCPGTMEJ";"SK-2-Art. Rgt. 7"
"OVCLCYKRET";"HQ-3-37th Armored"
"OVDPZAGXOP";"13-5-5 Baa"
"OVHUFCXIYH";"1-1-104. msp"
"OVIASOYPIN";"5-2-113 pa"
"OVIXEAPKSE";"3-563. Panzer"
"OVLLFNEZQQ";"7-3-172-y GvMSP"
"OVOVGXIABM";"G-2-6th Helo."
"OVRQEKRZMF";"F-2-6th Helo."
"OVSGXQLFJD";"1-1er Guides"
"OVTNCRPPQE";"H-1-69th Armored"
"OVUOCEWYKH";"2-315. Artillerie"
"OVUUTFGMDZ";"4-19e Chasseurs"
"OVWEJCEKTC";"2-1-174-y GvMSP"
"OVWENGJEHT";"O-4-41st Infantry"
"OVWPMWFQFV";"1-3-27 pcz"
"OVWXMLOYXZ";"SK-PiR3"
"OVYTUCOBVR";"2-124. Panzer"
"OWBQDJRSHK";"2-824-VKK 321"
"OWENXZWMQP";"II,/559-y APIB"
"OWOKXFDIIJ";"Support-5de Linie"
"OWROPSYOVI";"4-3e Infanterie"
"OWWRKRQNHM";"3-3-362. dp"
"OXFLNRUUSB";"71 Engineer Rgt. RE (V)"
"OXGWVIMAYM";"3-19e Chasseurs"
"OXHQKIMQUX";"4-35e Infanterie"
"OXJAVVFYZR";"4 pdes"
"OXLQBMWIOF";"SK-38. Sicherungs"
"OXMFMMCHVI";"9-3-172-y GvMSP"
"OXNHEIWQUA";"HQ-1ste Grenadiers"
"OXNHWEJUJY";"SK-VKK 311"
"OXPYLHFZCG";"Kom.-2-247-y Gv. MSP"
"OXQLSPTJEK";"DD-4-6 Baa"
"OXSZTUJWBC";"HQ-V,/RGJ"
"OXTSKTBZYN";"1-1-237y TP"
"OXUSHLYNBB";"C-1-325th PIR"
"OXWJHPLMBW";"EM-34e Artillerie"
"OXWRBKXKYB";"HQ-1ste Parachutisten"
"OXXFNEAIYI";"7-3-390ya Art. Brig."
"OYAASWJCGL";"2-1-9. msp"
"OYARKTBYPQ";"B-527th TFS"
"OYBDMTMMTG";"1-1-9 pa"
"OYBFOORZYD";"1-19e Art. à Cheval"
"OYBYKIUNUG";"4-2-308-y Art. Brig."
"OYCAPWQUSR";"3521-VKK 352"
"OYJKUVJIIM";"5-2-MSR34"
"OYLRPOIJWL";"C-57 Tkbat"
"OYLZDUZWXF";"2-TkBat-248y GvMSP"
"OYMCFBBPDZ";"1-1-6 pz"
"OYOOCSGWGL";"1-151st Attack Helo."
"OYQIZYEFLE";"A-I,/QLR"
"OYSGIRQYJZ";"658 Sq AAC"
"OYTYYJJQWH";"3-42e Infanterie"
"OYVXCSTQCI";"HQ-4-7th Mechanized"
"OYZTTIRHIK";"II,/Artillerie-Regiment 3"
"OZCAXPTOPN";"4-2-87-y Art."
"OZCKINQEMW";"DA-2 Armia"
"OZEEUUUIGW";"3-1-841-y Art."
"OZJRADEKML";"1-3-24 Bm"
"OZKSFVIQUB";"A-51 Afdva"
"OZLULMFGIX";"3-300. FlaRgt."
"OZMSLFZRXE";"3-47. Jäger"
"OZNXMKLYEE";"K-3-3rd Helo."
"OZOMYRQKGY";"SK-2-MSR16"
"OZQOCPDUIE";"1-300. Sicherungs"
"OZSCFXLOBJ";"1-1-361. dp"
"OZSZFQEXJV";"1-1-2. tp"
"OZTAHPHZPW";"6-2-670y Art."
"OZUQFOKQOY";"SK-16. HFR"
"OZWBHKKRYV";"2-2-21. tp"
"OZXHANGUJB";"3-4-4. msp"
"PAAFPOFRDD";"503 Eskadron"
"PAFQMDCVAX";"DD-5 DPanc"
"PAGCNUKNVW";"1-3-36 pz"
"PAGTYSNBMP";"B-494th TFS"
"PAIBYFOMQX";"6-2-PR11"
"PAIGSHKRZX";"F-2-16th Mech. Inf."
"PAIKJMTKCB";"3-TkBat-239y MSP"
"PAJBQAQGAE";"3-32y OTB"
"PAJNIOOWDE";"2-4-68. msp"
"PALSLONWMT";"2-92e Infanterie"
"PAMKHHFRWX";"2-716y Zen. Art."
"PANSMWCYHD";"HQ-4-2nd ACR"
"PARJQLUJIO";"8-3-375y TP"
"PAVYQUYSJX";"3-1-280y GvMSP"
"PAWNLERTGJ";"2-MSB-79GvTB"
"PBBLPOJOBE";"D-9th/12th Royal Lancers"
"PBCKXJQKTC";"3-PB-sMSR25"
"PBFOQLZOLI";"2-4-55 pz"
"PBFQEVQFRE";"C-I,/York Vol."
"PBIGNYRNFQ";"F-2-82nd Field Art."
"PBJUDBNNEE";"2-54e RA"
"PBKAQVFBFF";"SK-VKK 254"
"PBPCSIPDAM";"DD-2-22 pa"
"PBSMTWRNRP";"G-2-1st Field Art."
"PBZZPMNLSS";"3-304. Panzer"
"PCBYEEUILF";"F-2-505th PIR"
"PCGOHOXADW";"IV-9FighterRgt"
"PCJKDQGPQZ";"4-31. Artillerie"
"PCJMDUNWZF";"Q-4-229th Helo."
"PCMVILMPRH";"7-3-2 pa"
"PCNOVUVQYT";"L-3-8th Mechanized"
"PCPAHWREUQ";"A-244 Afdva"
"PCPPNVYPFC";"C-I,/RAR"
"PCPZFUPIIS";"1-544. Panzer"
"PCRSUUOYYC";"5-2-585y Art."
"PCSEAGNBVA";"3-PJA19"
"PCSRQPULPA";"Teile-1-PiBr5"
"PCWHOYKRVC";"II,/33-y IAP"
"PCYFUICVOB";"H-2-69th Armored"
"PDCQTPZMCW";"6-2-74y GvTP"
"PDEZQKMDIW";"3-9e RAMa"
"PDFGGXBYZU";"9-3-AR19"
"PDGUOBJNVJ";"2-3-65. msp"
"PDRIYOLCSQ";"1-34. FlaRak"
"PDVJYLDXRI";"3-2-362. dp"
"PDVMHCLOUU";"1-1-9 pz"
"PDVQOBTLUK";"M-3-63rd Armored"
"PDWSPGWKSU";"1-43 dar"
"PDXXURMLCW";"9-3-4 pa"
"PDYTDUAMNZ";"4CCM-9e Génie"
"PEASXCMTGT";"3-128 dplot"
"PEFFCSKHHM";"DB-3-42 pz"
"PEFVWDHFOT";"6-2-288y GvMSP"
"PEGHUYCNJI";"SK-1-AR1"
"PEMXRVAGXS";"2-282. Pz.Gren."
"PEOSUXWWVO";"10-4-34-ya Art. Brig."
"PESSUHELFX";"1-740. Feldjäger"
"PEUHYNUCSA";"3-943. Jäger"
"PEXBYZZKUU";"EM-15e DI"
"PFBWQQIWXP";"A-1ste Parachutisten"
"PFDCDUPHHX";"C-III,/Stafford."
"PFEAGILOWV";"6-2-PR17"
"PFEIJMHIQU";"Q-4-14th Field Art."
"PFIPFRTPRU";"8-3-PR10"
"PFKDJAGCAC";"4-32. FlaRak"
"PFMBDINDIQ";"3-FJB40"
"PFMGKPWRPD";"1-2-8. dp"
"PFNINFCLFV";"B-1-16th Mech. Inf."
"PFOLJVJYPV";"345-y (Helo) Sq."
"PFPQSWXEIZ";"6-2-243-y GvMSP"
"PFPUQNBCAR";"1-AA10"
"PFQFCSTWKA";"2-75y Gv. Zen. Art."
"PFUMAWJYOP";"323-y otd. Saperi Bat."
"PFUPSNCZKE";"B-15/19th KRH"
"PFWHGPEQYU";"5-2-AR19"
"PFWOYDCRNM";"1-3-61y GvTP"
"PFYLSKEMIM";"D-8th Can. Hussars"
"PGASYTYSZT";"SB-330. FlaRgt."
"PGDACGLFRT";"3-131. Pz.Gren."
"PGDTBUZAVL";"II,/787-y IAP"
"PGDYRHMLIP";"1-20e RA"
"PGEGDZUSYK";"7-3-MSR43"
"PGGPRJVIKZ";"I,/787-y IAP"
"PGIDFVGJUN";"Kom-.2-172-y Gv. MSP"
"PGJOYSDEJE";"B-3-RCHA"
"PGKTEGHRZE";"2-MSB-62GvTB"
"PGMBCLKHCJ";"HQ-4-5th Field Art."
"PGMHXABHFK";"3-76 pcz"
"PGNSOFFCKT";"2-42e Infanterie"
"PGPIVJQHUI";"1-2-61y GvTP"
"PGQIPMHYZT";"3-PzB-MSR43"
"PGSVQVZLIC";"3-4-51 pz"
"PGXFPXQLBE";"C-108 Afdva"
"PGXORXSFBT";"G-2-R22R"
"PGYAUGANYF";"B-4 Para"
"PGYBXMPGYZ";"K-I,/51st Highland Vol."
"PHCSRZQXOJ";"3-519-y Otd. Zen. Rak. Bat."
"PHDBKNOKCM";"HQ-2-14th Field Art."
"PHEDOHACCX";"O-3-RCR"
"PHEORFIVDG";"Kom-.1-54-y Art. Polk"
"PHEQQGLSTO";"III,/296-y APIB"
"PHGYUOJWYZ";"4-330. FlaRgt."
"PHGZPXBWOD";"A-62A"
"PHIJYZXJXC";"art-85 pz"
"PHLQCUITJA";"2-8 br"
"PHNOJRGGHL";"3-251. plrp"
"PHSALFNAFG";"653 Sq. AAC"
"PHUDHYHOBO";"1-3-23. tp"
"PHVRCYNSMY";"1-2-75 pz"
"PHYSXVNXUR";"64e Cie. du Génie"
"PHZRKDKANN";"3121-VKK 312"
"PIAZAWKUXF";"F-2-77th Field Art."
"PIBNOJIEYX";"4-2-MSR31"
"PIDAEDRNPQ";"EM-32e Génie"
"PIGDGZODBA";"1-1-PR1"
"PIHKXADNKN";"L-3-227th Helo."
"PIHUDMCDLG";"6-2-PR20"
"PIIBBGTOTL";"3-231. Panzer"
"PIIIBYSMVP";"3-1er Cuirassiers"
"PIKCFJCMLN";"SK-3-PR8"
"PIMIZPYYBO";"1-1-103. tp"
"PIPGDHGNXS";"F-2-504th PIR"
"PIQDLUPRSR";"SK-133. Pz.Gren."
"PIQETMIVJZ";"3-39. FlaRak"
"PITTHDLNPL";"3-1-49. msp"
"PITWGVRTJK";"2-140. FlaRgt."
"PIUIWKVMWG";"6-2-MSR31"
"PIXIKTYPYO";"1-6 kdes"
"PIZQDTYPHI";"5-2-30y GvTP"
"PJBATCGWZJ";"2-1-47y GvTP"
"PJBIXEBRVW";"1-2-74. RMbr"
"PJECZQWRDV";"E-2-6th Helo."
"PJFOBMIEGG";"2-6y Razv."
"PJGFQDEAUU";"3-5 br"
"PJGQPMPWRD";"II,/931-y ORAP"
"PJHGMXCEAH";"3-1er Dragons"
"PJIIHMDVPY";"4142-VKK 413"
"PJILWBIZZE";"4-6e Dragons"
"PJMBVPYUHC";"3-123. Panzer"
"PJMNDMQPRI";"14-3-119-y Otd. Tank. Polk"
"PJPSNVEPCD";"3-1-221y oTP"
"PJPUNKIDLA";"Velitelství 1-55. msp"
"PJQIZLGOHG";"2-110. Pionier"
"PJWQLWGPME";"3-35 pcz"
"PJYSBUESUX";"Kom.-1075-y Otd. Zen. Rak. Bat."
"PKAMZORTHU";"8-3-PR20"
"PKDJPVKNIG";"2-842. Jäger"
"PKEDYIBXNI";"2-1-36 pa"
"PKEZDTXALV";"C-5-158th Avia."
"PKFPCPBPYS";"SK-2-MSR34"
"PKFPGKGLUM";"52-45 Field Rgt. RA."
"PKGVMITSMF";"2-294. Panzer"
"PKIJSWLABB";"4-231. Panzer"
"PKMRZDPGFB";"SK-ResPR15"
"PKNAAMNTVJ";"1-358-y Gv. Zen. Rak. Bat."
"PKOUTJHAUU";"HQ-5-3rd Field Art."
"PKQKAFFWSH";"3-4-51. msp"
"PKSKWEUQYM";"2-225. Artillerie"
"PKSQCGCYJC";"4-33e RA"
"PKUFFYKGDN";"1-712. Jäger"
"PKVJVZMCDY";"A-77th TFS"
"PKVWSLWISE";"2-441. Sicherungs"
"PKWBUZVFWX";"3-2-322. kdbr"
"PKXJDCGEWQ";"2-861-VKK 453"
"PKZPFICXXA";"6-18 pcz"
"PLARREPABW";"DB-2-42 pz"
"PLILMVKMOG";"2-3e Dragons"
"PLKYFQLFDE";"SB-81. Geb.Artillerie"
"PLLDCUCEYU";"Velitelství 2-79. msp"
"PLPJYJKJEY";"HQ-1 BE Corps"
"PLQAVEAUJD";"3-4. ppr"
"PLTYGYESGO";"1-1-61y GvTP"
"PLUFGMKWWW";"3-FJB 254"
"PLXHFIKFZD";"1-4-4. msp"
"PLZAGMDVZG";"SK-93. Jäger"
"PMBNZCGFHL";"HQ-4-14th Field Art."
"PMCWJEVLOF";"6-2-MSR41"
"PMDMLNKSJC";"SK-4. MSD"
"PMEILFJKHB";"AT-2-136th Mech. Inf."
"PMETZBXZNV";"SK-641. Jäger"
"PMHDSFEBIA";"6-2-MSR32"
"PMKZRFFTUJ";"EM-92e Infanterie"
"PMNQFENHIR";"SK-2-PR17"
"PMQWUNPINS";"1-MSB-100y TP"
"PMQXOKWLGW";"1-1-32 pz"
"PMRGHFYEHP";"3-5e Chasseurs"
"PMUQWJCHUD";"Velitelství 2-13. tp"
"PMXNQFXPNI";"1-3-6. dp"
"PMXYWBIGRB";"O-4-8th Armored"
"PNBCLUDVIK";"3-2-59 pz"
"PNCXOFPRRW";"13-5-34-ya Art. Brig."
"PNERPYZRFD";"3-362. Pz.Gren."
"PNKDWOKSYH";"2-2-24 Bm"
"PNLSKJDJVZ";"2-PJA4"
"PNMEQZRMKM";"2-855-VKK 413"
"PNNOEZKXBD";"12 eś"
"PNNSDKTSHQ";"Kom-2-95-y TP"
"PNWBIFMXCO";"Support-I,/Royal Scots"
"POADRVZQBO";"1-2-9. msp"
"POAMGISSDW";"DB-10 br"
"POBNHFVWAN";"1-68-y Razv. Bat."
"PODHZHOWMR";"N-5-5th Mechanized"
"POFHHBJGVF";"U-5-44th ADA"
"POMSEOQYVG";"2-86. Geb.Jäger"
"POOCZAGMBI";"A-322 Sq."
"POPRFVDWLV";"3-818-VKK 342"
"POVFQNIOXE";"Velitelství 3-21. tp"
"POVGOQPDOR";"5-901-y Otd. Zen. Rak. Bat."
"POXKMKOTHV";"DD-20 DPanc"
"POXNHZOEEF";"1-677-y (SAM Bat.)"
"PPAXWWTBQU";"1-2-55y GvTP"
"PPDMZQKDTC";"SK-PiR2"
"PPDZABWUKV";"1-1-30y GvTP"
"PPELLNDIEH";"2-2-217. PT oddiel"
"PPGUSTLVMG";"3-1-51. msp"
"PPJOTNQHDP";"2-3-100 pz"
"PPLUHIBDDT";"HQ-1-13th Mechanized"
"PPNFRQOOYH";"4-2-7-y GvTP"
"PPOGHEAVTD";"9 Squadron RE"
"PPQTTIRICD";"4-2-39 pa"
"PPTWAKZLDT";"HQ-3-3rd Helo."
"PPUCYFHKDK";"Eng. Coy."
"PPUERXQENR";"EM-1er Artillerie"
"PPUJUSNLSN";"4-2-PR20"
"PPVIHYSHYM";"C-3-RCHA"
"PPVYRZXXEI";"652 Sq. AAC"
"PQBDLLZNDL";"SB-22. Rak.Art."
"PQEZQANEZK";"B-12 GACA"
"PQGDGGTCZU";"4-134-y Razv. Bat."
"PQKDDYCRWT";"3-1-AR11"
"PQKFOHHRBV";"Staf-46 Painfbat"
"PQKZJQKTGC";"4-9e RAMa"
"PQLWDOBNZN";"L-3-52nd ADA"
"PQMUGGOOHL";"6-2-240y MSP"
"PQNNUDEKAZ";"1-3-24 pcz"
"PQNUGVNFOT";"HQ-78th Engineers"
"PQPPLAVJJF";"3-1-29 pcz"
"PQPQZSEKDO";"3-2-49. msp"
"PQQOWZXCTS";"3232-VKK 323"
"PQSJRZWWTJ";"11-3-6 Baa"
"PQULMRGGBH";"F-2-227th Helo."
"PQUWEAIVMY";"DB-1-32 pz"
"PQWQJEQSWH";"3-Bevrijding Bat."
"PQZFCESGHV";"3-1-Otd. MSB"
"PRBJOYFRMQ";"3-6 kdes"
"PRCZUPPWOO";"1-1-286y GvMSP"
"PRDYGOWVKD";"EM-2e Chasseurs"
"PRJGJKYFUO";"2-1-PR21"
"PRNOUFYERC";"2-2-62. msp"
"PRPBBDQGQY";"1-1-333y MSP"
"PRPJGTKGRP";"Staf-244 Afdva"
"PRQVAHWHRY";"O-4-4th Cavalry"
"PRSELSXMFV";"4-43. Pz.Gren."
"PRWPUTWEZM";"3-1 ksap"
"PRWSOBSGHQ";"2-20e Artillerie"
"PRXICRLBBI";"2-81y Tank. Bat."
"PRYFFXKDSI";"Velitelství 2-21. tp"
"PRZLHKPZHU";"9-3-210y MSP"
"PSCIRSDVRO";"DD-2-36 pa"
"PSDDOOULBQ";"SK-2-AR11"
"PSHQRAXOVP";"4-2-199y Art."
"PSIBUCSPCL";"3532-VKK 353"
"PSJUHPTRGJ";"SK-10. Pionier"
"PSLLPZREOF";"D-1-11th ACR"
"PSLLXNMEAY";"Q-4-32nd Armored"
"PSNMMWAGNW";"3-51. Feld-Art."
"PSPNBUBSTN";"8-3-585y Art."
"PSPSLWZFTY";"2-2ste Jagers te Paard"
"PSRSZQXSYA";"4-1. Aufklärer Bat."
"PSSPSJKQPU";"2-3-18. tp"
"PSUKJOXPPS";"2-75 dplot"
"PSXZBNIDSS";"2-154. Panzer"
"PTBABHTOHS";"3-320. Pionier"
"PTBAQEBIYQ";"3-1. Pionier"
"PTCAXJTCZT";"3-43. FlaRak"
"PTDBLVCHAA";"5-2-15-y GvTP"
"PTEADZWMKU";"8-3-283y GvMSP"
"PTEHTZNYMO";"4-403 RA"
"PTFVTWQNMT";"SK-3-MSR29"
"PTHIUYGMLX";"5-2-AR20"
"PTJYFLOQOT";"3-2-27 pcz"
"PTLGKALBXE";"3-Tk-241-y GvMSP"
"PTQECJBTYW";"2-3-33. tp"
"PTQKMVKPGR";"3-335. Artillerie"
"PTTDUEMXWN";"A-38th Eng. Rgt., RE"
"PTTWHPGLBS";"15 eś"
"PTVGMYOSTP";"3-3-103. tp"
"PTVKGOQIYA";"SB-45. Artillerie"
"PTWHYQWPXN";"9-3-77y GvTP"
"PTWYAUFNOT";"(Territorial B)"
"PTXZQTZJGE";"2-62. Pz.Gren."
"PUAWUOKDEW";"3-11. Pz.Gren."
"PUBWSBWVKO";"3-532. Jäger"
"PUDACCZIDK";"2-1-33 pa"
"PUDGIVDEUX";"C-1ste Smaldeel"
"PUDYHPAAYA";"Kom-.1-243-y Gv. MSP"
"PUEHUYXSWA";"3-1-3 pcz"
"PUHILIOZLJ";"Fs-Jäger-Kie B1"
"PUHSEUQFCL";"8-3-MSR18"
"PUJULGTYSW";"5-41. Artillerie"
"PULZEKDVLC";"3-1-2 pa"
"PUPGAGIFNE";"1-191. Pz.Gren."
"PUQAMRJCET";"4613-VKK 461"
"PURRTTKRBA";"2211-VKK 221"
"PUUARYBBLY";"E-2-325th PIR"
"PUXNJMYBCT";"1-2-1. dp"
"PUYNOENCZL";"5-2-244-y GvMSP"
"PVAXSSKOHR";"3-140. Pionier"
"PVBRLCFXKS";"2-3-15. tp"
"PVFSCQVCXR";"7 bateria"
"PVGLHSISCO";"Velitelství 3-74. msp"
"PVHWWSXIWA";"1-631. Jäger"
"PVLDHBLTYP";"8-3-302-y GvMSP"
"PVLZMLGOBI";"2-2-3 pcz"
"PVMPRTYLOB";"3-PB-MSR9"
"PVPXGJFBCC";"Staf-41 Afdva"
"PVUTLPDMGJ";"B-I,/ASH"
"PVXIBRROJA";"12 Field Sq. RE"
"PVXNYEQBEE";"2-1-18. tp"
"PVYQJVLSME";"2-PAR3"
"PWABILQPGW";"3-1-4 pa"
"PWCNZEDHNB";"10-4-126y Gv. Art."
"PWCULVEZAU";"B-322 Sq."
"PWDZMFDPKE";"2-3-79y GvTP"
"PWFAUVXCKE";"C-38th Eng. Rgt., RE"
"PWGAOMCCIB";"3-1-99y Art."
"PWKCCFHWXR";"2-3-51 pz"
"PWNFOQCHBA";"B-101 Tkbat"
"PWNLCNHXNF";"Kom-595-y Razv. Bat."
"PWOHVJGVXX";"1-154. Panzer"
"PWPDRSDIKR";"Wpn-1-13th Mechanized"
"PWRIYGTFYT";"1-75e RA"
"PWWIOOGTHL";"3-MSB-PR14"
"PWZHUETAAY";"2-1-200y GvMSP"
"PWZODLVVFY";"1-110e Infanterie"
"PXBIRLZAWO";"A-17th Engineers"
"PXBJOOARYT";"3-133. Pz.Gren."
"PXCLVTLTRE";"B-322 Sq."
"PXCUWPBIDM";"G-2-2nd ACR"
"PXEYSLAXOV";"2-3-322. kdbr"
"PXFYFFQCRC";"2-1-265y GvMSP"
"PXFYVMOJDM";"3-232y Okhrany"
"PXGHIUBGMM";"1-810-VKK 251"
"PXHLTXPYFM";"5-5. Aufklärer"
"PXJMUWJLON";"2-1-PR14"
"PXLBYKFSPY";"10-4-385y Art."
"PXNCBJYHEU";"5-2-MSR41"
"PXNHWQABVZ";"1-Tk-241-y GvMSD"
"PXNXTKNAKF";"1-4de Lansiers"
"PXOGGAEEBT";"1-1-49. msp"
"PXOYVCIXUZ";"Stab-I. Korps"
"PXPCXLWTHV";"332CC-33e Génie"
"PXPHSCHGAV";"HQ-19e Art. à Cheval"
"PXPIMTGDOS";"B-1-54th Mechanized"
"PXQNGGTJFD";"3-108. Sicherungs"
"PXRBXQXOWK";"7-3-GeWR5"
"PXSKSMZDDX";"3-901y DShB"
"PXVVWHQODU";"3-2-23 pcz"
"PXWLEMFYUC";"1-823-VKK 313"
"PXXPMLZHSS";"A-I./Queen's Dragoon Gds."
"PXYZEQNDQF";"4-283. Panzer"
"PYEPLXMHYB";"G-2-70th Armored"
"PYIUSGQPZR";"1-1-PR14"
"PYJZGXWCVD";"2-1-63. msp"
"PYPVZPGMGT";"3-2-33 pz"
"PYUMKTMOGO";"4-233. GebJäger"
"PYVJUACJXM";"3-1-57. msp"
"PYWNBWFHVA";"1-1-52y Gv. Art."
"PYYJLKZTYA";"II. JS/JG-9"
"PZAQTOAKVS";"2-1-6 Baa"
"PZBNONXOSA";"3-4-49 pz"
"PZGHEYTSAI";"4-2e RA"
"PZJEOOFFWT";"7-3-PR14"
"PZMLXBCKBC";"3-35e Infanterie"
"PZQBJQZKPQ";"2-830-VKK 324"
"PZQCIWOTAD";"9-3-74y GvTP"
"PZQDWIMPME";"D-VII,/RAR"
"PZRPNSXMQC";"4-193. Pz.Gren."
"PZRWOCTYJI";"F-3rd Field Art."
"PZSUXNKJYZ";"HQ-7-6th Mechanized"
"PZTHOUUMJC";"II. JS/JBG-77"
"PZTJRMDZBH";"HQ-RSDG"
"PZUNUKTDDM";"Velitelství 3-5. msp"
"PZUOAAHZWE";"1-32. Pz.Gren."
"PZVNAMDPTN";"3-(TerrF)"
"PZVWLADWKW";"I-3-505th PIR"
"PZZWGBBUSH";"Velitelství 3-322. kdbr"
"QACDEYKTBR";"SK-2. Pionier"
"QAEIVOEMQZ";"Velitelství 1-11. tp"
"QAHGKWDLLM";"P-3-35th Field Art."
"QALHMBZMTB";"1-PB-MSR33"
"QAPQWVQTNF";"Kom-.2-29-y Gv. MSP"
"QARBJMOOZW";"11-4-724y Gv. Art."
"QASAYZDPES";"3-TkBat-164y GvMSP"
"QAUDSHYOGB";"1-1-68 pcz"
"QAVJYGIUDP";"2-28. Sicherungs"
"QAWXLWNAAS";"2-10. plrp"
"QAYAYQKRED";"2-15. ppr"
"QAYIIVKAIK";"1-633. Panzer"
"QBBPESBETY";"EM-152e Infanterie"
"QBCZTNTTTH";"1-TkBat-275y GvMSP"
"QBFKWPLBVY";"2-81. Panzer"
"QBGDXYTAAQ";"SK-KHG5"
"QBGWDRGOIS";"DD-3-37 pa"
"QBIKJAGCKX";"Velitelství 1-1. tp"
"QBISGOWYGQ";"1-4-104. msp"
"QBJUSOPOEX";"2-1185y DShB"
"QBLHWBWFPK";"2-5 ksap"
"QBRAEFSKWM";"2-4-33 pz"
"QCAVUWYXQY";"2-853-VKK 422"
"QCCXUBUFMU";"A-I,/Scots Gds."
"QCFZMWIPTM";"1-2-12. msp"
"QCHMCBMTQM";"A-322 Sq."
"QCHUGCDDHA";"SK-294. Panzer"
"QCIUKTTNWT";"1-819-VKK 343"
"QCKLAVBDKZ";"F-2-18th Mechanized"
"QCLOQZQGOO";"C-I,/Green Howards"
"QCMAKULJUU";"2-242. Pz.Gren."
"QCNNYKEVCP";"2-7y Tank. Bat."
"QCOKNVULAN";"1-TkBat-164y GvMSP"
"QCOQFRAIHB";"HQ-1-111th Helo. (NG)"
"QCOZILKFKL";"3-827-VKK 333"
"QCRSDUTTEB";"B-2nd Field Art."
"QCUFKYGEYK";"Velitelství 1-12. tp"
"QCWMZXMKTS";"S-5-17th Field Art."
"QCYFBJRYDE";"2-AA10"
"QCYLKTMFUE";"8-3-PR1"
"QDAFXEJABO";"2-1-49. dp"
"QDAPRDZDXM";"DB-3-8 pcz"
"QDAYTVSJVC";"1-1-79y GvTP"
"QDCPOQSGSP";"HQ-II,/York Vol."
"QDEEUTENLI";"Kom-.1-128-y Art. Polk"
"QDETWFOWUO";"4-322. Pz.Gren."
"QDGNMITRVH";"SK-56. Jäger"
"QDHKRVYAPE";"4-112y Razv."
"QDHUCKFKOG";"9-3-PR8"
"QDIBBHXIUI";"8-3-210y MSP"
"QDJBZOKEVR";"7-3-4 pa"
"QDMDGQHRMT";"2-FRR7"
"QDPOOKGVLR";"1-170e Infanterie"
"QDTVPXNKTG";"2-4-49. msp"
"QDUINTLAGO";"2-MSB-77y GvTP"
"QDWOMKTAXN";"K-3-505th PIR"
"QDZQPQMFAL";"3-7. Aufklärer Bat."
"QEAWNWCKTH";"1-11e RA"
"QEGOTCNNQB";"SK-12. Pionier"
"QEKDQTTYYJ";"3-1-302-y GvMSP"
"QEMCCUOJCS";"8-3-117-y GvMSP"
"QEMWZEPXUH";"3-13-y Razv. Bat."
"QEOGCCBVKZ";"2-Tk-249-y GvMSP"
"QEPDQAVLOD";"Rota Komandovaniya"
"QEPPOTNLNW";"1-31y Razv."
"QESSZOQYNS";"EM-33e Artillerie"
"QETIVIVMWV";"4-3-50 pz"
"QETTTUCUSE";"3-1-211y Gv. Art."
"QEVAQIEZXC";"HQ-3-7th Cavalry"
"QEVJBCKUJO";"D-59 Tkbat"
"QEVNKGFYWF";"HQ-9th Engineers"
"QEXNOUUKKD";"A-43 Afdva"
"QEYZLGQDIB";"7-3-AR17"
"QFASBDZPUP";"2-8e Chasseurs"
"QFCTCHOQQF";"SK-VKK 352"
"QFFBEZOMHF";"5-2-172-y GvMSP"
"QFNCKTDZYY";"1-1-841-y Art."
"QFNRWXGSXT";"C-RSDG"
"QFOBEXCGWD";"3-242. Pz.Gren."
"QFVEDEWBOO";"1-55. Artillerie"
"QFVSQRRHDY";"1-1-100 pz"
"QFZNJPSZRC";"K-3-11th ACR"
"QGBUPKRHQQ";"4-2-MSR13"
"QGCZPKKASC";"B-77th TFS"
"QGEPUFJYRT";"J-3-34th Armored"
"QGHIMNYPRK";"2-1-47. dp"
"QGIFOUZNYY";"3-2-2. tp"
"QGJQZBXSYE";"B-5RDG"
"QGKIIYPJNA";"C-42 Afdva"
"QGKNBUSPXA";"3-100. FlaRgt."
"QGLRUNRZEH";"C-3 Field Rgt. RHA"
"QGOLVEIYOM";"C-79th TFS"
"QGPAXGUCBG";"Staf-41 Tkbat"
"QGPJSYEYHD";"SK-144. Panzer"
"QGQTMYQZHB";"1-1-37 pz"
"QGQXANUJSA";"O-4-2nd ACR"
"QGRTIVSFUY";"3-842. Jäger"
"QGSKLBQMHM";"1-311. Panzer"
"QGSPBFSTPY";"Velitelství 2-3. msp"
"QGTSPIGVOP";"3-PB-MSR27"
"QGUIAOJWEZ";"2-2-75. thdbr"
"QGWMOMEIBS";"1-5 ksap"
"QGYKBWCNWR";"Velitelství 13. ppr"
"QHCQJFQDAW";"1-1er Lanciers"
"QHCSGFKOIR";"2-13. plp"
"QHCYDRFTJS";"3-3-1. dp"
"QHDTAHTKZT";"3-1er RA"
"QHKCFAUHQF";"6-4 kczp"
"QHKFHJRUTL";"1-1-243-y GvMSP"
"QHLIYAIOQQ";"HQ-Wad Ras"
"QHLQRVRLSP";"Velitelství 1-62. msp"
"QHMPGXRPMZ";"2-3-79. msp"
"QHOXJSLVCR";"Velitelství a štáb 2. MSD"
"QHROQLZZCI";"1-6e REG"
"QHSXKCUSCU";"2-(TerrA)"
"QHTTVBLZKH";"2-4-9. msp"
"QHULFTAXKX";"C-III,/RAR"
"QHUXKZLOEY";"664 Sq. AAC"
"QHVAZCAYPQ";"A-509th TFS"
"QHVHGUFALR";"2-MSB-353GvTB"
"QHXQQZBRUL";"SK-71. Pz.Gren."
"QIAQBGTXHC";"1-91. Panzer"
"QIAQLTONMC";"SK-VKK 324"
"QIBCYRAOMR";"A-VII,/RAR"
"QIFJVTXIPI";"3-3-11. msp"
"QIGZRQEEHJ";"3-107. Jäger"
"QIHFCVXFRU";"1-240y Okhrany"
"QIHSGRNXTV";"2-9 br"
"QIJGIFNLNQ";"3-178y oVP"
"QILIWXOCJO";"2-71. Pz.Gren."
"QIOVDPOGLY";"3-MSB-65y GvTP"
"QIPTCJVPNP";"SK-264. Fallschirm."
"QIPUCOQDXF";"3-2-8. tp"
"QIRENNUGTC";"3-2-6. msp"
"QIRVAXOLJI";"DD-20 dar"
"QIYIWDIDYP";"1-3-48y GvTP"
"QJBFEREPOY";"1-16e Chasseurs"
"QJCOZUAJFJ";"SK-VKK 412"
"QJEIUNNYFW";"1-74de Artillerie"
"QJEYTNEUUM";"6-2-100y TP"
"QJICEXPUFQ";"O-4-68th Armored"
"QJKAXZARNI";"HQ-1 BE Corps"
"QJSOQMKPTC";"A-510th TFS"
"QJTZDSYIAP";"2-1-75. thdbr"
"QJWLQSJHXH";"5-2-33y MSP"
"QJYEIJSOQU";"4-11. Artillerie"
"QJZRSSEOXY";"8-3-211y Gv. Art."
"QKALGENUFR";"3-205. Artillerie"
"QKCNVYNCPH";"1-64. Panzer"
"QKCOZDDWQB";"7-3-239y MSP"
"QKDGAITCOP";"3-HBS57"
"QKDTPHYWCO";"3-3-36. dp"
"QKFEFNJNLI";"4-3-11 pz"
"QKFHPBYJMN";"3341-VKK 334"
"QKFJXTVPIO";"8-3-385y Art."
"QKGCMKPJKX";"2-3. Aufklärer Bat."
"QKGIOGQUXB";"3-343. Panzer"
"QKINAEBZMG";"K-3-34th Armored"
"QKIOFILTCV";"2-MSB-PR10"
"QKIRWWGDTM";"1-21. Artillerie"
"QKJNRMWNRI";"3-6e RPIMa"
"QKLLPPTCFW";"L-2-18th Mechanized"
"QKMHAFJKAX";"527-y Spetsnaz Rota"
"QKOZACXYUO";"3-1-16 pa"
"QKRVXQHLXW";"7-3-166y GvMSP"
"QKUASHJSXN";"A-I,/QOH"
"QKVCZEYFSB";"2-45y Razv."
"QKWSHATMLX";"C-8ste Smaldeel"
"QKXHWIZEXH";"SK-334. Panzer"
"QKXWZXSKDK";"2-112y Razv."
"QLAPVNPCVE";"2-622. Jäger"
"QLATXHPLXC";"SK-83. Jäger"
"QLBERPGVBR";"A-1-10th Armored"
"QLCARQVGKT";"2-2-153y GvTP"
"QLDBCSXBVE";"1-4-9. msp"
"QLFMLJNLQZ";"R-4-7th Field Art."
"QLHEMFAJYO";"B-55 Painfbat"
"QLHZXGYMBE";"3-896y Zen. Art."
"QLMKCSGDHM";"2-3-38. dp"
"QLNBLQVRKN";"4-2-6 Baa"
"QLNETHREBY";"2213-VKK 221"
"QLONIKIOBJ";"1-2-332y GvTP"
"QLPQRKCPRG";"HQ-4-8th Mechanized"
"QLSQOKUOSZ";"2-1-68. msp"
"QLTLKFSRJQ";"8-3-77y GvTP"
"QLVJANODNI";"6-2-GeWR5"
"QLVMIKFKDE";"1-62. Pz.Gren."
"QMBVPSQJSF";"443-y Saperi Bat."
"QMDMAZAKSR";"HQ-2nd Arm. Div."
"QMECYKHVXB";"8-3-GeWR5"
"QMEHJUTBRP";"2-MSB-26y TP"
"QMIEILFIGI";"A-I,/Royal Scots"
"QMJWONROUD";"Velitelství 3-1. dp"
"QMLRJSYAGU";"4513-VKK 451"
"QMQXNVHIVB";"Kom-4-308-y Art. Brig."
"QMTHDETWDU";"2-30 pcz"
"QMTWRJARWE";"3-1-41y MSP"
"QMUARYWPVL";"Support-Bevrijding Bat."
"QMUUZIOVJR";"3342-VKK 334"
"QMVESGFVXN";"2-135. Artillerie"
"QMVZFEOMMI";"H-3-75th Armored"
"QMYJYXHXLA";"EM-5e Chasseurs"
"QMZWTJMEUE";"C-4 Field Rgt. RHA."
"QNEJGBFHEF";"SK-VKK 471"
"QNHUPFYGUY";"9-3-99y Art."
"QNJKMKQRJR";"HQ-1-1st Cavalry"
"QNJPDDKVEN";"1-MSB-48GvTB"
"QNKYKFCJLC";"1-862-VKK 452"
"QNLSAGRQHU";"SK-3-AR8"
"QNNQLDZVRC";"4-2-322y MSP"
"QNPGRYYCUW";"3-Tk-172-y GvMSP"
"QNZAKHNEIM";"SK-17. Jäger"
"QNZHOXXINQ";"7-3-96-y Art."
"QNZTKRKJJG";"Velitelství 2-65. msp"
"QNZWOGHXRU";"3-4-3. msp"
"QOAHOQRIRU";"6-2-PR22"
"QOHWWJFFZG";"W-VI,/RRF"
"QOHXSCESCA";"1-2-42 pz"
"QOIAJRUNES";"2-857-VKK 432"
"QOOAMNNSZH";"DB-1-85 pz"
"QOOUNBZGEI";"SK-2-AR4"
"QOQDOQWVRN";"2-809-VKK 243"
"QORKHJMYSR";"5-48 krozp"
"QOTMYPNSJD";"C-1-5th Field Art."
"QOYMWADWWO";"2-711. Jäger"
"QPAQATAMCF";"D-1-325th PIR"
"QPHDTQHKRM";"6-2-70y GvTP"
"QPHMIPIPQE";"SK-352. Pz.Gren."
"QPNRGISUZZ";"A-42 Tkbat"
"QPOPCJKUDY";"669 Sq. AAC"
"QPPDQYQKQL";"1-234-y MVD"
"QPPRRBFUGA";"1-2-353y GvTP"
"QPRQNUFIFY";"9-3-724y Gv. Art."
"QPZUXCAFEG";"72 Engineer Rgt. RE (V)"
"QQBYVLBQUD";"CEA-21e RIMa"
"QQEIHPTHCT";"3-40 dar"
"QQHQGNWRQS";"Support-I,/RGJ"
"QQNBWUQKAH";"3-17. Jäger"
"QQNUTZJAOQ";"3-301. Panzer"
"QQOOXKDRLI";"S-1-111th Helo. (NG)"
"QQQPQLZEPB";"SK-VKK 322"
"QQQUWEIYDP";"Kom-.20-ya Gv. MSD"
"QQSFUMLDFB";"3-120 pplot"
"QQZJCPXRUP";"DD-3-6 Baa"
"QRCCNCXXFY";"9-3-204y GvMSP"
"QREMWQZCWQ";"3-MSB-197y GvTB"
"QRENFYGJOJ";"BDP-13 prplot"
"QRIBPSUXNP";"3-41. Artillerie"
"QRJQBYRYWW";"SB-340. FlaRgt."
"QRJVTDZALJ";"4-2-126y Gv. Art."
"QRLBKKBVNF";"4-2-944-y GvArt."
"QRLVQFNWGX";"SK-282. Pz.Gren."
"QRMXVIKEPD";"1-3-332. kdbr"
"QRNSXNOXFU";"3-V,/RAR"
"QROVTRVFNX";"1-1-AR4"
"QRPOTKDBYQ";"2-302. Pz.Gren."
"QRVWFKIGXT";"9-3-2 pa"
"QRZVLQLQQK";"3-535. Artillerie"
"QSBGSJVSXK";"2-1-44-y TP"
"QSBZBGXOKK";"HQ-8de Lansiers"
"QSDRWFMCVZ";"4-223. Pz.Gren."
"QSEPEQXHMO";"A-94th Engineers"
"QSGBOPOCKP";"R-5-8th Mechanized"
"QSGIQMZUAC";"SK-543. Panzer"
"QSGWDKYVYU";"9-3-237y TP"
"QSIDYAXAFB";"SK-332. Pz.Gren."
"QSKCZIWVCP";"2-15 Para"
"QSKKJKYJQX";"B-48 Painfbat"
"QSKULPFGSH";"62e Cie. du Génie"
"QSLIZOPFUM";"2-562. Pz.Gren."
"QSMGKSVUXZ";"4-2-170y GvMRD"
"QSRAONQISK";"2-333. Panzer"
"QSRFOBKYZA";"9-3-1-y GvTP"
"QSSOZNFJII";"Staf-5 GGW"
"QSZATNZXDM";"B-I,/Staffordshire"
"QSZQKYJVRN";"DD-2-9 pa"
"QTEJJIJRJD";"2-3-11 pz"
"QTJKUOSUAR";"A-1-16th Mech. Inf."
"QTJTJXBTDA";"Geb.Pionier-Kie 230"
"QTKQKXAZYP";"3-PzB-MSR18"
"QTOMKRFGMT";"2542. Jäger"
"QTQACSOLRF";"2-61e RA"
"QTSUBEOJYA";"1-195. Artillerie"
"QUBXIYUKFR";"2-1-210y MSP"
"QUDGMPFMOR";"Velitelství 1-33. tp"
"QUDJSHTLTM";"B-45 Painfbat"
"QUDXCQSCHQ";"10-4-52y Gv. Art."
"QUEBXEOJZS";"1-11. Artillerie"
"QUEXVEMQMM";"6-2-302-y GvMSP"
"QUHDDTHMPR";"2-JBG 35"
"QULZSRMKVB";"1-525. Artillerie"
"QUOICLZUBQ";"Velitelství 1-23. tp"
"QUQNRDSRUZ";"F-1-69th Armored"
"QUQXWCYQBT";"HQ-2-66th Armored"
"QUVINMPJVN";"3-1-11 pz"
"QUVXWVROHE";"SK-44. Panzer"
"QUVYTMRCIA";"Wpn-3-RCR"
"QVDBHAUOMM";"2-915-y Otd. Zen. Rak. Bat."
"QVEACGWKWC";"Support-II,/RAR"
"QVEEICBDOU";"D-1st Cavalry"
"QVGRJGSSMA";"3-1-128-y Art."
"QVHOSDVPZL";"3-1-49. dp"
"QVIECZTJMQ";"DD-1-6 Baa"
"QVOFDZQIVT";"3-3-5 pz"
"QVOLYPMLNB";"II-4FighterRgt"
"QVPGVRBFKL";"3-TkBat-247-y GvMSP"
"QVPLKBZXPE";"3-1-2. tp"
"QVSNOVXWNE";"H-2-34th Armored"
"QVTKQGZJAL";"4-3-6 pz"
"QVVWXQXORR";"3-106. Jäger"
"QVXDNZZUFX";"3212-VKK 321"
"QWAANZMEGQ";"5-2-145y oTP"
"QWGPSZTBTC";"SK-3-PR4"
"QWIZPJRHBI";"Velitelství 3-33. tp"
"QWKDWMKXUK";"9-3-35-ya GvDShB"
"QWPCHPZXZS";"Kom-.3-128-y Art. Polk"
"QWRIIXZPRB";"9-3-585y Art."
"QWVXXOMFOH";"Q-4-37th Armored"
"QWXKTKODOT";"B-I,/PWORY"
"QXBUPWJDYZ";"3-2-71. kdbr"
"QXCLSKMSKI";"I-28FightBombRgt"
"QXEVYSXXYM";"3-1-9 pa"
"QXIHXNLGEU";"12-4-52y Gv. Art."
"QXPEEUOXXP";"L-3-64th Armored"
"QXVDMBTINT";"Kom.-3-247-y Gv. MSP"
"QXWJIBQUGP";"1-2-5. msp"
"QXXKWMGYSQ";"1-107. Jäger"
"QXYFCMAMNR";"SK-1-MSR34"
"QXYTCMUTEQ";"3-3-361. dp"
"QXZBOONLTH";"11 ksap"
"QXZUWRLGPN";"1-25e RA"
"QYANVXMULU";"Support-1er Chasseurs Ardennais"
"QYBNCUABAS";"7-3-AR19"
"QYCBCEPQEF";"2-1-29 pcz"
"QYDEAVSPUQ";"B-1-77th Field Art."
"QYDPFOYZCP";"3111-VKK 311"
"QYFJIDIDQT";"Arnhem-I,/KORB"
"QYFYDFOWKJ";"B-117 Afdva"
"QYGCUUZYHD";"HQ-2e Artillerie"
"QYIKVPQNMW";"4-2-33y MSP"
"QYITCUCUFH";"1-1-126y Gv. Art."
"QYKZAEDTSV";"3-68-y Razv. Bat."
"QYMOJDCKYK";"E-2-20th Field Art."
"QYOUKXLNNF";"C-62A"
"QYPYZTYMDE";"2-PzB-MSR24"
"QYRLZBSVJB";"SK-VKK 241"
"QYUNXQYKDK";"HQ-1Staffordshire"
"QYUPFGTYPW";"B-3rd Field Art."
"QYVZOXWGTS";"1-2-62. msp"
"QYXMUWVRYP";"3-2e Chasseurs Ardennais"
"QYZIKFBAZX";"9-3-138y oTP"
"QZBERORXDQ";"CEC4/131RI"
"QZCHPCUVIF";"6-2-MSR28"
"QZCQQGBRQW";"1-205y PT"
"QZCRNKPLNL";"HQ-3rd Inf. Div."
"QZFGXTYJEU";"5-2-95-y TP"
"QZITRYTDIR";"Kom-4-944-y GvArt."
"QZJZGGTOED";"H-2-1st Helo."
"QZRXMWYXZR";"3-4e Cuirassiers"
"QZSJNBBQUP";"5-2-400y MSP"
"QZWCMGMCWS";"3-1-239y GvTP"
"QZXNBLDWMI";"K-3-1st Helo."
"QZYKONSYCG";"DB-2-33 pz"
"RAANQYLQBH";"4213-VKK 421"
"RAGNGWLCZH";"1-3-67. msp"
"RAHVQGSXYU";"2-1-9 pz"
"RAJCSDDFDK";"8-3-128-y Art."
"RAJIEWWTGI";"DD-2-7 Bah"
"RAQZKMLXVR";"1-3-1. dp"
"RASRPPFAAF";"HQ-3-PPCLI"
"RAUJSAXLYP";"3-Tk-241-y GvMSD"
"RAXOBHFHQN";"12 bcz"
"RAYXMKMERV";"A-I,/51st Highland Vol."
"RBBPGHVHDN";"2-402 RA"
"RBDMXEJQHP";"1-4-42 pz"
"RBFHMVEFCC";"K-3-2nd ACR"
"RBJSLHDYSS";"Pionier-Kie 80"
"RBKXWBUHGE";"2-1-166y GvMSP"
"RBRTSLBDMN";"HQ-2-227th Helo."
"RBUGBVOZIW";"Stab-3. Panzer"
"RBUHVKDAIC";"G-2-16th Mech. Inf."
"RBWCDMWUWO";"HQ-18e Artillerie"
"RBZVTNNESE";"DD-1-22 pa"
"RCAGGZPSRB";"3-34e RA"
"RCDTTOFYKX";"2-545. Artillerie"
"RCFABIXVOI";"1-331. Panzer"
"RCFVORRIVT";"2-4-67. msp"
"RCGQIKQORY";"2-1-PR22"
"RCMCITJFNY";"5-15 pcz"
"RCMQXSCJHI";"3-677-y (SAM Bat.)"
"RCNROAAWGF";"D-1-41st Infantry"
"RCONOTJXUO";"Velitelství 3-67. msp"
"RCPBHQIIHF";"A-1-44th ADA"
"RCWSMVEAWA";"A-Blues & Royals"
"RCYFQONWAG";"2-490y oVP"
"RCYKXROPYW";"K-3-R22R"
"RCYUUIGLUZ";"3-200. Sicherungs"
"RCZDTDJUEK";"8-3-AR10"
"RCZPYGGVPD";"3-47 dar"
"RDAECGEPOI";"5-113. Pz.Gren."
"RDAHLZEDOG";"7-3-33y MSP"
"RDDSWOLTZT";"3-523. Panzer"
"RDDVPJXASH";"4-261. Fallschirm."
"RDEFJPMNDJ";"Kom-286-ya Art. Brigada"
"RDFMTNPGHE";"3-16 pcz"
"RDFPEOAVHO";"C-QOH"
"RDGVOLZZOZ";"M-3-2nd ACR"
"RDIHRDNVCC";"HQ-5 Hvy. Rgt. RA"
"RDJLTSUYRR";"Kom.-1-35-ya GvDShB"
"RDLIMJQXQJ";"1-822-VKK 345"
"RDLOZXAASI";"5-2-360y TP"
"RDNZUMKEPJ";"4-2-2 pa"
"RDSROVUQNB";"6-2-113 pa"
"RDSVQWKDNU";"3-4-17 pz"
"RDWUUKSZDG";"A-117 Afdva"
"RDXEFNZPKD";"9-3-sMSR25"
"RDXNEVGWCV";"2-159y Okhrany"
"RDYTPHOQLW";"B-Alcantara"
"RDZFVRONZO";"9-3-87-y Art."
"REDOWBZMEJ";"Kom.-1-247-y Gv. MSP"
"REGYHAKZLO";"1-1-MSR43"
"REKQNMJPYI";"1-342. Pz.Gren."
"RERNDMLRQA";"2-240. Pionier"
"REYMDCYACV";"D-249th Engineers"
"REYYSTHVUT";"SK-AB9"
"REZTVTJCXC";"2-JG 74"
"RFBBHFONFV";"3-GeWa10"
"RFIAEHJUWV";"SK-353. Pz.Gren."
"RFMIHYLBQS";"7-2-28-y GvTP"
"RFOSHUKQEU";"8-3-944-y GvArt."
"RFQBQNFCAH";"2-359y Zen. Art."
"RFTNYINLWC";"SK-11. MSD"
"RFUKZNXVEE";"2-1-56y GvTP"
"RFXOIRTAOJ";"DB-1-33 pz"
"RFXSMVRCPZ";"2-4e Etranger"
"RFZFEDSIFK";"4-2-400y MSP"
"RGDJZHPTVE";"2-27. Jäger"
"RGHGVGEDLQ";"3-35. FlaRak"
"RGILJNZZXD";"3-403 RA"
"RGKJTWZNVP";"2-2e Gidsen"
"RGKOITTEWT";"DD-1-7 Bah"
"RGKZNQRXXE";"CEA-153e Infanterie"
"RGNGKGZYYG";"2-Pz-MSR27"
"RGQWUHTSUU";"DB-2-17 pz"
"RGTLNHUAAR";"9-3-MSR9"
"RGUGOVIVWL";"3-10. plrp"
"RGUYOVISXZ";"Generální štáb ČSLA"
"RGUYWAQXZA";"2-24e RA"
"RGVZCMNHHP";"2-93-y PT"
"RGYZRIFBVG";"8-3-AR17"
"RGZCXJLXVD";"1-85 pz"
"RGZORIKLBH";"SK-3-PR11"
"RHAPENTKOV";"3-4-10 pz"
"RHBJFEGWXC";"HQ-1-82nd Helo."
"RHCNPHMZOU";"3-3-217. PT oddiel"
"RHDCKHQDRA";"SK-22. Pz.Gren."
"RHEKNEWYFY";"A-Life Guards"
"RHFDQOIIOT";"II. JS/JBG-37"
"RHFOMLFKHX";"5-112. Pz.Gren."
"RHJCESQDOL";"D-317th Engineers"
"RHJPDJCBKD";"A-RSDG"
"RHKGSQTEJE";"CEA-6e RPIMa"
"RHSNCIEGDQ";"1-1-2 pa"
"RHSRJSMQCP";"5-2-120y GVMSP"
"RIBQQSFBBU";"C-1-R22R"
"RICHGQHIMY";"3-12e de Ligne"
"RICQBMPQEJ";"C-12 Painfbat"
"RIDLBEGGZA";"3 Squadron"
"RIHPQJMJJN";"1-643. Panzer"
"RIHRKUDJOS";"2-AA1"
"RIMFUMHTJQ";"L-3-34th Armored"
"RIOBORBZJX";"A-45 Painfbat"
"RIQBSPAUUC";"HQ-4 Field Rgt. RHA"
"RITCNGEKXR";"HQ-1 Br. Corps"
"RIURYCFSMR";"8-3-199y Art."
"RIVPUNOPSJ";"B-323 Sq."
"RIWIMRWLLS";"Staf-55 Painfbat"
"RIWJHWTSRU";"A-34 Afdva"
"RIXVPMZSTY";"SK-Res.MSB 23"
"RJADMDQZWR";"B-43 Afdva"
"RJDDEOZSVP";"DB-1-49 pz"
"RJFUKVTMVE";"Velitelství a štáb 4. TD"
"RJGLTQWMEG";"F-2-136th Mech. Inf."
"RJGOLKMEPN";"HQ-5-77th Armored"
"RJHKZOSNWF";"8-3-65y GvTP"
"RJHQROKBXS";"6-35 pcz"
"RJJCWTLCWV";"SK-1-MSR22"
"RJLOFHZMGF";"1-35e Infanterie"
"RJNMHGBUVN";"2-1-120-y GVMSP"
"RJQCFIXPSH";"EM-33e Génie"
"RJRXPZVKUB";"PzPionier-Kie 120"
"RJTKXYIAJY";"1-152e Infanterie"
"RJVKCFWIPO";"HQ-QOY"
"RJWDPXPRFK";"3-1-PR19"
"RJXIERUDLP";"2-1-245y GvMSP"
"RJYQCHVDCX";"3-1-5 pz"
"RJZZQAHSSX";"1-2e Etranger"
"RKCUGVCMPX";"GSA Mitte 4"
"RKENLOJMOY";"A-55th TFS"
"RKFQZHTLUU";"9-3-33y TP"
"RKIETURQKK";"3-1-MSR27"
"RKKBUNMXFT";"D-1RTR"
"RKLGLIXPPF";"7e Gpe-7e RHC"
"RKNDOWPUOX";"2-4de Lansiers"
"RKNRRMQPWF";"10-4-308-ya Art. Brig."
"RKQEHWFGHF";"Kom-.2-241-y Gv. MSP"
"RKQPPXIDOE";"3-11e Cuirassiers"
"RKVPLIIPPY";"SK-211. Panzer"
"RKWAWHDJTS";"DB-3-32 pz"
"RLCKMDDJFW";"1-MSB-Otd. Tank. Bat."
"RLFKWITSLT";"SK-544. Panzer"
"RLHPSUGREE";"2-12. Pionier"
"RLOQVTHXWJ";"2-305. Artillerie"
"RLPYJZYAUG";"C-23rd TFS"
"RLQKQMBQVI";"2-5 dplot"
"RLSLZUBGRH";"SK-241. Panzer"
"RLUGYPRCKC";"13-3-119-y Otd. Tank. Polk"
"RLUGZVGQBY";"1-178y oVP"
"RLVZXQETGE";"4-232. GebJäger"
"RLWQKCQJKK";"3-MSB-26y TP"
"RLXNWADDXV";"Staf-3 GGW"
"RLXOKUWCWA";"8-3-95-y TP"
"RLXWLUIFKW";"3-87. Geb.Jäger"
"RLYMJLRGJK";"B-Wad Ras"
"RMCFRXIYYU";"1-1-3. msp"
"RMCGEMEOCU";"M-2-18th Mechanized"
"RMDFRHYGVK";"2-81. Geb.Artillerie"
"RMEKQPDQZW";"SK-235. GebArt."
"RMERIGLPBH";"Velitelství 2-8. tp"
"RMEZEKFIEI";"1-336-y Otd. Vertoletniy Polk"
"RMFHEYSBYE";"2-34. FlaRak"
"RMGYHECDQX";"1-2-1. tp"
"RMIWPEFXOP";"2-1-74y GvTP"
"RMKCDNGSVJ";"SK-Res.MSB 33"
"RMKGRSMBCL";"A-1-R22R"
"RMKQNRBFYO";"F-2-34th Armored"
"RMOZWNBUJG";"2-2-33. tp"
"RMPDZLTZDA";"DB-1-37 pz"
"RMSBNZXGBF";"5-2-128-y Art."
"RMSUHUJZJE";"4-2-29y GvTP"
"RNBCUMSVYE";"1-487-y PT"
"RNJNAEQYLE";"2-1-11. msp"
"RNOMYVHRWT";"10-4-693y Art."
"RNRLZFNIZO";"3-1-693y Art."
"RNURTBRBBC";"I,/357-y OShAP"
"RNUSJGYFTG";"2-2-3. dp"
"RNUUFJPDJG";"1-1-MSR29"
"RNVDMFZUBF";"2-1-247-y GvMSP"
"RNWDUGRADY";"HQ-4-29th Field Art."
"RNYSTLFJHU";"3-55y OTB"
"RNZIBAEBMG";"9-3-AR17"
"ROALWXMTFE";"Reco-8th Can. Hussars"
"ROAXWZITKA";"2-336-y Otd. Vertoletniy Polk"
"ROBWHVJXNL";"D-VII,/TLI"
"ROCDZDRTOH";"1-1-290y Art."
"ROCXGSWHWJ";"Teile-FErsatz-Bat. 240"
"ROJTCYRPDG";"2-854-VKK 421"
"RONBMWGDTF";"Kom-.3-54-y Art. Polk"
"ROPGXMJNWW";"Velitelství 2-62. msp"
"ROQHCVKYSP";"HQ-1de Karabiniers"
"RORVHNIZZU";"3-3-65. msp"
"ROTJWESTJR";"3-364. Panzer"
"ROTWFHMHQE";"5-2-AR4"
"ROYTQSYHFV";"B-104 Afdva"
"RPBBGTNKFB";"HQ-5de Linie"
"RPBJJQIUPL";"SK-1-MSR27"
"RPBSZITRYC";"U-5-3rd Field Art."
"RPCSXRNSIP";"B-31ste Smaldeel"
"RPPLEYIMLK";"1-3-8. PT oddiel"
"RPPZIZNRMH";"HQ-I,/Green Howards"
"RPRCAQQMBW";"N-4-32nd Armored"
"RPWKUIEDMQ";"1-2-17. tp"
"RPZRRUNCIF";"BDP-124 prplot"
"RPZSJYVORB";"7-3-44-y TP"
"RPZVTQXQEL";"4533-VKK 453"
"RPZWLPUMIC";"3-227-y MVD"
"RQCELJVNGR";"B-V,/RRF"
"RQCQETAFFJ";"C-VII,/RAR"
"RQIILXMNKH";"SK-2-MSR30"
"RQMOCQXQGM";"Cyclops-2RTR"
"RQNBYNLVEU";"160 RMP"
"RQNNUABXYS";"A-I,/RGJ"
"RQOEOVUVIC";"2-35 pcz"
"RQPMOQTINC";"1-212. Pz.Gren."
"RQSYLHWNAC";"Reco-2ste Jagers te Paard"
"RQTEPPXAGF";"4-30. HFR"
"RQTLIDGMYL";"2-804-VKK 221"
"RQVZDSDHGI";"3-865-VKK 411"
"RQZTFOQACC";"1(Stab)-FJB 263"
"RRBKJJTTHX";"3-355. Artillerie"
"RRCVSQGQZY";"3-3-63. msp"
"RRGEXZSEVZ";"3-6y Razv."
"RRKYYYXZYC";"3-PB-MSR1"
"RRSNUNCRCX";"3-4. Aufklärer Bat."
"RRUSJOXYQL";"1-106. Jäger"
"RRWOVMVPES";"Stab-1. Gebirgs."
"RRYPFKQIYM";"1-52 Rak.Art."
"RSAGZDFNGK";"Velitelství 1-28. dp"
"RSCMLOSDVT";"Staf-117/118 Afdva"
"RSJVPHWOKC";"4-99 dplot"
"RSMEIQRQIV";"6-2-7-y GvTP"
"RSOMOMVZMI";"6-2-744y Art."
"RSPQIKJCYT";"1-TkBat-240y MSP"
"RSQVMTOQYT";"3-71. Artillerie"
"RSRBAJHYVG";"2-4431. Sicherungs"
"RSRGTQTFET";"5-2-9 pa"
"RSUXOGDJNU";"A-1-5th Field Art."
"RSYPTVOSIY";"SK-110. Pionier"
"RSZBJFMBKM";"1-1er RCP"
"RTAWEQHLZA";"1-Tk-241-y GvMSP"
"RTDUDQRXQF";"630th MP Coy."
"RTFQYVGKTK";"Kom-.79-y Gv. Tank. Div."
"RTGSIYPOVX";"2-PB-sMSR25"
"RTHOLQZKDQ";"3-3-25 pz"
"RTHPNBPNEX";"2-GeWa17"
"RTPBLDADFJ";"6-2-22 pa"
"RTUMVGJLNE";"1-40 dar"
"RTZIODICUL";"3-PAR3"
"RTZSDBEMPA";"EM-8e Chasseurs"
"RUALMWJDPX";"9-3-MSR13"
"RUCBUGBYYZ";"B-I,/RAR"
"RUCOBGTKOE";"1-MSB-70-y GvTP"
"RUDFDQQDKZ";"1-99 dplot"
"RUEGGZKJLL";"SK-1-AB40"
"RUGBLLVUFO";"1-TkBat-288y GvMSP"
"RUGLFWJQRW";"1-1-119-y Otd. Tank. Polk"
"RUHSRFIXVU";"3-GeWa1"
"RUIWTHKVNL";"K-1-77th Field Art."
"RUOQGSIYMB";"3-3-9. msp"
"RUQKRNIFJZ";"3-1-16y GvTP"
"RUWABTXGPO";"BDP-5 prplot"
"RUXWWFXQYH";"B-1-2nd ACR"
"RUYWZLNJTL";"1-225-y (Helo)"
"RUZVJSXEEM";"7-3-145y oTP"
"RVCFTZOUCF";"2-2-7 Bah"
"RVCWMCBJYX";"3-21-y Otd. Ognemetniy Bat."
"RVHXOBAJLP";"B-16th/5th QRL"
"RVJHPAVSFP";"Kom-.2-117-y Gv. MSP"
"RVLUIPKTFR";"2-PzB-MSR7"
"RVMLTLKYDD";"1-278y GvMSP"
"RVRQSODQYG";"SK-4. Pionier"
"RVTDRWKAIP";"7-3-PR17"
"RVWSYOOMWF";"3-1-914y Art."
"RVYHBEPHUT";"pc-83 pz"
"RVZROGMRVC";"8-3-278y GvMSP"
"RWFRJACYGA";"1-1-63y GvTP"
"RWGRHGETLG";"2-3-33 pz"
"RWKNXQKIDU";"2-117. Jäger"
"RWNBPHWLKI";"4-171. plrp"
"RWNDVTOGGB";"2-TkBat-288y GvMSP"
"RWQOEGREXL";"M-3-11th ACR"
"RWQWBMFWTV";"B-I-RAAA 73"
"RWRABEZOSS";"HQ-27 Field Rgt. RA"
"RWVIASYAQH";"L-3-504th PIR"
"RXAPYRXAKP";"B-316 Sq."
"RXAYWOQINI";"4-2-247-y GvMSP"
"RXBKRTKGOD";"2-2-2. tp"
"RXEBPEGVIX";"4-2-sMSR25"
"RXMQMLPJSF";"3-2ste Jagers te Paard"
"RXMWBJBJQC";"SK-VKK 431"
"RXUBYWZUAS";"1-192. Pz.Gren."
"RXVXYOTAWQ";"8-3-288y GvMSP"
"RXXRFEDABQ";"2-60e RA"
"RYACHUTMLK";"5-2-MSR9"
"RYCWTSZYWE";"Kom-225-y (Helo)"
"RYDQIGQVFK";"DB-3-3 pcz"
"RYDQWOELNK";"SK-VKK 312"
"RYHFLJMUXE";"A-7 (Para) RHA"
"RYPLQWZYHV";"EM-110e Infanterie"
"RYPMNTOJHN";"2-134. Panzer"
"RYPNGKMVMW";"1-3-71. kdbr"
"RYRVVYYGUL";"SK-2-PR4"
"RYSXTRDJKR";"A-1-35th Armored"
"RYVZPZHWFF";"P-4-7th Field Art."
"RZDDPRNXEG";"1-1-75 pz"
"RZDJYRGRVC";"1-MSB-244y GvTP"
"RZDXLIWNDV";"1-131. Pz.Gren."
"RZIRIHOXBT";"2-1-MSR35"
"RZOJFZZAWT";"Kom.-10-y Razv. Polk"
"RZPJTIMZJX";"Geb.Feldersatz-Kie."
"RZRTKJVLPH";"1-1-68-y GvMSP"
"RZSAOSNAJZ";"3-2-51 pz"
"RZTVDPGCZJ";"D-4RTR"
"RZVTETTOGH";"2 Squadron"
"RZXBOEOOBC";"1-1-385y Art."
"RZXSCPEWIO";"7-3-724y Gv. Art."
"RZXTUABDAV";"1-41. FlaRak"
"RZXZUXJNLX";"1-2-33 pz"
"RZYSERHGSM";"A-132 Infbat"
"RZZDPYTGFC";"4-2-MSR18"
"SADNNLBPSA";"1-Tk-120y GvMSP"
"SAEVJKMFOL";"3-491-y PT"
"SAOVDBFVWW";"SK-34. FlaRak"
"SAPCRLUJOF";"1-54. Panzer"
"SATJXZYVSC";"1-2-8. PT oddiel"
"SATLCSMZRY";"3-244. Panzer"
"SAUMPJKTPZ";"EM-53e Artillerie"
"SAYRYMFYDA";"SK-82. Pz.Gren."
"SAZARVXXDI";"6-2-67-y GvMSP"
"SBBKFKSWZU";"1-44. Panzer"
"SBEVYLKZZO";"8-3-1054y Art."
"SBHOUXCBRV";"11-3-5 Baa"
"SBJWDTVEIY";"1-1-390-ya Art. Brig."
"SBOGHVZQAQ";"5-101. Artillerie"
"SBQLHWTQVK";"3-235. GebArt."
"SBRSJWXZRL";"1-MSB-55GvTB"
"SBRXLFSZYY";"K-3-325th PIR"
"SBSJPTMATS";"EM-5e DB"
"SBSUHPHFNH";"C-1-18th Field Art."
"SBUXEXDTLR";"2-2e Etranger"
"SBXWHUCWIH";"1-232y Okhrany"
"SBZHFOTGNL";"4-2-PR8"
"SBZLOGAJLD";"2-77. Jäger"
"SCAMAUIRFX";"HQ-15/19th KRH"
"SCAZJXHEUZ";"3-1-153y GvTP"
"SCBSKHPBBM";"3-2-5 pz"
"SCCMNCVKZC";"2890 Squadron RAuxAF"
"SCEIQQSYEH";"1-TkBat-243-y GvMSP"
"SCHIFQCJYG";"2-235. GebArt."
"SCKCEDVPNI";"SK-3-MSR18"
"SCMUKXDRBY";"6-2-AR20"
"SCMYWGPHQD";"2-440y Art."
"SCOILPIJHW";"3-496y PT"
"SCOVUGYGVW";"A-17th/21st Lancers"
"SCRDVVAAUD";"67-y Saperi Bat."
"SCRHSGAQMW";"3-1-55 pz"
"SCTQTKIMTN";"1-201. Panzer"
"SCWZZVDBQU";"A-114 Afdva"
"SCYLZEMIBL";"C-11 GACA"
"SCZNBQDDDI";"C-1-35th Armored"
"SDBYPYZKSP";"1-6de Artillerie"
"SDCLMHQYAZ";"3-TkBat-248y GvMSP"
"SDDWJFQXRN";"2-1-PR10"
"SDEUAIBRKO";"1-1-PR4"
"SDFFAVLGPJ";"1-1-37 pa"
"SDGQDZSUHO";"3-25 pcz"
"SDJWQKABLB";"2-1. Aufklärer Bat."
"SDOCNHQDEU";"3-1-20. tp"
"SDOZNWPBVN";"III,/35-y IAP"
"SDPQQJHPTI";"2-3-55 pz"
"SDQOXBMERB";"1-1-8 Bah"
"SDQRIOPAFA";"3-1-100y TP"
"SDSWLSRLUM";"G-I,/51st Highland Vol."
"SDZZMOLPAB";"1-731. Jäger"
"SEAHIXNSDP";"I-3-64th Armored"
"SEBPMVPDCR";"2-1-12. msp"
"SECJEGUOQD";"661 Sq. AAC"
"SEFVBLUFIF";"SK-VKK 432"
"SEKKFFXEBU";"1-MSB-79GvTB"
"SEOANSAHAS";"I-3-5th Field Art."
"SEOZVIGNRO";"1-1-PR10"
"SEPKOQPQOQ";"2-24. Panzer"
"SEQKIFKORE";"1-30 pcz"
"SEQTELJGHO";"7-3-211y Gv. Art."
"SERTTOOWPY";"1-118. Sicherungs"
"SESRGYWNTB";"EM-5e Dragons"
"SETLXRTKRD";"SK-633. Panzer"
"SFDAGMOZQP";"EM-13e Artillerie"
"SFDWGHUKRL";"HQ-4-41st Infantry"
"SFEJNACXXZ";"SK-143. Panzer"
"SFEUGRGCGD";"1-4-62. msp"
"SFHXOOLKOI";"4-2-35-ya GvDShB"
"SFJAUKBXTD";"2-3-3 pcz"
"SFKUQEQJDS";"2-307-ya Art. Brigada"
"SFPBSSEGXI";"1-1-15-y GvTP"
"SFTRKXPSSJ";"SK-1-MSR13"
"SFVKSLAGLX";"6-2-MSR22"
"SGAXSWPPIW";"2-535. Artillerie"
"SGGJTOKVNP";"5-2-40y TP"
"SGJLMIZJIL";"M-4-27th Field Art."
"SGLHJHJRVD";"2-1-113 pa"
"SGNQFLQYHG";"5-2-60y MSP"
"SGNTMLVXWZ";"Mim.-3-35-ya GvDShB"
"SGOJNMKRLU";"D-57 Tkbat"
"SGWNUOKCSB";"1-363. Panzer"
"SGXQNLOFHY";"7-3-585y Art."
"SHABRRWKEX";"4-1-37 pz"
"SHAXWQUFAF";"4-1075-y Otd. Zen. Rak. Bat."
"SHCJFHPZVP";"2-942. Jäger"
"SHGGDJXYVN";"3-32. Pz.Gren."
"SHHGEHKJJQ";"SK-1-PR16"
"SHINROIUFQ";"3-1. plp"
"SHKPIZCZGI";"I-3-63rd Armored"
"SHLKZNUHVC";"F-2-R22R"
"SHOLAOVBDV";"DB-1-13 pz"
"SHOSQKRAIE";"1-1-27 pcz"
"SHQLDNOQRX";"4-2-138y oTP"
"SHRCNSMWZO";"3-139y Zen. Art."
"SHTEUNKUVH";"Velitelství 1-14. tp"
"SHTIRQXZJX";"2-250. Pionier"
"SHTOGAAEET";"Stab-12. Panzer"
"SHVRWCJPAH";"1-804-VKK 221"
"SHWUIGIDPZ";"3-43. Pz.Gren."
"SHWYWDSJWP";"2-300. Sicherungs"
"SHYVWPKKAP";"9-3-MSR32"
"SIAONCPUCB";"G-2-5th Field Art."
"SIBPSWDBJF";"3-1-56y GvTP"
"SIFTTOKRHP";"2-4-11. msp"
"SIFTUPTRKT";"3-3-7. tp"
"SIGWLXZGOI";"1-1-199y Art."
"SIIUEDKQXC";"3-1-MSR15"
"SIMKSRXPWE";"EM-11e DP"
"SIMLLBYYZX";"C-1st Engineers"
"SINTFVTQWN";"1-1-75. thdbr"
"SIPTFNPMJD";"3-1-211-y GvTP"
"SIPXSYLTSG";"1-519-y Otd. Zen. Rak. Bat."
"SISWQXPUWJ";"3-743. Feldjäger"
"SITYUAFASL";"7-3-MSR41"
"SIUKATEBRW";"3-4. Pionier"
"SIWWZRUVSX";"2002-VBK 20"
"SIXGTUNKJI";"8-3-AR3"
"SIXJHSIHII";"HQ-Avia. Brigade-3rd Arm. Div."
"SJCWIRIBWA";"Kom-3-67-y GvMSP"
"SJDNQTMYJY";"HQ-I,/QLR"
"SJDXJITSDP";"11-4-385y Art."
"SJFKIZRZKY";"DB-2-55 pz"
"SJGWTDFHEO";"Kom-.1-117-y Gv. MSP"
"SJHSDVUOPC";"HQ-2-41st Infantry"
"SJKEHDJOSC";"HQ-12th Combat Aviation Brig."
"SJNJZLOVHF";"SK-GeWa4"
"SJPARVERWL";"3-642. Jäger"
"SJPKHJCWAL";"5-2-17-y GvTP"
"SJQATXQIFF";"9-3-164y GvMSP"
"SJQHJZUMQI";"A-12 Painfbat"
"SJQOXORQBG";"3-99 dplot"
"SJQPGBQOUM";"3-856-VKK 431"
"SJTKBCLFYP";"3-155. Artillerie"
"SJVNXZCFKB";"4-110e Infanterie"
"SJYBAGCTNI";"C-525th TFS"
"SJYZHNTKZX";"1-24. Panzer"
"SJZJUALMWH";"2-564. Panzer"
"SJZOOVEPFE";"SB-130. FlaRgt."
"SKARJNWIWK";"20 Squadron"
"SKDCHHWTBJ";"D-TRH"
"SKFLEMBJKA";"2-102. RakArt.-Bat."
"SKFYDEXXDC";"L-3-3rd Helo."
"SKGXMQLTBJ";"1-821-VKK 344"
"SKIEUNLOOT";"A-Almansa"
"SKIGALZAWQ";"1-3-10. msp"
"SKILRFFYAA";"3-1-204y GvMSP"
"SKIYRZTFGO";"EM-3e Dragons"
"SKKFPKJFVI";"HQ-17e Art. à Cheval"
"SKLWHPRRNT";"1-333. Panzer"
"SKLYCEYBCT";"2-143. Panzer"
"SKMJVRKMQQ";"3-4-100 pz"
"SKNVOFCJNM";"3-1-10. tp"
"SKPHIURCZM";"CEA-3e Infanterie"
"SKRMRSNCUC";"Det./1er RPIMa"
"SKXBWXBYEF";"II,/968-y IAP"
"SKXKAAUTWV";"3-899y DShB"
"SLAZYGHTFC";"3-Res.MSB 13"
"SLEKDOTJHW";"7-3-670y Art."
"SLELAUJZOV";"SK-3-MSR31"
"SLFWMFEQAP";"EM-3e Infanterie"
"SLHZOLXTLD";"D-17th/21st Lancers"
"SLLJZYHUTI";"3-227th Attack Helo."
"SLLOTIAYBW";"SK-GeWa11"
"SLNYPHIUSU";"C-43 Afdva"
"SLOEEKKDTY";"2-227-y MVD"
"SLUXZYXMNH";"Kom-.1-241-y Gv. MSP"
"SLVBTZHVYB";"SK-1-MSR14"
"SLXWGOAYNY";"C-1-10th Armored"
"SLZZNVVLCF";"2-303-ya Art. Brigada"
"SMAZACUUSD";"3-621. Jäger"
"SMBHRVXOWL";"3-204. Panzer"
"SMDLNKCURM";"7-3-70y GvTP"
"SMHNDFVVBP";"B-León"
"SMHXSTOCOJ";"3-MSB-33GvTB"
"SMIQXMHJVZ";"1-4432. Sicherungs"
"SMKBVHJDJY";"1-58. Sicherungs"
"SMKXSJUAAG";"1-440y Art."
"SMMWNPKJMZ";"1-17. Jäger"
"SMNWMZHBFC";"2-1-2 pa"
"SMQIRLEAQP";"2-5-8 Bah"
"SMRQPLYQBZ";"3-1-AR9"
"SMRVBWNZVS";"Pionier-Kie 190"
"SMURDBZEUN";"IV-1FighterRgt"
"SMUZPNJFEA";"2-TkBat-240y MSP"
"SMWFBOJSCM";"3-85 pz"
"SMXNMRGMBH";"1-1-45-y GvTP"
"SNAVOVLNJH";"SK-36. HFR"
"SNCFMZWDNW";"SK-224. Panzer"
"SNCJXWKSBR";"4-342. Pz.Gren."
"SNELCBHQNX";"4-2-PR1"
"SNGLNBVYUF";"Kom-2-308-ya Art. Brig."
"SNIYGYBMOK";"B-II,/York Vol."
"SNOUQXFLEK";"L-3-67th Armored"
"SNOYYYCOVA";"2-83. Panzer"
"SNPJVKJKKY";"SK-3-MSR24"
"SNPSUDVBIB";"SK-2-MSR24"
"SNRRFCWAHO";"Velitelství 4. plrp"
"SNXDHHAOBA";"8-3-67-y GvMSP"
"SNXUUKNYPE";"Velitelství 3-104. msp"
"SNYFDJUMBA";"V-I,/51st Highland Vol."
"SNZXGJUPYI";"3-3e Lanciers"
"SNZXQARBVR";"3-2-27 pz"
"SOBGLZXDWS";"8-3-390ya Art. Brig."
"SOBYZFSHZT";"Teile/PiB4"
"SOEXWDMBUN";"1-490y oVP"
"SOGSIQLBWM";"2-1e Artillerie"
"SOLZDJKHTO";"3331-VKK 333"
"SONMBURZRX";"SK-104. Panzer"
"SOOKXSRXPU";"B-40 Field Rgt. RHA."
"SOPPEMLWWI";"1-1er RA"
"SOQIBDIVLO";"1-43. Pz.Gren."
"SORUHCJVCX";"A-42 Afdva"
"SOTKWDWHRO";"A-103 Verkbat"
"SOUXILNFSZ";"J-2-16th Mech. Inf."
"SOXVWFHTMT";"1-3-8. tp"
"SOYIRXNMCE";"1-TkBat-280y GvMSP"
"SPEITVXAPN";"5-2-724y Gv. Art."
"SPGRZSHXQC";"109th MP Coy."
"SPMHHJWCUZ";"Velitelství 2-8. dp"
"SPNJTHNLIM";"1-1-14. tp"
"SPNZWHENSB";"1-3e Cuirassiers"
"SPOIWQUOTP";"1-1-1. tp"
"SPOSSCKSVU";"1-32 br"
"SPQQEDGAZA";"HQ-2nd Arm. Div."
"SPWOXOMPNL";"HQ-4AAC"
"SQBLYQAMIK";"1-1-MSR23"
"SQCFUQVXHO";"1./WSB-15"
"SQDJFRULHR";"8-3-AB40"
"SQDUZNVSJS";"SK-2-PR1"
"SQGPNSXGFY";"HQ-1st ID"
"SQIEQYYTWF";"H-3rd Field Art."
"SQIWCVXCSY";"SK-24. Panzer"
"SQJDYBMMUK";"Kom-1-95-y TP"
"SQOOZDYQDG";"4-102. Pz.Gren."
"SQOOZKTYKT";"Velitelství 1-8. tp"
"SQOPRVPAXC";"HQ-I-RALCA 62"
"SQPCDODJZU";"SK-2-MSR43"
"SQSUJIOSRV";"A-40 Field Rgt. RHA."
"SQYTLGVABE";"C-V,/Queen's Rgt."
"SRHHENJGNA";"655 Sq. AAC"
"SRJBEMNKNF";"SK-VKK 342"
"SRMDXTXSWB";"C-1-58th Mechanized"
"SRPDRMBGQP";"2-679-y (SAM Bat.)"
"SRQDZCDKQE";"B-59 Tkbat"
"SRRPQXIMXB";"Y-VI,/RRF"
"SRUKBATTTG";"1-1-MSR32"
"SRVRGWOZLM";"3-3-60. tp"
"SRWDDDFMQS";"2-3-1. tp"
"SRXJCQQKDL";"6-2-77y GvTP"
"SRXXGSVGYN";"3-4452. Sicherungs"
"SSAEDWSTNV";"3-230. FlaRgt."
"SSBFDAGOMO";"3-2-13. tp"
"SSCAENHCUG";"DB-3-13 pz"
"SSDLCFEQOF";"3-250. Pionier"
"SSDLWYRGZT";"4-1. Pionier"
"SSERPXNORY";"SK-3-PR16"
"SSIHRUJHWQ";"2-635. Artillerie"
"SSJEVNNEWR";"A-III,/TLI"
"SSJQFALJDW";"SK-1-MSR31"
"SSJVXIQSTA";"2-631. Jäger"
"SSKRXWZQAG";"BDP-18 prplot"
"SSOKSMDBYR";"4-2-237y TP"
"SSTNUHZAPV";"2-1-278y GvMSP"
"SSYVBFPABC";"2-2-79y GvTP"
"STGWAKKRMP";"SK-FRR20"
"STIIBZNJMY";"1-941. Jäger"
"STKGVNMWXY";"1-18e Artillerie"
"STMFRXQBFZ";"2-MSB-PR17"
"STMKRQWLUT";"3-1-75 pz"
"STNZXEFWJM";"2-4453. Sicherungs"
"STOZZKJDHV";"2-122. Pz.Gren."
"STPZHWIJHS";"Velitelství 3-8. dp"
"STQTAJGOGA";"Teile/PiB 11"
"STWCWINRCE";"HQ-6-41st Field Art."
"SUAFHOGEBT";"C-III-RAAA 71"
"SUATVNLGHX";"HQ-I,/KORB"
"SUAZGKBUEA";"6-2-322y MSP"
"SUCKZBSBEO";"D-3RTR"
"SUDZFOQPOT";"1-(TerrE)"
"SUFHYNKCAT";"3-2e Carabiniers"
"SUFOZVBAGC";"2-14 pappanc"
"SUHILWWGYZ";"82nd MP Coy."
"SUJCPDLPXY";"1-3e Lanciers"
"SUMOXBMOWS";"2-1-23. tp"
"SUNSUXVKAZ";"1-75y OTB"
"SUPMPYKFTK";"2-4th Attack Helo."
"SUPNTGOLEW";"2-1-23 Baa"
"SUPZZWFXLF";"1-860-VKK 442"
"SURMEHMQEF";"1-PAR3"
"SUTBWOQRPS";"2-544. Panzer"
"SUTTXNEOWV";"HQ-293rd Engineers"
"SUWVQTDWYJ";"1-805-VKK 245"
"SUXCLEXRHB";"HQ-CFE"
"SVARJBCYMK";"III-KG2-ABr5"
"SVCKDLZWJB";"4-5 dplot"
"SVCPQRRMUW";"1-31. FlaRak"
"SVIRLOFKLC";"2-811-VKK 254"
"SVJUYFLDGZ";"1-126. Jäger"
"SVMJELHEUK";"2-18y Gv. Razv."
"SVMSUHFFSY";"DD 4DZ"
"SVNAPWOGBY";"Velitelství 3-8. msp"
"SVNHRJAZEN";"3-3-12. msp"
"SVPKROFOXE";"10-4-1054y Art."
"SVRJQMDTHO";"3-231. GebJäger"
"SVSZEXPEGN";"2-3-8. msp"
"SVTQCMXREB";"2-GeWa7"
"SVUFZIFTMN";"2-1-239y MSP"
"SVUZJXSYFS";"G-3-75th Armored"
"SVWBYMJYCZ";"1-323. Pz.Gren."
"SVWOZWJBBR";"2-MSB-PR23"
"SVZQMSZXVF";"HQ-2nd Field Art."
"SWBSLODHBG";"4-2-MSR33"
"SWCFLWDVZW";"1-361. Panzer"
"SWDTYSXGOC";"5-FJB 261"
"SWGYKGVOCA";"3-MSB-PR4"
"SWHDAMBBBT";"R-4-14th Field Art."
"SWHQRWLRVV";"3-31. Artillerie"
"SWIZRSJBAE";"1-3-33 pz"
"SWMBAVRYMW";"7-3-1-y GvTP"
"SWQVGOSJOO";"3-2e REP"
"SWREWIFJVG";"A-1-3rd Field Art."
"SWRNAGEUYC";"2-2-49. msp"
"SWVDKHWJNW";"4-V,/RAR"
"SWVPRIEJSZ";"2-1-99y Art."
"SWWSAWJMGG";"2-MSB-55GvTB"
"SXAVMWDBKV";"1-TkBat-210y GvMSP"
"SXBQXUMAXC";"DD-1-8 Bah"
"SXCLILAAHL";"Reserva"
"SXDBESXKKO";"2-1-3. msp"
"SXGBYQVUQB";"3-104. Panzer"
"SXHEZHRCEC";"HFS 5"
"SXIDGEZBFL";"8-3-914y Art."
"SXIMTIBOAH";"2-1-944-y GvArt."
"SXIUYSBJWK";"1-42. Pz.Gren."
"SXIZRCPULT";"5-282. Pz.Gren."
"SXKQQFSRVB";"D-5-18th Mechanized"
"SXMZUNFOIK";"2-857-VKK 441"
"SXOIPKPJWW";"5-2-AR8"
"SXOIUPVRST";"HQ-4-77th Field Art."
"SXPMDVFDDN";"3-622. Jäger"
"SXQJAOWDRI";"3-713. Jäger"
"SXRDQFEAAV";"III,/73-y IAP"
"SXTZZUBWQJ";"8-3-16y GvTP"
"SXVSBSVTTV";"2221-VKK 222"
"SXXKBSWGBZ";"SK-2-MSR31"
"SXYMWGQEJU";"9-2-28-y GvTP"
"SYBAIVRLWM";"6-2-385y Art."
"SYCWUDBZVZ";"3-10 br"
"SYENYMKFPN";"SB-305. Artillerie"
"SYHRHEYXMZ";"2-1er RHC"
"SYJQMBCHHJ";"1-522. Jäger"
"SYJUIHECAW";"1-1-217. PT oddiel"
"SYKROCUITZ";"S-4-37th Armored"
"SYMFSXDFJN";"4-2-744y Art."
"SYNMKTLFUI";"1-3-11 pz"
"SYOOEHLENH";"3-1-96-y Art."
"SYQJSZZYCI";"2-MSB-48GvTB"
"SYSYZTYQTG";"SK-FR17"
"SYTKXQIPXJ";"Kom-307-ya Art. Brigada"
"SYVAOHXSAX";"3-1-8 pcz"
"SYVNABJGZM";"O-4-44th ADA"
"SYVVEXFJEY";"O-4-82nd Field Art."
"SYWEIYUPUG";"1-171. plrp"
"SYWHZDREWN";"M-3-37th Armored"
"SYXDWNZYRL";"3-5-8 Bah"
"SZAKNNVOYK";"DB-2-13 pz"
"SZASMUFBLS";"SB-32. Rak.Art."
"SZDPGOBYDZ";"1-26 dar"
"SZILJVEPQJ";"1-77. Jäger"
"SZMEBPDZXT";"3-3-73 pcz"
"SZNEXAPRID";"2-113. Pz.Gren."
"SZNPQXKLVO";"3-(TerrB)"
"SZOUFSOQBJ";"A-1-34th Armored"
"SZPGUPFZXY";"3-915-y Otd. Zen. Rak. Bat."
"SZRVVIQKMB";"1-3-17 pz"
"SZVSTIPHTK";"4-2-288y GvMSP"
"SZVWMVJQIH";"2-1-PR11"
"TADZAQRUQG";"3-3-3 pcz"
"TAEDXUHYDX";"3-541. Jäger"
"TAEWAMDEHN";"Kom-.29-y Otd. Tank. Bat."
"TAEYOJKMJV";"2-3-56y GvTP"
"TAEZSNSQVR";"Det./5e Rgt. Génie de Combat"
"TAHFDSRWUK";"2-3-48y GvTP"
"TAHYRINXGD";"SK-1-MSR41"
"TALRANOMNX";"6-2-MSR9"
"TANCSRYETM";"4-2-AR11"
"TAOKEVVBBA";"3-11. Artillerie"
"TAOVGPQVGX";"8-3-96-y Art."
"TAQFSKROPS";"3-2-74. RMbr"
"TAQUGLEVZR";"2-43 dar"
"TAXYBHQUZQ";"2-286-y Otd. Zen. Rak. Bat."
"TAZTXJVFLT";"Kom-.901-y Otd. Zen. Rak. Bat."
"TAZWAOZVQH";"HQ-II,/RAR"
"TBBCEXMXKW";"A-1-RCHA"
"TBBFLNPGTB";"3-GeWa19"
"TBCKHKSQFS";"4-2-16y GvTP"
"TBDSNNFPVQ";"SB-285. Artillerie"
"TBHIQTISIA";"1-340. FlaRgt."
"TBHXPPGURH";"2-74de Artillerie"
"TBIOSIFUEJ";"5-FJB 263"
"TBLJHTYMKU";"2-1-87-y Art."
"TBMQQASQOU";"3-134-y Razv. Bat."
"TBOHCTLFLJ";"EM-21e RIMa"
"TBPQQFLGET";"A-43 Painfbat"
"TBRSLQZWCA";"2-489-y PT"
"TBTHECQDBW";"2-1-36 pz"
"TBUBGMWNKI";"5-2-MSR28"
"TBVBNMDQFY";"1-1-55 pz"
"TBVKGVBIIC";"Kom-.4-87-y Art. Polk"
"TBZHJOAUEU";"1-1-AR10"
"TCAYTBWRWU";"1-1. ppr"
"TCELEXAYQC";"2-353. Pz.Gren."
"TCEPURWJXR";"3-TkBat-60y MSP"
"TCEQYODCEU";"B-1ste Smaldeel"
"TCHXOCXLGP";"3-3-38. dp"
"TCIDHARKXR";"1-21e RIMa"
"TCMNLIRXJZ";"SK-202. Pz.Gren."
"TCOFKUPJZW";"NATRES"
"TCQPSSRXFI";"1-113-y Razv. Bat."
"TCTUTDXNYT";"Velitelství 3. plp"
"TCUYXXEPQL";"2-1-64. tp"
"TCWQBQXCRQ";"1-1-4 pa"
"TCXCNFQFWX";"Velitelství 2-49. msp"
"TCZJXYYRCH";"HQ-1st Engineers"
"TCZOBTRHRW";"2-53e RA"
"TDACVSWWSJ";"2-?- Rak.Art."
"TDFNGNVYEY";"3-832-VKK 331"
"TDHVHXHJDH";"5-2-2 pa"
"TDHWYMSNPN";"Pionier-Bat. 733"
"TDKGVKEGJH";"3-312. Pz.Gren."
"TDOPCUMXEM";"F-2-41st Field Art."
"TDSSRYKLMA";"3-124 dplot"
"TDTOQRHBFG";"2-18 ksap"
"TDTPCKLWJN";"F-2-32nd Armored"
"TDTYUQONSE";"SK-11. Aufklärer"
"TDUGVLTMPQ";"2-4-13 pz"
"TDYBNMFIJB";"Q-4-29th Field Art."
"TDYTLRJKXA";"2-3-217. PT oddiel"
"TEADHNHMFG";"HQ-94th Engineers"
"TEAXWDNTMC";"3-8. Geb.Aufkl.-Bat."
"TEBBQKYAVA";"2-101. Panzer"
"TEEJBBSCEL";"3-120. Pionier"
"TEEKFVYQGQ";"4-2-333y MSP"
"TEFWKTATZR";"HQ-Royal Yeo."
"TEIEHLRQIJ";"1-4-65. msp"
"TEISSTCYPW";"Teile-3-PiR3"
"TEKCDUWBIO";"2-PzB-MSR22"
"TEKPYJPNVH";"3-31. FlaRak"
"TENKTOIKSZ";"1-1er RCAM"
"TENSFBENWM";"3-1-8 Bah"
"TENXIHXWSC";"3-49 pśb"
"TEXOCHWQBT";"7e co. de Police Militaire"
"TEXONBABCN";"Wpn-1-505th PIR"
"TEYMALAAWJ";"3-340. FlaRgt."
"TEYNJPTZQV";"7-3-138y oTP"
"TEYSRWNKYS";"EM-25e Artillerie"
"TEZAAYOSQX";"1-1-168y GvMSP"
"TFBOXMZGLR";"PzPionier-Kie 280"
"TFEPDEEIPN";"4-114. Panzer"
"TFFFLFNESG";"20 eś"
"TFFHXHRSBY";"5-2-sMSR25"
"TFHCPJOWQP";"D-1-35th Armored"
"TFIZNHWTQR";"1-10. plrp"
"TFJBLFCSJE";"B1-7-6th Mechanized"
"TFMZQEEIFV";"SK-943. Jäger"
"TFODCMUFBK";"Velitelství 2-17. tp"
"TFQNDIUSNC";"DB-3-12 pz"
"TFSJXNEOUR";"A-48 Painfbat"
"TFSXOZBPKD";"Grenz-Gruppe"
"TFXWBCWZUY";"1-1-AR7"
"TFYFKPSSAL";"B-QOY"
"TGAAWIJXLN";"9-3-45-y GvTP"
"TGCFYWADYQ";"300th MP Coy."
"TGEWLMEHJH";"1-73. Pz.Gren."
"TGFFNDLYOV";"3-24e RA"
"TGFXVPPOGH";"9-3-275y GvMSP"
"TGLOTKUIDM";"2-860-VKK 442"
"TGLUODMQEJ";"1-1-944-y GvArt."
"TGOODOVGFR";"A-VII,/TLI"
"TGOTCSTYZN";"3-2-5. msp"
"TGPFUAZULC";"2-351. Flieger-Abt."
"TGTGNEMMHX";"8-3-17-y GvTP"
"TGUGBRZSVW";"EM-114e Infanterie"
"TGYRGATCAA";"2-1de Karabiniers"
"TGYYXOSUKA";"2-112. Rak.Art."
"TGZHPWAWUY";"Velitelství 3-9. msp"
"THBEHEXRQM";"DD-10 DZ"
"THBKIEDCHP";"2-933y Zen. Art."
"THDKTWBMYH";"4-14th Field Art. Bat."
"THEKMGWDSY";"11-4-308-y Art. Brig."
"THFSTDNSYV";"C-I,/QLR"
"THIBTRRSQY";"2-216. PT oddiel"
"THISWEYDZQ";"3-526-y Otd. Zen. Rak. Bat."
"THKKYPHTKB";"4-2-PR23"
"THRQKHSSAJ";"Staf-48 Painfbat"
"THXCJDJWBW";"3-85. Artillerie"
"THYJZKGXKS";"2-1-55 pz"
"TIAOYEVUCF";"2544-VKK 254"
"TIEISDOEPI";"3-103. Pz.Gren."
"TIGKORXCKB";"5-2-744y Art."
"TIKVPNEHRM";"Kom.-3-302-y Gv. MSP"
"TILBRZZACO";"Somme-I,/KORB"
"TILFDVYYBH";"L-3-8th Armored"
"TIMHBZSGQN";"1-811-VKK 254"
"TJAEOUWFEI";"B-16th Engineers"
"TJAVPUGHDU";"1-Tk-172-y GvMSP"
"TJBVVRFNCC";"6-2-MSR2"
"TJCPKBUOUM";"3-PB-MSR29"
"TJDCQWJNVO";"SK-37. Jäger"
"TJDLRSXFED";"1-205. Artillerie"
"TJMQIRLFXB";"5-158th Aviation (-)"
"TJNZLRPEOT";"6-2-MSR1"
"TJOEJGFQYC";"II-KG1-ABr5"
"TJSFIQMATS";"SK-34. Panzer"
"TJTOQLBZQN";"N-4-82nd Field Art."
"TJUDRAJAXR";"SK-51. Pz.Gren."
"TJVKEYCELS";"Kom-.1-174-y Gv. MSP"
"TJVKHNUIEI";"2-40 dar"
"TJVZXDZJNO";"4-111. Artillerie"
"TJZAJONWFF";"3-1-288y GvMSP"
"TJZHFBTQSF";"EM-1er Dragons"
"TKAFWUWODP";"4-332. Pz.Gren."
"TKASNOSREA";"K-3-8th Armored"
"TKBLSPTKAS";"4-263. Fallschirm."
"TKCDGPXIHL";"M-3-5th Field Art."
"TKINEBCYHV";"1-2-27pz"
"TKKYJXURXJ";"SK-1-PR11"
"TKLRNJFGZM";"F-2-11th ACR"
"TKNOMDAPTV";"3542-VKK 354"
"TKPAMTAYZW";"4-23-y Otd. Tank Bat."
"TKUJXEYYRK";"HQ-4de Lansiers"
"TKWJLGVLZX";"3-143. Panzer"
"TKXHNYSMKA";"Kom-.2-244-y Gv. MSP"
"TLACIICWOQ";"SK-261. Fallschirm."
"TLBSLHFRCR";"9-3-16y GvTP"
"TLCGWRXMIB";"Staf-42 Tkbat"
"TLCKNNKUTS";"2-31y Razv."
"TLGHLGCABU";"4-2-51-y GvTP"
"TLHZYWOPRX";"8-3-MSR41"
"TLIVQFXYRL";"C-1-39th Armored"
"TLJSHVHKBN";"HQ-2-16th Mech. Inf."
"TLJVDQMVGM";"U-5-17th Field Art."
"TLLSDCNCQN";"2-1-6. msp"
"TLMMPRXBQJ";"2-2-49 pz"
"TLNNJQIMHI";"1-ya VDV Rota"
"TLOYABANLO";"1-AB7"
"TLROCDXULY";"Kom.-3-211-y Gv. Tank. Polk"
"TLVRNKYAUD";"1-1-248y GvMSP"
"TLXXSEIVJG";"A-3RTR"
"TLYQWSPMEM";"2-2 br"
"TLZPJNQXIW";"2-2-8 Bah"
"TMAMAQIENK";"4-140. FlaRgt."
"TMCVAAEEPO";"SK-1. MSD"
"TMDOHVDTSI";"1-MSB-17-y GvTP"
"TMDVVBYTJZ";"DB-1-42 pz"
"TMJBSUEWDO";"3-332. Pz.Gren."
"TMMQWTWJTS";"1-325. Artillerie"
"TMPLLSBQQM";"HQ-Avia. Brigade-1st Arm. Div."
"TMQOMPUDJM";"D-Las Navas"
"TMTMPZYTMQ";"D-II,/York Vol."
"TMVSSGAGGF";"6-2-280y GvMSP"
"TMYQTTBTTU";"2-35e Infanterie"
"TMZLVWRVIB";"1-1-MSR3"
"TNBUOXHESJ";"I-2-136th Mech. Inf."
"TNCLZGRDRH";"7-3-51-y GvTP"
"TNFAAOLXYN";"2-32 br"
"TNFAEELHFA";"9-3-9 pa"
"TNGUHPJVRY";"3-2-1. tp"
"TNLZGSTFKM";"6-2-210y MSP"
"TNMEOYIHGS";"1-264. Fallschirm."
"TNOABXFQRS";"A-14 Afdva"
"TNPGIYLWUG";"2-451y PT Bat."
"TNPMZBWMYQ";"9-3-MSR14"
"TNSSHQSYEB";"F-3-5th Mechanized"
"TNSULIHNLV";"SK-3-PR22"
"TNUTHCSBKI";"Velitelství 4. ppr"
"TNWOCXRDHB";"Kom.-2-34-ya Art. Brig."
"TOAOWVZWCB";"6-2-MSR35"
"TOAULLLSPE";"SK-3-PR17"
"TOAZHBLHJD";"5-2-138y oTP"
"TOBLDZAMMX";"1-AB20"
"TOCYMVNHRN";"3-PJA17"
"TOEWBSXVZH";"1-5-y Razv. Bat."
"TOFGBGTTQO";"3-1-164y GvMSP"
"TOFZVFZSLW";"2-633. Panzer"
"TOGHUWZGKV";"6-2-96-y Art."
"TOHWQEDSVG";"2-1-51. msp"
"TOKKMXMVIM";"1-2-56y GvTP"
"TOKQTGUKYU";"C-42 Painfbat"
"TOOZPITTHR";"EM-2e Artillerie"
"TORJOBLVSA";"2-77 ba"
"TOTGXDKEPQ";"Velitelství 2-104. msp"
"TOTKVWFLCS";"3-3-10. msp"
"TOTQVFURCU";"A-78th TFS"
"TOVIOLFQOF";"L-3-4th Helo."
"TOVKZVFOMI";"2-1-68 pcz"
"TOWITXSIPI";"I-1FighterRgt"
"TOYDBYMDHY";"B-2 Para"
"TOZPHYTKGO";"3rd MP Coy."
"TOZUYCGHZK";"2-3de Karabiniers"
"TPDQXMPKJW";"Wpn-2-505th PIR"
"TPHTXLPWGO";"7-3-MSR32"
"TPIPLUGNIS";"2-75. Artillerie"
"TPJBRNPJBX";"1-1-MSR1"
"TPJPRTGUTX";"8-3-243-y GvMSP"
"TPKZNHUPDE";"2-1-65. msp"
"TPTNDOLPWP";"2-2-79. msp"
"TQCCTMWIWL";"EM-68e Artillerie"
"TQDCAEVRSP";"5-2-29y GvTP"
"TQEIOAFBTU";"4-75 dplot"
"TQJNGBCCMU";"Velitelství 3-10. msp"
"TQJWBARINJ";"SK-86. Geb.Jäger"
"TQRIOSOLYI";"Kom-.2-841-y Art. Polk"
"TQTPWFUKWY";"1-901y DShB"
"TQUAPGWHST";"HQ-4-16th Mech. Inf."
"TQUWFZXUBQ";"4-2-MSR42"
"TQVDDPZKGN";"D-III,/Stafford."
"TQYMNRQQHB";"2-248y Art."
"TQZWESNROE";"B-79th Engineers"
"TRCQBSLXVZ";"3-3-6. dp"
"TRIYNTYWGM";"B-315 Sq."
"TRJDWBXYAA";"4-92. Pz.Gren."
"TRLSGFUZTD";"pc-85 pz"
"TRNSXQJTQP";"7-3-290y Art."
"TRPRBNLYGF";"I-3-8th Armored"
"TRUGNIANLO";"SK-41. Panzer"
"TRWHAFFFJL";"4-2-AR20"
"TRWJGCRHKL";"B-46 Painfbat"
"TRYEULPIIZ";"SK-VKK 421"
"TRZYOSGELA";"HQ-1-5th Field Art."
"TSHSLQXFTE";"3-1er Chasseurs"
"TSOTRYQKCN";"K-3-17th Field Art."
"TSOZSYIUZJ";"O-4-12th Field Art."
"TSQBUZCRVI";"3-134. Panzer"
"TSVHUIDRGC";"12-3-119-y Otd. Tank. Polk"
"TSXNIJMQIF";"HQ-5-44th ADA"
"TSXSZJRYFE";"DD-3-5 Baa"
"TSYOWJFCZP";"3112-VKK 311"
"TSZZINXIDA";"1-1-585y Art."
"TTBRQEGSXD";"3-3-49. msp"
"TTCMEVNVKF";"2-AB20"
"TTCWWLGSLX";"2-120 pplot"
"TTDWRRJGAU";"Kom.-2-302-y Gv. MSP"
"TTDZLDKHQV";"3-3-197y GvTP"
"TTFODMMAEJ";"2-3-10 pz"
"TTJJIPEKVU";"1-Dd-35 das"
"TTPFSYJQMZ";"5-2-172-y Art."
"TTTMLBOSSM";"SK-4453. Sicherungs"
"TTUBMZGGTT";"B-1-66th Armored"
"TTVKFBRVRF";"R-4-11th ACR"
"TTWVFQJVTL";"K-3-52nd ADA"
"TTYICKYBRD";"H-2-504th PIR"
"TTYYFIDDZE";"2-31. FlaRak"
"TUBYWQXXTE";"HQ-I-RAAA 73"
"TUCVJKIOOC";"B-104 Verkbat"
"TUCXEKRQZH";"2-121. Panzer"
"TULFDHVYWP";"SK-3-sMSR25"
"TULFVEKJTT";"3-1-126y Gv. Art."
"TUQYBXZGYJ";"DD-12 dar"
"TURJPQBXUS";"6-43. FlaRak"
"TUSYAVGEVN";"Kom.-WGF"
"TUVOUXSSOG";"1-1-117-y GvMSP"
"TUVWEATDXR";"8-1-54-y Art."
"TUYXOJFWRG";"I-3-60th ADA"
"TVGBRXXFBK";"4-243. Panzer"
"TVGTQMRZFO";"1-1-153y GvTP"
"TVGZLAHHIR";"1-1018-y Otd. Zen. Rak. Bat."
"TVIEDAFWTW";"HQ-VIII,/TLI"
"TVIZRPHGYX";"2-802-VKK 244"
"TVKOLSUIQJ";"3-3. Aufklärer Bat."
"TVMEEMYNOQ";"SK-154. Panzer"
"TVOYEUYYYM";"7-3-307-ya Art. Brig."
"TVQNJHELUU";"2-3-17 pz"
"TVRFPJYSIK";"3-633. Panzer"
"TVULIBAPCH";"1-1-24 Bm"
"TVUMKJEDKW";"8-3-MSR42"
"TVUTMGIOSQ";"3-1-45-y GvTP"
"TVVBVIRCFM";"3-PzB-MSR17"
"TVZXGNMADX";"4-308-ya Art. Brigada"
"TWAIEEWJFW";"SK-93. Panzer"
"TWARUSNOVS";"EM-20e Artillerie"
"TWCYAXTFAZ";"2-543. Panzer"
"TWDSITCNMH";"M-3-1st Helo."
"TWEDULRUGP";"4-12. Pz.Gren."
"TWHQKBHUXF";"SK-1-MSR16"
"TWLPAIEMOF";"6-2-87-y Art."
"TWNZLLTVTB";"2-153e Infanterie"
"TWPCEGNNZK";"2-51. Pz.Gren."
"TWVKGIULNC";"4-1-5 pz"
"TWVNOSQLSJ";"T-5-77th Armored"
"TWVUCBFYRG";"5-2-204y GvMSP"
"TWWXXZICJN";"2-34e RA"
"TWXAEWFCPD";"3-212. Pz.Gren."
"TWXMWGAEXJ";"B-Las Navas"
"TXBELSBLDN";"2-4-4. msp"
"TXCGSUJLBD";"2-7y Gv. Razv."
"TXCQFUSFWP";"3-Tk-249-y GvMSP"
"TXDJTFHLUR";"II-30FightBombRgt"
"TXFBCGQQTZ";"8-3-PR21"
"TXHLDWOSDK";"3-1-197y GvTP"
"TXIGAWZFSO";"8-3-170y GvMRD"
"TXMBXNSWHA";"SK-73. Pionier-Rgt."
"TXNQHKVWGB";"F-3-67th Armored"
"TXOZGDOUCY";"6-16 pcz"
"TXQYQJUJYW";"Staf-142 Painfbat"
"TXUYDAPLVL";"A-III,/RAR"
"TXYSESTSNQ";"SK-IV-AB40"
"TXZEEEYTDX";"HQ-4-7th Cavalry"
"TYJFTVGVJT";"1-PJR5"
"TYRQYTWIDI";"2-3-41 pz"
"TYSNKTARMQ";"3-28. Sicherungs"
"TYTIWJQQXS";"C-104 Afdva"
"TYWATSOIQX";"Staf-58 Tkbat"
"TYXIKIATFH";"Velitelství 3-12. msp"
"TYZGMSQAJM";"1-1-AR20"
"TYZWYVXWDY";"4-1er RA"
"TZBMKITNHB";"4-27th Field Art. Bat."
"TZCCLVINSB";"SK-GeWa8"
"TZEXEVXFOF";"5-2-MSR29"
"TZFGRCBRDV";"Velitelství 2-68. msp"
"TZFMGVBZOT";"4-244. Panzer"
"TZIVGOMHEJ";"SK-263. Fallschirm."
"TZKEYQQDPN";"1-132. Pz.Gren."
"TZRKUDEJIC";"9-3-MSR31"
"TZUUDOQIZA";"Huntsman-2RTR"
"TZUUIFQGFV";"2-1-MSR30"
"TZVQOTDQUQ";"2-21-y Otd. Ognemetniy Bat."
"TZWDGISLHU";"A-I-RALCA 62"
"TZWFWCIOHN";"SK-191. Pz.Gren."
"TZXFAYHDDY";"6-2-244-y GvMSP"
"UADDRCVJAM";"1-2-104. msp"
"UAGABCYCFN";"3-241. Panzer"
"UAISKPKMXH";"327-y (Helo) Sq."
"UAPCNTOJHJ";"SK-Res.MSB 43"
"UARJVSDZNS";"2-351. Pz.Gren."
"UASWGIAGQB";"2-355. Artillerie"
"UATKQJCZUI";"3-1-33. tp"
"UAUOPKXCMT";"3-4. plrp"
"UAUSWZMDMV";"8-3-23-y TP"
"UAXGTXMDZP";"4-49 pśb"
"UAXVMQCEPR";"1-43e RAMa"
"UAYJMSGBXN";"3-1-PR14"
"UAZGFACLYJ";"615th MP Coy."
"UBARZXGIYS";"2-65. Artillerie"
"UBBBAOABBM";"1-4-41 pz"
"UBBJDSZRDO";"A-313th TFS"
"UBCOZJXAXU";"1-TkBat-244-y GvMSP"
"UBDFATODVU";"P-5-5th Mechanized"
"UBIIPIIVCK";"SK-8. MSD"
"UBKJLWIZJO";"2-55. Artillerie"
"UBLZHIFAFI";"10-4-585y Art."
"UBMRAUEVRF";"2-308-ya Art. Brigada"
"UBNMKGNYFD";"1-3-27 pz"
"UBNRUGJPTB";"2-1-49. msp"
"UBQQYEBRDU";"E-4-8th Mechanized"
"UBTYPAVSAU";"1-216. PT oddiel"
"UBVPDZUKBP";"Q-4-3rd Field Art."
"UBVUIEDJKQ";"3-2e RA"
"UBXQRIYTFP";"3-13. Pz.Gren."
"UBZDAUAOPP";"3-81y Tank. Bat."
"UCBIEPUQIB";"HQ-I,/51st Highland Vol."
"UCBKPBCIKZ";"2-1-AB40"
"UCELDIWDIR";"24-8-34-ya Art. Brig."
"UCHNKPIXYE";"B-3RTR"
"UCJNTHLBYB";"SK-52. Pz.Gren."
"UCMXDZKFKU";"2-350. Pionier"
"UCNAKNXOGJ";"4-2-113 pa"
"UCPVCYWORN";"J-3-R22R"
"UCQPWJZDPJ";"II-ResPR15"
"UCQTEPYLJJ";"2-1-PR15"
"UCUCTXDIFJ";"2-56 pśb"
"UCUNAYFWSE";"A-1-504th PIR"
"UDCZZPBCAD";"2-19e Chasseurs"
"UDDNXMVCAT";"3-1-MSR18"
"UDDVXEMHQN";"HQ-4 Para"
"UDFEOVMJAH";"1-5e RHC"
"UDHTDWUQAB";"SK-1-sMSR25"
"UDIXCWIYBN";"4-21. Artillerie"
"UDLGCEJRDV";"2-1-40y TP"
"UDLZMGKTXD";"9-3-PR15"
"UDNJXWWVIJ";"3-363. Panzer"
"UDOVQZSXNO";"Velitelství 1-217. PTp"
"UDRYPEMWHJ";"9-3-AR8"
"UDWNNKVOXN";"2-3e RCP"
"UDXANIMVPZ";"B-Farnesio"
"UDXBQAPWLG";"1-84. Panzer"
"UDZTUOTUXF";"Kom-.2-28-y Gv. Tank. Polk"
"UDZVHAPOTI";"2-3-14. tp"
"UEARGSIHXU";"C-102 Infbat"
"UEEIPWFCSC";"SK-72. Pionier-Rgt."
"UEERQLGSXX";"8-3-33y TP"
"UEEWXSCJRC";"2-PzB-MSR14"
"UENCAQJYJE";"2-487-y PT"
"UENSQZAFBB";"7-3-33y TP"
"UEOBFVGMUA";"C-8th Can. Hussars"
"UEOWBTYBSW";"HQ-3e Parachutiste"
"UEPABQZKJZ";"DB-2-51 pz"
"UEQOBUMCBH";"1-PB-MSR34"
"UEUMBAZLKU";"3-2-36 pz"
"UEUNTTJGTF";"2-TkBat-60y MSP"
"UEVDHNNLLX";"2-6e REG"
"UEVZJIOPLE";"D-1st Cavalry"
"UEXDJXWXIP";"3-1-52y Gv. Art."
"UEXUMQTTWU";"1-12e Cuirassiers"
"UEYKQWUZGF";"SK-VKK 344"
"UFBMCBTOIB";"4-7. Aufklärer Bat."
"UFCCQHWJUB";"7-3-MSR23"
"UFHVQEETLX";"2-923-y Otd. Zen. Rak. Bat."
"UFLSKYJPIY";"U-5-41st Field Art."
"UFMOAULPNN";"1-MSB-65y GvTP"
"UFNREIVTXE";"2-1er Chasseurs Ardennais"
"UFNXBYMYYN";"3-44. Panzer"
"UFODXJJHCC";"2-2-362. dp"
"UFOKGDFCXL";"SK-2-MSR41"
"UFQDWJWFKU";"7-3-128-y Art."
"UFSCKBFUCT";"10-4-390-ya Art. Brig."
"UFTLDFWYLE";"I-3-3rd Field Art."
"UFUHRWJOHC";"3-4-47. PT oddiel"
"UFWOIZJSXO";"R-4-18th Field Art."
"UGCOUKJBWN";"12-4-126y Gv. Art."
"UGFINFHLZC";"527th MP Coy."
"UGGJVOYECA";"II. JS/JG-8"
"UGHWPPRUHW";"K-3-67th Armored"
"UGJPPMDVJF";"2-94. Panzer"
"UGJPYONOSJ";"A-32th TFS"
"UGLZNSLCXZ";"1-TkBat-239y MSP"
"UGNFHPZYCD";"B-1-36th Field Art."
"UGNSKBWGGY";"Kom-.3-170-y Gv. MSP"
"UGOSNYUYIH";"2-1-MSR7"
"UGPQJFDZVW";"Velitelství 2-49. dp"
"UGTDLBVJXN";"3 bateria"
"UGUODTCJFN";"DD-4-7 Bah"
"UGUYBBFXVR";"10-4-99y Art."
"UGWDUVIGOQ";"7-3-MSR16"
"UGWXXQWGNN";"HQ-9AAC"
"UGYMXQRIBX";"1-3-49. dp"
"UGZNGEOYEP";"Velitelství 2-20. tp"
"UGZPUXCACB";"B-323 Sq."
"UGZYQIOGZF";"1-4-79. msp"
"UHAYSGAVJN";"SK-3-MSR35"
"UHBHRQBVNO";"2-15. Artillerie"
"UHBLLTMEJG";"B-118 Afdva"
"UHGZDXFOTO";"6-2-290y Art."
"UHHQWBIWRI";"3-1er REC"
"UHIXFDZGKI";"4-2-172-y Art."
"UHNNZKBOKR";"3-95. Artillerie"
"UHQVAMOEDH";"DB-2-36 pz"
"UHRVEXAYJA";"HQ-709th MP"
"UHRVJTWVIA";"3-822-VKK 345"
"UHVGATPIZL";"Staf-4 Divisie"
"UHXXUEUXGI";"Q-4-67th Armored"
"UHYREOHECY";"2-1-302-y GvMSP"
"UHZHLEUCHY";"O-5-5th Mechanized"
"UIICSTASVO";"3-5. Aufklärer"
"UILNQZEMBF";"D-15/19th KRH"
"UISPSOQNIM";"2-MSB-PR22"
"UIXHBSXYAF";"4-12. Pionier"
"UIYXJYDJSA";"Wpn-1-325th PIR"
"UJDBUCMMIG";"B-1-7th Mechanized"
"UJFHQJPQKI";"S-5-77th Armored"
"UJFUEXKAMI";"SB-95. Artillerie"
"UJIVNVNHVT";"111 Provost Coy. RMP"
"UJLLMEERDV";"3-11-y Razv. Bat."
"UJLUJTJGUN";"O-3-37th Armored"
"UJNZKXFGRY";"6-2-172-y GvMSP"
"UJOFYYBPOO";"SK-302. Pz.Gren."
"UJOGYCNGHF";"7-3-MSR1"
"UJQJRITUDN";"C-1-2nd ACR"
"UJQTATXRLC";"R-4-37th Armored"
"UJRBTMGQEN";"3-216. PT oddiel"
"UJRCDCQYJE";"2-1-67-y GvMSP"
"UJRVMYCETW";"1-194. Panzer"
"UJVPHAHKLP";"1-AB9"
"UJWQQYMEEB";"DD-1-113 pa"
"UJXQJAEOVT";"3-111. Panzer"
"UJYKXTKZNV";"Staf-42 Painfbat"
"UJZCHXVEFY";"3-542. Jäger"
"UJZNGEBURU";"P-3-RCR"
"UKBJNJFDQQ";"SK-4452. Sicherungs"
"UKFRWVUHFG";"SK-62. Pz.Gren."
"UKHVIVTJZI";"1-1-11 pz"
"UKJGKUKKHU";"F-2-229th Helo."
"UKOCMKKYHT";"8-3-67y GvTP"
"UKQBXGUOJI";"I-ResPR15"
"UKRBDZYLTA";"1-4y Gv. Razv."
"UKTKNTDTTD";"8-3-MSR32"
"UKTTOAUNKJ";"SK-135. Artillerie"
"UKTXOPHJCM";"DB-2-5 pz"
"UKVEZYCHSQ";"HQ-2de Karabiniers"
"UKYTJISHHV";"3311-VKK 331"
"UKZKAUKWCI";"3-2-75 pz"
"UKZTJBDHBS";"B-492nd TFS"
"ULAOSLYHTA";"B-22nd TFS"
"ULAQWLWPTA";"241-y (Helo) Sq."
"ULCQJFRAQI";"1-81. Panzer"
"ULFETQRRSK";"C-1-27th Field Art."
"ULFRCOUURJ";"1-4-12 pz"
"ULHHLMEXHG";"2-1-79y GvTP"
"ULJKCORYZA";"6-2-29-y GvMSP"
"ULKPILMSJV";"3-1 gb-100 pz"
"ULPYENZEOR";"4-52. Pz.Gren."
"ULXTPWPCSW";"1(Stab)-FJB 261"
"ULYFXLLVVI";"C-34 Afdva"
"UMAHXQFKLL";"D-5-158th Avia."
"UMDBPWLQWL";"1-1-26y TP"
"UMDKLXJEWW";"2-Eng-91y ISP"
"UMDMMIBYHU";"3-60e RA"
"UMELLYLYKL";"Kom.-4-34-ya Art. Brig."
"UMHFKTPXTJ";"Velitelství 2-3. dp"
"UMNBUQVEMZ";"8-3-MSR16"
"UMRKLAHMIM";"1-5-7 Bah"
"UMSFHQYQGB";"2-66y Gv. Zen. Art."
"UMTHPGNDBH";"3-5-7 Bah"
"UMTIAWTMTY";"Rota Komandovaniya"
"UMWQQTZLOT";"4612-VKK 461"
"UMYSLZKMNL";"Détcht. du Génie"
"UNETYFAVJT";"HQ-3-11th ACR"
"UNGGOJRYYM";"7 Field Sq. RE"
"UNGTLGMRCX";"EM-42e Infanterie"
"UNKYHEXKYA";"1-TkBat-322y MSP"
"UNLDAUHQPJ";"Ost-102 InfBat"
"UNOEVJPMRO";"SK-VKK 314"
"UNOSGPSUWW";"III-4FighterRgt"
"UNQCTLYKQW";"1-1-8. PT oddiel"
"UNSCTYGHJC";"H-2-64th Armored"
"UNUPDBRMPB";"1-1-96-y Art."
"UNUTHSIDUX";"3-2-361. dp"
"UNXDKKXOYG";"3-8e Chasseurs"
"UNXDLDKNIN";"3-3-17 pz"
"UNZMAZBKDL";"HQ-León"
"UOBXHVYKKK";"1-3-60. tp"
"UOCTUVVUBF";"1-22. vp"
"UOEGRLHYAE";"3-55. Artillerie"
"UOELBLTOYT";"3-73. Pz.Gren."
"UOFLVZIEQQ";"SB-325. Artillerie"
"UOGRQIBXPT";"3-1-39 pa"
"UOGXIIBKKC";"3-3-50 pz"
"UOHOBXDSJB";"1-3. plp"
"UOILCHRHUD";"D-9th Engineers"
"UOJDIIALHR";"1-FRR4"
"UOKDOGXIBA";"Velitelství 4-322. kdbr"
"UOMNSBPAAN";"D-3-RCHA"
"UOMVVVSJDQ";"SK-107. Jäger"
"UONHAUEHLA";"6-2-1054y Art."
"UOQXRKOXBL";"K-3-64th Armored"
"UOVOPMYLCP";"Kom-.5-y Razv. Polk"
"UOYDQRZGMQ";"3-127. Jäger"
"UOYIBPYFNG";"DD-1-36 pa"
"UOZNCCGSLM";"K-3-319th Field Art."
"UPAKMOGCAO";"2-8. Geb.Pionier"
"UPCCXRMLNG";"D-78th Engineers"
"UPJXJDFKBY";"4211-VKK 421"
"UPLKVTLPJJ";"HQ-4-ADR"
"UPLWDAZMZR";"2-2-11. msp"
"UPPPHWNOKA";"2-84y Razv."
"UPQTLBIDXJ";"3-4-7 Bah"
"UPXUKLXTWD";"1-MSB-237y TP"
"UQCQOBRDEI";"4-2-28 pz"
"UQCUUMUCVB";"3-806-VKK 244"
"UQGMRPPOHH";"3-1-PR11"
"UQHYIUKVHA";"Kom-.3-29-y Gv. MSP"
"UQJKKTHCOU";"1-3-63. msp"
"UQKQQSSQXN";"3-284. Panzer"
"UQMYXBZYXO";"HQ-1-41st Infantry"
"UQUEMUFRJO";"G-2-3rd Helo."
"UQUHERLARY";"1-Tk-302-y GvMSP"
"UQVDPSTUPQ";"1-(TerrB)"
"UQYKHSCCHL";"5-2-77y GvTP"
"UQYVBUYOXT";"Velitelství 4-332. kdbr"
"URAIYQNPRN";"3-6e Dragons"
"URBKDNHRON";"5-FJB 253"
"UREGZGZXNU";"2-1-23-y TP"
"UREVTODYRD";"10-4-199y Art."
"URFOGZMIOX";"C-1-RCHA"
"URGORECZNF";"8-3-PR8"
"URGSUKPCZJ";"3-77. Jäger"
"URIJSXTTPC";"DD-2 dar"
"URJLYSHIPT";"Kom.-1-172-y Art. Polk"
"URMVFOIDHY";"2-643. Panzer"
"URPEKZKNNM";"SK-2-MSR32"
"URULXCMLIK";"1-1-71. kdbr"
"URVBSXKSBY";"1-1-23 Baa"
"URVYUASWZW";"1-314. Panzer"
"URWDHZRZZV";"I-3-44th ADA"
"URYKRAAJLI";"7-3-47y GvTP"
"USBETDSQDA";"7-3-117-y GvMSP"
"USBMTVHDCB";"1ère CAD"
"USENBTNIBK";"2-AB8"
"USJKDZRLAH";"2-2-38. dp"
"USJWAWHPMY";"3-34. FlaRak"
"USJXJZPRTH";"Velitelství 3-36. dp"
"USPITHWEZU";"EM-6e DBL"
"USRROVSBBV";"Reco-2e Gidsen"
"USTDXJIDRZ";"3-3-6 Baa"
"USVXUQMZYT";"SK-2-MSR22"
"USXNNGYRKW";"DB-2-73 pcz"
"USYHHTLSUM";"1-2e Chasseurs"
"UTDJVROVIB";"4-112. Pz.Gren."
"UTGZQTQJFF";"Support-3de Linie"
"UTHHWGNKRE";"Velitelství 1-21. tp"
"UTITWNRSXT";"SK-304. Panzer"
"UTJKWBGYIX";"2-19e Art. à Cheval"
"UTLCLTXCDS";"II-1FighterRgt"
"UTPNENOQYC";"6-2-35-ya GvDShB"
"UTPPXEIZJJ";"3-4-24 Bm"
"UTPTJNEOZX";"2-205y PT"
"UTSZDDFHHY";"2-128 dplot"
"UTTTCUFZAS";"SK-2-PR16"
"UTWWTIBUUU";"3-TkBat-275y GvMSP"
"UTXRZMOLZW";"4-2-283y GvMSP"
"UUBMGAHHXQ";"EM-99e Infanterie"
"UUEPAXITNW";"4-2-MSR3"
"UUKKGDNONN";"1-1-5. msp"
"UULOYSXUAJ";"12-4-944-y GvArt."
"UUNNVWFJUA";"O-3-12th Field Art."
"UUPDKXRFWT";"Velitelství 2-12. msp"
"UUQLVUGOMV";"1-1-51. msp"
"UUSGNWNSKX";"6-2-170y GvMRD"
"UUVFNBNKYH";"Wpn-1-39th Armored"
"UUVJVUYBHM";"3-TkBat-280y GvMSP"
"UUVQWABLEM";"1-282y Zen. Art."
"UUXYFWQHJY";"3-3-28 pz"
"UVAWYULTPW";"16-6-34-ya Art. Brig."
"UVBANGNZMG";"12-4-87-y Art."
"UVBPFSJPEI";"3-149y PT"
"UVGDTCPKUV";"2-2-42 pz"
"UVLCCOXSYU";"1-2-10 pz"
"UVNFOMQYYX";"2-1-693y Art."
"UVNWHBUKJH";"B-4450th TFS"
"UVPMKVJIPX";"1-335. Artillerie"
"UVTFKPIOZR";"3-42. RakArt.-Bat."
"UVVUGNMJOW";"3-1-68 pcz"
"UVXEAEMWOL";"2-4-79. msp"
"UWCVKWCTVB";"4-42. FlaRak"
"UWGNXZMYDJ";"A-75th Ranger Bat."
"UWINPALZTB";"9-3-174-y GvMSP"
"UWJXMRGMEL";"3-315. Artillerie"
"UWKNDYKIGB";"A-104 Afdva"
"UWNPMZOSUY";"2-1ste Karabiniers"
"UWOFXQQXVJ";"3-487-y PT"
"UWOQTMEJAO";"1-6e Dragons"
"UWPRPSOQIC";"SK-9. PD"
"UWSLLMWUUR";"3-75e RA"
"UWUKBTJAUT";"D-23rd Engineers"
"UWVUZIJKTC";"SK-32. FlaRak"
"UWYWAIIOSA";"SK-3-MSR41"
"UXCWCNSENZ";"4-24e RA"
"UXDLLXESIB";"DB-9 br"
"UXDZBVUFQO";"F-2-5th Field Art."
"UXGPIGNFNM";"Q-4-4th Cavalry"
"UXKHJVRFMD";"8-3-AR11"
"UXLGFEOOWC";"HQ-3-60th ADA"
"UXPPYFDCMW";"9-3-247-y GvMSP"
"UXTVVUDQMO";"5-18 pcz"
"UXUEPZPZEV";"C-39th Field Art."
"UXVHWMXRCG";"1-5. plrp"
"UYDZQFAMUS";"3-2-42 pz"
"UYHDZRPTZQ";"C-17th Engineers"
"UYIQHIKINH";"DB-2-75 pz"
"UYJCQTNCWL";"2-486-y Otd. Vertoletniy Polk"
"UYJYVINLAA";"2-1-33y TP"
"UYNHJACHWM";"7-3-67-y GvMSP"
"UYYSYAVRNF";"B-54th Engineers"
"UZBRLBFAMK";"1-1-70-y GvTP"
"UZIIFIWZYK";"3-819-VKK 343"
"UZIJTXZCBX";"1-3-8 Bah"
"UZJSTIGIOW";"2-520-y Otd. Zen. Rak. Bat."
"UZKJMWINUA";"DB-1-51pz"
"UZMUTMISMA";"1-3-62y GvTP"
"UZORRINKHH";"8-3-68-y GvMSP"
"UZQBGVCWQN";"K-3-8th Mechanized"
"UZUZTLSECO";"C-45 Afdltlua"
"UZYBPBABAW";"4-2-MSR28"
"VADEAVNNBJ";"DD-1-16 pa"
"VAFPITOGIV";"1-2e Artillerie"
"VAIMTNQTDK";"1-TkBat-283y GvMSP"
"VAJEDGMDVG";"5-2-841-y Art."
"VAJUQVQWGW";"D-307th Combat Eng. Bat."
"VAKFCUFDJO";"Velitelství 2-362. dp"
"VANMPWUWIB";"1-1-MSR14"
"VAORPMMKNW";"2-2-63y GvTP"
"VAPQZNYSCI";"I. JS/JG-7"
"VAQBCWPNDT";"SB-75. Artillerie"
"VASXCMZCGR";"4-2-117y Art."
"VATGBWXKNI";"4-113-y Razv. Bat."
"VAUFCYXJCM";"1-3-51 pz"
"VAUFTCCBAA";"D-Blues & Royals"
"VAVDPFLDIP";"2-1-MSR31"
"VBAHNULAMZ";"HQ-3-RCR"
"VBATWVFKXG";"4-2-693y Art."
"VBBOOHXTXS";"1-3-7. tp"
"VBCLYVVDYR";"2-2-75 pz"
"VBCSJVHBRG";"DD-2-16 pa"
"VBIQYCUULH";"1-34. Panzer"
"VBKZTZHJVR";"3-TkBat-322y MSP"
"VBNVROZSBK";"20e Bataillon Logistique"
"VBNXBPWPJW";"SK-113. Pz.Gren."
"VBODOZRBVF";"4-3-5 pz"
"VBOLHDUYTS";"3-731. Jäger"
"VBQRESVLRR";"5-2-68-y GvMSP"
"VBRTPKBNOJ";"6 nfbevcie"
"VBZVXBIAYY";"SK-642. Jäger"
"VCCTGXQBUW";"HQ-1ste Karabiniers"
"VCFEYZPHWW";"2-1-104. msp"
"VCFKUVVXXF";"3-2-20. tp"
"VCGDPCHYPW";"1-899y DShB"
"VCGLVNWHUN";"Sicherungs-Kie 441"
"VCGMBNSBPE";"6-2-AR19"
"VCSDPTTQCW";"2-810-VKK 251"
"VCSNCJFLPE";"6-2-30y GvTP"
"VCZHBBNGBC";"SK-63. Panzer"
"VCZWHQQWQO";"DB-3-25 pz"
"VDBTWNEVWP";"Velitelství 3-55. msp"
"VDEOEGGTEA";"4-FJB 263"
"VDEYOLARSU";"4-2-GeWR5"
"VDFQDPDHMR";"A-49th Field Art."
"VDJBWRBYVK";"4522-VKK 452"
"VDKIPRUDUE";"3-MSB-PR11"
"VDMJCNBEDG";"2-2-14. tp"
"VDNPDAZCTX";"3-3rd Attack Helo."
"VDQBIJXDSZ";"9-3-67-y GvMSP"
"VDUDVNTFJB";"M-3-44th ADA"
"VDVRQLVOMI";"2-2-60. tp"
"VDWRBLFFFW";"SK-231. GebJäger"
"VECXFQBSRY";"I-3-3rd Helo."
"VEGCGCCEIA";"1-842. Jäger"
"VEHKZXJIWC";"1-1-MSR13"
"VEIWGVAVTU";"Wpn-3-R22R"
"VELVHPHQLF";"4-3e RCP"
"VENOSIZARJ";"3-PB-MSR35"
"VERWOQJBCX";"2-2-8. dp"
"VEVXONNETV";"4-2-MSR43"
"VEXGTESCLP";"Velitelství 2-71. kdbr"
"VEYGIUOZLD";"HQ-793rd MP"
"VEYOJXNQKG";"Q-4-41st Infantry"
"VEZWFVDAWY";"12-4-34-ya Art. Brig."
"VFAOITGJPO";"1-3-153y GvTP"
"VFCZAAWUFU";"671 Sq. AAC"
"VFFGZQRWMN";"2-32y OTB"
"VFFPIQNULI";"2-4-74. RMbr"
"VFGLYONBGL";"2-44. Panzer"
"VFHRUNNSNJ";"4-29-y Otd. Tank Bat."
"VFHSEFLPVS";"2-1-73 pcz"
"VFJHIUUZEZ";"2-353. Panzer"
"VFKZKUZCLM";"Spezialaufklärer-Kie 3"
"VFPLYBTPQV";"4-2-33 pa"
"VFPVFDOBOR";"HFS 12"
"VFPZXJCWFD";"HQ-3AAC"
"VFUDWRLQLL";"SK-Rügen Gruppe."
"VFUSZBJQTO";"E-1-69th Armored"
"VFVJTUMYYZ";"1-JG 1"
"VFXFKHAUAX";"9-3-241-y GvMSP"
"VFXYEGUAKH";"2-240. FlaRgt."
"VFYBVTQEEP";"Burma-I,/KORB"
"VFYOBSMFLM";"1-4-6. msp"
"VFZRIBMAHJ";"HQ-41st Field Art. Brigade"
"VFZYIZKAFO";"2-12 Squadron"
"VGATETTILI";"3-PzB-MSR7"
"VGBFBPTDKL";"B-1-R22R"
"VGBHGYTUEK";"1-TkBat-278y GvMSP"
"VGDGGRHJEV";"Velitelství 1-17. dovm"
"VGEBZACMWH";"3-3e Infanterie"
"VGGMGCGPJS";"1-PJA11"
"VGHRJATAAH";"2-632. Jäger"
"VGIOGRUYZN";"4-13-y Razv. Bat."
"VGMSPMIFUR";"3-3-1. tp"
"VGNQZGFSPW";"2-PB-MSR3"
"VGQATOMGNV";"1-65. Artillerie"
"VGRFBEYRAB";"2-FR17"
"VGSHWOAFXE";"5-2-70y GvTP"
"VGVMSJYYAB";"1-2e Lanciers"
"VGWBIPBVOI";"2-15e Artillerie"
"VHALWODGOS";"HQ-2-1st Cavalry"
"VHAYHQHFOS";"1-1. plp"
"VHBRBEYOTP";"1-806-VKK 244"
"VHEUFQMESE";"4-2-99y Art."
"VHFGMIHSRR";"B-313 Sq."
"VHGKWPWQWS";"C-1-7th Mechanized"
"VHGWBFVRYD";"3-2-1. dp"
"VHIAFPDMHY";"SK-124. Panzer"
"VHJJDWIOZM";"M-3-67th Armored"
"VHJVKIXDVW";"2-9. plrp"
"VHLTPYGGCK";"Support-II,/RIR"
"VHNMWBSELR";"Kom.-1-119-y Otd. Tank. Polk"
"VHNXDITLLE";"1-1-AR17"
"VHNYZVCDXE";"8-3-241-y GvMSP"
"VHODMSVNXU";"Stab-II. Korps"
"VHPAQCVOMN";"2-MSB-PR4"
"VHQJZPBKNH";"3-263. Fallschirm."
"VHQMBWWXVT";"2-107. Jäger"
"VHTFDMFVTR";"D-1st Aviation"
"VHUFWNHDFT";"2-1-55. msp"
"VHUWGJEUXY";"DB-3-49 pz"
"VHUZCKMYMO";"3-1-1054y Art."
"VHXFHSAHWX";"2-1-164y GvMSP"
"VHXMSDGLUT";"3-2-17. tp"
"VHZOTRKRJQ";"HQ-IV,/RGJ"
"VIBEQEYNYH";"DD-40 dar"
"VIBLJGOTTD";"1-1-65. msp"
"VICWZGCQQF";"7-3-sMSR25"
"VIHZOKVCTG";"C-2ste Smaldeel"
"VIMTAOBFEJ";"1-286-y Otd. Zen. Rak. Bat."
"VIPOXHTERB";"3-825-VKK 321"
"VIQAKEAAXO";"2-2-10. msp"
"VIQESHRKAE";"4-3e Hussards"
"VIUSJHBDAO";"1-3-25 pz"
"VIXYJHPRFV";"9-3-95-y TP"
"VIZQREDRVD";"11 Air Def. Bty."
"VJBIDUUSSX";"1-117. Jäger"
"VJEFGPCOJE";"EM-43e RAMa"
"VJHBAJWKXC";"4-2-210y MSP"
"VJOWXDCUSD";"2-34y Razv."
"VJRHRSERCM";"1-JBG 33"
"VJSHWAQHRW";"1-9e RCP"
"VJTJKLSHSU";"3-1-744y Art."
"VJTTXGSRVU";"1-48. Sicherungs"
"VJUGGXZTIZ";"Velitelství 3-23. tp"
"VJUGOBWUEI";"A-11ste Smaldeel"
"VKBVGWRYFA";"A-4/7RDG"
"VKDCKZVEIU";"SK-38. FlaRak"
"VKDMYEQZMO";"2-3-3. dp"
"VKFGXSBQAS";"Det./4 Combat Eng. Rgt."
"VKFLMBKTXX";"Velitelství 1-13. tp"
"VKGNJAFEKJ";"3-Tk-302-y GvMSP"
"VKIRAWDDWF";"DB-1-8 pcz"
"VKTEIWWVFJ";"3-923-y (SAM Bat.)"
"VKTIYLEJPP";"Velitelství 13. plp"
"VKUHBEYOHK";"3-FJB 252"
"VKUNPJSKSQ";"2-3-17. tp"
"VKVVKNKYZA";"HQ-1RRF"
"VKXVLPSQIV";"4-130. FlaRgt."
"VKZHKZDMMZ";"3e Gpe-7e RHC"
"VKZXZLZCDQ";"2-2-8. msp"
"VKZYLXOTNG";"3-4301. Sicherungs"
"VLABYVAPAO";"3-3. ppr"
"VLDCYDRMFI";"3-3-11. tp"
"VLLAZFZIUT";"1-439y oVP"
"VLMEQFKCMJ";"SK-2-MSR28"
"VLMMTIXNIM";"E-2-64th Armored"
"VLOEHLCJUX";"3-32. FlaRak"
"VLOMXWBYJN";"2-1-79. msp"
"VLRXZDGVHE";"8-3-MSR33"
"VLUPHMLGCD";"1-856-VKK 431"
"VLVWNBVNKW";"1-2-75. thdbr"
"VLXUNUAGCY";"O-4-7th Field Art."
"VLYEXBSCZE";"E-2-41st Infantry"
"VLZTEJBFXC";"2-3-51. msp"
"VMDEBUNMSB";"U-5-68th Armored"
"VMDMKGQLFS";"D-1-34th Armored"
"VMEIHYEWBY";"D-293rd Engineers"
"VMFAUFDYCL";"M-3-20th Field Art."
"VMGJPNPXWK";"Velitelství 14. ppr"
"VMHUWCWJUP";"3-72. Pz.Gren."
"VMNFQJIKJM";"1-313. Pz.Gren."
"VMPMJAMPVL";"C-3-PPCLI"
"VMPVHBBBGZ";"1-1-322. kdbr"
"VMQDONSQMB";"1-864-VKK 461"
"VMWQSNHYFT";"1-1-8. tp"
"VMZTTSCTUP";"C-1-3rd Field Art."
"VNAKXANKPE";"Paost-43 Painfbat"
"VNBFBNSAAG";"EM-1er RCAM"
"VNBXUZMETY";"F-2-14th Field Art."
"VNCMOCRUCI";"9-2-119-y Otd. Tank. Polk"
"VNDASJSBSC";"SK-1-Art. Rgt. 7"
"VNEPVIBUKP";"9-3-PR11"
"VNEYLOPUHV";"HQ-5-6th Air Cav."
"VNFHDBWKSB";"E-2-14th Field Art."
"VNFQAMYUEK";"3-Tk-174-y GvMSP"
"VNIOOGQCYY";"DD-2-4 pa"
"VNLTSQUGLR";"3-3-104. msp"
"VNMIPKHQII";"B-IV,/RGJ"
"VNONRBNHTD";"C-5-RALC"
"VNQFZNIRBY";"3-MSB-23-y TP"
"VNRMNNVYVK";"1-?-y Rak.Art."
"VNUQWTADAV";"4-2-204y GvMSP"
"VNVZZDXHQI";"2-37 eś"
"VNWZCEYSZR";"SB-635. Artillerie"
"VNZHMIPBGR";"Support-I,/Grenadier Guards"
"VOAJEAHMRM";"23-8-34-ya Art. Brig."
"VOAJUYKAVN";"3-2-68 pcz"
"VOCSYCEOQH";"2-245. Pz.Artillerie"
"VOEGMZCELS";"2-1-126y Gv. Art."
"VOGNIVMWRU";"1-1-7-y GvTP"
"VOGZTKHMBR";"1-114e Infanterie"
"VOHIFKMDMH";"4-76 pcz"
"VOHNDGCKLY";"I-3-319th Field Art."
"VOJXPDQYMX";"Sicherungskompanie 8"
"VOJZBWUDQH";"3-MSB-PR15"
"VOKAGEQSBD";"C-12 Tkbat"
"VOKFZVWSIE";"9-3-29y GvTP"
"VOWGHNVTTK";"10-4-35-ya GvDShB"
"VOYGEGVXTE";"P-4-3rd Field Art."
"VOYPDYEUTS";"6-2-MSR17"
"VOZTJQOICV";"4214-VKK 421"
"VPBVNSQBSF";"2-35. Artillerie"
"VPCOFATPOA";"B-1-17th Cavalry"
"VPFKEKIBYT";"4-3e Chasseurs"
"VPFWRSXHLY";"Stab-5. Panzer"
"VPGNQANFYZ";"4314-VKK 431"
"VPGURWZJOH";"2-126. Jäger"
"VPHFGODYSN";"35 Air Def. Bty."
"VPINEPOSQD";"1-1069y Zen. Art."
"VPNVMLTUUM";"1-2-15. tp"
"VPSSLIIGJB";"1-4-68. msp"
"VPTIBCIJZX";"N-4-4th Cavalry"
"VPTKPRENNF";"42 Air Def. Bty."
"VPUSKSPLLM";"3-331. Panzer"
"VPVMQMJVTF";"2-2e RA"
"VPWSSZUYWZ";"2-GeWa10"
"VPXRUCSCXZ";"SK-741. Pionier"
"VPXTCXXLST";"1-1-362. dp"
"VQADTRHFGJ";"1-5 br"
"VQBOYUZBZR";"2-MSB-33GvTB"
"VQDHWECYUH";"3-1-361. dp"
"VQERJYNGBU";"2-141. Panzer"
"VQFIKXXYFW";"Kom-923-y (SAM Bat.)"
"VQJQGHSIQX";"1CCM-19e Génie"
"VQKROUMAGQ";"2-2-10 pz"
"VQLOLGTBGX";"4-FJB 252"
"VQLTZCYPCZ";"DB-1gb-10 pz"
"VQPCWCAWLQ";"2-330. FlaRgt."
"VQQTTPOCKY";"4-2-302-y GvMSP"
"VQQZLSSXSH";"3-GeWa9"
"VQUDJFLUNA";"1-2-79. msp"
"VQXFDHCSCQ";"4-60e RA"
"VQZKAGGGXS";"2-2. ppr"
"VRATQIVMBJ";"1-TkBat-400y MSP"
"VRBTCSXNKL";"2-1-MSR42"
"VRFPCTUKUS";"5-2-PR4"
"VRFVCHAQTM";"C-II-RALCA 62"
"VRHFEKYJLC";"SK-121. Panzer"
"VRHGGXAKRD";"1-4-55. msp"
"VRHJINHLUL";"DB-1-12 pz"
"VRIFGPIDTD";"4611-VKK 461"
"VRKRVCRYAS";"DB-1-27 pz"
"VRLIOQRDEF";"PzPionier-Kie 290"
"VRNLRVXYPO";"2-3-63y GvTP"
"VRQDLRXJPH";"5-2-MSR35"
"VRQWMCUSBG";"3-21. Artillerie"
"VRVFHYHELE";"C-124 Afdva"
"VRWTIFYZUM";"2-12 dar"
"VSAJWNFAHV";"2-TkBat-210y MSP"
"VSAMILMGYA";"3-1-65y GvTP"
"VSBNRWCVFL";"HQ-1-35th Armored"
"VSCYMSLPJO";"SK-631. Jäger"
"VSEEHVJBXX";"3-PzB-MSR41"
"VSHXDGKLPW";"3-Tk-170y GvMSP"
"VSIWBMEGDR";"2-4-12 pz"
"VSJTDKWOXB";"2-2-36 pz"
"VSKJTQAUUH";"SK-3-MSR34"
"VSLOSNOIBZ";"4-51. Feld-Art."
"VSPLOXMYFH";"EM-9e Génie"
"VSRJIGTSEP";"SK-363. Panzer"
"VSROTDTNPJ";"HQ-1-66th Armored"
"VSSXYIWWFZ";"C-81th TFW"
"VSTROBIVJT";"2-Tk-67-y GvMSP"
"VSUBPOAVCV";"Velitelství 3-74. RMbr"
"VSUKJDMDDD";"III. JS/JG-8"
"VSXHYCDSWT";"4-2-MSR2"
"VTBDIXKGNM";"Fernspäh-Kie 100"
"VTBTBOTQTD";"9-3-1047y Art."
"VTCDZUSADS";"8-2-28-y GvTP"
"VTCVJGBMIL";"EM-19e Artillerie"
"VTEHVXIXGR";"Staf-102 Verkbat"
"VTFHLIULEA";"I,/20-y Gv. APIB"
"VTGBWRQFNI";"1-20e Artillerie"
"VTKLFXCNSA";"2-PB-MSR9"
"VTNQTZYSAQ";"M-3-3rd Helo."
"VTNYBFPATW";"4-103. Pz.Gren."
"VTQCKGAPDI";"Kom.-2-96-y Art. Polk"
"VTQFNZSTKK";"1-MSB-PR10"
"VTTUTNUEPS";"1-2-79y GvTP"
"VTUXVJVWJD";"Rota Okhrany"
"VTYIHNTXAA";"3-3-62. msp"
"VTZCKFENPA";"A-293rd Engineers"
"VUEYJOGNIU";"4431-VKK 431"
"VUGQWKDXHW";"Kom-.113-a Razv. Polk"
"VULRPFCSQS";"SK-2-MSR29"
"VUOTWGQZOD";"D-1-2nd ACR"
"VUPSHMISIP";"4-4. Aufklärer Bat."
"VUREHOFFLF";"6-2-17-y GvTP"
"VUTBENZXYO";"Velitelství 3. ppr"
"VUTHPYSPFO";"3-19e RA"
"VUUTNXLZIF";"8-3-29-y GvMSP"
"VUYIKVMJZZ";"1-1-275y GvMSP"
"VVCFXADTTU";"23 InfCie KMAR"
"VVDCLIQDXQ";"3-1-360y TP"
"VVGDJMHGRN";"1-352. Pz.Gren."
"VVGKUTLORX";"DD-2-37 pa"
"VVIZHAQDLH";"1-3-353y GvTP"
"VVJYJWDVDC";"1-19e RA"
"VVMAKASXSR";"3-498y PT"
"VVMDATQDUK";"4313-VKK 431"
"VVOZSUGAMB";"2-1-54-y Art."
"VVRGFWGVIE";"L-3-1st Helo."
"VVRQNXIPQM";"1-2-49. dp"
"VVSOSUKYSU";"Staf-101 Tkbat"
"VVUNYVFMJR";"EM-8e Hussards"
"VVUTRVEZBJ";"324 Eskadron"
"VVVJBOFNTR";"A-1-67th Armored"
"VVWYZIBAFL";"B-19th Field Art."
"VVXEQIDLSC";"3-741. Pionier"
"VVXKVIOALH";"5-251. plrp"
"VVYRADMKVG";"C-1-66th Armored"
"VVYWCKDSSR";"8-3-239y MSP"
"VVZOBGSYNH";"1-Tk-29-y GvMSP"
"VWATAYJUIE";"R-3-12th Field Art."
"VWCHVNXUIA";"11-3-117y Art."
"VWDMLPVJYX";"2-1-8. dp"
"VWIMHKJNQJ";"5-12. Aufklärer Bat."
"VWLECSEFLC";"K-3-41st Infantry"
"VWLGTFJZUT";"SK-87. Geb.Jäger"
"VWNMCOKRIH";"2-340. FlaRgt."
"VWNPGHMRRQ";"3-194. Panzer"
"VWOWJMSVHE";"2-GeWa19"
"VWPETUIMJA";"2-1-MSR17"
"VWTCSPGGAM";"9-3-AR9"
"VWTHTORPIC";"I-3-7th Cavalry"
"VWVQRHFMAC";"Kom.-1-390-ya Art. Brigada"
"VWWPONANCS";"2-1-34-ya Art. Brig."
"VWZIUDWCDR";"1-2-322. kdbr"
"VXBWORJZPD";"3-225. Artillerie"
"VXCUGGSNTA";"1-403 RA"
"VXJGIELQKA";"2-2e Carabiniers"
"VXJXXXEXLW";"B-III,/Stafford."
"VXLXSWGUTH";"5-2-MSR15"
"VXMBNRVNZG";"S-5-68th Armored"
"VXMPQBGQPE";"4321-VKK 432"
"VXQQNQFNRV";"3-11. Aufklärer"
"VXSHZDLVNN";"2e Det./LSRCH"
"VXSQIWYACZ";"SK-210. Pionier"
"VXYTJENIWK";"G-2-64th Armored"
"VYAPPICDBK";"A-I,/ASH"
"VYAXJKLOJO";"3-1-71. kdbr"
"VYCLRGIHYA";"328 Eskadron"
"VYDEETKWCA";"HQ-3-8th Armored"
"VYEFLHGTEH";"1-214. Panzer"
"VYGEHPOTGW";"5-2-74y GvTP"
"VYGGCXWOUA";"1-5 dplot"
"VYGGOTDPQP";"3-205y PT"
"VYHLTSLFUJ";"1CC-11e Génie"
"VYIFHEXBNT";"4-353. Pz.Gren."
"VYLARYRGYQ";"2-17y Gv. Razv."
"VYMWGRWMAT";"N-4-68th Armored"
"VYPNCLBGIV";"A-GACA II/11"
"VYRWSTJLNU";"3522-VKK 352"
"VYUOHSQNOK";"6-2-AR4"
"VYUPOPYMHP";"SK-3-AR17"
"VYYDUBPXWL";"6-2-166y GvMSP"
"VYYHAKIRRK";"12-4-35-ya GvDShB"
"VYYITWDNFO";"9-3-283y GvMSP"
"VYYTQQNJBA";"B-Mérida"
"VZAOUJREHD";"2-142. Pz.Gren."
"VZCUNGIOYC";"4-1er Chasseurs"
"VZEVGKPUIS";"Kom.-900y DShBat."
"VZGOQIKCNT";"2-134-y Razv. Bat."
"VZIQUQXEEG";"7-3-AR3"
"VZJONAABLR";"Velitelství 3-62. msp"
"VZKDULMTVH";"5-2-670y Art."
"VZKDYQUNKW";"2-281. Panzer"
"VZKEIPVOCS";"1-92e Infanterie"
"VZPXCSDCKW";"2-1-280y GvMSP"
"VZQNLZUXXU";"8-3-99y Art."
"VZWZGBDPTO";"1-635. Artillerie"
"VZXPTLYUYD";"SK-FA15"
"WACQEQHYUI";"Velitelství a štáb 15. MSD"
"WAHZRGTOSD";"A-41 Tkbat"
"WAIVQRFFRZ";"L-3-60th ADA"
"WAIXUWXFGN";"5-8. Geb.Aufkl.-Bat."
"WAJDLMYPPZ";"1-FRR9"
"WAJHJVBCXW";"Teile/PiB19"
"WAKWFAQXLQ";"3-2-55y GvTP"
"WAKZNUEVDO";"HQ-1er Guides"
"WALBYVWIBS";"SK-AB1"
"WAOBSECTVA";"1-75. Artillerie"
"WAPPBYARGD";"2-4e Ch. à Cheval"
"WARJSUXVFQ";"5-2-240y MSP"
"WAWZZDIXMD";"9-3-30y GvTP"
"WAXAXPXBZT";"3-18 pcz"
"WAXMQZTRBI";"1-2-73 pcz"
"WBAJNAEMCR";"Kom-.1-249-y Gv. MSP"
"WBBWKUBCPR";"B-1-1st Helo."
"WBCRXAKRCV";"3-1-200y GvMSP"
"WBDQLWLYHF";"2-3-28 pcz"
"WBGCSCSGMP";"2-Spetz. Otd. Vertoletniy Polk"
"WBHEZQADSZ";"DB-1-24 pcz"
"WBKHOBKTBY";"1-MSB-PR16"
"WBKLQGMDQB";"4-301. Panzer"
"WBNHFVWMJC";"5-102. Pz.Gren."
"WBRFBORIQM";"HQ-93rd MP"
"WBUFDEHCGG";"Esc. de Chasse 1/2 Cigognes"
"WBYOXZXJIG";"5-2-AR9"
"WBZLZXYMZF";"5-2-AB40"
"WBZVRNCBCU";"3-623. Panzer"
"WCENECOTHK";"2-26. Jäger"
"WCEOUFKJYI";"1-1-100y TP"
"WCFZEKAMCH";"4453-VKK 453"
"WCGBQZMIQT";"Kom-.1-244-y Gv. MSP"
"WCIESUQQPS";"1-KHG5"
"WCKVRVKBSL";"DB-1-41 pz"
"WCMMCFPMVP";"1-1er Spahis"
"WCNOTYTGBO";"2-2-51 pz"
"WCNZUHUXSO";"2-295. Artillerie"
"WCPEJYCVSR";"A-5 Hvy. Rgt. RA."
"WCPIHDKIQR";"2-Res.MSB 13"
"WCQGYXFJNT";"8-3-308-y Art. Brig."
"WCQKQMFMWX";"SK-1-PR21"
"WCQNWRNQCP";"B-II,/RAR"
"WCUQFBWEMM";"1-4452. Sicherungs"
"WCVXNMNGCD";"1-FRR8"
"WCXECGSQEP";"SB-100. FlaRgt."
"WCXILZTBBG";"8-3-249-y GvMSP"
"WCZJDNPCXX";"2-4-17 pz"
"WDBGAVAVJR";"2-153. Panzer"
"WDCZIQBOMV";"Db-16 bdes"
"WDFALFMBEV";"2-MSB-100y TP"
"WDFOQEHVWJ";"Stab-7. Panzer"
"WDJQOSNAFM";"Stab,/Artillerie-Regiment 3"
"WDNXKFOHNP";"3-1-400y MSP"
"WDRFFOLKSI";"A-2 Gurkhas"
"WDVQAABHDE";"3-MSB-PR23"
"WDZDLIHVBO";"2-485-y (Helo)"
"WEALPCUADC";"2-4-47. PT oddiel"
"WEARBTKRJO";"11-4-1054y Art."
"WEIJKANYHT";"2-1-37 pz"
"WEMTMXELKX";"2-641. Jäger"
"WENFNCDWXJ";"Y-5-16th Mech. Inf."
"WENPBHXEXF";"HQ-4-229th Helo."
"WENVTDTEPI";"SB-140. FlaRgt."
"WEOKGUTSPF";"HQ-5-158th Avia."
"WEPKOELTDV";"DD-46 dar"
"WEQDNJEZIV";"P-4-2nd ACR"
"WEQPYIODJZ";"SK-FJB40"
"WEVEPCTOUT";"1-54e RA"
"WEWVOLUJVA";"4-2. Aufklärer"
"WEYOLFZTIL";"2. Heimatschutz-Kie"
"WFCMJDMGTE";"Q-4-18th Field Art."
"WFGQJQSYIE";"3-4-332. kdbr"
"WFHUQXFDJL";"Velitelství 2-12. tp"
"WFLFXVCFOR";"SK-81. Panzer"
"WFLNONNAAW";"2-3-9 pz"
"WFMYBIGAPA";"SK-1-AR8"
"WFNNVSIONE";"Velitelství 4-71. kdbr"
"WFNSFANNVB";"II,/11-y ORAP"
"WFNZPYZMUJ";"Kom.-1-17-y Gv. Tank. Polk"
"WFQASBHPCW";"2-2-20. tp"
"WFRONYDJBZ";"1-1-211-y GvTP"
"WGALEJQCPS";"4-2-275y GvMSP"
"WGBNHLSPVO";"G-2-77th Field Art."
"WGBWOGULWJ";"1-2-68. msp"
"WGCGAVTDRP";"1-11. plrp"
"WGDCXHBTZV";"12-4-1047y Art."
"WGEIGMEKCF";"A-9th/12th Royal Lancers"
"WGFWNGCVPF";"D-V,/RRF"
"WGHUAMSJZO";"9-3-211-y GvTP"
"WGLCGGFFAZ";"4-1er REC"
"WGLCPJGSUF";"9-3-240y MSP"
"WGLLYIFXNG";"SK-323. Pz.Gren."
"WGLVZHQIQW";"2-GeWa8"
"WGNQZFRMAF";"4-13 dplot"
"WGOOOUMVFB";"Q-4-7th Mechanized"
"WGTAEJYOIE";"E-2-29th Field Art."
"WGTKXPYTOU";"C-I,/Royal Scots"
"WGXFOKXZYN";"X-6-1st Field Art."
"WGXNQKLSTD";"12-4-308-ya Art. Brig."
"WHGRIOOMNX";"1-MSB-211-y GvTB"
"WHHTMUKYGJ";"SK-1-MSR30"
"WHIRRAWEYB";"4-210. Pionier"
"WHKFEEPXBW";"1-4e Cuirassiers"
"WHMHOABWFQ";"A-323 Sq."
"WHPIBKQEUA";"III. JS/JG-7"
"WHRYWPCRVP";"3-351. Jäger"
"WHSDFVVWOU";"HQ-Escadron Blindé"
"WHUOZLVNXE";"88-y Saperi Bat."
"WHVUDFOCEZ";"3-27. Jäger"
"WIAURTTMXK";"2-2-104. msp"
"WIAWJOYTPP";"Esc. de Chasse 1/3 Navarre"
"WIEJKPXQAI";"11-4-390-ya Art. Brig."
"WIEOPMFGQU";"S-5-8th Mechanized"
"WIFIYVRXDP";"7-3-1054y Art."
"WITEOKOSZS";"SK-2-MSR18"
"WITPCQTTKI";"2-171. plrp"
"WITVHSOXNL";"B-54 Afdva"
"WIUASNPGZO";"3-562. Pz.Gren."
"WIUTDEWLUP";"3-MSB-62GvTB"
"WIVRNNNACU";"3-933y Zen. Art."
"WIXZHPQECR";"2-11e Cuirassiers"
"WIYQXBBSVZ";"3-92e Infanterie"
"WJABYRIAJY";"2-1-24 pcz"
"WJBQCZBBJE";"1-480th TFS"
"WJDJTTOZVQ";"1-3e Hussards"
"WJEJBKRIKR";"1-2-3 pcz"
"WJFQIVSVEA";"3-2-47. dp"
"WJGRIZXKUK";"HQ-385th MP"
"WJHHOBUIOM";"3-803-VKK 221"
"WJKUIUVNFN";"2-1-138y oTP"
"WJLBLUXEDQ";"2-832-VKK 331"
"WJLUFDORGH";"5-2-PR17"
"WJMJNLIKIV";"2443-VKK 244"
"WJNABSWVRC";"10-3-5 Baa"
"WJUQXBEBTV";"2-222. Pz.Gren."
"WJVICEISQG";"D-10th Engineers"
"WJXSMTHBQU";"5-2-117-y GvMSP"
"WJZWIVELIR";"2-4-51 pz"
"WKABVIYLPS";"1-63. Panzer"
"WKCCXHQGBY";"A-54 Afdva"
"WKDMCHHYNS";"2-565. Pz.Artillerie"
"WKHBPCCYRZ";"D-1-10th Armored"
"WKHYKRMJVT";"2-3-27 pcz"
"WKIXQTTQXN";"1-PzB-MSR15"
"WKLAOZNACP";"3-2-10. tp"
"WKNCMDMCDP";"2-829-VKK 323"
"WKNZYZFOJA";"1-3-79y GvTP"
"WKPPSVRYHM";"3-115. Artillerie"
"WKVFHTTQCX";"Kom.-1-1-y Gv. Tank. Polk"
"WKWVZNCDGT";"5-2-1054y Art."
"WKXSGBRWNV";"4511-VKK 451"
"WKYEHQKHLY";"3-46 dplot"
"WLDFRLLMFI";"7e EED"
"WLJKAJJUJT";"4-2-36 pa"
"WLLCTIYLPW";"2-1-AR10"
"WLMGWARXBN";"3-154. Panzer"
"WLPQLJGROC";"2-642. Jäger"
"WLTZCJOQWR";"SK-4. Pz.Gren."
"WLUJVGIAKF";"EM-1er RCP"
"WMBKSGOZDV";"2-1-12 pz"
"WMFNRIQNDC";"3-1-33y MSP"
"WMGKRJYSZY";"SK-3-MSR9"
"WMGTFDZAMG";"2-82 plrbr"
"WMGTSMULSA";"3-223. Pz.Gren."
"WMHSBLIZKF";"SK-155. Artillerie"
"WMJWMCDMIJ";"2-3. plp"
"WMKMQEMLEO";"HQ-2-77th Field Art."
"WMNIRQWGZP";"3-1-17. dovm"
"WMOBHCDZXR";"A-12th Engineers"
"WMOVBSBDRV";"4-81y Tank. Bat."
"WMQGQNHSPG";"1-543. Panzer"
"WMQNAQDTXZ";"Velitelství 3-11. msp"
"WMSVFAWJWF";"1-402 RA"
"WMUGQJAXLT";"A-5-158th Avia."
"WMUHXYYXDR";"1-111. Artillerie"
"WMUOMEMWQJ";"3-MSB-70y GvTP"
"WMVICTMQWC";"DB-2-27 pz"
"WMVYOLSSXO";"1-841. Jäger"
"WMWDJESPIR";"1-341. Panzer"
"WMXQHSPUPQ";"Kom.-3-119-y Otd. Tank. Polk"
"WMXVKQFIMD";"7-3-MSR17"
"WMYKWONYCU";"4-101. Artillerie"
"WNCHETALBQ";"3-1-210y MSP"
"WNGWTWSDML";"1-8e Hussards"
"WNJOYPNMTK";"2-843. Jäger"
"WNNYNQNRBA";"2-12 br"
"WNOFSKDYKZ";"2-742. Feldjäger"
"WNUVOGLLUM";"E-2-66th Armored"
"WNVJBNFJXU";"HQ-1-3rd Aviation Rgt."
"WOAQXYKNSW";"1-443-y Otd. Sapery Bat."
"WOBDPPGXTW";"1-Spetz. Otd. Vertoletniy Polk"
"WODDHKWMUM";"5-6th Air Cav."
"WODLMEYIRQ";"2-3-62y GvTP"
"WOFOILTTVX";"C-114 Afdva"
"WOFPSSUNTG";"C-313th TFS"
"WOICUWWTVS";"2-202. Pz.Gren."
"WOJWUSUDIS";"1-1-744y Art."
"WOKZORCNMX";"B-9th/12th Royal Lancers"
"WOLZQYMVAK";"2-534. Panzer"
"WOMGTDBTTW";"SK-PAR3"
"WONTZZWVKL";"HQ-V,/TLI"
"WOPLKAGFGA";"H-2-227th Helo."
"WOQDLZNIME";"Staf-15 Painfbat"
"WORRUGANKZ";"1-1-PR21"
"WOSWUUVRYO";"3-81y Razv."
"WOUAHJBEUB";"5-2-MSR13"
"WOWBBWFOQM";"2-241. Panzer"
"WOXDFIXKRK";"8-3-237y TP"
"WPEODTHQBI";"SK-101. Panzer"
"WPFCUBEINF";"A-7ste Smaldeel"
"WPGQVTOELU";"1-42. FlaRak"
"WPKQWMLSGR";"6-2-AR10"
"WPOHQOEGOL";"6-2-9 pa"
"WPQKTNAMSI";"2-1-36. dp"
"WPTJJNOSRP";"HQ-2-504th PIR"
"WPTVJBZLAU";"SK-324. Panzer"
"WPWAWVHIKF";"EM-3e DB"
"WPXISQYHVM";"SK-120. Pionier"
"WPYLXRDCWC";"1-1-7 Bah"
"WPYPGMHHRP";"P-4-159th Helo."
"WPYWOGMYOC";"4-159th Aviation (-)"
"WQAMYUNEWB";"3-682-y (SAM Bat.)"
"WQEJBAZDAJ";"2-100. FlaRgt."
"WQFNNCQNMB";"Support-3de Karabiniers"
"WQFRNBJXNN";"Stab-TerrKdo Süd"
"WQHXSZDNGA";"2-61 brop"
"WQJEPCVEVO";"B-11 Tkbat"
"WQJOONZBCG";"3-2-33. tp"
"WQNYMCOWOX";"7-3-210y MSP"
"WQPLKAKKKT";"Esc. de Chasse 1/11 Roussillon"
"WQULIKRNUC";"Velitelství 2-18. tp"
"WQVKOQHCOG";"3-132. Pz.Gren."
"WQYQDJAQFR";"6-42. FlaRak"
"WQZRJCIBGC";"HQ-35 Field Eng."
"WRBQXKMYQT";"7-2-119-y Otd. Tank. Polk"
"WRDFJADODY";"7-3-74y GvTP"
"WREGRWWUNS";"1-84y Razv."
"WRGHWWEXQD";"4-73. Pz.Gren."
"WRJCAMCNZC";"3-12e RA"
"WRLJBQADUG";"4-1018-y Otd. Zen. Rak. Bat."
"WRQDHFPMLB";"SK-2. Aufklärer"
"WRQNSVZDQB";"3-1-308-y Art. Brig."
"WRTZNURIIA";"Esc. de Chasse 3/2 Alsace"
"WRZOCUFELW";"DA-1 Armia"
"WSCCIYCDIW";"6-2-724y Gv. Art."
"WSFAKLRNLH";"6-2-16 pa"
"WSFCTXYRGW";"1-23. Panzer"
"WSFPGZKGZL";"H-2-14th Field Art."
"WSGBLPWKAS";"4-313. Pz.Gren."
"WSIVNXTVEA";"I. Esk./40. PLMB"
"WSIWMQYXXU";"2-3-36 pz"
"WSLNHEVQLN";"3-1-585y Art."
"WSMTADHKQB";"I-KG1-ABr5"
"WSPWROXJFZ";"2-1-49 pz"
"WSTOULOMWI";"12-4-211y Gv. Art."
"WSWTHCLQVO";"1-1-41 pz"
"WSXQLXSJFD";"2-57. Jäger"
"WSXZNEMQZB";"Kom.-3-34-ya Art. Brig."
"WSZKVUCSFZ";"4 Field Sq. RE"
"WTCEQDEXGT";"3-2-49 pz"
"WTGPMBGCUK";"3-4 ksap"
"WTHBNRZTMZ";"HQ-4th Arm. Div."
"WTJHGZJZAF";"Support-2de Karabiniers"
"WTJICMSENH";"8-3-PR16"
"WTLWTLXGOM";"1-641. Jäger"
"WTLXBUNVLN";"2-TkBat-275y GvMSP"
"WTMETZVICO";"1-37. FlaRak"
"WTOJTJPSCI";"SK-192. Pz.Gren."
"WTSWMSUYYI";"5-2-288y GvMSP"
"WTUFWLNYVT";"Kom.-3-35-ya GvDShB"
"WTUHCLSWVH";"1-1-9. msp"
"WTVTXKIIGG";"SK-3-PR20"
"WTYNCCVEKW";"8-3-52y Gv. Art."
"WUBCGWBCFQ";"3213-VKK 321"
"WUDPQRPRAO";"III,/Artillerie-Brigade 40"
"WUEWRRXLAW";"3-83 pz"
"WUKDSZVDXA";"2-1-11 pz"
"WUNWNNFVSV";"1-6y Razv."
"WUOKKLOXMH";"4-2-70y GvTP"
"WUOMMSNIZI";"HQ-1-39th Armored"
"WUPKBAPUCX";"1-PB-sMSR25"
"WUPMYDRJPA";"3442-VKK 344"
"WUQDVDKPPO";"1-824-VKK 321"
"WUSVRZSJTO";"Wpn-2-18th Mechanized"
"WUTAXCHLBJ";"3-565. Pz.Artillerie"
"WUTNDQTPZA";"3-1-1-y GvTP"
"WUZWWNMXZA";"A-350ste Smaldeel"
"WVBDXWVKPS";"5-2-375y TP"
"WVBTAGOKJC";"C-1RTR"
"WVDXVNHCHA";"SB-25. Artillerie"
"WVERQDFGUA";"1-1-164y GvMSP"
"WVGPLHMCXC";"3-1-MSR43"
"WVHOJJLFZD";"4-8. Geb.Panzer"
"WVKEXNLLBC";"4-13. Pz.Gren."
"WVKOHJEINW";"2-4432. Sicherungs"
"WVNCWXQLNE";"2-88. Geb.Sicherungs"
"WVOUHFVMTF";"SK-42. Pz.Gren."
"WVQPKKOBZF";"I,/294-y ORAP"
"WVQQKDHTZD";"7-3-247-y GvMSP"
"WVRASLKTGO";"7-3-199y Art."
"WVTZANRYID";"Pionier-Kie 360"
"WVZCEMJVSG";"6-2-239y MSP"
"WVZFPNGFYX";"3-222. Pz.Gren."
"WWCGSAVGXZ";"Pionier-Kompanie"
"WWCQLRRGJT";"Y-6-1st Field Art."
"WWCXFPGTWB";"1-12. Rak.Art."
"WWDUMZVGHD";"Kom.-3-96-y Art. Polk"
"WWECFUEXDD";"3-3-20. tp"
"WWEUWGYELB";"A-1-17th Cavalry"
"WWIKWVMGNG";"3-711. Jäger"
"WWKXLVHGAK";"10-4-211y Gv. Art."
"WWLCTFXGHZ";"3-1-1. tp"
"WWLUREODJE";"2-204. Panzer"
"WWNRWONVJZ";"1-1-6. msp"
"WWQSXDLBIA";"DD-1-33 pa"
"WWSZSVSYSA";"1-TkBat-168y GvMSP"
"WWXOVGXPGL";"SK-FRR4"
"WXAUYNRPUF";"3-130. FlaRgt."
"WXFRNASQNP";"1-77 ba"
"WXHKLEXRDV";"2-MSB-56GvTB"
"WXHYXNMLKF";"3-TkBat-286y GvMSP"
"WXIIRKHMDV";"7-3-120y GVMSP"
"WXIMJMBKTO";"C-2-1st Cavalry"
"WXIVMCXVJY";"272-y Saperi Bat."
"WXMEFAVMPK";"3-FJB 262"
"WXOSXSCKQC";"3e Gpe-2e RHC"
"WXVERPAQXT";"EM-47e Artillerie"
"WXVGQQTFZH";"SK-4321. Sicherungs"
"WXVIYGDJUL";"2-68-y Razv. Bat."
"WXWJLPFUSP";"B-47 Painfbat"
"WXWNYDZTYX";"2-2-62y GvTP"
"WXWNYZHHAZ";"1-17y Gv. Razv."
"WXZWUCABSR";"1-351. Flieger-Abt."
"WYBKUCHDVD";"3-41. Panzer"
"WYDTNBKABC";"HQ-17th Field Art. Brigade"
"WYEXDNBTQE";"1-324. Panzer"
"WYFTHMQMGV";"6-2-278y GvMSP"
"WYFZEXUEFA";"5-7y Tank. Bat."
"WYINPYGKGT";"E-2-18th Mechanized"
"WYOYYZPNKK";"4532-VKK 453"
"WYUIYKYWTI";"3-18y OTB"
"WYVQTAEZDE";"SK-91. Panzer"
"WYWSTCERMM";"1-2-18. tp"
"WYXYIHSXHG";"B-132 Infbat"
"WZGNCWLCMI";"3-FJB 261"
"WZHESIBGLZ";"3-2-8 Bah"
"WZIPTGJPNO";"1-240. Pionier"
"WZKTHBJSSP";"Velitelství 1-57. msp"
"WZOPCFVUHN";"Support-1ste Grenadiers"
"WZPLIAZMOR";"2-3-8 Bah"
"WZQOSMKUWZ";"4-123. Panzer"
"WZSHNBSPLY";"Velitelství a štáb 3. MSD"
"WZUVWMVOLY";"1-3-17. tp"
"WZUZWHQICA";"SK-1-MSR24"
"WZVQDNLHYV";"2-MSB-239y GvTP"
"WZXJWKWSHX";"7-3-17-y GvTP"
"WZXKVIASFP";"3-1-PR22"
"WZXLIUBBLB";"SK-82. Jäger"
"XAALCGIHML";"3-716y Zen. Art."
"XABRMYQQUB";"(Territorial A)"
"XABWDCEUYA";"SK-3-MSR32"
"XACNLULREF";"3-1-322. kdbr"
"XACVSOZGSF";"1-496y PT"
"XADXFXWTUD";"SK-213. Panzer"
"XAEBOKFIJZ";"9-3-47y GvTP"
"XAGDPAISPJ";"2-1-4 pa"
"XAHADDVDPU";"SK-VKK 345"
"XAJWIOXVXB";"2-4-51. msp"
"XALNQZWCCY";"6-2-MSR34"
"XANTEZINKF";"Pionier-Kie 350"
"XANUFGYNCC";"1-130. FlaRgt."
"XAOIXOCFZP";"SK-2-MSR17"
"XATFARSDHX";"3-3-8 Bah"
"XAUYUHJDOL";"1-3-5 pz"
"XAWNLQBZZM";"3-942. Jäger"
"XBBVGZAUUQ";"5-2-MSR43"
"XBEFSWAZPC";"Velitelství 2-4. msp"
"XBERMYIXPO";"3-MSB-51-y GvTP"
"XBEZKHAWRU";"2-3-59 pz"
"XBJQBKLRBO";"1-1-33y TP"
"XBKSYHKBFO";"5-122. Pz.Gren."
"XBLBPPNCCK";"1-679-y (SAM Bat.)"
"XBPCKUJPVO";"Db-18 bdes"
"XBPGPTZQYU";"SK-1-MSR9"
"XBWEPRZRND";"3-1-21. tp"
"XBYCREXHGU";"3-12e Cuirassiers"
"XCBXKJGDTD";"C-4/7RDG"
"XCDJYXVBPE";"2-195. Artillerie"
"XCFKRVMBPG";"Velitelství 1-18. tp"
"XCHJWZNLIR";"2-48. Sicherungs"
"XCHNESGVNP";"C-II,/RAR"
"XCHSEYLYXO";"2-22. Pz.Gren."
"XCHUHCEPGN";"P-4-77th Field Art."
"XCPEZJMPEE";"D-101 Tkbat"
"XCQRKMLKIY";"1-1-55y GvTP"
"XCRTDVQZQG";"1-2-7 Bah"
"XCWMHDWXHT";"2-TkBat-239y MSP"
"XCWNZYVFLP";"2-1-MSR13"
"XCWXACEYGC";"1-825-VKK 321"
"XCXSIYKGAW";"H-2-29th Field Art."
"XCXUCBFSOF";"Wpn-2-325th PIR"
"XCYBICHNNU";"3-3-55 pz"
"XCYIDKEGME";"1-45y Razv."
"XCYJRGQAVO";"1-FJB41"
"XCYPWHJTGG";"CEC7"
"XCZIBXINPF";"SK-1-PR14"
"XDANIYGLVX";"L-3-37th Armored"
"XDATISXUVK";"K-3-7th Cavalry"
"XDBLXVALYM";"HQ-3-17th Field Art."
"XDCHCFFHBZ";"2-PzB-MSR18"
"XDEGABTVWO";"C-1-30th Mechanized"
"XDEPHCUTAC";"EM-7e RHC"
"XDGUTZVQUH";"3-8. Geb.Pionier"
"XDHHPKSRRL";"Pionier-Kompanie"
"XDKIZOFDRR";"EM-2e REP"
"XDLFCVOUEF";"II-5FighterRgt"
"XDOEYUBLKC";"2-1-10. msp"
"XDPDHRIBLG";"G-2-504th PIR"
"XDPEWHLBSK";"SK-11. PzGren. Div."
"XDRPWQEKUO";"II,/773-y IAP"
"XDTHGEBMEC";"1-6e Rgt. du Génie"
"XDURQBQYSW";"1-262. Fallschirm."
"XEGVQEHLLC";"5-2-221y oTP"
"XEGYUYULEV";"5-302. Pz.Gren."
"XEHFBUHGWR";"73 Engineer Rgt. RE (V)"
"XELYKXXBDM";"103 Maresk"
"XEMTHVKQPZ";"4-12. Aufklärer Bat."
"XENZLBAUDP";"2-1-33 pz"
"XEQCRGMXYZ";"2-FJB 254"
"XESPJNRUGB";"12-4-390-ya Art. Brig."
"XESSXIKGKS";"1-1-AR1"
"XETEELAKZU";"5-2-126y Gv. Art."
"XEWVFXSWCP";"3-679-y (SAM Bat.)"
"XEZWBVWGEA";"SK-291. Panzer"
"XFAYJJYUVP";"3-10 Para"
"XFCFKTSCXQ";"SK-61. Panzer"
"XFCPODZAVF";"3-23. Panzer"
"XFELKAXRNK";"HQ-210th Field Art. Brigade"
"XFMFJYYEFF";"B-Santiago"
"XFMNIOIFOO";"I,/368-y OShAP"
"XFPSZIKVVY";"7-3-PR22"
"XFPWESFWBB";"DB-18 pcz"
"XFQGLNNGVG";"CCM-1er RCAM"
"XFUSPPCKTB";"1-1-23. tp"
"XFUZJBZTIN";"1-1-62. msp"
"XFYTUPVLGC";"1-(TerrF)"
"XFZTUVYMSY";"1-3-47. dp"
"XGCDSWBVIQ";"5-2-4 pa"
"XGFKFJAGWM";"4422-VKK 422"
"XGFTHTIDMM";"1-36th Field Art. Bat."
"XGHLBTDATN";"CEA-2e REP"
"XGJXAPBVKQ";"HQ-2-41st Field Art."
"XGKNTVFPLG";"SK-10. Panzer"
"XGSJPUHBMR";"1-35 pcz"
"XGUCSMDAKA";"1-81y Tank. Bat."
"XGUPNIDJMR";"2-1-241-y GvMSP"
"XGWPCPDVYC";"2-3-49. msp"
"XGYGBYZANP";"2CC-1er Génie"
"XGYQJSXAWX";"SK-1-MSR1"
"XGZUJXEZGK";"F-2-64th Armored"
"XHCOQRXHQS";"2-1-4. msp"
"XHCZFTIPIC";"3-2e Lanciers"
"XHFUYRXXBH";"HQ-3-2nd ACR"
"XHHSUWKVJT";"A-2 Para"
"XHHXFQSAEJ";"SK-VKK 442"
"XHJJFVTAUM";"II,/31-y Gv. IAP"
"XHKHMBIJPZ";"1-46. Jäger"
"XHMDIVSWRF";"1-351. Pz.Gren."
"XHOPZTBTCW";"III,/294-y ORAP"
"XHPDJYUNHB";"1-9y Tank. Bat."
"XHPNFUXCJF";"3-75. Artillerie"
"XHQHYCLAHQ";"1-1-6 Baa"
"XHRPVLWXWT";"D-Cantabria"
"XHWPGBPZVC";"SB-345. Artillerie"
"XHYFBRNVUO";"5-232. GebJäger"
"XIBSLFETEJ";"A-107 Afdva"
"XIDHIIIFIV";"3-63. Panzer"
"XIFVERVZBZ";"2-14de Linie"
"XIGZQGZBDK";"3-2-197y GvTP"
"XIHGROWTUZ";"1-PB-MSR2"
"XIKTIROCSV";"HQ-2-29th Field Art."
"XIPNNYLZIN";"2532. Jäger"
"XIRVGMKAWG";"6-2-41y MSP"
"XISZNGJSIG";"SK-2-MSR13"
"XITIPBOFOL";"931. Jäger"
"XITOJXKFDF";"2-4-100 pz"
"XIULJTCIEM";"3-1-MSR7"
"XIUSSJBPOO";"5-2-302-y GvMSP"
"XIWREMPKET";"1-11 dplot"
"XJLJTNLYSJ";"3-324. Panzer"
"XJNVXXRAVF";"C-V,/RRF"
"XJRGAEVPBZ";"EM-507e RCC"
"XJRSKMYQMT";"3-1-PR23"
"XJRVLOHWCI";"A-1-325th PIR"
"XJVJYFFODR";"Kom-.3-117-y Gv. MSP"
"XJXFPPPEDA";"1-1-AR19"
"XJXYNOBZZX";"2-7 ksap"
"XJYMDMYCEA";"3-110. Pionier"
"XKAZEEPGYI";"2-5-y Razv. Bat."
"XKCCTAOKJV";"2-1-361. dp"
"XKCKPAHFJT";"4-2-PR22"
"XKHINPPKWV";"3-13. plp"
"XKJRTPBWMO";"C-1-77th Field Art."
"XKJZEVLKDW";"3-2-6 pz"
"XKKBTDQSJD";"HQ-3-52nd ADA"
"XKODSOCBOK";"C-1-36th Armored"
"XKOFAMQHHN";"C-317th Engineers"
"XKYVHTDUNE";"1-76. Jäger"
"XLAIZMOIXD";"HQ-38th Eng. Rgt., RE"
"XLCXIOPGDF";"B-42 Afdva"
"XLDSBMZOXY";"3541-VKK 354"
"XLFBENXAUQ";"8-3-MSR30"
"XLGHDOFZVZ";"4143-VKK 413"
"XLGPRWAMRX";"3-2-248y GvMSP"
"XLJSIAKJPW";"DB-1-28 pz"
"XLKTAHQPNX";"4-2-95-y TP"
"XLKUVPYRSS";"4-128 dplot"
"XLPKCHTFMU";"1-1er Dragons"
"XLRGVYFKLT";"3-33e RA"
"XLRTKDDIRM";"2431-VKK 243"
"XLSBYLAMBB";"1-3-29 pcz"
"XLSQFCVJNI";"SB-85. Artillerie"
"XLTWONJMVE";"1-PJA8"
"XLUWPULLWT";"II,/19-y Gv. APIB"
"XLVSUDXOTZ";"C-142 Painfbat"
"XLXCKTMBZS";"3-3-5. msp"
"XLYUFAZUIV";"HQ-11th Combat Aviation Brig."
"XMAYMCOJZS";"SK-193. Pz.Gren."
"XMGPRZIUQI";"3-1-362. dp"
"XMGWTSWDXT";"Reco-2e Lanciers"
"XMHLGQAYNP";"Q-4-8th Armored"
"XMIMYGAUSE";"2-3-6 Baa"
"XMLOKTSTVP";"F-2-66th Armored"
"XMLXZVKUQQ";"Kom-.4-128-y Art. Polk"
"XMNYKGLLXE";"2-3-27 pz"
"XMOINFMIZM";"3-150. Pionier"
"XMQJKEHVCN";"SK-4451. Sicherungs"
"XMXDTNOWIR";"2-KHG5"
"XMYCUZFLNL";"I,/35-y IAP"
"XMYLJVCAGG";"B-17th/21st Lancers"
"XNFDWTVLMQ";"Velitelství 2-51. msp"
"XNKZHKXWHF";"I-3-227th Helo."
"XNMDOZUURW";"B-5-158th Avia."
"XNMOYEDSOQ";"2-214. Panzer"
"XNMPTSGCRO";"SB-112. Rak.Art."
"XNMWPKVUJO";"3-13e RA"
"XNQUGWQWTD";"2-10. Pionier"
"XNWFPVTGEX";"HQ-2-1st Helo."
"XNWLNUUSEU";"B-495th TFS"
"XOCGTRGGWG";"HQ-4-11th ACR"
"XOCTDYQEZH";"1-AB4"
"XOEBDTKSIT";"1-95. Artillerie"
"XOERDBJJUK";"B-41 Afdva"
"XOFKJKBKHO";"3-1-17-y GvTP"
"XOLOGQJAKT";"3-285. Artillerie"
"XOPWKQZTWD";"G-2-69th Armored"
"XOPXYJDVBS";"1-3-74. msp"
"XOSCDWUWPH";"Pionier-Kie 210"
"XOSWOFVXSY";"SK-4432. Sicherungs"
"XOUJVHUPHF";"9-3-239y MSP"
"XOWGQSEBQI";"3-1-MSR41"
"XOYNDDQVGD";"1-PB-MSR1"
"XPFKNMZTYL";"8-3-23 Baa"
"XPHHFFUXBF";"SK-342. Pz.Gren."
"XPHJWYRPFP";"2-TkBat-164y GvMSP"
"XPLGZWSTWU";"2-1-724y Gv. Art."
"XPUSWIVTKX";"2-3-6. dp"
"XPUSXOBCBD";"3-820-VKK 314"
"XPUZGLZDDB";"2-118. Sicherungs"
"XPWVTRNTUR";"2-PB-MSR31"
"XPYKFCEAJK";"B-1-13th Armored"
"XPZSDVHICL";"L-3-505th PIR"
"XQALHGEZTO";"4-2-77y GvTP"
"XQENLSQZEZ";"Kom-.3-120-y Gv. MSP"
"XQFHVCOSEK";"1-MSB-51-y GvTP"
"XQGHTANMDS";"3-AA1"
"XQKHODDILK";"SK-32. Pz.Gren."
"XQNIADUCFN";"3-365. Artillerie"
"XQPRBDGCMP";"III,/33-y IAP"
"XQPWBZMWJB";"3-4-74. msp"
"XQQTIROCGK";"8-3-MSR2"
"XQTFGZHGOA";"127th MP Coy."
"XQVXOMGVNC";"3-314. Panzer"
"XQXXYQYXVK";"1-2-103. tp"
"XQYICONVOE";"C1-7-6th Mechanized"
"XQZUFGAZRC";"SK-2-MSR35"
"XREGUIXZYD";"1-857-VKK 432"
"XREVRFNGTB";"3-826-VKK 322"
"XRFUPGIYCV";"1-3-13 pz"
"XRGMQRECXW";"2-1-353y GvTP"
"XRJAJQXRVY";"2-308-ya Art. Brigada"
"XRKMMARDCE";"1-623. Panzer"
"XRKSJCMXES";"1-211. Panzer"
"XRKWWQALFA";"4-12th Field Art. Bat."
"XRLDQCKJKW";"(Territorial D)"
"XRMYMNZQLU";"3-1075-y Otd. Zen. Rak. Bat."
"XROMAYHHYJ";"3-84. Panzer"
"XROXNJYCBU";"1-4-11. msp"
"XRUKAMZOXN";"5 infbevcie"
"XRZXNXZGQV";"3-17br"
"XSASKPHTNL";"3-240. Pionier"
"XSBRNWWLQX";"Stab-1. Panzer"
"XSDSRUYBFM";"2-1-MSR24"
"XSENTKYILB";"3-118. Sicherungs"
"XSGHRSIEXZ";"I,/911-y APIB"
"XSGNUFOOBM";"EM-24e RA"
"XSGQKTPFOM";"326 Eskadron"
"XSIJUONBYY";"Reco-4de Lansiers"
"XSINVSJAMA";"3-4-59 pz"
"XSISOQHVJG";"Kom.-3-17-y Gv. Tank. Polk"
"XSIWBURNTC";"1-75y Gv. Zen. Art."
"XSJYAOKYEU";"5-2-29-y GvMSP"
"XSKNUPKGKL";"SK-3-MSR33"
"XSLGYJLBPM";"3-2 br"
"XSPJVMRDJJ";"1-441. Sicherungs"
"XSPLDJOXNU";"5-2-MSR22"
"XSRPIWJNKK";"Pionier-Kie 70"
"XSRQHXBTQA";"4-11. Aufklärer"
"XSSBUGBBZS";"I. Esk./8. PLMB"
"XSSIVRTKAM";"7-200. FlaRgt."
"XTAJYGNFXM";"1-1-87-y Art."
"XTEKLNIYFG";"1-451y PT Bat."
"XTFSAYWBGY";"3-1-MSR32"
"XTGFMLVANI";"2-1-237y TP"
"XTJRKLPHEI";"3-1-33y TP"
"XTLIGTEEBL";"2-4321. Sicherungs"
"XTNERFHNPX";"5-2-MSR18"
"XTNHJFQVDH";"2-303. Pz.Gren."
"XTNZIIFFYV";"SB-102. RakArt.-Bat."
"XTOPRJOJYP";"1-4-49 pz"
"XTPDWFLJVA";"D-5-RALC"
"XTRBNMQJVG";"1-1-23-y TP"
"XTTCVRBATL";"8-3-22 pa"
"XTTJCCVJLG";"7-3-22 pa"
"XTWKACWROQ";"2-1-585y Art."
"XTXMCCKNLZ";"3-TkBat-400y MSP"
"XTZIFAHWUE";"1-498y PT"
"XUAEAUPITB";"1-53e RA"
"XUAFDBVQKV";"3-1-333y MSP"
"XUAMXHMDCB";"1-28. Sicherungs"
"XUCBAIURKQ";"4-24e Chasseurs"
"XUCHHWTIDM";"61st MP Coy."
"XUCJEARHFQ";"III-9FighterRgt"
"XUCWJOGPCP";"4-53e RA"
"XUDPNZJCKO";"A-1-6th Mechanized"
"XUFTWOOYGY";"2-3-6 pz"
"XUGZRDDJYX";"HQ-42nd Field Art. Brigade"
"XUHGPGRYAE";"Velitelství 3-13. tp"
"XUHTLWVTYR";"SK-2-MSR1"
"XUIESUVKZU";"3-8e Hussards"
"XUIUMACOMA";"SK-PJR5"
"XULMGRRTMK";"II,/296-y APIB"
"XUOHOZPOOS";"3-105. Artillerie"
"XUPFRXMTCZ";"9-3-308-y Art. Brig."
"XURRIGBYSK";"3-1-MSR42"
"XUSYMZSXZN";"Velitelství 3-79. msp"
"XUWPFKRAYC";"32 Air Def. Bty."
"XUWXPQHFPV";"I-3-4th Helo."
"XUWZPHMVFV";"A-11 Painfbat"
"XVCHPFKHMX";"4-FJB 253"
"XVELHDHTFX";"3-2-73 pcz"
"XVFRBIMZAC";"III. JS/JG-1"
"XVJATVHDFO";"C-VIII,/TLI"
"XVJOOTAEOO";"3-11 dplot"
"XVLEVIOHGR";"Esc. de Chasse 4/11 Jura"
"XVLQZQDVAH";"3-33. FlaRak"
"XVNYIKBKUZ";"Teile/PiB1"
"XVOSSDFONK";"2-TkBat-286y GvMSP"
"XVQUIXZMNN";"Velitelství 1-74. RMbr"
"XVTLMWIBYW";"SK-3-PR1"
"XVWRVLPABV";"B-91st TFS"
"XVWZEXJLDQ";"C-BHELA I"
"XWAYUZLBKC";"4-2-MSR32"
"XWDJJGQPGB";"4-140. Pionier"
"XWGFTAAKRM";"1-18 kdes"
"XWIHQQBSGX";"2-49 pśb"
"XWLOWJKMNO";"3-851-VKK 471"
"XWMMRGGYBC";"DB-16 pcz"
"XWNUPXDFJY";"C-2e Commando"
"XWOMUAJBHC";"1-2-25 pz"
"XWPTLNAJBN";"2-234. GebJäger"
"XWQIGWQXCN";"1-3-14. tp"
"XWQTFCGUJG";"5-68e RA"
"XWQVQLNCMS";"2-4-10 pz"
"XWTAMKWASZ";"Velitelství 3-57. msp"
"XXABFDAOJD";"2-191. Pz.Gren."
"XXAVEFABRB";"1-AA17"
"XXCHKGMKVX";"3-2-100 pz"
"XXDIQDVMYK";"II,/35-y IAP"
"XXDKKFDGNR";"9-3-GeWR5"
"XXNJVSLMGG";"5-2-100y TP"
"XXNXYYPPVP";"8-2-119-y Otd. Tank. Polk"
"XXOHYESTVQ";"1-1-MSR35"
"XXXPQASIDV";"Velitelství 2-36. dp"
"XXYLAALYWY";"4-124. Panzer"
"XYBCLKQAUO";"Pionier-Kie 20"
"XYBHLFPTRG";"Kom-.2-170-y Gv. MSP"
"XYEFCSAVNP";"3-1-68-y GvMSP"
"XYEXCCDOHW";"2-806-VKK 244"
"XYORIUVEXX";"Kom-3-241-y GvMSP"
"XYQREUQSZD";"Stab-III. Korps"
"XYQXMMVDRC";"2-3-49 pz"
"XYSSEZHOXG";"1-1-63. msp"
"XYTBZVLCLG";"35 pdes"
"XYTVFJFGWG";"2-3-6. msp"
"XYVHMOABWR";"2-GeWa11"
"XYVHUGYVKC";"2-3-20. tp"
"XYWJYWLDZZ";"4-1-11 pz"
"XYXDOOAVUT";"SK-194. Panzer"
"XYYHENWIUA";"1-4-74. RMbr"
"XYZFZASXIP";"E-V,/RGJ"
"XYZJMKTXHT";"A-I,/RRF"
"XZAVXSHTUZ";"DD-1-23 Baa"
"XZFNZGCGAW";"5-2-PR19"
"XZJWTWVTSB";"480-y otd. Saperi Bat."
"XZKCIPPZBJ";"1-1ste Jagers te Paard"
"XZKHKUNMXM";"4-81. Geb.Artillerie"
"XZLDMMDEJS";"1-315. Artillerie"
"XZNXNZVDGI";"8-3-244-y GvMSP"
"XZOZBDUIBR";"D-QOH"
"XZPWFECBGR";"Velitelství 3-60. tp"
"XZQWWEZHEL";"9-3-244y GvTP"
"XZRUHEMOOK";"1-20. ppr"
"XZXIGGRMGA";"1-4-75. thdbr"
"XZYIWRRAYE";"1-GeWa4"
"YADORJRJKH";"4 infbevcie"
"YAGIEFZWII";"F-2-325th PIR"
"YAHKLHKAXO";"Pionier-Kie 90"
"YAHOUMSVWU";"9-3-MSR28"
"YAHVAWCIXA";"8-3-7-y GvTP"
"YAHZALZEUA";"E-2-41st Field Art."
"YAICKSUQLP";"2-4 kdes"
"YAIFVEHGMN";"2-18. Sicherungs"
"YAKRNUCIGR";"3-7br"
"YALKQRQVMW";"2-123. Panzer"
"YAMZWJJBLO";"1-PzB-MSR22"
"YARYLNVIQW";"3-94. Panzer"
"YAUREMJTCM";"3-1-40y GvMSP"
"YAYAHEGFWM";"7-3-PR8"
"YAYYPQZBWU";"3-135. Artillerie"
"YAZRSGLKOB";"9-3-172-y Art."
"YBAKPLUBIV";"N-4-44th ADA"
"YBCDDPKIWB";"1-322. Pz.Gren."
"YBDLVPQRLC";"C-81st TFS"
"YBISBDCLZO";"C-244 Afdva"
"YBJNCKIPQX";"6-2-249-y GvMSP"
"YBJVQWBKOB";"A-10th TFS"
"YBLZDLEENP";"3-15. Artillerie"
"YBMBFXQGCZ";"3-MSB-56GvTB"
"YBNSBNUMEE";"SK-134. Panzer"
"YBPVREDDZI";"4-2-244y GvTP"
"YBRNQDALKO";"SK-126. Jäger"
"YBSRHGXRDU";"2-13. ppr"
"YBTHMGJINC";"4-2-385y Art."
"YBTQAMWJVJ";"1-15 Para"
"YBVHOKSADU";"6-2-39 pa"
"YBYKMZBTVM";"Wpn-3-325th PIR"
"YBYQHDLUMY";"SK-HBS57"
"YBYUEXEICH";"5-2-PR22"
"YBYVVKQHFN";"P-4-4th Cavalry"
"YCANDQZNNJ";"4-3-37pz"
"YCAZJADHLE";"3-1-17. tp"
"YCBZJPCUXM";"2-18 pcz"
"YCDEJZZEBS";"2-16 pcz"
"YCEVDKUBQM";"Stab-11. PzGren. Div."
"YCEZZEGSHF";"3-1-74. RMbr"
"YCFLNQZNCB";"3-Res.MSB 33"
"YCFVZNLTCK";"5-2-16 pa"
"YCGTAVPMQT";"SK-293. Panzer"
"YCGWQBDJUL";"SK-3-MSR22"
"YCHMUVAOUN";"3-240. FlaRgt."
"YCIXDLYJDX";"SK-128. Sicherungs"
"YCLYETUIVC";"2-4 ksap"
"YCMIUUDWPC";"2-2-27 pcz"
"YCNYPCQYUE";"2-1-243-y GvMSP"
"YCRLPIPAAQ";"Velitelství 1-15. tp"
"YCSCLZFFAW";"9-3-400y MSP"
"YCTLDCKCAB";"A-496th TFS"
"YCTVMTJITL";"B-DCA 11"
"YCUMJQYFVZ";"3-1er Guides"
"YDCLSSKFQD";"C-1-36th Field Art."
"YDDFDOOIEX";"22CA-33e Génie"
"YDELRPPEXS";"9-3-68-y GvMSP"
"YDFIDCIRZP";"Teile/PiB8"
"YDFIMOORRB";"Velitelství 2-10. tp"
"YDHIJDAPSV";"HQ-14/20 King's Hussars"
"YDLJCSRGAK";"2-114. Panzer"
"YDMFPKFFVT";"4111-VKK 411"
"YDPCMJPWRB";"DB-2-12 pz"
"YDQWFKMABH";"2-595-y Razv. Bat."
"YDURYRUPFO";"3431-VKK 343"
"YDWQHZNKLB";"1-1-138y oTP"
"YDZQYWRDRD";"5-2-390ya Art. Brig."
"YECESICQFT";"I. JS/JG-9"
"YEDGQFZKVU";"1-12. Pz.Gren."
"YEJINCSFTF";"1-MSB-44-y TP"
"YELMFVMKFM";"657 Sq. AAC"
"YEQGUDNFOE";"1-353. Pz.Gren."
"YEQJVJOXYO";"Kom-.2-120-y Gv. MSP"
"YESFAVSPVZ";"722. Jäger"
"YEUCBQZHJL";"5-2-34-ya Art. Brig."
"YEVPCZCOOJ";"9-3-MSR24"
"YEWHXTJKFR";"2-4-3. msp"
"YEZRCWUUNU";"SK-8. Geb.Panzer"
"YFCAMMBDOO";"3-1-199y Art."
"YFEWOLGDRR";"3-16 ksap"
"YFFFEQMFKJ";"3-1-AR17"
"YFFZTEUHBA";"2-75y OTB"
"YFGKMFEFMX";"4-11-y Razv. Bat."
"YFHQCDUVGO";"HQ-3-505th PIR"
"YFMXUNBCTD";"SB-240. FlaRgt."
"YFNJXFYRAV";"4-FJB 262"
"YFQXJQUXCI";"3114-VKK 411"
"YFRAUFDHLZ";"3-1-6. msp"
"YFTPRUYBGX";"13-5-211y Gv. Art."
"YFTYOQBBZL";"Velitelství 3-103. tp"
"YFWVXMXOTA";"1-4-67. msp"
"YFXHCRISET";"9-3-PR4"
"YFXQJLBMUG";"2-817-VKK 314"
"YFZPHOCRJD";"3-4-74. RMbr"
"YFZXWVESRU";"1-2-36 pz"
"YGAKHTOOFQ";"Kom-Spetz. Otd. Vertoletniy Polk"
"YGEUHVZPNC";"17-3-5 Baa"
"YGGZAXAHCT";"SK-3-MSR16"
"YGHWOMFSMV";"4-2-117-y GvMSP"
"YGLNIMORBC";"5-2-944-y GvArt."
"YGLUJTXVYS";"Kom-.39-ya Gv. MSD"
"YGMARMQZPL";"3-Res.MSB 23"
"YGNUXHROLI";"2-MSB-70y GvTP"
"YGONTUIKBK";"1-GeWa8"
"YGPCFGRCHU";"SK-522. Jäger"
"YGUTKNFPMK";"SB-65. Artillerie"
"YGVFEUPJZL";"1-2-14. tp"
"YGXFPAQKCZ";"2-6th Attack Helo."
"YGZFQRJTLR";"Velitelství 2-5. msp"
"YHCNOSARCC";"1-13e RA"
"YHEPEIXNJO";"2-541. Jäger"
"YHEWXJSOQJ";"SK-303. Pz.Gren."
"YHGJDJQSJY";"1-TkBat-204y GvMSP"
"YHHKVXFYTB";"1-1-17-y GvTP"
"YHIYHSGAYO";"3-203. Panzer"
"YHLFFRUVIA";"1-1-247-y GvMSP"
"YHNRMLKUOU";"3-7. Pionier"
"YHPRTLQQWK";"2-1-35-ya GvDShB"
"YHQWMBQYPU";"1-61 brop"
"YHTTTPCVRP";"1-82 plrbr"
"YHVEFOPCKC";"E-1st Aviation"
"YHWLUUKAVR";"A-92nd TFS"
"YHYRGJUQIS";"2-111. Panzer"
"YIDWZQPXGA";"3-3e Dragons"
"YIGTEUZWTS";"4-22. vp"
"YIHPQQTNNF";"2003-VBK 20"
"YILONLZYAI";"3-1-MSR24"
"YIOYDIOKMR";"C-Cantabria"
"YIPDICKDQI";"A-22nd TFS"
"YIRRHKENRR";"Velitelství 2-103. tp"
"YIVQFCILRU";"P-4-14th Field Art."
"YJAEFYISCR";"2-741. Pionier"
"YJCBUWDAKO";"4-2-1054y Art."
"YJDQWAGFJU";"2-1er RCAM"
"YJENKSTADW";"1-TkBat-333y MSP"
"YJFHXNWGHX";"30 Air Def. Bty."
"YJGERXAVHS";"4-1-27 pz"
"YJHGYWRWWQ";"3-MSB-PR17"
"YJMNBJFAEZ";"Db-6 bdes"
"YJNNATAGQR";"1-3-322. kdbr"
"YJQFCDRSLH";"HQ-3-8th Mechanized"
"YJUUCISOWR";"3-12th Field Art. Bat."
"YKAUIMRLXH";"1-1-PR19"
"YKCEDTQMSM";"SK-563. Panzer"
"YKINGCOKTM";"1-1-57. msp"
"YKJAVERZWY";"Pionier-Bat. 721"
"YKMDZGINEY";"8-3-120y GVMSP"
"YKOZWRODSR";"3-1-79y GvTP"
"YKPVIKGOZP";"6-103 Field Rgt. RA."
"YKQCWDFFIK";"1-99e Infanterie"
"YKSDFKBGTL";"1-13 dplot"
"YKTLLSAFQH";"Db-10 bpdes"
"YKUMRMDZKH";"B-94th Engineers"
"YKURFZWSDW";"5-2-PR15"
"YKVETIWLVB";"6-2-237y TP"
"YKXIYWDFFO";"EM-35e Infanterie"
"YKYCJMRWGQ";"3-264. Fallschirm."
"YLBFJIVPTS";"1-72. Pz.Gren."
"YLEQUBCWHE";"1-16 pcz"
"YLJMTXBVBY";"8-3-275y GvMSP"
"YLJRYZDABI";"9-y Saperi Bat."
"YLMXEUZVOG";"1614-y Saperi Bat."
"YLNZMCXBSD";"2444-VKK 244"
"YLOQLPCLDD";"SK-2-MSR27"
"YLQZRKGKNG";"Kom-.1-841-y Art. Polk"
"YLSBSPCAOI";"SK-3-AR3"
"YLVYSIMJTO";"3-114e Infanterie"
"YLXJMCZAWR";"2-2-23. tp"
"YLZUICCIOS";"SK-2-PR10"
"YMAYDXMROJ";"B-249th Engineers"
"YMEQVYDCAZ";"3-4-75 pz"
"YMEUCFUKEF";"3-334. Panzer"
"YMFQSVSUOQ";"I-30FightBombRgt"
"YMIMNKEJXO";"2-200. FlaRgt."
"YMIVYCQYUC";"1-1-PR8"
"YMJHBKEXBT";"2-1 ksap"
"YMKMKZWUEV";"C-32th TFS"
"YMLRPNFPMU";"C-12th Engineers"
"YMMRYIEIQC";"1-2-6 pz"
"YMNVIPSPMR";"981st MP Coy."
"YMPPLEYRIQ";"3-42. FlaRak"
"YMQOMFPHAE";"4-122. Pz.Gren."
"YMRUZTBCLH";"6-2-117y Art."
"YMSJAWTQJP";"2-365. Artillerie"
"YMTLFAEAEH";"2-1-322y MSP"
"YMVZJHFNGD";"Grwr.-Batt."
"YMWEKPHXJX";"B-2-1st Cavalry"
"YMYSITOWHK";"1-854-VKK 421"
"YNAVSDYZDJ";"H-2-16th Mech. Inf."
"YNBUEUGDVJ";"4-323. Pz.Gren."
"YNDWGLLOMG";"3-99e Infanterie"
"YNEBWDTPRE";"2-76. Jäger"
"YNHAENQSSO";"2-1-288y GvMSP"
"YNQSJZDKFT";"2-2-74. msp"
"YNTHEAFEZO";"2-111. Artillerie"
"YNYSTOTKBY";"EM-1ère DB"
"YNYTYZMSTN";"2-3. Pionier"
"YNZCAAVKXA";"1-4-51 pz"
"YNZGACNQNF";"4-901-y Otd. Zen. Rak. Bat."
"YOCPVRZNZZ";"Kom.-923-y Otd. Zen. Rak. Bat."
"YODYSWPHFQ";"B-51 Afdva"
"YOEKZBAFLO";"1-3-12. tp"
"YOGVVSRREA";"2-12e Cuirassiers"
"YOJMAGCJKT";"3-4th Attack Helo."
"YOJROKPNAT";"Velitelství 1-64. tp"
"YOLAIVRWSA";"1-PJA10"
"YOLPENMQXE";"1-832-VKK 331"
"YOMHDRFXGL";"4-18 pcz"
"YOMMAOPTHB";"4-32. Pz.Gren."
"YONWYBBPLP";"17e Esc. d'Aviation"
"YOOCNNTMTK";"5-22. vp"
"YOPFRGVEML";"2-AB1"
"YOQBLOGRWI";"73 Field Sq. RE"
"YOVGDDDCMV";"1-GBLA I/14"
"YOYAFMGHXC";"2-PJA19"
"YPAHTHSTPB";"A-1-15th Mechanized"
"YPCSBENFNT";"B-125 Afdltlua"
"YPFYYRMIUL";"1-4301. Sicherungs"
"YPOFSWJZOD";"3-2-332y GvTP"
"YPQAQUVPFK";"B-15 Painfbat"
"YPTVRVHEUP";"10-2-119-y Otd. Tank. Polk"
"YPUGXGVOAQ";"4-240. FlaRgt."
"YPUUBCDTWI";"9-3-290y Art."
"YPWQSIRJDK";"2 bateria"
"YPXPBHNXOK";"Stab-1LLD"
"YPYOIIFPEA";"Velitelství 3-17. tp"
"YQAHUVNEZO";"723. Jäger"
"YQAKJZJWOD";"SK-1-MSR7"
"YQAUVQBJHC";"II. Esk./8. PLMB"
"YQBREYCWPZ";"HQ-I,/York Vol."
"YQCRMJYRVS";"2-5. plrp"
"YQDNPOAYJI";"8-3-211-y GvTP"
"YQEUGWENDC";"C-1-17th Cavalry"
"YQFYEYZTYC";"2-1-MSR3"
"YQLMWBJVWP";"2-5-332. kdbr"
"YQMLFVSWKM";"8-3-33y MSP"
"YQNOHITCLF";"1-PJA4"
"YQNQWMKIUS";"1-2ste Jagers te Paard"
"YQNXGFOWSC";"1-2-51. msp"
"YQOBNXTIHQ";"2-3-74. msp"
"YQQBNTTSBB";"EM-6e RPIMa"
"YQQRJTRULL";"502rd MP Coy."
"YQRMGGJSLY";"3-2-74. msp"
"YQTYCGTOHB";"HFS 10"
"YQUNCQOEKP";"3-4-5. msp"
"YQUXOUCDRI";"1-2-332. kdbr"
"YQVMTROEFU";"6-2-239y GvTP"
"YQXNSSEYYJ";"1-121. Artillerie"
"YQYGJADSAY";"2-9. ppr"
"YRAMXVYAHB";"SK-151. Panzer"
"YRCYWKORJW";"4-3. Pionier"
"YRDEURJMFI";"3-1-44-y TP"
"YRHWWIILNU";"1-MSB-15-y GvTP"
"YRJSSNRJAP";"5-2-52y Gv. Art."
"YRMNBDBIOZ";"2-TkBat-166y GvMSP"
"YRMSUDZZPM";"2-828-VKK 334"
"YROOEBHNPJ";"2-332. Pz.Gren."
"YRPWATMVTU";"HQ-Las Navas"
"YRRBKUXCPO";"5-2-243-y GvMSP"
"YRRHNKZZZS";"1-3-8 pcz"
"YRSVVCKVPP";"1-112. Rak.Art."
"YRUNJREITH";"2-TkBat-400y MSP"
"YRWYQDHMHS";"1-3-3. msp"
"YRXNJYEJZG";"4-3. Aufklärer Bat."
"YRYBPNTRIF";"5-2-51-y GvTP"
"YRYIJYWVRT";"E-2-32nd Armored"
"YSAGRXHEVP";"1-17e Art. à Cheval"
"YSBYXQCDPL";"SK-2-AB40"
"YSILIURIXM";"E-2-504th PIR"
"YSKRTNJJFY";"Staf-104 Verkbat"
"YSLMAWSUDV";"2-12. Aufklärer Bat."
"YSMULAZQZM";"Staf-1 InfBevBat"
"YSOHAGYNYW";"2-1-AR3"
"YSQFDAEAVY";"G-2-66th Armored"
"YSTGVIUKZQ";"SK-Fla-Gruppe"
"YSUNDAACNE";"1-3-51. msp"
"YSVUUKZUYE";"2-PzB-MSR16"
"YTCCLYJKVJ";"SK-4. Aufklärer Bat."
"YTCNDSMIKB";"Velitelství 3-12. tp"
"YTDJJIUELX";"SK-VKK 354"
"YTGDSAUWDO";"DD-21 dar"
"YTJHHSUZTN";"4-2-244-y GvMSP"
"YTJUDAGDUS";"3-2-64. tp"
"YTNSZONLUJ";"5-2-PR14"
"YTRHJGZTYN";"SB-215. Artillerie"
"YTXMFCKVFJ";"3-45. Artillerie"
"YTXUVGWBIW";"10-4-944-y GvArt."
"YTYAZJDKZV";"1-307-ya Art. Brigada"
"YTZCPLMVFM";"17 Squadron"
"YUDQUSBASB";"437 Infbevcie Mbl"
"YUDVQVNNNC";"1-1-693y Art."
"YUFGZPAQWF";"SK-84. Panzer"
"YUGFHSGIZB";"B-237th Engineers"
"YUGIGWOSAR";"1-2 dar"
"YUHXEDOEHC";"Stab-10. Panzer"
"YUINOOXPTR";"1-3-8. dp"
"YUPHBXINQZ";"4-2-PR17"
"YURPWBUHCD";"A-I,/RIR"
"YUSKWQSJNA";"1-2-37pz"
"YUWUWYOMCP";"SB-295. Artillerie"
"YUWWUAFAVB";"6-2-174-y GvMSP"
"YVFAENKGIF";"Velitelství 3-7. tp"
"YVGAIKPZYA";"3-1-12 pz"
"YVGKHDPYOF";"4-9y Tank. Bat."
"YVHBJGUJTD";"1-1-308-ya Art. Brig."
"YVHESGNQXC";"3-1-61y GvTP"
"YVHHIRBCAC";"Kom-.3-40-y Tank. Polk"
"YVJGPVEXYE";"3-PJA4"
"YVJJYTIXDJ";"1-1-42 pz"
"YVLMUCNHMJ";"4-2-243-y GvMSP"
"YVLPADUTFF";"6-35 kczp"
"YVLSYZGAVW";"5-2-39 pa"
"YVMUTKKUNK";"A-108 Afdva"
"YVQQGRXBKV";"2-1-60y MSP"
"YVSESGSSGI";"SB-115. Artillerie"
"YVSFKYSPYG";"Wpn-3-8th Mechanized"
"YVSWDMOLIU";"2-401 RA"
"YVTBVLCIXV";"7-3-841-y Art."
"YVYDXUOIHJ";"4-2-33y TP"
"YVZJOJGOWS";"C-1-1st Cavalry"
"YWEALONZTS";"Staf-44 Painfbat"
"YWKPNIPMCS";"I-3-2nd ACR"
"YWKVKLEFBB";"15-5-6 Baa"
"YWLRHDCPDR";"HQ-4-4th Cavalry"
"YWLXTWEMKV";"D-1-1st Cavalry"
"YWPZDELCAQ";"3-18 ksdes"
"YWSEQSRWFL";"HQ-1-151st Helo."
"YWTOCDGZFW";"C-GACA II/11"
"YWVWUSQDBO";"I-3-41st Infantry"
"YXBOJXCWIL";"HQ-1-68th Armored"
"YXEZUKZKGC";"1-642. Jäger"
"YXGDZEJVHY";"9-3-7-y GvTP"
"YXLPMCDWLL";"2-12 bcz"
"YXQMUIARZN";"2-1-12. tp"
"YXRYYEBDDG";"2-3-24 Bm"
"YXSEITJZBV";"Kom.-3-45-y Gv. Tank. Polk"
"YXSZIODIKM";"SK-3-AR11"
"YXTAOCRNEU";"1-2-200y GvMSP"
"YXVOMBPSOA";"8-3-290y Art."
"YXYFIQXLEQ";"3312-VKK 331"
"YYACUJLXMD";"4-25e RA"
"YYIRBOLUQI";"6-2-PR15"
"YYIWUBEUHU";"3-853-VKK 422"
"YYNYVGSLCN";"5-2-MSR31"
"YYTCAWVWZT";"A-14 Painfbat"
"YYTOWZOQDH";"A-1-36th Field Art."
"YYTQSKTAKN";"T-5-44th ADA"
"YYVADKEMTW";"3-24. Panzer"
"YYWONJIPEM";"103 GnBat (-)"
"YYWRVHPKSV";"A-81th TFW"
"YYYMWOTQEH";"A-1RTR"
"YZALWHKHKS";"2-33. FlaRak"
"YZAMXRDIFX";"2-4-59 pz"
"YZDJFPTTFJ";"D-17th Engineers"
"YZDWZFOPHZ";"8-3-145y oTP"
"YZFBKNGDFI";"4-68e RA"
"YZGAAOWWYJ";"3-45y Razv."
"YZGIFNBWVG";"Avia. Group"
"YZLMNQBSTV";"1-1-12. tp"
"YZPWODGOEE";"A-12 GACA"
"YZQATPITFD";"A-19th Field Art."
"YZSYPEEANH";"SK-3-AB40"
"YZTOMTXQYV";"2-MSB-17-y GvTP"
"YZVKOVLZGX";"C-1-82nd Helo."
"YZYOSUHPNN";"B-1ste Parachutisten"
"YZZCUVNLAI";"SK-313. Pz.Gren."
"ZABVAAGYVD";"3531-VKK 353"
"ZABWNXUIFA";"Staf-11 Tkbat"
"ZACSNXWLMA";"1-2-361. PT oddiel"
"ZADKQLZIDU";"Paost-15 Painfbat"
"ZAEAQKRYPR";"2-345. Artillerie"
"ZAGCERYADH";"HQ-DCA 11"
"ZAHLMTTLUF";"1-20 dar"
"ZAKWSAHZEP";"4-2-280y GvMSP"
"ZANHHUVSZR";"1-37. Jäger"
"ZAONUINDXP";"194th MP Coy."
"ZAOPQFOMTK";"3-1-278y GvMSP"
"ZASYKWLGYI";"9-3-280y GvMSP"
"ZAUHWITCZO";"3-200. FlaRgt."
"ZAWJGJDNVF";"2-1-MSR34"
"ZAXAMWWCKI";"1-33e RA"
"ZBCGNXCTTV";"9-3-AR10"
"ZBCVGNRNDH";"3-813-VKK 353"
"ZBDILZSJGG";"P-4-29th Field Art."
"ZBIKVIAPFD";"3-507e RCC"
"ZBIMMPZABE";"1-23-y Otd. Tank Bat."
"ZBITHGITGF";"3-1018-y Otd. Zen. Rak. Bat."
"ZBIUKEXKAY";"3-1-24 pcz"
"ZBPSZSOVNH";"7-3-244-y GvMSP"
"ZBSCUPBHAJ";"8-3-126y Gv. Art."
"ZBSYNJVUPS";"2-362. Pz.Gren."
"ZBWKBCFOHE";"1-35e RAP"
"ZBYWBFLZOA";"Kom-1-241-y GvMSP"
"ZCAFFWAXJU";"3-5. Pionier"
"ZCDEQJMYMJ";"1-2-36. dp"
"ZCFYDKWYXZ";"1-1-Otd. MSB"
"ZCHEFEJATU";"8-3-PR15"
"ZCHUSPKULX";"3-PB-MSR34"
"ZCIGXATMUP";"Velitelství 1-36. dp"
"ZCPUCOYUOB";"Support-I,/Scots Gds."
"ZCPWDPQDSC";"502 Eskadron"
"ZCZYZWBELG";"Pionier-Kie 10"
"ZDAWSNHUTU";"Teile/PiB9"
"ZDBZMWOKXX";"4-2-128-y Art."
"ZDFYKDXDDX";"1-25 pcz"
"ZDHCRUNXWH";"2-1-65y GvTP"
"ZDJITNZMGC";"Wpn-2-504th PIR"
"ZDKBXKKTNU";"5-FJB 251"
"ZDLBWPUNER";"4-310. Pionier"
"ZDLEUXASXU";"7-3-9 pa"
"ZDMYUDRWUX";"B-43A"
"ZDRPMNNBMY";"4-2-17-y GvTP"
"ZEAMRIJGTL";"1-3-332y GvTP"
"ZECYMNVUBN";"Kom-.3-68-y Gv. MSP"
"ZEFQWBPSSS";"2-1-240y MSP"
"ZEGCMERKBE";"3-10y Razv."
"ZEGWQOTWZD";"41Maresk"
"ZEHPHINFJT";"2-507e RCC"
"ZEMMPNNSSD";"3-1079y Zen. Art."
"ZENATIKNMU";"HQ-249th Engineers"
"ZENFJPEHSS";"2-2-37 pz"
"ZENIYTKNJY";"SK-322. Pz.Gren."
"ZEPFCZUEJD";"1-1-PR22"
"ZEPZKMRUBQ";"3-86y OTB"
"ZEQEICZBOC";"L-2-35th Armored"
"ZERCCFGFSA";"3-1-34-ya Art. Brig."
"ZETXRPITFE";"Kom-679-y (SAM Bat.)"
"ZEUPIGYGMN";"H-2-6th Helo."
"ZEYBUKYLYH";"3-1-MSR2"
"ZFACKZCOXT";"3-2. plrp"
"ZFAYJNDOVD";"B-VII,/TLI"
"ZFBCAGAYGX";"D-V,/TLI"
"ZFCAJTQJSU";"3-3. plp"
"ZFDWMBFDLS";"2-283. Panzer"
"ZFJOHRNEEH";"4-20e RA"
"ZFOICOOLUA";"3-4-68. msp"
"ZFSTBRSUVJ";"B-49th Field Art."
"ZFTHLXWVQJ";"6-2-28-y GvTP"
"ZFXQSJJBLW";"Kom-.2-44-y Gv. Tank. Polk"
"ZFXVPYMCAM";"E-3-5th Mechanized"
"ZFYEUJOQBW";"T-4-16th Mech. Inf."
"ZFZVFBCEJL";"1-FHT"
"ZGAKRLZNWV";"Kom-1-308-y Art. Brig."
"ZGCVIXBKPT";"7-3-288y GvMSP"
"ZGGJEZIIZQ";"II,/85-y Gv. IAP"
"ZGJXAEUUTC";"EM-19e Chasseurs"
"ZGKALYPBCI";"A-BHELA I"
"ZGKXSDNYNJ";"3-Tk-120y GvMSP"
"ZGODCLPHXL";"Velitelství 1-6. dp"
"ZGOEEOGLTA";"SK-GeWa17"
"ZGQXVABFJI";"8-3-247-y GvMSP"
"ZGSJTVPKJZ";"SK-FJB41"
"ZGYYSXCGUA";"Staf-2 InfBevBat"
"ZGZTZYXIMY";"B-1-505th PIR"
"ZHAJGSSUXC";"2-896y Zen. Art."
"ZHDBUMKCIA";"R-4-12th Field Art."
"ZHGBYAVICE";"3-2-9. msp"
"ZHIHZXNVBH";"1-2-11. tp"
"ZHKVNAEBIQ";"3-742. Pionier"
"ZHMWKFOLVD";"3-47e RA"
"ZHNUSAEMBF";"Y-6-29th Field Art."
"ZHOYIEJQHV";"3-192. Pz.Gren."
"ZHPEBUKLNJ";"HQ-III,/TLI"
"ZHQPYCTQJX";"A-II,/York Vol."
"ZHRAZZBWYP";"Pionier-Bat. 730"
"ZHRQSHGMLQ";"B-53rd TFS"
"ZHSEXQTWXP";"9-3-MSR41"
"ZHVECYAXBW";"C-527th TFS"
"ZHZLSKPSVS";"2-FRR4"
"ZIALGQNJEC";"3-2-41 pz"
"ZIARUQQKFW";"2-3-60. tp"
"ZIFENJJHGM";"2212-VKK 221"
"ZIGAWVOSBN";"HQ-40 Field Rgt. RHA"
"ZIGHHFCAIX";"SK-534. Panzer"
"ZIGKQCXYXQ";"2-31. Panzer"
"ZIHYNLUPDD";"1-2-12 pz"
"ZIIHWRWQFI";"2-2-13. tp"
"ZIILDKPZVU";"Kom-.3-244-y Gv. MSP"
"ZIKNKYEHCV";"2-238y oVP"
"ZIMYCSQIOG";"1-2-245y GvMSP"
"ZIMZTQMHHL";"3231-VKK 323"
"ZINTOMOLBY";"5-2-6 Baa"
"ZIQNJCOHYS";"1-39. FlaRak"
"ZIRXBTZYGV";"A-495th TFS"
"ZISUHWSUJY";"2-3-361. dp"
"ZIWNGROUTB";"564th MP Coy."
"ZIWVVKRRPJ";"6-2-4 pa"
"ZIYCBRYOZG";"SK-122. Pz.Gren."
"ZJAOFOQRCO";"3-3-23. tp"
"ZJCKCHWFVY";"2-55y OTB"
"ZJDYYLGPWI";"8-3-MSR35"
"ZJECCXQYLV";"DD-4-8 Bah"
"ZJEVTQRYYH";"1-35. Artillerie"
"ZJFMATSXZY";"3-FJB 263"
"ZJGVYHSOGH";"5-2-168y GvMSP"
"ZJJKZJSJXA";"8-3-MSR15"
"ZJJZETIEHP";"3-3e Cuirassiers"
"ZJKAGCLUPD";"2-PB-MSR35"
"ZJKNHKQSPD";"1-GeWa17"
"ZJLDQBCJAF";"2-4. ppr"
"ZJVEPAZIOO";"1-MSB-239y GvTP"
"ZJVHTEYNGT";"2-231. GebJäger"
"ZJVWYHVQEF";"D-1-54th Mechanized"
"ZJVZFADIDF";"4-2-1047y Art."
"ZJWQWYCOPC";"G-2-14th Field Art."
"ZJYQTZRXGZ";"1-151. Panzer"
"ZJZIAZGZNI";"8-3-MSR13"
"ZKAIQHMNMN";"A-101 Tkbat"
"ZKCDARCQSU";"3-733. Jäger"
"ZKCPTXNZAB";"4-350. Pionier"
"ZKEOKGNSRE";"7-3-MSR31"
"ZKLNKXDEKL";"SK-41. FlaRak"
"ZKLWBZBQFN";"SK-941. Jäger"
"ZKQEJCILHV";"4421-VKK 421"
"ZKRLSUIOJM";"DB-1-6 pz"
"ZKWEBINMNU";"1-78. Sicherungs"
"ZKXMKHWRPA";"B-12th Engineers"
"ZKZYYKDCTA";"C-1-504th PIR"
"ZLAGPLMJDZ";"2-29-y Otd. Tank Bat."
"ZLEQKJVZBI";"1-135. Artillerie"
"ZLFPTOLGEI";"1-1-60. tp"
"ZLILVGZGRZ";"SK-214. Panzer"
"ZLIMJHHUII";"1-2-33. tp"
"ZLJBRYEYQR";"2-1-3. dp"
"ZLLKHRTCGH";"Velitelství 2-6. msp"
"ZLMPFGEZBD";"D-I,/ASH"
"ZLQUJAKUQM";"4-10 Para"
"ZLREBDLOAW";"3-322. Pz.Gren."
"ZLRLJZNASV";"HQ-3-20th Field Art."
"ZLUPBLKVUE";"4-HBS57"
"ZLYAHGVZWW";"1-1-PR20"
"ZMBVKPPVXA";"9-3-51-y GvTP"
"ZMHOQOSPVC";"4-2-28-y GvTP"
"ZMLAHUXSXS";"Velitelství 1-322. kdbr"
"ZMLRBMPNGP";"4-30e Chasseurs"
"ZMOSRPLKRU";"C-293rd Engineers"
"ZMULWVKCKA";"SK-3-MSR14"
"ZMWEYDQPQO";"DB-3-37 pz"
"ZMWXEPLMSA";"DD-47 dar"
"ZMYJGRYXFA";"1-3-5 Baa"
"ZNBRSRFQLI";"3-3-37 pz"
"ZNEHVWDFSV";"C-5 Hvy. Rgt. RA."
"ZNGXHROVVZ";"HQ-III,/RAR"
"ZNIKWRVRDU";"3-1-237y TP"
"ZNKPAPOCDI";"1-1-74y GvTP"
"ZNLPPTJKGD";"DB-2-49 pz"
"ZNPFZZSHYN";"4-1-24 Bm"
"ZNPIKUGKDK";"202 Maresk"
"ZNPLEGOMSB";"1-75 dplot"
"ZNTLDSHSFF";"14-5-34-ya Art. Brig."
"ZNVYCZRZSN";"5-915-y Otd. Zen. Rak. Bat."
"ZNWIWIIHZU";"DB-2-28 pcz"
"ZOBEYZFEDV";"B-79th TFS"
"ZODNPPHJNI";"C-104 Verkbat"
"ZOEBLVIDXD";"3-1-11. tp"
"ZOEMZYKMNV";"4-FJB 251"
"ZOEZIORHFQ";"1-37 eś"
"ZOHJBBQDJZ";"1-PB-MSR31"
"ZOHJTMMTLI";"A-1-13th Armored"
"ZOIEBKKPOX";"SK-1-AR17"
"ZOIGGLKZBG";"1-4. ppr"
"ZOMQAFHITM";"Kom-.1018-y Otd. Zen. Rak. Bat."
"ZONZAURJYZ";"5-2-333y MSP"
"ZOPCTDMDPT";"2-11. Pz.Gren."
"ZOQCXBAJVX";"2-2-40y GvMSP"
"ZOQLOLHDCH";"3-3-75 pz"
"ZORMFDLDOS";"SK-2-PR14"
"ZOSENVPOHP";"12-4-585y Art."
"ZOVLHNRKJM";"7-3-67y GvTP"
"ZOVYIDRMMK";"6-2-172-y Art."
"ZOYFEQMQXZ";"1-3-11. msp"
"ZOZPTDYGSS";"2-1-96-y Art."
"ZPAEAADLEK";"A-493rd TFS"
"ZPEDGDOZSM";"I. JS/JG-8"
"ZPGWBKHGAC";"SK-92. Pz.Gren."
"ZPHIVLJSDP";"2-3-11. msp"
"ZPIMQKKQQX";"1er Gpe-2e RHC"
"ZPPEISVBEV";"1-4-322. kdbr"
"ZPPGAIXGYS";"3-2-55 pz"
"ZPQXWBNKZS";"B-1-67th Armored"
"ZPSHGSSIUD";"3-PzB-MSR15"
"ZPSRFMNZXA";"EM-8e RPIMa"
"ZPUOTCXXSP";"DB-3-36 pz"
"ZPXWLVPESZ";"6-2-95-y TP"
"ZPYKKPFFTF";"Kom-.57-ya Gv. MSD"
"ZQBVHMSHPQ";"1-621. Jäger"
"ZQCTLKBFIN";"SK-46. Jäger"
"ZQEXWTOBAT";"2-1-PR1"
"ZQGCYCOERE";"I,/Artillerie-Brigade 40"
"ZQGEELJKHW";"Kom-.286-y Otd. Zen. Rak. Bat."
"ZQGRDHFSKP";"4-565. Pz.Artillerie"
"ZQGRUBLLVL";"2-3-61y GvTP"
"ZQGWDEUTGT";"2-3-103. tp"
"ZQJUTQCCXT";"4-2-74y GvTP"
"ZQKCUTRXGS";"2-212. Pz.Gren."
"ZQLGGCZXYE";"1-1-47y GvTP"
"ZQMLADNQCZ";"12-3-117y Art."
"ZQNJAZOMGG";"HQ-2e Carabiniers"
"ZQODQBTJZF";"Support-4de Linie"
"ZQTONPKFQQ";"3-1-60y MSP"
"ZQXZVGNEAP";"Teile-FErsatz-Bat. 220"
"ZQYHSJQUBS";"2-822-VKK 345"
"ZRBITRONWM";"1-93. Panzer"
"ZRBJPOMUTK";"3-2e Etranger"
"ZREBJZOMAM";"4-2-168y GvMSP"
"ZRHKCOKHOZ";"49-100 Field Rgt. RA."
"ZRINKXZXWU";"Kom-.1-87-y Art. Polk"
"ZRJBVROVPC";"2-851-VKK 471"
"ZRKUCGTZIL";"6-2-34-ya Art. Brig."
"ZRMILCMBPM";"HQ-2-32nd Armored"
"ZROSLNVHTD";"1-286-ya Art. Brigada"
"ZRQCXWSFMZ";"3-3-10 pz"
"ZRTCWKKIQD";"3-24e Chasseurs"
"ZRVZYUMIDX";"3-TkBat-200y GvMSP"
"ZRWLXKTOOZ";"40th Army Eng. Supp. Grp. (-)"
"ZRYZQZGWAZ";"DB-2-27 pcz"
"ZRZRJPPQFL";"3-4-42 pz"
"ZSBEDSUYHR";"D-134 Afdva"
"ZSEILKNFUE";"1-1-200y GvMSP"
"ZSERNXMRMC";"11-4-290y Art."
"ZSHKLGPSZH";"1-1-332. kdbr"
"ZSHUHVFAQY";"SK-1-PR8"
"ZSJPKTCDKH";"3-2-15. tp"
"ZSVGUEYFMJ";"2-FJB 263"
"ZSVPVPOILB";"2-1-AR1"
"ZSXQJJBMZH";"1-PB-MSR32"
"ZSYSYNJVYM";"9-3-166y GvMSP"
"ZSZFIHDHFS";"3-3-29 pcz"
"ZTBBVVWMAG";"Velitelství 2-60. tp"
"ZTBNUETJMX";"M-3-52nd ADA"
"ZTCQHNYCHS";"3-1-MSR17"
"ZTDTPCRWMR";"3-64. Panzer"
"ZTEBVOQNGS";"1-MSB-40-y TP"
"ZTEOVSACGH";"2e co. de Police Militaire"
"ZTEQEQXABQ";"3-1-5. msp"
"ZTMGKSMULY";"3-1-23 Baa"
"ZTMLRAUMAC";"III-1FighterRgt"
"ZTNGCTTTRH";"Velitelství 12. plrp"
"ZTNQJGBGWQ";"A-315 Sq."
"ZTPSZFXXTL";"7-3-PR10"
"ZTRZNQMHDA";"6-2-MSR3"
"ZTTSOCYPZY";"III,/968-y IAP"
"ZTWKIKOOCJ";"1-TkBat-41y MSP"
"ZTWRXRECXD";"8-3-AR20"
"ZTXXNATBOK";"1-MSB-PR22"
"ZTZUVAJRMW";"21CA-19e Génie"
"ZTZXMYCMUU";"3-GeWa7"
"ZUEVOMKMWT";"2-MSB-PR21"
"ZUFVQBBHTP";"2-864-VKK 461"
"ZUIIXVHFKL";"2-1-MSR28"
"ZUIIYIIAAB";"1-2-74. msp"
"ZUKFNDFHVV";"SAS Light Strike Sq."
"ZULZVPBXUN";"5e EED"
"ZUOCRLTSFT";"1-1-239y GvTP"
"ZUOHYRJEMH";"2-1-28 pcz"
"ZUPEXVXXFS";"G-2-34th Armored"
"ZUPLSUZEOQ";"M-1-77th Field Art."
"ZUQMISIFEB";"2441-VKK 244"
"ZUREGLSECF";"2-95. Artillerie"
"ZUSEPMOMKE";"1-153e Infanterie"
"ZUTDEPNIZT";"3221-VKK 322"
"ZUTQYQNJXW";"EM-CG2CA"
"ZUVXZQJZDL";"HQ-GACA I/11"
"ZUYRADWIFI";"3-2-17 pz"
"ZUZGINXNAE";"4-3e Dragons"
"ZVACZXIQMF";"4-2-AR1"
"ZVBDCUTLYF";"1-829-VKK 323"
"ZVBGKVUFAU";"B-244 Afdva"
"ZVBQUIYAJV";"SB-245. Pz.Artillerie"
"ZVEWAVNWYM";"SB-122. Rak.Art."
"ZVIXTNUWOY";"9-3-PR19"
"ZVLOZHDZXS";"P-4-8th Armored"
"ZVOJZHRYTF";"1-108. Sicherungs"
"ZVOWRTWZTH";"150 Provost Coy. RMP"
"ZVQDMWDBQL";"5-2-693y Art."
"ZVQPJSMLEC";"1-AB8"
"ZVTGHRRMVI";"1-Eng-91y ISP"
"ZVUBVBSKGF";"HQ-4de Linie"
"ZVWDWXLTEK";"1-1079y Zen. Art."
"ZVWMPSJEJL";"1-401 RA"
"ZVXKPGCCOO";"3-152. Pz.Gren."
"ZVYIWUEDDB";"SK-1-GeWR5"
"ZVZEUVWGRK";"3-635. Artillerie"
"ZVZWYHOZEE";"2-3-8. dp"
"ZWFASELXVW";"1-1-172-y Art."
"ZWHXJKLIKI";"III,/787-y IAP"
"ZWICSVPNPO";"3-1-241-y GvMSP"
"ZWMQCBJPTN";"2-4-71. kdbr"
"ZWMUUHGATE";"DD-2-113 pa"
"ZWNYDEALNA";"2-Bevrijding Bat."
"ZWODFHIMVX";"SK-2-AR3"
"ZWPEGDVVFR";"B-1-35th Armored"
"ZWRFQEPNLF";"V-6-52nd ADA"
"ZWRUTUHUAQ";"A-42ste Smaldeel"
"ZWSLGPEAFG";"C-118 Afdva"
"ZWVCGVPSHF";"4-362. Pz.Gren."
"ZWVYBTEYRU";"4-10y Razv."
"ZWWAGRYVZH";"8th MP Company"
"ZWWGHQOXSM";"3-TkBat-278y GvMSP"
"ZWXWOOSGPC";"B-Blues & Royals"
"ZWYYISZQZT";"G-2-136th Mech. Inf."
"ZWZJZHRZHB";"4-740. Feldjäger"
"ZXAIFCBSCP";"1CCM-9e Génie"
"ZXBCTXSQDL";"4-2-MSR27"
"ZXGBICIFGC";"HQ-1-2nd ACR"
"ZXIHIMCERU";"SK-2-AR19"
"ZXKIHTKBWQ";"1-134-y Razv. Bat."
"ZXOMAGLMFM";"4-2-MSR15"
"ZXPAUZRGOW";"Velitelství 1-9. msp"
"ZXPYXBBIBQ";"1-9. plrp"
"ZXRJFJSGHL";"2-1-14. tp"
"ZXSUSVHAWQ";"2-2-3. msp"
"ZXVZLXNPAI";"SK-AA10"
"ZXYOEOZZDT";"2-1-AR20"
"ZYALNSXOVW";"1-PzB-MSR7"
"ZYBSQLIUCX";"HQ-2-229th Helo."
"ZYFAYKRPFQ";"7-3-65y GvTP"
"ZYFMIPCFZB";"EM-126e Infanterie"
"ZYGHWFAWIQ";"SK-1-AR9"
"ZYGRIDVFER";"3-215. Artillerie"
"ZYHEMPGNXL";"EM-1er REC"
"ZYJTULCVYB";"A-45 Afdltlua"
"ZYNAUAUFNZ";"2-231. Panzer"
"ZYPMRZJAGH";"4-595-y Razv. Bat."
"ZYQHZTFIYG";"DB-3-33 pz"
"ZYVHMPPNGI";"HQ-3-319th Field Art."
"ZYVKNFHGSM";"C-12 GACA"
"ZYYIWIXQFC";"3-261. Fallschirm."
"ZYYJWKADTE";"3-243. Panzer"
"ZYYWPKQXJD";"3-9. plrp"
"ZYZEWVOVEN";"5-2-211y Gv. Art."
"ZYZGJGTOMT";"2-PB-MSR29"
"ZYZVYOAXWH";"SK-353. Panzer"
"ZZCPWWLITF";"B-14 Afdva"
"ZZCRDBUDBZ";"CA-6e REG"
"ZZHICSNCVK";"1-303-ya Art. Brigada"
"ZZKKZZVRVE";"DB-3-29 pcz"
"ZZLLUILBLH";"DB-1-23 pcz"
"ZZLVNGEZEV";"1-1-PR23"
"ZZLWMEKJLL";"Tank-234-y MVD"
"ZZMQEGULZB";"9-3-MSR18"
"ZZTPFEJVOQ";"1-1-16 pa"
"ZZUYIVDVDE";"SK-145. Artillerie"
"ZZVDNJTQBY";"663 Sq. AAC"
"ZZWGUIYFIK";"DD-1-24 Bm"
"ZZWZGJAMIP";"5-16 pcz"
"ZZXTPWXYIN";"A-1-41st Infantry"
