"TOKEN";"REFTEXT"
"AABTXCVYUT";"Kom. Rota"
"AADUNYOMOX";"1e Batterie"
"AAEADCDKAL";"Führung"
"AAFQLLOLCG";"Troop HQ"
"AAGIRVJOWS";"2-5-112. Panzer"
"AAHMPPTJSO";"2-1-403 RA"
"AAIBCIGMTD";"1-3-1er Spahis"
"AAIMWDBMAX";"3-2-19-y Gv. APIB"
"AAIWEZVTZN";"MG-Gruppe"
"AAIWOCMTQF";"Squadron HQ"
"AAJEJZLJOL";"Section PC"
"AALANZZYOC";"B-A-81st TFS"
"AALTRVFNYE";"Stab-242. Pz.Gren."
"AAMNAVPCUR";"pluton kchem"
"AAMUJEWRNP";"3. Kompanie"
"AANCCOSXRC";"1-A-Mérida"
"AAOIXDTYRR";"PCE-3e CAD"
"AAOVUJCMIU";"3-1-2e REP"
"AAQDRBCELW";"BCS-1-33e RA"
"AAQMNZXZSA";"2-A-I,/RAR"
"AAQSQQEFCZ";"3 pluton"
"AATUFYDKON";"2e Batterie"
"AAUGDFWBSB";"1st Company"
"AAYYABYGKR";"3. Zug"
"AAZKXOIFDV";"1-A-101 Tkbat"
"ABCHLULJPO";"6-B-III,/TLI"
"ABEKWEDIUI";"4-1-3e Chasseurs"
"ABELJKLQOC";"Batterie PC"
"ABFJUMBVKZ";"2-3-3e Infanterie"
"ABFQDAHCHJ";"Section AA"
"ABGNXAJDCM";"4-D-1-PPCLI"
"ABGVBJWAWM";"3rd Platoon"
"ABHFKHXQJH";"13-Z-VI,/RRF"
"ABHGIUPXCU";"1. Zug"
"ABJAOPUKXZ";"2. Zug"
"ABKCNWNCYT";"Section AA"
"ABNWCVHEBE";"1-2-20e RA"
"ABQDJQNMWB";"HQ-A-QOY"
"ABVUKHAARF";"2nd Company"
"ABXFHTMHPG";"3e section"
"ABZCKQZFPG";"1-A-I,/Scots Gds."
"ABZYKJQPZD";"2-P-3-RCR"
"ACADZZKHIS";"4th Troop"
"ACDDBWVYMM";"Stab-3-225. Artillerie"
"ACGEARJXVB";"4-CECA/131RI"
"ACHUECCSVO";"1-1-42e Infanterie"
"ACOVOXJHRV";"2nd Battery"
"ACPVEWXNGB";"MG Platoon"
"ACTMUKQPTF";"Aufk.-Gruppe"
"ACXSGBCFDF";"2-4-284. Panzer"
"ADAHBDQAXY";"PCE-4-99e Infanterie"
"ADBSYUJAOG";"4-3-19e Chasseurs"
"ADEWCEGWRM";"1st MP Platoon"
"ADGGXJYYGU";"1. Batterie"
"ADKYUKPDOU";"1st Platoon"
"ADPEZNUZXR";"HQ-B-1-34th Armored"
"ADQWOSHKNR";"Aufk.-Gruppe"
"ADRSVXKHPX";"2e Section"
"ADUBDTXTJI";"Aufkl.-Gruppe"
"ADUULXNNKN";"1e Batterie"
"ADWHVRAKCA";"PCE-1-2e Etranger"
"ADZLBBSGPC";"1-D-Royal Yeo."
"ADZVHWKDDO";"2-PzPionier 110"
"AEBFDFPDCQ";"2e Section"
"AEDAJPDJQO";"1-5-282. Panzer"
"AEHFGXHOJJ";"3-2-113. Panzer"
"AEHXPSCGSH";"1st Platoon"
"AEJMAFMREZ";"Recon-C-I,/Scots Gds."
"AEKSAAUGHM";"3-A-15/19RKH"
"AEKXRXWFBX";"3-3-114e Infanterie"
"AELELEGCVL";"2-ya Rota"
"AEMVWBSXUB";"1-4-232. GebJäger"
"AEPSVZZIAV";"Recon-D-I,/ASH"
"AEQDUWCFEA";"Supply Troop"
"AEQROZYQBX";"Stab-2-4. Pionier"
"AEYIIUIAIO";"2-B-QOY"
"AEYUFHZBGV";"6-2-Res.PzR. 15"
"AFDXSWVNOE";"4-4-16e Chasseurs"
"AFEDPSXVLP";"Führung"
"AFIOKKCFEI";"1-1-13e RA"
"AFJZZDUYWS";"Führung"
"AFKPQHDZWW";"3-B-55 Painfbat"
"AFQHLWGLCX";"3-A-47 Painfbat"
"AFQNOWRGDM";"4-A-142 Painfbat"
"AFQOLNZQAA";"1-2-42e Infanterie"
"AFSDTRHFDJ";"Platoon HQ"
"AFSKPDZOJC";"Aufkl.-Gruppe"
"AFUJEFPNZV";"2-128 ADA"
"AFVLWFUDKF";"2. Zug"
"AFXAGTUHDY";"Support Group"
"AFYNPQTLPB";"1-4-2e REP"
"AGBJSKPTVW";"2nd Company"
"AGCOGETEWY";"HQ-A-1RTR"
"AGDASAKLRA";"1-A-VII,/TLI"
"AGHWTUKRPD";"4-3-2e Cuirassiers"
"AGKMHRUYYB";"komp. ppanc"
"AGLELXBYOH";"3-664 Sq. AAC"
"AGNTJNVWUM";"2-3-3e Dragons"
"AGPQRVJLFP";"7-C-I,/RAR"
"AGQVBTFSPQ";"1-C-480th TFS"
"AGWTJIOMJV";"Führung"
"AGXOUSZDWA";"2-ya Rota"
"AGYPGJNXAM";"Provost Patrol"
"AGYYIRNTEV";"HQ-A-GACA I/11"
"AGZHTUPLNA";"Recon-B-I,/KORB"
"AHCBPMYHLT";"1-(2-TerrB)"
"AHCQENDYMG";"1-3-110e Infanterie"
"AHCYYOBNFV";"2-3-88. Geb.Sicherungs"
"AHGTEWHYMJ";"1-A-QOY"
"AHGYXLEWZK";"PCE-2-8e RPIMa"
"AHGZDOVRHH";"3-F-1-4th Cavalry"
"AHLQZPBJRH";"HQ-B-I,/RGJ"
"AHMKUCQGTU";"2. Zug"
"AHSANRBZBR";"Stab-2-88. Geb.Sicherungs"
"AHUHDEHIIT";"Panzer_Gruppe"
"AHVRHBBYNJ";"Sicherungs-Zug 7241"
"AIEKTFHCYM";"HQ-C-Farnesio"
"AIIMCNDONF";"Recon Group"
"AIQXQIORRH";"14-D-I,/Green Howards"
"AIRMUBDZXM";"3-C-Santiago"
"AIVFKRPEBV";"Stab-2-4. Aufk. Bat."
"AIWBDJPKIK";"2-D-Royal Hussars"
"AIWPUWMLQR";"1-A-45 Afdltlua"
"AIZZDDIXWB";"2-H-2-16th Mech. Inf."
"AJAWGETSUK";"3-C-14 Painfbat"
"AJBDEUNMZG";"Weapon Group"
"AJCQBNRQTJ";"Artillerie-Gruppe"
"AJDKQQOTBW";"1-A-43 Painfbat"
"AJGAEQZEUT";"2-5-303. Panzer"
"AJGDAVMMRA";"2-4-8e Chasseurs"
"AJGMNCZEHZ";"3. Zug"
"AJGNXFJGOD";"1-1-1er REC"
"AJIAERRXEI";"1-2-30e Chasseurs"
"AJJFFTKCYG";"3-A-RSDG"
"AJPEHWFDQM";"7 pluton ogniowy"
"AJQMYAPJQG";"Ost-A-132 Infbat"
"AJTWMMECEK";"1 komp. zmech."
"AJVOTKWZTC";"1-4-30e Chasseurs"
"AKDWBZRWDF";"ciest-11 GnBat"
"AKFRQGIEZM";"HQ-C-1-16th Mech. Inf."
"AKIKAGXSEX";"1-42 Air Def. Bty."
"AKIQPXNHMI";"Stab"
"AKKZQBLKDQ";"Logistics Group"
"AKMNVWSZOL";"1-2-1er Spahis"
"AKNPQEVJLV";"1-II-30FightBombRgt"
"AKQMAULATU";"2-C-41 Tkbat"
"AKTOYWLVXH";"Stab-561. Pz.Gren."
"AKTWGIIFRN";"1-A-115 Afdltlua"
"AKVIGDOWPS";"1-F-2-R22R"
"AKWVBCQJSE";"2-C-12 GACA"
"AKXHKFNMEB";"1e Section"
"ALAKIEGFMJ";"Batterie PC"
"ALDSYBEACW";"Führung"
"ALFEMFYJRM";"1st Troop"
"ALGTNYGGJX";"Section PC"
"ALLVTSELMU";"1-1-787-y IAP"
"ALRLZJOXIT";"Führung"
"ALSRGBWGWW";"3-2-126e Infanterie"
"ALSTSYNXYA";"3rd Company"
"ALSWMQPIHQ";"H Squadron"
"ALTFKKJUFD";"1-B-12 GACA"
"ALWWTOEUXS";"HQ-A-3 Field Rgt. RHA"
"ALZMGSMPRX";"3-3-561. Panzer"
"AMBEJODSQD";"2. Batterie"
"AMCJPXSMJQ";"2nd Platoon"
"AMFTRKHXKN";"1-4-111. Panzer"
"AMNCVJWAVB";"Sicherungs-Zug 7314"
"AMVZIQCDNC";"2. Zug"
"ANBDHCKAYK";"1-1-5e Dragons"
"ANDDFIMARF";"2. Zug"
"ANEWABAYPQ";"5EHAC-7e RHC"
"ANGXXLKJXL";"3. Zug"
"ANOKJHDNGH";"1e Section"
"ANTMGMBAJD";"Groupe Mortier"
"ANYGYYUCAJ";"3-1CC-1er Génie"
"ANYSXLQJUU";"1-2-92e Infanterie"
"AOAAWYDDYY";"2-B-Covadonga"
"AODBGZOEWW";"2e Section"
"AOEOXLDEPE";"3-2-6e RPIMa"
"AOIRTEQOUT";"1-FErsatz-Bat. 230"
"AOIURIPUCV";"3-1CCM-32e Génie"
"AOKVELDFUN";"1-4-4. Aufk. Bat."
"AOLBWAEYTT";"4-3-1er Cuirassiers"
"AOMBMNGSHZ";"HQ-B-1RCHA"
"AOPVFUTOXK";"Recon Troop"
"AOQPHLUBQG";"Stab-232. GebJäger"
"AOUGLIHMHA";"3 pluton czołgów"
"AOUSXBGLSM";"BCS-403 Artillerie"
"AOVDXHNVVG";"5-Ost-132 Infbat"
"AOVSHFZZER";"PCE-4-6e RPIMa"
"AOVXDVOOHH";"1-B-41 Tkbat"
"AOWYKNDQBB";"1-B-316 Sq."
"APARECGNDA";"PCE-1-5e Chasseurs"
"APAZYONDLL";"4-1-5e Dragons"
"APCXOAOCXP";"Artillerie-Gruppe"
"APDRNZZZWQ";"3-A-I,/KOSB"
"APJFECWQJI";"1. Zug"
"APJLALRAJU";"N Squadron"
"APKGLRYGCY";"9-C-V,/Queen's Rgt."
"APKNHEBQIP";"13-D-VIII,/TLI"
"APMBKVFYTU";"3-2-5e Dragons"
"APQALYJRRH";"3. Zug"
"APQINUFCAO";"2-SK-1. Gebirgs."
"APSWBGJUUN";"1-A-Santiago"
"APVCQQTGJH";"Recon-A-I,/ASH"
"APVGIUQIZR";"2-G-2-R22R"
"APVURYSJJO";"FRR-Gruppe"
"APWWCMQGVN";"HQ-(TerrF)"
"APXRWIYEBC";"4th Troop"
"AQAMJCMJNX";"PCE-2-5e Dragons"
"AQCDLEFVNI";"1. Batterie"
"AQCHVKWGPK";"BCS-1-61e RA"
"AQCSNZKIJA";"Führung"
"AQFLXVVXHM";"2-1-30e Chasseurs"
"AQIEWUGZZS";"1-111 Provost Coy. RMP"
"AQKVZXKONG";"1-N-3-37th Armored"
"AQKZUOXEGD";"1. Zug"
"AQLKOYZCZV";"Sicherungs-Zug 7342"
"AQOAUHBMRI";"1-A-323 Sq."
"AQOWVCMSIC";"3-ya Rota"
"AQQIAOHVJV";"Führung"
"AQRNFOKZAZ";"2. Zug"
"AQSQPZDQYX";"PCE-3-99e Infanterie"
"AQSVICJZOW";"3. Zug"
"AQTJDJIXQR";"2-A-Wad Ras"
"ARASUVKYPY";"Begleitbatterie 1"
"ARBAZFAKGL";"1-4-224. Panzer"
"ARCWPTFBKG";"1st Troop"
"ARFBUGOMBR";"GrW.-Zug"
"ARGCYKQWFF";"Batterie PC"
"ARIRHWMKMI";"PCE-1-507e RCC"
"ARIVHBAUZR";"1-FErsatz-Bat. 220"
"ARLJECOEJG";"2-C-11 Painfbat"
"ARMXJZVSXC";"Eng-Wpn-2-R22R"
"AROJAJBWFD";"BCS-3-35e RAP"
"AROZUIJSGF";"Stab-294. Panzer"
"ARSVTYZNML";"2-C-23rd TFS"
"ARZIYJBOSF";"PCE-1-30e Chasseurs"
"ASAJONZDMF";"Fla-Gruppe"
"ASAMPILIVO";"FRR-Gruppe"
"ASCALKKUBF";"1-2-3e Cuirassiers"
"ASKDCFJVZG";"Aufkl.-Gruppe"
"ASKTJSIVLV";"1-2-3e Chasseurs"
"ASKVRDXIKO";"2-12 Field Sq. RE"
"ASNPZBUIFL";"3-B-Royal Yeo."
"ASODILXXUV";"3. Zug"
"ASPJJPVQNZ";"3-2-3e RCP"
"ASPNKMOAPK";"Führungsbatterie"
"ASPWJOVLTT";"AA Flight"
"ASQYVDZZZM";"2-D-V,/RGJ"
"ASRCWLAYDC";"3-43 Paluabt"
"ASSISTQWVL";"1st Battery"
"ASSJEIQGIG";"2. Zug"
"ASTZJLUYCK";"2-2-1er RHC"
"ASUAZNLYYJ";"3-4-12e Cuirassiers"
"ASZEPTJSRA";"7 komp. zmech."
"ASZSWWXICU";"2-B-11 GACA"
"ATFCYWNZKB";"1e Batterie"
"ATGPRWQPFU";"2nd Battery"
"ATKCIXOFVY";"2-D-52 Tkbat"
"ATLHJVMCJZ";"3-5-233. GebJäger"
"ATQWUQMJXJ";"1-2-86. Geb.Jäger"
"ATQYBBQKZU";"AT-Wpn-3-PPCLI"
"ATVRKBUVED";"4-C-142 Painfbat"
"ATWHPBRTWR";"Aufkl.-Gruppe"
"AUBKUASUUA";"2-2-19e RA"
"AUBQNXCOYY";"2-M-3-RCR"
"AUBUQZRKRE";"3rd Platoon"
"AUBZJNNAQC";"3-2-JG 74"
"AUGVBVPJRL";"2nd Company"
"AUHDTFSTWE";"1st Battery"
"AUINBMPSIZ";"HQ-C-1-R22R"
"AULRRNOFSR";"Sicherungs-Zug 353/1"
"AULZRAHPVV";"Stab"
"AUMGXYBYEL";"1-4-403 RA"
"AUPDDVBNLS";"1-2-102. Panzer"
"AUQSDTCDTZ";"Feldjäger-Zug"
"AUUOAKQEMY";"2-21CA-19e Génie"
"AUUOBCHFYZ";"HQ-C-40 Field Rgt. RHA."
"AVARZPTWLJ";"4-B-QOY"
"AVCAHONCGC";"15-D-VII,/RAR"
"AVCANHECJH";"3. Zug"
"AVGIPDTXVM";"HQ-Q-4-37th Armored"
"AVGNZHLRMV";"13 bateria"
"AVIIFKNGFE";"Stab-FErsatz-Bat. 220"
"AVIKLEUFLJ";"3-3-507e RCC"
"AVMYLOKFLJ";"Troop HQ"
"AVPXLQMRFX";"3-7e CAD"
"AVVUBLRMGX";"3rd Company"
"AVWLPCFWZO";"2-4-153e Infanterie"
"AWABBPXSKA";"2nd Platoon"
"AWADZUCCSB";"Führung"
"AWAXEGNWJT";"BCS-33e Artillerie"
"AWCXFSXAHN";"3-657 Sq. AAC"
"AWEETQJYIA";"1-4-284. Panzer"
"AWEEYCTMNF";"4-2-16e Chasseurs"
"AWFSWIRPCW";"4-2-3e RPIMa"
"AWIVMINBAL";"1-3-234. GebJäger"
"AWMAECERHU";"1-Roussillon 1/11"
"AWNOHNOYSB";"2-C-42 Tkbat"
"AWOAGKOFTS";"2EHL-11e GHL"
"AWOXZKWQGU";"2-1-JG3"
"AWRBMLVEAD";"3-B-1-1st Helo."
"AWRKIUFRID";"2-1-85-y Gv. IAP"
"AWRRCOSHWB";"2-D-3-PPCLI"
"AWUPSKBZYT";"Ost-A-102 Infbat"
"AWXDPHWTKV";"1-4-234. GebJäger"
"AXAWAWZAJP";"2. Zug"
"AXDLGSPMRN";"1-2-10. Aufk. Bat."
"AXDLMNUBPM";"3rd Flight"
"AXDXRRRHMB";"2. Zug"
"AXFMAGIDFP";"Recon-A-I,/KORB"
"AXHMMSOFSI";"2-B-58 Tkbat"
"AXKAIUKOKU";"1-B-Mérida"
"AXMMWOBAMX";"3-B-16. HFR"
"AXVCFMHBLK";"1-2-8e RPIMa"
"AYDSEEZQEE";"Teile-4-Beo.Bat. 103"
"AYDSLRUCRG";"1-B-43 Painfbat"
"AYDVAZVCIK";"1-A-10th TFS"
"AYLWCNSJAB";"2-4-126e Infanterie"
"AYWOQBBOVV";"4th Company"
"AZCJTXHNSD";"B-At"
"AZCKMJBJCK";"PCE-2-11e Cuirassiers"
"AZCWVCVTLF";"4-4-1er Spahis"
"AZDNVGWVVW";"1. Zug"
"AZGVCNVNWZ";"2-1-JG1"
"AZJFDGXQQQ";"1. Zug"
"AZKZLFOOEV";"2-1-170e Infanterie"
"AZLEBIPUMH";"1-M-3-34th Armored"
"AZMGNJZIJU";"2-2-102. Panzer"
"AZMIPIBBEE";"1-1-Res.PzR. 15"
"AZOIJUMJTB";"1-G-2-136th Mech. Inf."
"AZOVOVSMRA";"HQ-C-Almansa"
"AZQLISAYGS";"1 pluton ochrony"
"AZRDKODRBK";"Aufkl.-Gruppe"
"AZVCABJQHI";"1-A-42 Painfbat"
"AZYXPGNWDB";"2-B-II-RALCA 62"
"BAAWVSMTJX";"4-A-58 Tkbat"
"BAEAYZYSEY";"HQ-K-I,/51st Highland Vol."
"BAEVVQPUGV";"3e Section"
"BAGIPVZQGJ";"Section de Mortiers"
"BAJBXNOHVM";"1-3-6e Dragons"
"BAJFXSDTEH";"CCS-CA-6e REG"
"BAJSYRLGNB";"2-A-42 Tkbat"
"BAKJEFHNMC";"Führung"
"BALBKLOGLW";"4-C-46 Painfbat"
"BANKVJYELG";"1-3-10. Pionier"
"BANWRNFVAZ";"2-B-5 Hvy. Rgt. RA."
"BANZTLFEFU";"1-4-563. Panzer"
"BAOJILEZKB";"3-560. Pionier-Kie"
"BARHDQXRAR";"Section de Mortiers"
"BASEDBRXTC";"4-1-8e Chasseurs"
"BATDKHBRQR";"PCE-2-1er Spahis"
"BAVDNOFVPP";"Führung"
"BAWIOWFOEM";"2-C-1st Engineers"
"BBBDFMQTDN";"2-B-1RTR"
"BBBGQFBUHI";"1-A-5-RALC"
"BBCDGARXJS";"3-2-8e Chasseurs"
"BBCOUJOINW";"1-2-6e RPIMa"
"BBDVEXAKPE";"3-Navarre 1/3"
"BBEFBEIKWS";"1. Zug"
"BBFSRHPXBR";"3. Zug"
"BBHDPRTKAB";"2-1-21e RIMa"
"BBHUCPPPWF";"3-1-21e RIMa"
"BBIPJJFXNM";"2-A-4/7RDG"
"BBIQCDQRVB";"A-At"
"BBLSSAZUVF";"3rd Platoon"
"BBPYPWGPRS";"4-3-1er RCAM"
"BBQBZZJMMW";"3-2-233. GebJäger"
"BBVHWFFCPI";"2-B-40 Field Rgt. RHA."
"BBXRZJGYQF";"Stab"
"BBXYTRPIHK";"1-3-19e RA"
"BCCRHIOZIL";"3-1-126e Infanterie"
"BCCTPOYHFC";"Stab-5-102. Panzer"
"BCDEJKDBGI";"1-2-562. Panzer"
"BCDHJEAETQ";"1-2-281. Panzer"
"BCKIEWQNHC";"1. Zug"
"BCLWXIQQQK";"Führung"
"BCNBELCXSH";"9-C-I,/Staffordshire"
"BCOEMUKEXZ";"3-C-1-R22R"
"BCQPIWMXDR";"3-3-124. Panzer"
"BCXWLJOCVB";"Stab-2-102. Panzer"
"BCXZSHTAYF";"C-1CER"
"BDCIPDFLRU";"3-2-8. Geb.Pionier"
"BDCJQKROIS";"Reco-Wpn-2-R22R"
"BDDBABUXOT";"1e Section"
"BDDDLNIUPZ";"11-Y-VI,/RRF"
"BDHJAWCKUD";"Battery HQ"
"BDJSWWVUBI";"2-B-Cantabria"
"BDMSIYFNVK";"Battery HQ"
"BDQGMDNUFW";"3rd Platoon"
"BDTJIHTLMQ";"3-1-110e Infanterie"
"BDTSNDLTUH";"3-3-JG7"
"BDXUURNPHF";"Stab-10. Pionier"
"BDYGMLBUCF";"1-D-Las Navas"
"BEBTLFGDZA";"4-1-6e RPIMa"
"BEBTOKGKMJ";"Aufk.-Gruppe"
"BEDMFKPGBC";"3-3-304. Panzer"
"BEFKMEMMKW";"Section PC"
"BEIGYPRRAS";"1. Zug"
"BEKLAIEMZD";"2nd Troop"
"BEMRVGDVIY";"1. Zug"
"BEPLDCCBVJ";"Stab-3-283. Panzer"
"BEQHFVIEMQ";"BCS-47e Artillerie"
"BEQNCQDXPE";"3. Zug"
"BETLDLYZEA";"3-1-6e RPIMa"
"BEVTKCUIYF";"1. Zug"
"BEXERLQEEE";"HQ-A-I,/ASH"
"BFBGPDEHCD";"3-Ardennes 3/3"
"BFFFANCPRI";"Platoon HQ"
"BFFKLPTZBN";"3-4-170e Infanterie"
"BFGYPVKBFF";"1st Troop"
"BFLSZMJLZQ";"1-A-I,/51st Highland Vol."
"BFMAFLWRKM";"Section Logistique"
"BFQAOWQMCS";"1-5-103. Panzer"
"BFQCUFYZOM";"2nd Battery"
"BFUFKDLVBT";"Protec-3-6e Dragons"
"BFUOJRRJLT";"4th MP Platoon"
"BFUUHFSVFE";"Führung"
"BFXWRYXYIF";"2-3e EED"
"BFYCFAEKSO";"3-P-3-RCR"
"BGCTVXLPKA";"3-B-43 Painfbat"
"BGCWJWSBEX";"1-3-43e RAMa"
"BGCZJDIFLG";"6 komp. czołgów"
"BGGHCKAIGO";"2-3-730-y APIB"
"BGHREWRLOR";"Führungsbatterie"
"BGJIFRLWUL";"1-C-54 Tkbat"
"BGJTWWNRQM";"Company HQ"
"BGLAMZBJUG";"1st Battery"
"BGNFSDAWMC";"1-B-BHELA I"
"BGNNCRVHZH";"3-3-JG8"
"BGNNOIPFSX";"3-J-3-R22R"
"BGPCCMILOO";"1-B-Almansa"
"BGTZJHXJWQ";"4 pluton specjalny"
"BGUVVTJZWG";"Section AC"
"BGWTGQRLLY";"2-1-12e RA"
"BHARPJKWKN";"1-3-122. Panzer"
"BHASASWTOE";"11-C-I,/York Vol."
"BHBAHRKWPP";"AC-2-8e Chasseurs"
"BHBRVTPYYI";"Fla-Gruppe"
"BHDJYLPGCK";"1-2-5e Cuirassiers"
"BHFPUZUBKB";"Stab"
"BHHVBBHERX";"1st Battery"
"BHLLPBWVSH";"Artillerie-Gruppe"
"BHNDOWNTIC";"BCS-3-54e RA"
"BHUNEZXTIH";"2-(1-TerrB)"
"BHWDSJSWIV";"4th Platoon"
"BHYHXVPJZB";"CCS-CEC7"
"BHZDYRAPGM";"4-A-14 Painfbat"
"BIASPPMFJU";"HQ-C-Wad Ras"
"BICRJDFSFE";"Führung"
"BICVEJUSGK";"2. Zug"
"BIFEZRMYVV";"2. Zug"
"BIFVAPURMZ";"Stab-4-234. GebJäger"
"BIKTKOCYHA";"A Squadron"
"BIRQXNLWPQ";"CCAS-99e Infanterie"
"BITBTJTMFK";"1-2-110e Infanterie"
"BIUNGPTCAJ";"Platoon HQ"
"BIWGLPZRSB";"Recon-B-I,/RGJ"
"BIYZEJLBEB";"2. Zug"
"BJAGXNZLYA";"3-C-8CH"
"BJCDGFLTAY";"4-1-1er Cuirassiers"
"BJCPAKNGFD";"4-C-QOY"
"BJHBWCDXTP";"MG-Gruppe"
"BJHQXSSUII";"Führung"
"BJHRHKFTLI";"2-4-33e RA"
"BJJDQHFUWK";"Führungsbatterie"
"BJJOFKEIER";"Wallmeistertrupp 251/3"
"BJKSNAQIUC";"2-3-564. Panzer"
"BJOUAZDRSZ";"3-3-833-y IAP"
"BJRJIWFLXS";"PCE-2-99e Infanterie"
"BJSUWRVCNJ";"1-1-3e Chasseurs"
"BJZZDNOLQP";"Stab-SK-1. Gebirgs."
"BKBRPBIFZA";"BCS-2-53e RA"
"BKDACSWDBC";"PCE-2-114e Infanterie"
"BKDMYCBSUU";"Fla-Gruppe"
"BKJYOOKQBV";"Stab-564. Panzer"
"BKLMILNXZY";"4-3-35e Infanterie"
"BKNJIPKAEP";"Stab-4-291. Panzer"
"BKPDFMKULP";"Führung"
"BKSOSWQPNL";"2. Batterie"
"BKWAHTPMNW";"1. Zug"
"BKWXIFYZPJ";"Mun.-Gruppe"
"BLCSUDUOZK";"2-Cigognes 1/2"
"BLKHXBDHRX";"2-A-7ste Sm."
"BLKUHJTRNE";"CCAS-153e Infanterie"
"BLKUQJVXGF";"Supply Troop"
"BLLXLOHPNS";"2-AT-4-16th Mech. Inf."
"BLMYFFGHAV";"1-3-244. Panzer"
"BLOOZLAFYY";"1-3-730-y APIB"
"BLREERAFID";"Stab-3-291. Panzer"
"BLTIURNYSH";"Stab-3-10. Aufk. Bat."
"BLTNTZGVIX";"2. Zug"
"BLXYTBGRQQ";"3-(1-TerrB)"
"BMCEELTXUG";"Logistikgruppe"
"BMFQOOPIIN";"Squadron HQ"
"BMHGWQADAI";"27-G-IV,/RGJ"
"BMKPZLIVWM";"Batterie de Mortiers"
"BMLEARJEQX";"3-4-293. Panzer"
"BMLTDWBCDH";"1e Section"
"BMLYWRTSHG";"EM-14e DBL"
"BMOLQSPUBY";"Groupe AA"
"BMQIUQUXXB";"4-A-Royal Yeo."
"BMWLBBBSZM";"3-F-2-RCR"
"BMYWNJCLPZ";"PCE-1-3e Hussards"
"BMZLIUBENP";"Führung"
"BNGKTQARAC";"2. Zug"
"BNKASITQBC";"11-C-VII,/TLI"
"BNMFTIODWN";"4-B-52 Tkbat"
"BNMMVGKLPU";"HQ-C-I,/Staffordshire"
"BNMOXJMKIM";"Batterie PC"
"BNOEMGSFUU";"4-Ost-102 Infbat"
"BNOSGDVCET";"3-C-1-PPCLI"
"BNPBQJFLEN";"Sicherungs-Zug 2436"
"BNQODCIWNL";"3-4-284. Panzer"
"BNWMEUGHNJ";"1-170-45 Field Rgt. RA."
"BNZRCHSEZP";"Stab-2-292. Panzer"
"BOBCGLFFOB";"2-C-4RTR"
"BOCNDJXIKG";"MG-Gruppe"
"BODBEJGKDH";"3rd Troop"
"BOIRTEIWCK";"4-202 Maresk"
"BOKMUDLZAN";"7. Batterie"
"BONXKETMLF";"Section AA"
"BOQRDSIEKC";"1-FErsatz-Bat. 240"
"BORDGYBJUW";"1. Zug"
"BOXBREFFAP";"1-2-561. Panzer"
"BOXGLIBCZR";"1-A-12 Painfbat"
"BOXIMHISXP";"2-1-47e RA"
"BPDYZUQXCA";"3. Zug"
"BPGPWZBGBS";"8-C-I,/RGJ"
"BPHJNMOPAB";"28-G-IV,/RGJ"
"BPISNQBMMX";"7-C-II,/Queen's Rgt."
"BPJRUOEASA";"BCS-1er Artillerie"
"BPLFALOOZE";"3 komp. rozp."
"BPLKRKFVNJ";"HQ-(TerrC)"
"BPPIWCCONL";"2-2-10. Pionier"
"BPQKUMRJVE";"1-1CCM-13e Génie"
"BPRBCMMUYB";"Logistikgruppe"
"BPSYFSTZEJ";"1st Platoon"
"BPUCDZYGDS";"Wpn-Y-5-16th Mech. Inf."
"BPYIXUQAMT";"1. Zug"
"BQAYVFAFVQ";"1-12 Paluabt"
"BQBHEGRMSB";"Section Logistique"
"BQBIIPMPQX";"1-PzPionier 120"
"BQFCVWLZTI";"1-FErsatzkie 2"
"BQGHTPNOKT";"3. Zug"
"BQNZSEXQJH";"6 bateria"
"BQPORMTRVG";"1-1-4e Etranger"
"BQSXQZQSFM";"1-A-3-PPCLI"
"BRAEBKSKXZ";"2-3-224. Panzer"
"BRGTJGNQEV";"1-1CCM-32e Génie"
"BRIJXAIWKM";"1-F-2-5th Field Art."
"BRKCJDHOID";"Section PC"
"BRNEOERSXI";"2nd Company"
"BRPOUMDTPT";"3-2-911-y APIB"
"BRRGDVFJCL";"3. Zug"
"BRRRHDRXKB";"HQ-5RGC"
"BRWNITWXLR";"3-A-V,/TLI"
"BSAEQLAYAF";"4-1-4e Cuirassiers"
"BSAUWFVWXJ";"2-A-13 Painfbat"
"BSCRBBJXIG";"Stab-2-42. RakArt.-Bat."
"BSKNOJHLTP";"1. Zug"
"BSLEYAQLJJ";"C-Mr"
"BSLKUNYSNA";"BCS-1-2e RA"
"BSQKQQWTAS";"HQ-Cantabria"
"BSREXXDZZO";"Troop HQ"
"BSRULVHXJV";"CCS-2e Corps"
"BSUBPAHSAF";"1-4-114e Infanterie"
"BSUOTZMBHP";"Section PC"
"BSYFXYFJGP";"PCE-3-2e Etranger"
"BSYXIHGSDX";"2-3-12e RBC"
"BSZNONOTFP";"E Squadron"
"BTBJUJUDGO";"1-3-284. Panzer"
"BTDRIDFWZZ";"HQ-C-4/7RDG"
"BTDVQAXYBY";"2-C-II-RALCA 62"
"BTEJONBADO";"2-Valois 1/30"
"BTFSHYYKPZ";"2-B-103 GnBat"
"BTGJDYTYMO";"1-O-3-37th Armored"
"BTHNAKMEKA";"2-1CCM-19e Génie"
"BTJSZTUMYH";"2e Batterie"
"BTLMREWCVA";"Führung"
"BTNZRVKOBC";"3-4-242. Panzer"
"BTRDUJAJQY";"A-4450th TFS"
"BTVYXAQRMD";"1-4-99e Infanterie"
"BTWHZZYAXI";"1-3-231. Panzer"
"BTXEABLUJK";"4-A-12 Tkbat"
"BTXKHWDOJW";"3-D-3-PPCLI"
"BUAEZCOSOY";"2-4-6e RPIMa"
"BUBCBBGXPD";"1-B-323 Sq."
"BUCCCBZTBL";"Führung"
"BUFWHNHJBT";"Company HQ"
"BUGHJOTTJK";"9-C-I,/York Vol."
"BUHBLSEYCG";"3-3-1er Dragons"
"BUIDLIAWSE";"Führung"
"BUIIYPUHFS";"1-3-5e Chasseurs"
"BUJCCESWWP";"2-2-1er REC"
"BUJXAMEOVO";"3-3-223. Panzer"
"BUNRLXUMZC";"Section Logistique"
"BUQQGVHOCZ";"1-D-59 Tkbat"
"BURAGWGWMD";"Stab-5-101. Artillerie"
"BUSQFWBSMS";"BCS-1-60e RA"
"BUTVDPLYKU";"PCE-2-507e RCC"
"BUWVLPAZLA";"Section de Reco"
"BVAIFFBZDS";"2-3-292. Panzer"
"BVANBSONNI";"Stab-3-111. Panzer"
"BVFZAKCFUC";"Section Logistique"
"BVHCIXBQPL";"2 pluton czołgów"
"BVHPEOXVXV";"1e Section"
"BVMQZWROZJ";"Aufkl.-Gruppe"
"BVPGJKFZQM";"3rd Company"
"BVQZXLXWIB";"3-1-JBG 34"
"BVRAIYQHUA";"2nd Platoon"
"BVVMUUGZIS";"3-1-1er Cuirassiers"
"BVWNEVYWUQ";"1-2-9e RCP"
"BVZWAWPJVE";"Stab-3-101. Artillerie"
"BVZZYZUSXZ";"Stab-5-112. Panzer"
"BWDDXXLSFK";"1-4-19e Chasseurs"
"BWDJAPQCAZ";"2-A-45 Afdltlua"
"BWEFGHJNVR";"1-B-59 Tkbat"
"BWHHGCLYWN";"Protec-1-1er Dragons"
"BWKBPIABIG";"1 pelnatres"
"BWKPYJTRNJ";"1st Battery"
"BWNLLBMJXT";"14-D-VII,/TLI"
"BWUUKWBTNK";"2. Zug"
"BWWQQOKJFG";"1-H-2-16th Mech. Inf."
"BXAHLTVZVX";"1-3 Squadron"
"BXAWSHHHGN";"3-4-4. Aufk. Bat."
"BXCDNSVGHS";"1-1-3e RHC"
"BXCMEZQONC";"2-II-28FightBombRgt"
"BXCOVCKASL";"3-2-35-y IAP"
"BXIHIBQAMT";"AC-1-2e Chasseurs"
"BXILTYSMHU";"2. Zug"
"BXNHMNJCCU";"3-2-88. Geb.Sicherungs"
"BXPDPWYQQK";"1-A-I,/PWORY"
"BXPYPSRXKJ";"3. Zug"
"BXUVKKYRNU";"2-3-235. GebArt."
"BXWFLIUHRP";"Kom. Rota"
"BXWJZHHPBO";"PCE-2-3e RCP"
"BXWQPFYDQD";"Pionier-Gruppe"
"BXXEKRXOGH";"2nd Platoon"
"BXZCTMHMNS";"2-2-10. Aufk. Bat."
"BYBYCKAWJO";"3-A-305 Cotrbat"
"BYCCMBBDCJ";"Reserva"
"BYEKNKVTHZ";"PCE-2-1er RCAM"
"BYEYQIXNEM";"2-A-305 Cotrbat"
"BYFHOVTDQI";"2-(1-TerrF)"
"BYKHUDCSML";"Stab-4-8. Geb.Panzer"
"BYKXTECZCB";"Führung"
"BYMVDRRHFN";"2-2-233. GebJäger"
"BYOBNWXWWR";"HQ-C-I,/RGJ"
"BYRGTONJMG";"MG-Zug"
"BYSPXSUZMF";"4-C-47 Painfbat"
"BZCNMRLTVB";"1-1-16e Chasseurs"
"BZDBAXOFYI";"HQ-49-103 Field Rgt. RA."
"BZEYSAMNAJ";"2. Zug"
"BZFLRXUCKL";"3-A-Santiago"
"BZGDPAZTCR";"1-2-1er REC"
"BZGXWEGPBC";"2. Zug"
"BZKMGGXBQA";"Führung"
"BZLHROHWCH";"1st Troop"
"BZRKCEAPWE";"2-A-RSDG"
"BZVJOGRCSY";"3-2-JG9"
"BZZRCQWDAH";"1-FErsatzkie 1"
"BZZWVZWDDT";"PCE-1-1er Dragons"
"CAAYVUCECT";"2-A-43 Painfbat"
"CAEPDEMFYD";"2-1-19e Chasseurs"
"CAFFAEDBPU";"2-1-75e RA"
"CAGELIIVYL";"3-2-JG2"
"CAGMTECTBF";"1-D-1-1st Helo."
"CAMBTKOYIB";"3-1-8e Chasseurs"
"CAOFGTNVHO";"2-A-103 GnBat"
"CAOUJIWAID";"1-A-11 Painfbat"
"CAPLQWHYZD";"Squadron HQ"
"CAPLVUEVZS";"PCE-2-6e RPIMa"
"CASJBSPFMY";"3-3-6e Dragons"
"CASLHYBOKB";"CCS-4CCM-11e Génie"
"CASOWUTDXW";"Fernaufklärungszug"
"CAVCXFWBUJ";"HQ-A-II,/RIR"
"CAWIBUQKHW";"2-4-11e RA"
"CAWNAEQXJC";"2-1CC-11e Génie"
"CAXQXBBFUZ";"2-3-402 RA"
"CAZCXOGVWO";"HQ-2-R22R"
"CBDNQTEFUT";"Peloton Reco"
"CBEFUYRSOC";"4-2-232. GebJäger"
"CBGMOWIDAG";"3-4-244. Panzer"
"CBHVSIWHCN";"1. Zug"
"CBICFTPQQF";"Troop HQ"
"CBJWRFNTKB";"1-1-3e RPIMa"
"CBKRESUAWT";"MP Groupe"
"CBNDZLLSSY";"Section PC"
"CBNWVQSAJM";"Stab-4-10. Pionier"
"CBONQKYKMO";"3e Section"
"CBQTTSTECX";"1-2-114e Infanterie"
"CBRXXAXGUS";"2nd Aero Rifle Platoon"
"CBSENRBEXG";"2-3-60e RA"
"CBUIXOHFOU";"2nd Company"
"CBXPTYPRSU";"Führung"
"CCGPVWVQKW";"1-A-15/19RKH"
"CCGWAECLGG";"2-B-101 Tkbat"
"CCHZXFJDWS";"Stab-3-223. Panzer"
"CCQNWNDFKF";"2e Section"
"CCRZWHOWPH";"2-2-11e Cuirassiers"
"CCTRCJTVLE";"2-II-11FighterRgt"
"CCUWHZMYHV";"8-C-II,/RAR"
"CCXHGMDNYP";"3-1-Res.PzR. 15"
"CCYEZBRPZV";"Protec-3-5e Dragons"
"CDBDFNFUOX";"1. Zug"
"CDDECOLLBR";"7-B-V,/Queen's Rgt."
"CDGPVLZWYC";"1-2-101. Artillerie"
"CDJGPAUCKN";"Dét./51e RA"
"CDLGXWBTVP";"2nd Platoon"
"CDMHFMFCFW";"Protec-3-12e Cuirassiers"
"CDMPDPUKJO";"2-Ost-132 Infbat"
"CDOZEUWKUG";"1-2-2e Etranger"
"CDQJIUDDPW";"2-3-3e RCP"
"CDRUTCDBTA";"1-M-3-37th Armored"
"CDXRBXTRNR";"1. Zug"
"CEAKBNZKZB";"Platoon HQ"
"CEAYKLAHQX";"HQ-M-3-34th Armored"
"CEBUQNHXCR";"BCS-1-20e RA"
"CEFJOCFAFE";"2-4-121. Panzer"
"CEFQFBINTU";"PCE-2-2e Etranger"
"CEIAWKAJCF";"6-B-IV,/RGJ"
"CEJALLQYVS";"4th Platoon"
"CELOKLHMUD";"CCS-1CC-11e Génie"
"CEPRZPBZUC";"1. Zug"
"CERGWTCFVJ";"11-3-V,/RAR"
"CERWTXYSQY";"9. Zug"
"CEYICYPHAN";"3-B-42 Tkbat"
"CFAINXEZXW";"ATGW-D-9th/12thQDG"
"CFAMIBRTGW";"Company HQ"
"CFERPDMMEX";"Führung"
"CFEYJXLBFN";"4-3-1er RCP"
"CFGVSGJSIM";"BCS-4-47e RA"
"CFIITDWLUL";"2-2-402 RA"
"CFJMHQPENK";"Aero-Rifle Platoon"
"CFJTACVLYO";"Aufk.-Kette"
"CFLNMYGQBI";"2-3-5e Dragons"
"CFMTQPTYKP";"B Squadron"
"CFMXIRRGJJ";"Section de Mortiers"
"CFQRCPHMBZ";"Supply Group"
"CFSAWOTPUA";"2-3-20e RA"
"CFSSTARZCH";"3-M-3-RCR"
"CFTGBPRXFW";"B-4450th TFS"
"CFTYKGWJZT";"3-2-92e Infanterie"
"CFVSSZZRBF";"Section de Mortiers"
"CGALOGMMXZ";"Stab-3-86. Geb.Jäger"
"CGCCILFDRG";"Section Logistique"
"CGCUOSUSFU";"1-4-564. Panzer"
"CGGEZCCKKN";"F Squadron"
"CGIBMUKNIB";"1-1-911-y APIB"
"CGKOEAMKRM";"Stab-2-291. Panzer"
"CGPFSAEOYA";"Section de Mortiers"
"CGPQXLZLMK";"2-3-115. Artillerie"
"CGQPPVETHF";"2e Section"
"CGSKVKPKZM";"Wpn-D-1-16th Mech. Inf."
"CGWXMEWVPV";"3-C-3-PPCLI"
"CHBTANEENI";"2-42 Pagncie"
"CHDLMKVURQ";"1-B-57 Tkbat"
"CHGOMEKUPV";"2-4-4. Aufk. Bat."
"CHGUDBMAXW";"Fla-Gruppe"
"CHLMRWCTIM";"1-1 Field Sq. RE"
"CHLVLRAOMO";"PCE-4-42e Infanterie"
"CHMSOZAGVA";"3-3-125. Artillerie"
"CHMVLGAXHH";"Stab-PzPionier 100"
"CHRQUBNWMF";"2. Batterie"
"CHVVNNQLKJ";"1-D-4RTR"
"CHWEPQUUXF";"2 komp. czołgów"
"CIAXQTSWAH";"3. Zug"
"CIBDYDTXEL";"Führung"
"CIBVKDCNGX";"4-E-2-R22R"
"CICMVWKMOH";"2-659 Sq. AAC"
"CIHGXFVTHS";"1-42 Pagncie"
"CIKQBFPHLA";"1-I-4FighterRgt"
"CIKTZWNJAA";"2-2-113. Panzer"
"CIMUIPEGRQ";"2-B-GACA I/11"
"CINZMFIWYJ";"Cavalry scout Platoon"
"CIPGNPFEBV";"PCE-2-152e Infanterie"
"CIQZNAKREB";"5-B-VIII,/TLI"
"CIRORLUJPI";"1-3-35e RAP"
"CIRXSJDYPD";"2-1-99e Infanterie"
"CIZTRCDLMV";"Tank Platoon"
"CJCORYMBPO";"1-3-357-y OShAP"
"CJFJOUUUXV";"1-669 Sq. AAC"
"CJHJIBHKAC";"2-E-2-RCR"
"CJMYSFEYMI";"Recce Platoon"
"CJPIUINLTR";"HQ-B-IV,/RGJ"
"CJRNAQCWAA";"6-2-V,/RAR"
"CJSEPKFWRT";"1-4-402 RA"
"CJVOHRHCOC";"D Squadron"
"CJWCTEOIZF";"3-4-24e Chasseurs"
"CJZAHOOVSM";"1. Zug"
"CJZOGCDLRC";"2. Zug"
"CKAMLVBEBT";"3-1-35e RAP"
"CKAPFWUVDZ";"Logistikgruppe"
"CKBQJMIREW";"3-3-234. GebJäger"
"CKEYYEZIZC";"Groupe Logistique"
"CKGHNACTMY";"3-D-1-5th Field Art."
"CKHMNXEQDK";"2-1-11-y ORAP"
"CKKGZYYUGW";"1-C-12 Tkbat"
"CKMARHYFYK";"1-B-132 Infbat"
"CKQHSNZVOO";"4-E-2-RCR"
"CKQIBUCJNV";"HQ-A-3-RCHA"
"CKRUSIQCRT";"3-1-3e Chasseurs"
"CKZDPOWHNR";"3-2-1er Dragons"
"CLAAWNCJHL";"3e Section"
"CLAHGPZARA";"2-3-561. Panzer"
"CLBUEJFMWV";"Stab"
"CLDGXBHVOF";"DINOPS"
"CLFDASMLRI";"8-C-I,/Scots Gds."
"CLMEZPYMLJ";"1-C-11 GnBat"
"CLODDUUOGA";"3. Zug"
"CLOVSZHOOD";"2e Section"
"CLPOKDQSWF";"2. Zug"
"CLRANEUYJL";"4 pluton ogniowy"
"CLUSFBKSSG";"2-PzPionier 290"
"CLXGJDZEUL";"Stab-2-245. Artillerie"
"CLYMAJLDNS";"ReconD-9th/12thQDG"
"CLZYZTATLO";"1-A-14 Painfbat"
"CMAFWRXGNW";"2 pluton ogniowy"
"CMGTCYUEJQ";"1-2-3e RCP"
"CMJPWWVNXV";"1-I-30FightBombRgt"
"CMKMPGJWVJ";"1-C-16 Painfbat"
"CMLUPSSPZH";"2-N-3-RCR"
"CMPJFJKDQT";"Battery HQ"
"CMTRNIQGAN";"HQ-(3-TerrF)"
"CMVLYBMPXJ";"Recon-C-I,/RIR"
"CMZBYRYWIV";"Stab-4. Pionier"
"CNBONMIQPY";"Aufk.-Gruppe"
"CNFXWIIQFK";"77 Arm. Eng. Sq. RE"
"CNRMGMQOXG";"1. Zug"
"CNVGJGIODY";"1-Ost-102 Infbat"
"CNVSCJCNQX";"1-1-1er RA"
"CNYQOWRHNU";"2-22CA-9e Génie"
"COCIEBMVVC";"2-4-112. Panzer"
"COCYBSCCAA";"2-F-2-16th Mech. Inf."
"COFIMVKZWY";"3-1-JG8"
"COFKUGFGEI";"6-B-VII,/RAR"
"COGSOKPAEY";"6-X-VI,/RRF"
"COKHZKHLZP";"PCE-1-9e RCP"
"COMXNXKKKZ";"Aufkl.-Gruppe"
"CONIXLIZTK";"4-4-3e RPIMa"
"CONNHRLGYA";"1-4-8. Geb.Aufkl.-Bat."
"COPDXBWSMC";"2-1-1er Spahis"
"COVYIAPRMD";"PCE-7e CAD"
"COWCRNYOQZ";"Stab-3-243. Panzer"
"CPIXMUBUNK";"1-B-15/19RKH"
"CPPDZBZGPE";"2-Geb.FErsKie."
"CPRMCBLONQ";"3-2-507e RCC"
"CPSKJKRHSZ";"4-4-6e Dragons"
"CPUAKKVPXO";"1-A-1RTR"
"CPWNRPONGR";"HQ-52-45 Field Rgt. RA."
"CPZTSLOTOY";"2-1-5e Chasseurs"
"CQBDESHNYV";"3-4-86. Geb.Jäger"
"CQBLBUZDPF";"Batterie de Mortiers"
"CQBRSEYEEH";"ECS-1-5e RHC"
"CQBZQKAFBY";"Platoon HQ"
"CQFICKEWCZ";"Führung"
"CQIHPUNRKR";"1-A-11 GnBat"
"CQJSRMASGX";"1-Jura 4/11 Jura"
"CQMTAQKQJM";"6-B-VII,/TLI"
"CQPTOYFMSK";"Sicherungs-Zug 4452/1"
"CQVSZQIBQG";"3rd Troop"
"CQWSWQTTXM";"4-3-233. GebJäger"
"CQXMXOKFZH";"2-150 Provost Coy. RMP"
"CQYHDCEWZX";"3-41 Paluabt"
"CQZLIDCGAO";"3-1-17e RGP"
"CRARRYRNJN";"1-1-2e Chasseurs"
"CRBFJUEUVC";"HQ-E-1-4th Cavalry"
"CREKCWMNLI";"2-1-968-y Gv. IAP"
"CRGJMMFPVY";"3-3-48. Sicherungs"
"CRIVRKTGIT";"3-C-5-RALC"
"CRNLQBRFCH";"4-D-1st Aviation"
"CRPHDMSVVJ";"A-2-480th TFS"
"CRQZZGORSF";"5-4-6e RPIMa"
"CRRFBBMCVV";"2. Kompanie"
"CRSGRWGVXA";"9 komp. zmech."
"CRXYJKVQUO";"HQ-A-5-RALC"
"CRZETPKQYH";"Stab-303. Pz.Gren."
"CRZWJJYXZT";"2. Zug"
"CRZZFDSKKL";"Logistikgruppe"
"CSIBMFBSBZ";"Führung"
"CSIQEZOPNV";"KanJPz-Batt."
"CSJZGMEQUS";"2-4-561. Panzer"
"CSMVXNXCHV";"1-(1-TerrC)"
"CSPUMLHOXX";"2-2-231. GebJäger"
"CSRHXUMTGB";"2-3-1er REC"
"CSUNBNFLBN";"Stab-4-81. Geb.Artillerie"
"CSVACVEQBP";"11-C-V,/RRF"
"CSWJVTGMPG";"HQ-X-5-16th Mech. Inf."
"CSZNCUHMPU";"HQ-A-4 Field Rgt. RHA."
"CTFXRLAPLY";"2-bvp"
"CTHRJOVKSG";"4-B-12 Tkbat"
"CTPYPYSHNQ";"HQ-A-I,/KORB"
"CTSZFACUGG";"3-B-49 Tkbat"
"CTTMQXZJVC";"5-3-6e RPIMa"
"CTULOOMANM";"4-C-8CH"
"CTULPXCDCY";"Aufkl.-Gruppe"
"CTXMMUULJA";"1. Zug"
"CUGWHIRMJC";"3. Zug"
"CUHFLSKYKF";"Aufk.-Gruppe"
"CUISSVNAXO";"HQ-A-I-RAAA 73"
"CUPQZQCAHN";"1-4-1er RHP"
"CUQANYXLHG";"1-C-125 Afdltlua"
"CUTGGPZWLC";"1-3-170e Infanterie"
"CUVDUMEJAV";"Stab"
"CUVOENUURC";"HQ-A-1-34th Armored"
"CUXCAZRISP";"HQ-B-3-RCHA"
"CUYHDIBOAI";"1-3-507e RCC"
"CUYHGJKTNT";"3-1-294-y ORAP"
"CUZNHVQFVL";"3-(1-TerrD)"
"CVAQPVIRAT";"2. Zug"
"CVARAJIFRD";"2 komp. zmech."
"CVAXDXRRJG";"Recon-C-III,/RAR"
"CVCCFXSONI";"2. Zug"
"CVFIVRAQLN";"2-1-1er RCAM"
"CVGUAAWBFC";"3-C-142 Painfbat"
"CVHVLSLWXH";"2-C-DCA 11"
"CVKDDSPUTE";"2-A-57 Tkbat"
"CVMFOAFYDQ";"1st Platoon"
"CVMKVMKXJX";"AC-2-2e Chasseurs"
"CVOPKRDCLV";"2-3-6e Dragons"
"CVPKIQPGYB";"2-(2-TerrC)"
"CVUOKVZHUN";"3rd Company"
"CWAHIBVYXB";"3-A-41 Painfbat"
"CWFCZTPFOD";"1e Batterie"
"CWFJRXQEOQ";"1-SK-1. Gebirgs."
"CWIMWRHSCI";"2-C-Covadonga"
"CWIUCGJNNL";"5-B-V,/TLI"
"CWMTEEMLHG";"3-A-V,/Queen's Rgt."
"CWNCXPLPSP";"Batterie PC"
"CWPXCVGYIG";"4-2-2e REP"
"CWTIIZSXPK";"AT-Wpn-1-PPCLI"
"CWTKOCXBCJ";"HQ-5-16th Mech. Inf."
"CWVEKEFJJN";"2-2-562. Panzer"
"CWXFJHGKKT";"2-C-1-5th Field Art."
"CXABZSKZYI";"1-C-142 Painfbat"
"CXBYGQHCDO";"Stab-111. Panzer"
"CXCARKYEGG";"1-C-GACA II/11"
"CXDQFHMPNZ";"Recon Troop"
"CXDQICCVPO";"1-2-1er Chasseurs"
"CXJCVIXWNE";"2-2CC-10e Génie"
"CXLQPXAVIM";"2-111 Provost Coy. RMP"
"CXLRBUWBJU";"2. Batterie"
"CXMBGCANKB";"BCS-4-402 RA"
"CXPFKJTFWD";"1-5-112. Panzer"
"CXPWIZPMEY";"Aufkl.-Gruppe"
"CXQRKWUJVW";"Führungsbatterie"
"CXQVBUAQFG";"MR Platoon"
"CXVYHECIDE";"3-Champagne 2/3"
"CXWGLWBTQY";"HQ-D-I,/York Vol."
"CXWTYKLZYR";"Protec-3-5e Cuirassiers"
"CXWUYPAUAK";"4th Company"
"CXYNXIFWYE";"4-3-8e Hussards"
"CYBAOFEKMT";"4-48 krozp"
"CYLBEHUHGP";"Platoon HQ"
"CYMHZGAESM";"1-150 Provost Coy. RMP"
"CYNXTGGEDW";"2-(3-TerrE)"
"CYOAIIKLMY";"4-2-6e RPIMa"
"CYOVMRBSXK";"Stab"
"CYRXCISVKH";"Stab-3-42. RakArt.-Bat."
"CYXOKKZAHL";"BCS-54e Artillerie"
"CZBRXJUVLO";"Platoon HQ"
"CZBWUUISTD";"3-A-16. HFR"
"CZHOJLUZTD";"2-2-5e Chasseurs"
"CZJIXKTOTH";"Wpn-T-4-16th Mech. Inf."
"CZJJCVIMRW";"3-III-4FighterRgt"
"CZJMVLHPOV";"1-ya Rota"
"CZKKBGNKXU";"HQ-C-11 GACA"
"CZLONCLYIQ";"HQ-D-Alcantara"
"CZQVDGHOXF";"3-1-108. Sicherungs"
"CZUEXTZCNL";"2. Zug"
"CZVECBHGYB";"PCE-1-152e Infanterie"
"CZYMLKWMMP";"2-3-19e RA"
"CZZZSXJMZB";"2-R-4-37th Armored"
"DADBNUJPLA";"Batterie PC"
"DAIHXZMUMQ";"1-332CC-33e Génie"
"DAOEZUKQJD";"Logistikgruppe"
"DAONWJAMWN";"1-2-968-y Gv. IAP"
"DAPOSVYBRB";"ECS-1er RHP"
"DASCUUAIOT";"1st Recon Platoon"
"DAUQEUNMTL";"PCE-2-4e Cuirassiers"
"DAWEITKKZO";"C Squadron"
"DAYJKMEBNT";"1-B-55 Painfbat"
"DAYNXKCJXN";"HQ-1-12e RBC"
"DAYTZMBYTT";"1e Batterie"
"DBBBDUSHSC";"2. Zug"
"DBBESUOFIP";"HQ-A-4 Para"
"DBHOHCOTOZ";"3e Section"
"DBJPJWWWXB";"2. Zug"
"DBNRNWLINL";"Section de Mortiers"
"DBOVSVBTWG";"3e Section"
"DBPTNPOXWC";"Stab-5-233. GebJäger"
"DBQFNJAQCK";"2-114 Provost Coy. RMP"
"DBVJGMOWAY";"3-Alsace 3/2"
"DBZALLOMPE";"Section AC"
"DCAIVLTWEJ";"HQ-A-Royal Yeo."
"DCHZGHKZKJ";"HQ-A-II,/Queen's Rgt."
"DCMKMEGGTQ";"4-B-15 Painfbat"
"DCOPCQQVTP";"Wpn-W-5-16th Mech. Inf."
"DCOSNDDOPY";"1st Platoon"
"DCUCMONNCL";"2-2-33e RA"
"DCVBQCODES";"1-2-4e Cuirassiers"
"DCVLXOBWFO";"3-A-1-1st Helo."
"DCVPRPYBMG";"2-3-8e Hussards"
"DCXTBGPPJW";"2. Zug"
"DDBXRGSWRF";"3-1-2e Chasseurs"
"DDEBNDZTCW";"3-C-58 Tkbat"
"DDGHVGFWAC";"PCE-3-3e Chasseurs"
"DDGJMBUWEG";"1-671 Sq. AAC"
"DDJGUEZOWK";"CCAS-42e Infanterie"
"DDLUYVMPPF";"1. Zug"
"DDLVVAXOFE";"1-AT-5-16th Mech. Inf."
"DDMDMAWLCG";"Attack Group"
"DDNWTSYDDA";"Weapon Group"
"DDQDKGEGHJ";"Recon-B-I,/Scots Gds."
"DDQVTEPWZC";"9-C-II,/York Vol."
"DDSALZINXH";"Fla-Gruppe"
"DDWCPSNRWF";"6-B-I,/York Vol."
"DDZCVNRRUA";"3-2-3e Hussards"
"DDZKEMEHKJ";"2-1-153e Infanterie"
"DDZYBNMSLR";"1-2-JG8"
"DEAUWKCFKA";"2-2-GBLA I/14"
"DEFOLRRGUU";"3. Zug"
"DEJECGDJXA";"1-2-48. Sicherungs"
"DEJUOOVTAH";"2nd Platoon"
"DEOKYBGHQU";"2-3-507e RCC"
"DEOMVMYNJU";"3-150 Provost Coy. RMP"
"DERDLMTTHY";"Wallmeistertrupp 411/1"
"DESFTFZUIC";"2-B-49 Tkbat"
"DESTVZKVEU";"3-B-QOY"
"DEZNLXQRGX";"1-B-1RCHA"
"DEZXVJQXNS";"1-D-Royal Hussars"
"DFAHVXQELK";"3-B-QOH"
"DFAKSGMMSR";"3-CLR-1er RCAM"
"DFDYZUSBDL";"1. Zug"
"DFHYDJTFYJ";"3rd Troop"
"DFJAJGNHWA";"2-3-123. Panzer"
"DFPJFLYRVN";"1-D-4/7RDG"
"DFRKPXOEZA";"1-2-60e RA"
"DFSFMNMFDP";"3-A-Wad Ras"
"DFSZUJAHBO";"3e Section"
"DFVQJAWMCQ";"1-B-115 Afdltlua"
"DFWSGTTAQY";"BCS-68e Artillerie"
"DFYLFDCSNG";"1. Batterie"
"DGFGMSLTHI";"HQ-Farnesio"
"DGKZBNNSZR";"2. Zug"
"DGMNSPXSSV";"1-1-92e Infanterie"
"DGQPSTFPSG";"3-2CCM-9e Génie"
"DGRSIRJNEC";"4-C-48 Painfbat"
"DGSUGGDSHF";"2-4-43e RAMa"
"DGUYVDHSHB";"HQ-LSRCH"
"DGYEVWEKJO";"HQ-Wpn-1-PPCLI"
"DGZSEGGQFQ";"4-A-47 Painfbat"
"DHDWVXQWMQ";"3-3-170e Infanterie"
"DHENDEKTEF";"HQ-(3-TerrA)"
"DHFHRPQYDW";"2-D-1-16th Mech. Inf."
"DHHBWKRJVD";"3-3-8e RPIMa"
"DHKHLZHURD";"CCAS-21e RIMa"
"DHNNUMXNEC";"HQ-1st MP Coy."
"DHNRGCXPLS";"PCE-3-8e Hussards"
"DHQSSJEWZQ";"Sicherungs-Zug 353/2"
"DHSGCOOLUO";"AA Group"
"DHSKPCKXWF";"HQ-150 Provost Coy. RMP"
"DHTMWDLOWX";"3. Zug"
"DHVNQKBDBO";"HQ-3-PPCLI"
"DHXRVUJCRP";"3-V-5-16th Mech. Inf."
"DIAHMXRPZF";"HQ-D-I,/RIR"
"DIBLJPCLMN";"E Squadron"
"DICDJULVQH";"Platoon HQ"
"DIETPEXFGC";"3-3-2e Etranger"
"DIIUBVUKHR";"Platoon HQ"
"DIKVNOHQIC";"3-4-153e Infanterie"
"DINRUMKKYT";"2-1-34e RA"
"DIPGNFIHAO";"2-1-3e RPIMa"
"DIUIROLCUG";"4-A-48 Painfbat"
"DIVRKOKGSE";"4-1-8e Hussards"
"DIWWJTJDKN";"2-4-12e RA"
"DJAHRUAFOB";"4-114 Provost Coy. RMP"
"DJCQVPJOLW";"1-4-101. Panzer"
"DJDUQLQLYN";"F Squadron"
"DJDYLOQEUO";"1-7e CAD"
"DJHYCIPWHC";"1-D-15/19RKH"
"DJNWZEWMPY";"Führungsbatterie"
"DJNYGLBWPQ";"3-(3-TerrB)"
"DJPEZALCCF";"Section PC"
"DJTFREEDMO";"2. Zug"
"DJTHYRRCSY";"ECS-1er Gpe-2e RHC"
"DJULEKOGDQ";"3-5-231. GebJäger"
"DJUPJGISBS";"Batterie PC"
"DJUSOXAJKR";"1-3-30e Chasseurs"
"DJWAWJWJCB";"1-73 Field Sq. RE"
"DJZNRZOLRR";"3-2-19e Chasseurs"
"DKCEGKBUGA";"4-B-Royal Yeo."
"DKDRBGZNNP";"Stab-3-224. Panzer"
"DKJGLZGYMP";"2-4-292. Panzer"
"DKJLRWZNSN";"1 komp. czołgów"
"DKLRNDYPIZ";"5 bateria"
"DKNAIYBLHR";"CCS-21CA-13e Génie"
"DKPAPQVZKD";"1-1-152e Infanterie"
"DKPQRNARNU";"1-3-8e RPIMa"
"DKTDSSUTRO";"2-C-5 Hvy. Rgt. RA."
"DKXHFCNPAD";"2-2-12e RBC"
"DKXJTPMLOP";"1-AT-4-16th Mech. Inf."
"DLLLWGTZAX";"5-B-III,/TLI"
"DLOLYZPNOT";"HQ-115 Provost Coy. RMP"
"DLPSYDDMMY";"Sicherungs-Zug7471"
"DLRPUMXIDD";"2. Zug"
"DLSRFQPIWR";"HQ-B-VII,/RAR"
"DLUXHOJWEH";"1. Zug"
"DLWEAMCOND";"Führung"
"DLZTKEQFFT";"1st Tank Platoon"
"DMDQFNCBQO";"1-C-1RCHA"
"DMJBNOMUPO";"1-Vosges 2/11"
"DMLDUKCADO";"2-C-10th TFS"
"DMLGRVXZYE";"3-1CC-10e Génie"
"DMMSWHGOHB";"Grwr.-Gruppe"
"DMMVAZRPBO";"1e Batterie"
"DMNLMVAIGO";"3-3-16e Chasseurs"
"DMQKRDNRKG";"HQ-B-Almansa"
"DMRBBTIOQB";"BCS-2-54e RA"
"DMRNAKDDCM";"1-1-8e Chasseurs"
"DMSDTWLCQX";"1-16 Field Sq. RE"
"DMVIJOQWJA";"5-B-II,/York Vol."
"DMWOGXRADY";"BCS-1-1er RA"
"DMYFXGBKQM";"Recon-C-II,/RAR"
"DNAZBKZWKB";"Section de Mortiers"
"DNCVVVXWAB";"2-4-10. Pionier"
"DNEDOGGGRU";"Batterie PC"
"DNFNVUOOPI";"Groupe AT"
"DNINJRMXYH";"1st Troop"
"DNJDYNPZIO";"3-2CCM-32e Génie"
"DNLOPVGKWX";"3-A-17 Painfbat"
"DNMHTWYFYE";"PCE-2-5e Cuirassiers"
"DNPESVFBNC";"1. Zug"
"DNQJJZOYXK";"1e Batterie"
"DNUFIOQJLT";"3. Zug"
"DNVUUZZAMS";"1. Zug"
"DODUHRNPQL";"2nd Flight"
"DOFPYBWXFT";"BCS-2-11e RA"
"DOGWIFYHTC";"1. Kompanie"
"DOIPSBTHLX";"7-3-Res.PzR. 15"
"DOMKQKHEEC";"1. Zug"
"DOOFOSTIOC";"3rd Platoon"
"DOQDEVSCKO";"3-3-4. Pionier"
"DOQJGLNJSY";"3. Zug"
"DOREJUOKYG";"1-30 Air Def. Bty."
"DOSTFYSAKR";"HQ-B-5-RALC"
"DOTYZVKIKF";"Recon-A-II,/RIR"
"DOUBCDHQKT";"3. Zug"
"DOULHCNFBG";"HQ-A-15 Para"
"DOXNHOFHRD";"Führung"
"DOXQRIMQFB";"1-5-10. Aufk. Bat."
"DOXRFYKZBJ";"1st Company"
"DOXSHBIJNE";"3-51 Maresk"
"DPBCUWOSJY";"2nd Platoon"
"DPGCCUDKQG";"Ost-B-102 Infbat"
"DPGKHMPBCT";"HQ-A-1st Engineers"
"DPHXRHFOBE";"3-D-15/19RKH"
"DPHZOGRCAH";"1-2-GBLA I/14"
"DPLGRGBVRM";"2-B-15 Para"
"DPNDAPTIWI";"3-2-357-y OShAP"
"DPPSCKBYDW";"3rd Troop"
"DPPWBGAXNH";"1-ya Rota"
"DPQJJUNNZN";"Recon-B-9th/12thQDG"
"DPSSXIGJHR";"2-S-4-16th Mech. Inf."
"DPUVMFGNCD";"Batterie de Mortiers"
"DPYMTRVWUT";"3-A-I,/51st Highland Vol."
"DPZIYOTHHO";"3-1CCM-19e Génie"
"DQAZKQMXAT";"1-2-122. Panzer"
"DQBQNNHZDY";"HQG-1-4th Cavalry"
"DQCVSLIIYB";"13-D-VII,/RAR"
"DQNDAHZCED";"Führung"
"DQNUYXXNVB";"Platoon HQ"
"DQQPIHOSZO";"3-HFS 10"
"DQSBKHDHIQ";"1-C-1st Engineers"
"DQTXFFBWUP";"2e Peloton de reco"
"DQYCYKTTVN";"3-2-JBG 33"
"DQZDQVAALA";"HQ-2-12e RBC"
"DRDLSQMQSV";"Stab-2-233. GebJäger"
"DREJGWRUTC";"Groupe AT"
"DREWVTYCNQ";"4th Platoon"
"DRGYYVLMBQ";"HQ-B-1st Engineers"
"DRKHUKGHFB";"HQ-1-GBLA I/14"
"DRKPAYBYZW";"4-C-5RDG"
"DRLVYLVODD";"2-L-3-37th Armored"
"DRMGYETEBS";"2-C-QOH"
"DRNPGILCKW";"PCE-3-4e Cuirassiers"
"DRNVMRQWGS";"HQ-B-Cantabria"
"DROJYMGFZZ";"2-9 Squadron"
"DROKFWHQCT";"Aufk.-Gruppe"
"DRQYJSQRKV";"PCE-3-2e Chasseurs"
"DRTYMCUYDV";"7 komp. czołgów"
"DRUNWCRXDK";"AT-5/8-King's Rgt."
"DRWZYJKFTG";"1-2-81. Geb.Artillerie"
"DRXSCAYARJ";"CCS-32e Génie"
"DRZOJSNRDY";"1-1-47e RA"
"DSECFNXVSO";"1-2-302. Panzer"
"DSEXDLXVSG";"2 pluton desantowy"
"DSJELEQBUL";"Log Group"
"DSKHBNAUXU";"Flak-Gruppe"
"DSSVWIPXAK";"1. Batterie"
"DSUFJBTWIY";"2-3-3e Chasseurs"
"DSUGNQXGHR";"4-A-8CH"
"DSVQGRTZTQ";"3. Zug"
"DSZICPPXUK";"3655 Sq. AAC"
"DTEQFPSENP";"3-2-GBLA I/14"
"DTFYMSBKVQ";"Stab"
"DTHNBEKCUE";"1-3-6e RPIMa"
"DTUADWUUTU";"1-D-1-5th Field Art."
"DTUKHWRXKU";"1-3-292. Panzer"
"DTYCIYJTVJ";"1-3-2e RA"
"DUCMCOIPUU";"MSK"
"DUKPWEBDZS";"4-111 Provost Coy. RMP"
"DULTXLEOQB";"4-A-101 Tkbat"
"DUURRPDUVC";"2-2-1er RHP"
"DUUXFBSBYY";"HQ-D-II,/RAR"
"DUVZZGTCQB";"Protec-2-5e Cuirassiers"
"DUXKOUFXUW";"Führung"
"DUZJWQZIPC";"Squadron HQ"
"DUZZOKSEFW";"4-C-14 Painfbat"
"DVABQURADO";"2-2-75e RA"
"DVANRQZETV";"1-A-125 Afdltlua"
"DVCJVEIQZS";"1-4-1er RA"
"DVCKRZYHLR";"Groupe AA"
"DVFPSBIRSZ";"9-C-I,/RIR"
"DVTRBXKXMS";"2-D-Cantabria"
"DVUANTSKVJ";"Sicherungs-Zug7452"
"DVYWNSRGTD";"3. Zug"
"DVYYFUSUEK";"Führungsbatterie"
"DVZHWGVOBG";"1-5-4. Aufk. Bat."
"DVZXVTAWSV";"4-B-48 Painfbat"
"DWAFEYUENL";"HQ-A-Wad Ras"
"DWDCDMYOXZ";"Troop HQ"
"DWDTZQHJMA";"HQ-A-Royal Hussars"
"DWFOIMCGAN";"3-D-1-4th Cavalry"
"DWGFFEUVIH";"1. Zug"
"DWLCPOKGBG";"7-B-VII,/TLI"
"DWMFSYMFKJ";"2e Section"
"DWNLBPOJGB";"1. Kette"
"DWNPACBRVC";"Sicherungs-Zug 7331"
"DWSRPXCAAE";"PCE-3-5e Chasseurs"
"DWTMXCJNVE";"2-4-232. GebJäger"
"DWVJOEWWAI";"2-4-152e Infanterie"
"DWWQIKPZXI";"HQ-A-III-RAAA 71"
"DWXWYJLZHB";"4-A-12 Painfbat"
"DWYNAFIFOF";"Führung"
"DXACDQZMVJ";"1-SK-10. Panzer"
"DXBRASUMPH";"4-1-30e Chasseurs"
"DXEZYBMPBM";"MP Groupe"
"DXMQRKGXTD";"PCE-3-9e RCP"
"DXMXKMDPPL";"HQ-AT-2-16th Mech. Inf."
"DXTAXKKMXR";"LL-Art.-Batt. 9"
"DXURSNYEVJ";"3e Section"
"DXYNEQVXBI";"EM-1ère DB"
"DYAKOLIFLI";"3. Zug"
"DYGWBPNLIX";"1. Kompanie"
"DYHWUSBYCD";"3-A-4 Para"
"DYJITARUAL";"2-B-55 Painfbat"
"DYLMOPVGIF";"CCS-1CC-1er Génie"
"DYPINCSGDT";"4-CA-1er RCAM"
"DYSKAFOJKF";"B-1-480th TFS"
"DYSYQDDPGW";"Reserve-Batterie"
"DYUSRMHUXQ";"2-C-1-R22R"
"DYWFLUHBFO";"Aufk.-Gruppe"
"DZHMMEBWIR";"HQ-8th Can. Hussars"
"DZIHAAMJHI";"3. Zug"
"DZMYDRDSTI";"1. Batterie"
"DZMYIJEFUU";"HQ-C-1-5th Field Art."
"DZNGCGBWCY";"3-C-46 Painfbat"
"DZNROTPNYB";"1 pluton m 82mm"
"DZRHGEHRHP";"Ost-C-102 Infbat"
"DZUQFLBSKF";"Section du Génie"
"DZVPUJBGVD";"Stab-104. Panzer"
"EAFWWTUYOF";"Logistikgruppe"
"EAICPAIVTA";"5-B-III,/Stafford."
"EAIOQDOKUV";"3-2-222. Panzer"
"EANYUIYIWR";"2-2-101. Artillerie"
"EAPWABNOVV";"1-A-VII,/RAR"
"EATNSSZJVX";"1-A-8ste Sm."
"EATVIKXKME";"1-C-Almansa"
"EAUZBBYVMZ";"5-4-9e RCP"
"EAWTOUZOOI";"PCE-4-1er RHP"
"EAYINTOYRD";"1-4-8. Geb.Panzer"
"EAYLUJXORE";"2. Zug"
"EAYVTVMOYL";"10-C-I,/Green Howards"
"EAZXNAUVAH";"dowództwo pułka"
"EBAXRQFWNO";"Recon Platoon"
"EBGALLFNAF";"2-2-99e Infanterie"
"EBJGAZTWHY";"3-3-17e RGP"
"EBMWXHOLIB";"1-1-296-y APIB"
"EBRMNZQJXR";"1-F-2-16th Mech. Inf."
"EBSIGWSGPM";"1-2-223. Panzer"
"EBTGZKFLAJ";"Fla-Gruppe"
"ECCJPDABHX";"1e Section"
"ECENPNWTNC";"Stab-3-8. Geb.Aufkl.-Bat."
"ECFRKQCPKC";"HQ-C-1RTR"
"ECGFHFXLIL";"3-D-4RTR"
"ECGMVGLLWN";"CCS-1CCM-13e Génie"
"ECGSBZKGMN";"3. Zug"
"ECJGIHQGOT";"Escort Group"
"ECJOBNVRUH";"2. Zug"
"ECJSMRYZCP";"F Squadron"
"ECKKOJHGAV";"4-A-41 Tkbat"
"ECMHYNIKAG";"Führung"
"ECMLHOXPJM";"23-F-IV,/RGJ"
"ECQAIGLCVW";"1-2-231. GebJäger"
"ECQDBDSDEL";"Führung"
"ECWBQBLOMP";"3. Zug"
"EDGJQPIGBE";"Sicherungs-Zug 7221"
"EDIFAMVMNM";"1-A-I,/RGJ"
"EDKVYAVLTV";"1-B-Farnesio"
"EDPGVCQZKB";"HQ-B-VIII,/TLI"
"EDQFEXFKVS";"BCS-9e RAMa"
"EDRANOLMSY";"2. Zug"
"EDRURYKRIU";"1st LSV Troop"
"EDTMKTSADC";"Stab-113. Pz.Gren."
"EDVHLAEVLB";"1-3-13e RA"
"EDXOSVVCNT";"2-III-5FighterRgt"
"EEPTBSHRYB";"Section PC"
"EEQTPPHAHR";"2-D-57 Tkbat"
"EESSECHLFL";"Artillerie-Gruppe"
"EETDGCEKLT";"7-B-I,/ASH"
"EFFBJIBSAE";"3-FErsatzkie 2"
"EFGNSZYZKI";"2-1-33e RA"
"EFJRUSFXPD";"HQ-D-III,/RAR"
"EFLMZPTBKY";"1-2-403 RA"
"EFLRUCPBMQ";"Führung"
"EFLYWTZGAR";"4-Q-4-5th Field Art."
"EFNHWOEKMX";"Squadron HQ"
"EFQBPQWSKT";"2nd Platoon"
"EFTDJAJTNH";"Section de Mortiers"
"EFTFINWLOC";"Recon Group"
"EFWAUIQNSX";"2-AT-2-136th Mech. Inf."
"EGBAJOXVRR";"2e Section"
"EGDCCQDVRH";"1-A-15 Painfbat"
"EGIXEVXBXR";"2-5-234. GebJäger"
"EGKTNRPTQJ";"2-1-16e Chasseurs"
"EGNMDABHQX";"1-3-105. Artillerie"
"EGNVIVEJDB";"1-ya Rota"
"EGSTQTZZEY";"1-IV-9FighterRgt"
"EGWGGWZTRE";"Section de Mortiers"
"EGXGGGMMKK";"4-4-1er RHP"
"EGYREQWCVF";"2-1-JBG-77"
"EGZDQGPFRL";"3-D-1st Aviation"
"EHAZQKVLLO";"4-C-1-R22R"
"EHBUOPFMYJ";"3-3-88. Geb.Sicherungs"
"EHFLKHNINV";"Flak-Gruppe"
"EHHBKADWLA";"3-1-1er RCAM"
"EHHXPCAHHQ";"1-(3-TerrA)"
"EHJFHHCMPI";"4-2-233. GebJäger"
"EHLCWVJCLE";"Aufkl.-Gruppe"
"EHRAMFNGUJ";"Cavalry scout Platoon"
"EHSSNWFWZP";"2-Ajax-2RTR"
"EHUIIVBKLZ";"4-B-57 Tkbat"
"EIANWLAVSV";"Aufk.-Gruppe"
"EIDGNCDULE";"Section AA"
"EIEROBAFHD";"4-4-8e Chasseurs"
"EIGCBPUUZD";"3-C-49 Tkbat"
"EIHDARGCRH";"2-41 Maresk"
"EIHPYXIAEV";"2-2-152e Infanterie"
"EIHYFWYYLC";"Kom. Rota"
"EIJTBTDIZO";"3-2-73-y IAP"
"EILDSCLKET";"3rd Platoon"
"EILKSYNSDJ";"EM-5e DB"
"EIQBNSFKJT";"1. Batterie"
"EIRLSCBNBO";"Stab-4-292. Panzer"
"EISRCDDOKF";"3-D-9th/12thQDG"
"EITIRMJGPZ";"M Squadron"
"EIVARTVUVR";"BCS-2-401 RA"
"EIVSCXRHFF";"3-3-JG1"
"EJAMRJNDTX";"2-1-6e Dragons"
"EJAWZDDHTT";"2-A-I,/PWORY"
"EJJTMNBRTZ";"3-129 ADA"
"EJKAXVEWBH";"1-1-JG3"
"EJKGZFMHEA";"3e Section"
"EJKZGEFTTZ";"2-5-232. GebJäger"
"EJLIAJEKJP";"Supply Troop"
"EJPFUIHYQU";"HQ-B-VII,/TLI"
"EJSAYVVPIE";"2-3-153e Infanterie"
"EJSORSJVDE";"2-5e CAD"
"EJSUFFCGCF";"Mun.-Gruppe"
"EJVHSHQVHY";"2e Section"
"EKAZHHVLUL";"2-ya Rota"
"EKBSSJPAYC";"2-2-281. Panzer"
"EKDNIBZJNJ";"2-A-509th TFS"
"EKFVNYDTQK";"1e Section"
"EKGLJHZTGF";"1-A-5RDG"
"EKKCSTGGWQ";"3-2-245. Artillerie"
"EKLQHVONQD";"3-202 Maresk"
"EKOKWXTWRM";"2-1-2e Chasseurs"
"EKQMFSRSVR";"2-C-1-PPCLI"
"EKRARYLKCV";"2e Section"
"EKTWMQFQSP";"2-A-I,/Green Howards"
"EKWCCBKCMW";"3-(1-TerrC)"
"EKXNBXHBDZ";"5-B-I,/RIR"
"EKZORSYFOK";"PCE-2-3e Infanterie"
"ELAEDLPYMI";"1-4-244. Panzer"
"ELBVJCFHKR";"2-49-100 Field Rgt. RA."
"ELFBRJFAHH";"Führung"
"ELFQCGMOMB";"Aufkl.-Gruppe"
"ELFQFACBQK";"HQ-4-37th Armored"
"ELFXRYRLIW";"4. Zug"
"ELOPFHIGEY";"Stab-3-244. Panzer"
"ELOPHBBPJF";"BCS-13e Artillerie"
"ELOQXZFKDA";"1-1-JBG 33"
"ELQEGWKAJK";"Führung"
"ELQZWWUSKE";"1-Q-4-5th Field Art."
"ELUVLXEBLL";"Stab-5-231. GebJäger"
"ELVYEBBCIM";"Mun.-Gruppe"
"ELVZYAXTBT";"Section PC"
"EMDJQIFOYQ";"1-A-I,/Green Howards"
"EMDWKVEBZR";"1-4-241. Panzer"
"EMEPLWHNJK";"1. Zug"
"EMFJHNUIPC";"Stab-283. Panzer"
"EMIEAEPTPZ";"2-H-2-136th Mech. Inf."
"EMIFTNYUYB";"3-2-305. Artillerie"
"EMIQEFRLPH";"1-C-15/19RKH"
"EMKNVRCHNP";"5-3-9e RCP"
"EMLWWXMCCJ";"3-3-241. Panzer"
"EMPZYLANLI";"4-D-15/19RKH"
"EMRBGEJPUB";"CCS-331CC-33e Génie"
"EMSWHWTBDH";"1-A-3-RCHA"
"EMTJOKOLBV";"1st Flight"
"EMUFDBWEUH";"2-3-9e RCP"
"EMUMNPYYTW";"Groupe Logistique"
"EMVVEPATWV";"Führung"
"EMYPTFOQLW";"Section PC"
"ENAVIUPXSD";"1-C-3-RCHA"
"ENVFHZTNNF";"Grwr.-Gruppe"
"ENYSSASWES";"3. Zug"
"ENZKJQGTHG";"2. Zug"
"ENZTMWGNDY";"2. Zug"
"EOBUQHHUTG";"3-A-55 Painfbat"
"EODJBBLIBL";"1-FErsatzkie 3"
"EODKXLTEJS";"BCS-3-25e RA"
"EODYZXFWKJ";"4-5-234. GebJäger"
"EOEROBUWKN";"4-C-Mérida"
"EOGBJNVCGD";"1-2-41. Artillerie"
"EOLBGPOWXH";"Stab-4-101. Panzer"
"EOLBXWSADV";"Det.-104 Wrnverkcie"
"EOLNYAVCAD";"1-6-103 Field Rgt. RA."
"EOOYOXGQOX";"3-1-1er RCP"
"EOSKIWHGPX";"2-A-1-16th Mech. Inf."
"EOUEPBYHVC";"Führung"
"EOUFCEWDPM";"1-C-I-RAAA 73"
"EOZJRBMVTN";"2-B-10th TFS"
"EPAYOGDISJ";"1-4-8e Hussards"
"EPBLMDOBVU";"Stab-2-10. Pionier"
"EPBRGQWBXN";"1-1-35-y IAP"
"EPDIFSECNO";"HQ-Wpn-3-R22R"
"EPGDVBAZDS";"Artillerie-Gruppe"
"EPGPTLUESL";"3-3-24e RA"
"EPHJVGDBVX";"3. Zug"
"EPIEMBTKON";"Führungsbatterie"
"EPJKXTNNCH";"1. Zug"
"EPJXPVWDCW";"Führungsbatterie"
"EPOIVADHSN";"1st Platoon"
"EPSHRTEATQ";"EM-7e DB"
"EPTOHASFUU";"2-4-401 RA"
"EPWHZBAIIQ";"HQ-3-V,/RAR"
"EQCNPMXEUL";"3e Section"
"EQGEPWSFCA";"Fla-Gruppe"
"EQGRNPABNL";"Section PC"
"EQHXMAEJYU";"Mun.-Gruppe"
"EQMBNAIVFR";"1-II-11FighterRgt"
"EQOBPMLSZA";"1-B-3-RCHA"
"EQTOLTUUWI";"3-2-295. Artillerie"
"EQVFOVKHYM";"1-3-104. Panzer"
"ERAOUGCTZU";"1-3-12e RBC"
"EREYKYTAWO";"2-5-242. Panzer"
"ERMSPREAAI";"Aufk.-Gruppe"
"ERNNGZYIXQ";"2-3-122. Panzer"
"ERSMZZTEIF";"2-CLR-1er RCAM"
"ERVLSTZVYJ";"PCE-3-507e RCC"
"ERWWFPOPFK";"D-12 Squadron"
"ERZIJNXFQZ";"2. Batterie"
"ERZRLLVMBM";"2-C-41 GnBat"
"ESBDBKENEG";"Section Logistique"
"ESBHIJJGMB";"1-B-10th TFS"
"ESDFEHPOND";"2-2-3e RCP"
"ESJKGPVBGD";"3-1-507e RCC"
"ESKJJQSMGK";"2-C-Almansa"
"ESKLGVCNCZ";"2-41 Paluabt"
"ESKRIZKPAZ";"Section Logistique"
"ESMAGTEQIK";"Section AA"
"ESMSQCZJCM";"1e Section"
"ESPPDNAPMI";"2. Batterie"
"ESQSDSNIEU";"1-3-114e Infanterie"
"ESSEZGJMGV";"4th Troop"
"ESYNLZOGDJ";"3-4-126e Infanterie"
"ETCJVPGGVU";"3-A-I,/Staffordshire"
"ETERLSKKCS";"2-7 Field Sq. RE"
"ETFZDDLGDH";"3-2-3e Infanterie"
"ETIECJTWQH";"3-331CC-33e Génie"
"ETJJDARMYH";"FRR-Gruppe"
"ETKCKFIROG";"3-52 Pagncie"
"ETKEYXPXLC";"Section PC"
"ETKJZBIKYP";"Stab-4-102. Panzer"
"ETNUJCREZL";"3-Cyclops-2RTR"
"ETPTHJPCDN";"1. Panzerpio.-zug"
"ETPYGUQPIN";"Company HQ"
"ETQXVCBWAF";"Stab-HFS 4"
"ETVDETCULB";"1st Company"
"ETXYXTYHCO";"1-W-VI,/RRF"
"ETZJFOCQAB";"3rd Company"
"EUANSIREPS";"Mörser-Batt."
"EUBXMGZPUC";"Führung"
"EUHEJFBXZO";"2-2-JBG 33"
"EUHNSKWDZX";"HQ-C-VIII,/TLI"
"EUHVZYOHWW";"2e Section"
"EUJEMMGXFN";"4-3-5e Dragons"
"EUOSGKMBQG";"1-2-3e RHC"
"EUPHXIDOYX";"4-B-Almansa"
"EUQUMYRXHO";"Stab-2-295. Artillerie"
"EUTHWXCDHD";"4-1-24e Chasseurs"
"EVEGEKNISL";"1. Zug"
"EVKQJGTBGW";"Troop HQ"
"EVNJZDMOYG";"ECS-2-3e RHC"
"EVOYAGXRPQ";"Stab"
"EVQHLPJNBX";"1-C-León"
"EVSJRWXJKJ";"Squadron HQ"
"EVUCDHKOCQ";"1-B-315 Sq."
"EVYMTELPZP";"3-II-1FighterRgt"
"EVZHARHPTL";"1. Zug"
"EWAKMUTGWL";"1-B-4 Para"
"EWBHWKYYCR";"2-A-323 Sq."
"EWCFVNOIEF";"PCE-4-8e Hussards"
"EWDIVSLCWV";"2-1-8e RPIMa"
"EWGTQLHFKQ";"HQ-94-45 Field Rgt. RA."
"EWPNUDOKUR";"2-2-8. Geb.Aufkl.-Bat."
"EWPPKDPQPJ";"2. Zug"
"EWPSCAPQFU";"Führungsbatterie"
"EWVPDPWCIV";"2-3-10. Pionier"
"EWZBYDVOXP";"3-2-6e REG"
"EWZRSRXKUZ";"2-3-99e Infanterie"
"EXBEVKGRZB";"Fernaufkl.-Zug"
"EXCBKQYLJD";"Stab-1-88. Geb.Sicherungs"
"EXCKVNHYPV";"1-2-111. Panzer"
"EXDBWBZTMW";"1-1-6e RPIMa"
"EXFVSCLYNT";"7-K-I,/51st Highland Vol."
"EXJAGOVZSN";"3e Section"
"EXKWJDDMMV";"Section PC"
"EXMMUZJNLN";"MG-Gruppe"
"EXPALKAXHO";"4th Troop"
"EXWCELNEZP";"PCE-3-19e Chasseurs"
"EXYAHEDKOK";"1. Batterie"
"EXZYMGDHMV";"3. Kompanie"
"EYACVXHYBY";"Stab-3-112. Panzer"
"EYAQRTXLSP";"2-2-1er RCP"
"EYBLAETJDI";"2-4-234. GebJäger"
"EYCMUTHMJG";"1e Batterie"
"EYECUHNRZM";"1-3-24e RA"
"EYEPRJWBNJ";"3-A-1-PPCLI"
"EYHTLNOPSE";"HQ-114 Provost Coy. RMP"
"EYKGYVQXEN";"1-4-153e Infanterie"
"EYOVCTZLBJ";"1-4-4. Pionier"
"EYPRUMWRDM";"3-409TFS"
"EYRNZDWUKY";"3-3-2e Cuirassiers"
"EYSUDDCQXV";"3-4-294. Panzer"
"EYTCLEPKGI";"Sicherungs-Zug7461"
"EYXVRCSFKK";"Weapon Group"
"EYYDDTVAWS";"2e Section"
"EZBHDCVMIA";"3-A-II,/Queen's Rgt."
"EZEDNDAPEL";"3-3-1er RCP"
"EZHNQORWMA";"2-2CC-1er Génie"
"EZMAOQSHWE";"Supply Flight"
"EZPGHXVDSQ";"1-4-101. Artillerie"
"EZVGGMSTOX";"4-2-2e Cuirassiers"
"FAFGBKIWWC";"1-4-565. Pz.Artillerie"
"FAHCJRSRPL";"2-5-81. Geb.Artillerie"
"FAIIEHMKBV";"1-4-13e RA"
"FALBNKUEPK";"HQ-D-V,/TLI"
"FAOHWFJJQU";"1-5-122. Panzer"
"FBAMZKGPKE";"1-C-48 Painfbat"
"FBFRGVBHUU";"14-D-III,/Stafford."
"FBGKHMDBMM";"2-1-931-y ORAP"
"FBIREBCFHK";"HQ-D-II,/Queen's Rgt."
"FBNIDSOLON";"2-C-Cantabria"
"FBOZLRDOHY";"2-1-1er RHP"
"FBSVOUROHL";"13-4-V,/RAR"
"FBULCEHRZG";"3-21CA-19e Génie"
"FBXNMMRXYL";"1-2-301. Panzer"
"FBZROGYVCZ";"HQ-(TerrB)"
"FCAXGCWZCJ";"2-1-368-y OShAP"
"FCAZKVXGHW";"HQ-1-34th Armored"
"FCCTDFLKWZ";"Panzer_Gruppe"
"FCEGBDKKXV";"Section de Mortiers"
"FCKKVLEDXF";"3-73 Field Sq. RE"
"FCKVNCDEGV";"1st Recon Platoon"
"FCMDMYWWAJ";"1-409TFS"
"FCPVAYLQKD";"1-I-3-R22R"
"FCRCDEBKMS";"2-B-45 Painfbat"
"FCRGJITUBM";"Stab"
"FCSWUWUIEP";"1-A-509th TFS"
"FCTRYAHYKH";"2-116 Provost Coy. RMP"
"FCTXPVMHXI";"2nd Platoon"
"FCUWBGEUOA";"1-2-11e RA"
"FCWCNVOTZY";"1-94-45 Field Rgt. RA."
"FCWUMIWWZY";"3-AT-1-16th Mech. Inf."
"FDAKBXGAQE";"2-C-52 Tkbat"
"FDAULWWLNE";"Provost Patrol"
"FDBTISHCQG";"1-A-11 Tkbat"
"FDDEEJHQBN";"1-B-I-RAAA 73"
"FDETCHQEHU";"1-A-León"
"FDHVKGPSLW";"1-3-402 RA"
"FDIRBOEKIZ";"HQ-C-I,/York Vol."
"FDKUKJNHLF";"HQ-B-Alcantara"
"FDLXUBPTKM";"2-103 Maresk"
"FDMFUGBCVX";"Stab-245. Artillerie"
"FDOYZNPLOS";"HQ-B-4/7RDG"
"FENNOQLGBR";"2e Section"
"FEPJJWOVEC";"2-A-11 Painfbat"
"FERHARVOLX";"PCE-3-3e RPIMa"
"FESGBWLGKP";"1-C-41 Painfbat"
"FESQITWOIP";"2-C-59 Tkbat"
"FETVTELBCM";"3-A-59 Tkbat"
"FEYFUPTREA";"2-3-20 pappanc"
"FEZCCBXZDR";"HQ-B-II,/York Vol."
"FFALYSEZMM";"2nd Half-Battery"
"FFCFRUCRGK";"2-52 Paluabt"
"FFDJRGYCYO";"BCS-2-61e RA"
"FFEISQYJDL";"1-1-75e RA"
"FFHWXGGHCM";"4EHAC-2e RHC"
"FFKQHZTUBR";"3. Zug"
"FFPRQCECFO";"1-4-281. Panzer"
"FFRRNNQGFE";"PCE-1-8e Chasseurs"
"FFUWWZXDBO";"2-C-43 Tkbat"
"FFWECVSLIW";"1-C-Mérida"
"FFXYOVJOWW";"1. Zug"
"FGBGPVJZXC";"Attack Group"
"FGFCJEOPLK";"3e Section"
"FGFGDZBYTU";"1-(1-TerrD)"
"FGHHXSKJYV";"Stab-3-41. Artillerie"
"FGPDEUABPI";"Aufkl.-Gruppe"
"FGRNNSGBNJ";"1-C-8CH"
"FGYSDSQHMP";"1-2-4. Aufk. Bat."
"FGZFRBVLRG";"2-2-24e RA"
"FGZOJWVWCL";"3-2-282. Panzer"
"FHHQZELVPK";"1-5-234. GebJäger"
"FHJBXWABSU";"1-3-303. Panzer"
"FHOHVNZLSX";"Führung"
"FHPUXRAGPV";"Stab-4-4. Aufk. Bat."
"FHRXADBTDP";"2. Zug"
"FHSPVEYORD";"1-1-12e Cuirassiers"
"FHVLDKJUQU";"Artillerie-Gruppe"
"FHVYGEOPZU";"1. Zug"
"FHWCQMRBTO";"2-C-101 Tkbat"
"FHWYSFCSQM";"PCE-1-24e Chasseurs"
"FHXTCBABSB";"1-B-3-PPCLI"
"FIJGQGNHGF";"2-2-JBG 34"
"FIPCCXPEIL";"Protec-2-4e Cuirassiers"
"FIPOYIAMLI";"3-7e EED"
"FIRMCXRGNO";"1-C-3-PPCLI"
"FISSWDIUVG";"2-B-47 Painfbat"
"FISVCCVLXY";"Grwr.-Gruppe"
"FIURIZVCDG";"1-103 Maresk"
"FIVQXKLJNG";"3-5-234. GebJäger"
"FIWLTCICLV";"4th Troop"
"FJBNGJXNHR";"1-B-Covadonga"
"FJCZOKZTAP";"1-2-5e Chasseurs"
"FJFJHWQDKS";"2-2-126e Infanterie"
"FJFZZUDBTX";"Company HQ"
"FJGWPKIZDH";"Aufkl.-Gruppe"
"FJIWXQHTEV";"3-1-1er Spahis"
"FJJLMWPXFN";"3-CA-1er RCAM"
"FJOSCXQSVI";"1-4-112. Panzer"
"FJQLKFYEDN";"2-2-1er Cuirassiers"
"FJQUJUSUFD";"3-1-JBG 33"
"FJRHESNFQB";"2-3-110e Infanterie"
"FKBUIMVCER";"2. Batterie"
"FKCZBOXZHV";"Führung"
"FKFPOZNIJK";"1-2-368-y OShAP"
"FKIQSNJWIA";"1-1-114e Infanterie"
"FKJPHTZJHH";"Führung"
"FKKYBXXIGM";"1-1-10 Para"
"FKLJQQXFSM";"4-3-232. GebJäger"
"FKLOFNULAS";"Führung"
"FKMGBHCUJI";"BCS-5-68e RA"
"FKMOSVYKVI";"2-3-53e RA"
"FKOZDPZJCQ";"2-1-35e Infanterie"
"FKPLLMCSTT";"1-2-87. Geb.Jäger"
"FKQBPAOXJB";"1-4-1er Chasseurs"
"FKROMQAMAB";"Aufkl.-Gruppe"
"FKRTRMZGLZ";"CA-1er RCAM"
"FKSJUSVGLI";"PCE-3-6e RPIMa"
"FKTBNSPKKE";"Meca-3-GBLA I/14"
"FLGHKFVUPP";"1-2-2e Chasseurs"
"FLGOLPAAHQ";"2-C-4/7RDG"
"FLGVUHQNAI";"2-A-1-34th Armored"
"FLKEHYBNGQ";"Stab-4-8. Geb.Aufkl.-Bat."
"FLLRSHOVTH";"2-C-GACA I/11"
"FLPAGJGHII";"Führung"
"FLSWBLCUDN";"2-C-3 Field Rgt. RHA"
"FLWOVEMZAY";"2-(1-TerrA)"
"FLXNYPDLVE";"I Squadron"
"FMAQHNQZAR";"Troop HQ"
"FMFNREWZOG";"HQ-C-12 GACA"
"FMFRCNRAHJ";"1st Platoon"
"FMGJFFCTRQ";"2-A-5 Hvy. Rgt. RA."
"FMGTITFADR";"2-3-285. Artillerie"
"FMGWFADCBT";"Cavalry scout Platoon"
"FMKMCZUEXN";"Groupe AT"
"FMLTHVKDYV";"ECS-3e Gpe-7e RHC"
"FMNIJFOACD";"2nd Troop"
"FMNRASHGHX";"3-1-5e Chasseurs"
"FMTHXXGSQY";"1-3-42. RakArt.-Bat."
"FMTOLLOKQW";"Sicherungs-Zug 354/1"
"FMYUNYBKEK";"AC-1-8e Chasseurs"
"FNDTURKEEO";"3-Valois 1/30"
"FNIPAOBCVJ";"1. (Panzer) Zug"
"FNITGDSZNV";"Fla-Gruppe"
"FNKBLZXPUU";"Air Defense Group"
"FNMAENNLZY";"pluton zaop."
"FNTZMICVVE";"2. Zug"
"FNYBVWQEAW";"Führungsbatterie"
"FOBJIPXGZS";"AC-2-42e Infanterie"
"FOHCJHOQJP";"BCS-3-403 RA"
"FOIEGBARJE";"3rd Aero Wpn. Platoon"
"FOJKMSVBRG";"3-(3-TerrC)"
"FOMNNJGKHV";"1-C-44 Painfbat"
"FONBMXHVBT";"HQ-B-4RTR"
"FOPACVKQTT";"3-2-103. Panzer"
"FOPCCUZLMX";"Sich.-Zug"
"FOQWEUOQGP";"Stab-4-101. Artillerie"
"FOUFYSVEET";"2-1-8. PLMB"
"FOVBMNUXWN";"2-A-GACA II/11"
"FPAGTTWYIR";"4-I-3-R22R"
"FPCOXPDXEW";"2-HFS 10"
"FPHKPJULIN";"2-4-231. GebJäger"
"FPHQIPJYZH";"HQ-G-I,/51st Highland Vol."
"FPHTFNTTPK";"1-4 Field Sq. RE"
"FPKYXCXGCL";"3-51 Pagncie"
"FPKZLIBICB";"Fla-Gruppe"
"FPOMFOTSJQ";"1-3-8e Hussards"
"FPSPEGSPAN";"3. Zug"
"FPSPQRRBVE";"1-3-4e Cuirassiers"
"FPWJRRADJL";"2e Batterie"
"FPXLDXPIIQ";"2-3-14 pappanc"
"FPZWUVMPKJ";"Stab-4-281. Panzer"
"FQBIHFQEKF";"1-4-3e RCP"
"FQBNOFPNUY";"4-B-43 Tkbat"
"FQBQYTAUAT";"1-51 Maresk"
"FQBRFVTKNN";"Wpn-C-1-16th Mech. Inf."
"FQFJNWQMTD";"MP Groupe"
"FQHXYWEZAQ";"BCS-75e Artillerie"
"FQIIEYWOFC";"1-2-JG7"
"FQMCKESHIX";"Air Defense Platoon"
"FQMHSPWIBH";"Führung"
"FQNHFIWHEJ";"2-IV-1FighterRgt"
"FQNSLYLIZC";"1-II-5FighterRgt"
"FQOTVECQAG";"2. Zug"
"FQRBRGMMOR";"3-1-1er RHP"
"FQSBDQUNTC";"2. Zug"
"FQTCNFIFZU";"1-2-19e RA"
"FQUMDGSUDK";"2-B-132 Infbat"
"FQVLQWOYZL";"1. Batterie"
"FQYVUYYVVB";"4-C-15/19RKH"
"FRDSVTCTMV";"E Squadron"
"FRERISZATC";"3-B-1st Engineers"
"FRFJBVBGPA";"9. Kompanie"
"FRIUFNJDAJ";"HQ-A-15/19RKH"
"FRLRVHUYZR";"Fla-Gruppe"
"FRQFIMMGTP";"BCS-3-19e RA"
"FRQXEBFSTR";"2-49-27 Field Rgt. RA."
"FRUBBDQLMB";"pluton ppanc"
"FRUGKMUTZA";"2 pluton zmech."
"FRWRHLESFE";"2-3-401 RA"
"FRWXHQNJOG";"1-3-1er Dragons"
"FSCRPAVMSV";"M Squadron"
"FSCUQZBCMP";"HQ-A-Mérida"
"FSEEWPRHVX";"HQ-B-I,/Green Howards"
"FSFEPHGMJZ";"3e Section"
"FSIQFXFLFU";"2-1 Field Sq. RE"
"FSLIDROZTW";"1-B-1-34th Armored"
"FSOTACDOFP";"Stab-2-231. GebJäger"
"FSZQOXSUUZ";"2-B-1st Engineers"
"FTBFUOLCVV";"1-1-8e RPIMa"
"FTCITRRCLC";"2-1-JBG-77"
"FTDIBGYRSC";"Führung"
"FTEEZJDXHQ";"1-3-1er RA"
"FTFRXGRTCT";"2-1-LSRCH"
"FTIDMWFWLP";"1-4-3e Hussards"
"FTLFXYCKJD";"Sicherungs-Zug 7322"
"FTLVKDVHLN";"10-C-V,/Queen's Rgt."
"FTMIMIILYR";"2. Batterie"
"FTMXXLMSDP";"Recon-A-9th/12thQDG"
"FTRJWRKBHI";"EM-12e DBL"
"FTUPFTKYDQ";"3-1-24e RA"
"FTVHJTUSQO";"BCS-2-68e RA"
"FTXNYFDDEN";"Aufkl.-Gruppe"
"FTZOGQXOMO";"2-1-9e RAMa"
"FUCWTGEXFD";"Provost Patrol"
"FUEOBJAVFE";"Platoon HQ"
"FUHJJDLKKP";"2-C-12 Painfbat"
"FUIOICDDWE";"Führung"
"FUOAOHEMAJ";"BCS-1-401 RA"
"FUUSYORHDL";"HQ-D-1-R22R"
"FUVQHEFTRZ";"2-2-35-y IAP"
"FUXNIKOTEF";"1-2-JG 74"
"FUYAADATZM";"4-C-Almansa"
"FUYORPPYOF";"4-3-11e Cuirassiers"
"FUYVVGORBP";"1-3-14 pappanc"
"FUZJRYYDFB";"1-A-45 Painfbat"
"FVAXHBNJTZ";"2-2-JG2"
"FVDLRJIJRM";"2-B-115 Afdltlua"
"FVEOOIXEGQ";"1-560. Pionier-Kie"
"FVFOTRESAD";"BCS-2e Artillerie"
"FVFRWSTSCV";"3-2-10 Para"
"FVGERYCAAH";"5-5e Chasseurs"
"FVITKAQFDP";"9-C-I,/KORB"
"FVITXGCJFM";"1. Zug"
"FVKUEECPBM";"HQ-D-I,/Staffordshire"
"FVMHIDZLJK";"4-3-30e Chasseurs"
"FVMHIXSJVI";"1st Troop"
"FVNELKCJBZ";"1-4-10 Para"
"FVOGJRVHAX";"2. Zug"
"FVRHNPUZDU";"ECS-507e RCC"
"FVRRRQVBVD";"dowództwo dywizji"
"FVTPGYURWM";"CCS-13e RDP"
"FVVEDRVTZT";"PCE-2-2e Chasseurs"
"FVYKSAMBVE";"Batterie PC"
"FWCVAMVPWR";"PzJäger-Gruppe"
"FWEZIGMAYK";"2-4-402 RA"
"FWHQRHJDGG";"1-2-10. Pionier"
"FWHVRIKFIX";"1-3-8. Geb.Aufkl.-Bat."
"FWJDDTZBNU";"BCS-3-9e RAMa"
"FWJQBKAUSM";"PCE-1-99e Infanterie"
"FWKFTNATSL";"Sicherungs-Zug 7321"
"FWLVROYVIT";"Batterie PC"
"FWNLAMCRSG";"HQ-(2-TerrF)"
"FWPIQLYOBP";"3-2-232. GebJäger"
"FWRMKRQDQB";"HQ-B-15 Para"
"FWWWAXCUMU";"1-2-368-y OShAP"
"FWWWLAUFYK";"2-3-30e Chasseurs"
"FXAATBQMJU";"1-1-402 RA"
"FXBOWLFGTO";"2-3-16e Chasseurs"
"FXBUHIDJSV";"Protec-3-4e Cuirassiers"
"FXGEVQVTHK";"HQ-D-RSDG"
"FXLQDZMZYR";"2-480th TFS"
"FXOFNURKCQ";"PCE-3-30e Chasseurs"
"FXVIWTJHQO";"3rd Troop"
"FXWFEUIYSY";"3-4-1er Spahis"
"FYANPHMBOH";"3-4-8. Geb.Panzer"
"FYCYNQKDHS";"2. Zug"
"FYLRZTFLTF";"Aufk.-Gruppe"
"FYOAQREVAU";"1. Zug"
"FYOFNLRMGP";"1-Valois 1/30"
"FYQNNXVVLT";"3. Zug"
"FYWRUBWGGV";"1-3-565. Pz.Artillerie"
"FYZXBVOSRW";"Stab-5-242. Panzer"
"FZAMLJJCYE";"1-B-5 Hvy. Rgt. RA."
"FZBUCOZGEJ";"2-A-41 Tkbat"
"FZDZOWAPFF";"1-V-5-16th Mech. Inf."
"FZGFIRONNF";"2-C-I-RALCA 62"
"FZHLFDXVGQ";"Stab-81. Geb.Artillerie"
"FZIRFBYGUL";"HQ-C-3 Field Rgt. RHA"
"FZKVBDXXJZ";"EM-6e DBL"
"FZMWVFYRZT";"HQ-D-9th/12thQDG"
"FZOFXKTGDO";"3-2-291. Panzer"
"FZOTKPGCDB";"4-D-QOY"
"FZPXWFFDKV";"ReconC-9th/12thQDG"
"FZQIACXSPX";"1 pluton czołgów"
"FZRSUNHMNA";"Section AC"
"FZTGEDAXZN";"2-A-47 Painfbat"
"FZUPMRYHNJ";"CCS-19e Génie"
"FZVCZOIFLW";"2nd Platoon"
"FZWKCXGWEZ";"2-C-102 Infbat"
"GABPKCRMBB";"1-1-19e RA"
"GAELKAEMZF";"3-5 dam"
"GAHKTLMCFG";"ECS-1er Spahis"
"GAIFAEXOGP";"1-3-231. GebJäger"
"GAIUCVDQIK";"Battery HQ"
"GAJDFQILAE";"HQ-B-V,/RRF"
"GAKNSEVIOO";"2-4-10. Aufk. Bat."
"GALKKGGMJG";"BCS-1-54e RA"
"GALVQJWGYV";"2-1-5e Cuirassiers"
"GALZGIWUHV";"3-B-8CH"
"GAPYKRIFUW";"Sicherungs-Zug 353/4"
"GARORCZGLC";"HQ-A-I,/Staffordshire"
"GATPCFGICE";"2nd Platoon"
"GBBAJVAJGM";"2-331CC-33e Génie"
"GBEHXHYZIL";"3-A-VII,/RAR"
"GBEPQQMDGR";"1-2-99e Infanterie"
"GBFNAGKHFN";"3-C-4 Para"
"GBGFXTSNVY";"2-4-282. Panzer"
"GBJLTYDRHT";"ECS-12e GHL"
"GBKEKRTBUE";"PCE-4-92e Infanterie"
"GBLDKOKIRK";"2. Batterie"
"GBWESGMGQI";"2-AT-5-16th Mech. Inf."
"GBWNONTGWS";"3-C-43 Tkbat"
"GCAFRGAWIB";"Führungsbatterie"
"GCBVZMLWGG";"1-Cyclops-2RTR"
"GCERDGKVQM";"Führung"
"GCEZNXVNTI";"5 komp. czołgów"
"GCFMXNXNJD";"Battery HQ"
"GCGPBVGFCK";"PCE-3-2e REP"
"GCGVDBAQLX";"3-(2-TerrF)"
"GCMWCIUVKB";"Groupe de Reco"
"GCNKGEYQNN";"Stab-10. Panzer"
"GCOSXSKZLM";"1. Zug"
"GCSUIRKQEO";"2. Zug"
"GDBREUJOSK";"1. Zug"
"GDCMTFBZQH";"PCE-3-5e Dragons"
"GDHGBCLZQD";"3-III-5FighterRgt"
"GDIOPMXHII";"2655 Sq. AAC"
"GDIQFICJHG";"3e Section"
"GDJAOQFZRN";"2-1-33-y IAP"
"GDNKRGGIII";"Cavalry scout Platoon"
"GDOKGWELTM";"Mort-Wpn-3-RCR"
"GDOWFVEVHB";"PCE-3-1er RCAM"
"GDPJXPMOAI";"PzJäger-Zug"
"GDQYTVCOXV";"1-CCM-1er RCAM"
"GDROIVBSOL";"HQ-C-V,/RRF"
"GDSNQUUWZU";"2-1-JBG-28"
"GDTKFYIISY";"3-B-Las Navas"
"GDTNAHQWZN";"2-Gpt. Reco."
"GEBJHIMZDX";"2-332CC-33e Génie"
"GECFMFRQPJ";"3 pelnatres"
"GEHMQTOQYI";"2-SK-10. Panzer"
"GEMYFPLPEH";"3-4-303. Panzer"
"GEPLJJLVJZ";"4-C-55 Painfbat"
"GEVCUSFHKQ";"bevop"
"GEWUSTDDIP";"CCS-1CC-10e Génie"
"GFBSBTRNNP";"2-1CCM-13e Génie"
"GFFECYTWWV";"3rd Platoon"
"GFFJJFPNNT";"Wpn-I-2-136th Mech. Inf."
"GFJFMLFYKQ";"2-(1-TerrC)"
"GFLHZBPQIC";"Stab-3-102. Panzer"
"GFRBHICOOU";"3-3-5e Chasseurs"
"GFVYVHPVTW";"3-4-301. Panzer"
"GFYGDGQGSR";"Stab-5-81. Geb.Artillerie"
"GFYYJAOJRS";"2-B-Mérida"
"GFZVWREVDD";"2. Zug"
"GGCRHWBCFJ";"Sicherungs-Zug 7311"
"GGGBEYAOCA";"Stab-2-112. Panzer"
"GGGBIHAGVP";"2-3-43e RAMa"
"GGMLMZQFIN";"1-C-11 GACA"
"GGNVIFADZJ";"Stab"
"GGQTXLEPWF";"1-1-833-y IAP"
"GGTGKQGBDG";"1-B-I,/KORB"
"GGVHEXWTRY";"2. Zug"
"GGVIVOXYTN";"Logistikgruppe"
"GGWWZONDES";"1. Zug"
"GGXSTVVZDU";"2-G-2-RCR"
"GGZMGKFRXK";"3-5-4. Aufk. Bat."
"GGZUUGNXSH";"PCE-2-3e RPIMa"
"GHAHXFWAAC";"4-Badger-2RTR"
"GHEMCCVHZS";"5-B-VII,/RAR"
"GHIXXXMXOF";"PCE-4-21e RIMa"
"GHLHWUHWVR";"2-Roussillon 1/11"
"GHMJYXWZCM";"2-3-403 RA"
"GHNRLSZRWZ";"1-B-101 Tkbat"
"GHRUTDRPCM";"4th Company"
"GHSJQFFDUC";"1-D-Cantabria"
"GHWBUBJIOJ";"Sicherungs-Zug 7333"
"GHWLWRWSAY";"2-A-I,/Scots Gds."
"GIFBUYETXE";"Troop HQ"
"GIGONUINBL";"1-E-1st Aviation"
"GIITLIJTBS";"2. Batterie"
"GIKKUZXDUQ";"10-C-V,/RRF"
"GIMOJQSXCO";"PCE-2-3e Chasseurs"
"GINJRIAKBR";"Aufk.-Gruppe"
"GIONGCSXSQ";"5-B-I,/PWORY"
"GIPJSLXMVQ";"Logistics Group"
"GIQSTGLOHF";"2-Navarre 1/3"
"GIRVHVIWOL";"2-170-45 Field Rgt. RA."
"GISIXHTKNO";"Panzer_Gruppe"
"GITRTZAZLS";"1st Troop"
"GIXURWDMFL";"1. Batterie"
"GJAPIJLKZY";"BCS-4-25e RA"
"GJAXAESSPW";"Carros-1-GBLA I/14"
"GJKXFLIYIQ";"2-V-5-16th Mech. Inf."
"GJKXXVDSZH";"Section AA"
"GJMTOPSLQU";"CCAS-170e Infanterie"
"GJQEJWCPQD";"Führung"
"GJQNPJHLYM";"1-1-20e RA"
"GJQYVTXNCH";"3-2-242. Panzer"
"GJTNTTFXRV";"2-3-42e Infanterie"
"GJUDOCRVAU";"1e Section"
"GJWEHBAKTM";"1-1-1er RHP"
"GJYVNSIFYK";"4-Det./1er RPIMa"
"GJZZLPQGQI";"HQ-A-I,/RAR"
"GKFVNBHFBM";"4-1-1er RCP"
"GKGPMDLVBJ";"Batterie PC"
"GKHQBGUSPJ";"2-1-11e RA"
"GKHYXJJUUS";"2-1-40. PLMB"
"GKIKJRGEDJ";"Squadron HQ"
"GKIVQWZSXL";"4-B-12 Painfbat"
"GKIVYQCHLK";"1-1-730-y APIB"
"GKIWSTKUGK";"Groupe AA"
"GKJELCLLOW";"Company HQ"
"GKJUKOZFLH";"HQ-D-I,/Scots Gds."
"GKQBHKPGLL";"4-3-1er Spahis"
"GKSFNVNDJE";"2-4-110e Infanterie"
"GKSNBQCAOX";"3-1-8e Hussards"
"GLARVUUKFW";"102 Field Sqn (24"
"GLGDVYEKDN";"ECS-3e RPIMa"
"GLGWUXSGSQ";"3-3-3e Dragons"
"GLPMLUAXFQ";"2. Batterie"
"GLROXRSCCN";"4-B-Farnesio"
"GLUMUPXLAI";"AC-1-16e Chasseurs"
"GLXKLPKKVE";"HQ-C-15 Para"
"GMDOVUNXVD";"Sicherungs-Zug 7324"
"GMFVXPEVSJ";"3-1-LSRCH"
"GMGSQTQSGF";"3-35 Air Def. Bty."
"GMISZUVKXP";"3-2-JG8"
"GMMTDOJXYV";"2-A-492nd TFS"
"GMOJFYUPVF";"2-B-8CH"
"GMSSGGBMTS";"2nd Platoon"
"GMSVBHJPGY";"1. Zug"
"GMSWRGKOPK";"1-4-294. Panzer"
"GMVLGEXAXK";"2-2CC-2e Génie"
"GMXOTEOZLZ";"HQ-5-RALC"
"GMXWAGLIFH";"Sicherungs-Zug 7313"
"GMZQTSSQWW";"4-4-19e Chasseurs"
"GNARKGQDZG";"1 pluton czemiczny"
"GNETZVAEHM";"1-1-31-y Gv. IAP"
"GNGJUDZTQH";"2-B-16. HFR"
"GNGOYKIFUF";"Platoon HQ"
"GNIMPOIAIT";"AC-2-19e Chasseurs"
"GNJJRYXQVN";"2-5-8. Geb.Panzer"
"GNLPGDNAHY";"2-C-5-RALC"
"GNLVFPPWIB";"4e Section"
"GNOIGUHMQU";"2-1-JBG-37"
"GNRVLFVYIM";"PCE-1-21e RIMa"
"GNVWLHENKO";"3-1CCM-13e Génie"
"GNWNZJCTLU";"3-E-2-RCR"
"GNXQUPAAQY";"Section PC"
"GNYKKKLKQO";"3rd Battery"
"GOAYMYZLWK";"2e Batterie"
"GOCEHZWQCR";"Recon-A-I,/Scots Gds."
"GODKXNCHGF";"4th Company"
"GOKFLKUOOJ";"BCS-4-401 RA"
"GOKLWFMYAH";"1-ya Rota"
"GOLKKNHCMQ";"1-T-4-16th Mech. Inf."
"GORDLESBSH";"3-3-86. Geb.Jäger"
"GOROJBZPFD";"Führung"
"GOWWWDHWQZ";"3e Section"
"GOZFIWZIPA";"1e Section"
"GPCVKCACQI";"2-C-I-RAAA 73"
"GPEQCRCASS";"B-Mr"
"GPHCAQPWII";"3. Zug"
"GPJKIJPJIG";"1st Platoon"
"GPKDBDQINN";"2-4 Field Sq. RE"
"GPLOPGGEOZ";"Führung"
"GPMBCUDRSU";"Section AA"
"GPOJTABJHQ";"4-A-43 Painfbat"
"GPXZIEJQTB";"2-4-3e Infanterie"
"GPYTROVPDE";"4-M-3-RCR"
"GQAFZYFPVY";"Sicherungs-Zug 7423"
"GQAMWPMJDX";"1-1-JG9"
"GQAZSYXLSZ";"Aufkl.-Gruppe"
"GQBRTDBITH";"2-1st MP Coy."
"GQGJBVOPVN";"1. Zug"
"GQGJMXCSRG";"1-B-40 Field Rgt. RHA."
"GQGRTJXITP";"2-III-11FighterRgt"
"GQHKVSOKCA";"3-C-Alcantara"
"GQJVVHTAEO";"HQ-40th Army Eng. Supp. Grp."
"GQKZYZWWCY";"4-B-15/19RKH"
"GQNRWJGCUN";"3-C-1-16th Mech. Inf."
"GQQPMHQKWS";"4-J-3-R22R"
"GQRSODWVYJ";"1st Troop"
"GQSNINOCVW";"2-2-102. RakArt.-Bat."
"GQTGUOFKHZ";"1-C-52 Tkbat"
"GQUNTVUVSQ";"1-4-561. Panzer"
"GQWCIKDNMB";"3e Patrouille"
"GQYAWXVGXF";"2-M-3-34th Armored"
"GQZXAAPKWJ";"Führung"
"GRAAYRKRTH";"1. Zug"
"GRBAWGYNYM";"3-A-3-RCHA"
"GRFHGTILAU";"2-3-301. Panzer"
"GRJOPIYRXU";"B-12 Squadron"
"GRKHMOEMOQ";"Führungsbatterie"
"GRMFZNOOZE";"2. Zug"
"GRONUEZIIX";"2-1-Res.PzR. 15"
"GRPCEOZFRB";"1e Section"
"GRRLZJTGOU";"2-5-282. Panzer"
"GRRVBGCHPB";"HQ-D-1-5th Field Art."
"GRSOPWBWRS";"HQ-M-3-RCR"
"GRZCACVCET";"2-671 Sq. AAC"
"GRZSSNMBDW";"2-4-243. Panzer"
"GSBITNUEJE";"2. Zug"
"GSBMCYYAWO";"Stab-3-241. Panzer"
"GSDADDWTPD";"2-5-102. RakArt.-Bat."
"GSHURCHTLC";"Section de Reco"
"GSICNYOBAK";"2-B-3-PPCLI"
"GSMUUEIJHU";"2-3-114. Panzer"
"GSNTBMEVBL";"Stab-5-303. Panzer"
"GSQSCAJUTE";"Q Squadron"
"GSRRXXKINQ";"HQ-B-I,/PWORY"
"GSVGQRSVZE";"Führung"
"GSWUJBWDJU";"2-3-231. Panzer"
"GSYYQCUMWW";"1-3-11e RA"
"GTFJFBXSIN";"Stab-FErsatz-Bat. 230"
"GTHIJGOVPY";"HQ-C-II,/Queen's Rgt."
"GTIYIOIAXQ";"1-3-561. Panzer"
"GTJKMLXYYO";"HQ-11 Air Def. Bty."
"GTLXGNJPTA";"3rd Troop"
"GTMRYVOIOH";"3-53 Paluabt"
"GTNYZYNYVR";"3-4-3e RPIMa"
"GTPYSPIQNT";"2 pluton czemiczny"
"GTRCHTSVSV";"2-A-16. HFR"
"GTVWJRMKVE";"3-1-296-y APIB"
"GTWISCYUZZ";"Mörser-Batt."
"GTWWIZFJCR";"HQ-B-QOH"
"GTYQOBHAPA";"2-129 ADA"
"GTZZNTFXID";"Führung"
"GUAROORKNC";"2-A-9th/12thQDG"
"GUASZFLFZW";"Teile-4-Beo.Bat. 83"
"GUBDWVOPSZ";"ECS-5e Dragons"
"GUEHICZPOA";"3-H-2-136th Mech. Inf."
"GUEJNNYNQX";"1. Zug"
"GUFYTICPCI";"1. Zug"
"GUGVLXCCZI";"5 pluton czołgów"
"GUJNYGNSKA";"Protec-2-3e Cuirassiers"
"GUKJSXEWDZ";"Stab"
"GUNAVOIHWU";"3-3-126e Infanterie"
"GUOPAHRAJZ";"1-B-103 GnBat"
"GUQTSOPOMJ";"1st Platoon"
"GUUOEDHWGM";"1-4-291. Panzer"
"GUUPMJIKFQ";"2nd LSV Troop"
"GUWRTAOBVG";"3. Zug"
"GUXQHJGWQH";"2-I-11FighterRgt"
"GUXZNYACTP";"1. Zug"
"GVAHLSDRID";"2-4-13e RA"
"GVATGLDXYE";"2-A-42 Painfbat"
"GVBQYVYITT";"2-5-113. Panzer"
"GVJJVCDSCN";"1st Platoon"
"GVMFCIUOGP";"1-A-41 Painfbat"
"GVNLLNKDFU";"1-C-QOY"
"GVNVBWSTDE";"Stab-103. Pz.Gren."
"GVPFJGSQJN";"2-F-2-R22R"
"GVZJGHTASV";"Section PC"
"GWAAXZXWFT";"4-B-101 Tkbat"
"GWBKUKUAYT";"2-D-1-4th Cavalry"
"GWCLRSNNJN";"3-1-3e Cuirassiers"
"GWFTWULGWU";"3-A-14 Painfbat"
"GWGLMZUPDU";"Cavalry scout Platoon"
"GWJONCEZBX";"2e pelnatres"
"GWMNTTXSTG";"Grwr.-Gruppe"
"GWNROYECYD";"Platoon HQ"
"GWOVDTBQEG";"Sicherungs-Zug 4413/01"
"GWPRSOQKOL";"HQ-30 Air Def. Bty."
"GWPUKCTVFG";"PCE-3-4e Etranger"
"GWRAMUFAER";"1-A-QOH"
"GWTKDJJUDV";"1-C-43 Tkbat"
"GWTPSRUWFV";"Engineer Recon Patrol"
"GWTZIPFBHY";"Section de Soutien"
"GWUROFRHGY";"4-1-3e RPIMa"
"GWUUWEPTIU";"1-A-102 Infbat"
"GWWGCXFYQQ";"2-FErsKie."
"GWWHLGYCCF";"1-1-48. Sicherungs"
"GWYMVPOHRE";"Supply Battery"
"GWZDWFPZMR";"HQ-B-3 Field Rgt. RHA"
"GXAZAECEYB";"ECS-9e RCP"
"GXBTNYXVOG";"4-2-2e Chasseurs"
"GXCMTYCFTG";"HQ-B-40 Field Rgt. RHA."
"GXDIFFCMNK";"1-A-46 Painfbat"
"GXKEDBMFMR";"1-3-403 RA"
"GXKVITCCQQ";"3-3-121. Panzer"
"GXMXJNVLQB";"1st Platoon"
"GXRHETTROK";"2. Batterie"
"GXSJKASUXI";"Det.-13 Paatcie"
"GXVNKLPZJO";"3-4-1er REC"
"GXVNOSJGEB";"HQ-(2-TerrB)"
"GXZWJKJETM";"1-2-88. Geb.Sicherungs"
"GYFAOSWSSW";"2nd Recon Platoon"
"GYFJFQTLRP";"HQ-A-V,/Queen's Rgt."
"GYIGQLESAB";"Groupe AA"
"GYQXGTNRIR";"HQ-(2-TerrE)"
"GYVKPDWIVA";"2-13 Paluabt"
"GZAJWPUWUD";"2 pelnatres"
"GZASULDKTL";"PALR-Gruppe"
"GZBVOCBWCD";"11-C-VII,/RAR"
"GZDJLXXPWG";"1-3-85-y Gv. IAP"
"GZFBGBMTCM";"3-ya Rota"
"GZFBSASENG";"2-R-4-16th Mech. Inf."
"GZHOOQQPZL";"3-3-4e Etranger"
"GZNUIWMFDG";"Führung"
"GZNUMYZQBX";"Field Eng. Group"
"GZPAFUTWBV";"Führung"
"GZQUUGTMEI";"3-1-14 pappanc"
"GZSZSQPIMT";"Flak-Gruppe"
"GZTMKKYXKG";"3-1-48. Sicherungs"
"HAELBGJESI";"3rd Platoon"
"HAHETSETSY";"PCE-1-4e Etranger"
"HAHVAHLNTM";"Drohnenbatterie 100"
"HAIRSVQICI";"Wallmeistertrupp 471/5"
"HALLTNSERY";"3-2-559-y APIB"
"HAOADMZLNG";"3-4-563. Panzer"
"HAYEQLHLMD";"1-51 Paluabt"
"HAYPPIMWUK";"1-115 Provost Coy. RMP"
"HAZMIZRHUK";"Recon-A-III,/RAR"
"HBAIRDLTHD";"15-D-I,/York Vol."
"HBEHEJLGQA";"1-1-3e Hussards"
"HBGVHDKRCN";"1st Battery"
"HBIHLTEGQW";"Fla-Gruppe"
"HBLUTIMQXB";"AA Platoon"
"HBNBZKDVPP";"Mortar Battery"
"HBPNSSFJZP";"PALR-Gruppe"
"HBQEQZBDRJ";"BCS-4-33e RA"
"HBRVIVUOYI";"2-2-48. Sicherungs"
"HBSXBGXDKZ";"Stab-301. Panzer"
"HBURANCUUZ";"1-A-12 GACA"
"HBWMSSBDNK";"2. Zug"
"HBYDHLKSKN";"Platoon HQ"
"HBZZUPRGUU";"3-B-1-PPCLI"
"HCHIDFKLED";"3-4-10 Para"
"HCKJYFNNSG";"Air Defence Group"
"HCLBGNNHOL";"Artillery Group"
"HCMOJCAVPQ";"2-64e Cie. du Génie"
"HCQEUNOJGB";"BCS-3-1er RA"
"HCRIDQBHHI";"Stab-1-108. Sicherungs"
"HCRUMKSKJZ";"3-2CC-1er Génie"
"HCSKIZGXUJ";"HQ-1CID"
"HCVAQAETBQ";"2-S-4-37th Armored"
"HCXTYRMFNT";"2-A-III-RAAA 71"
"HDAPVRPZOC";"verkgp"
"HDBLQDBPOJ";"10. Zug"
"HDCHLQELYE";"1-A-322 Sq."
"HDEZOCUZUC";"2e Section"
"HDJYFCCMRL";"PCE-3-1er RHP"
"HDLHNGRXRK";"4. Kette"
"HDLIIZMEXW";"1-19 Squadron"
"HDONHVFTKE";"1-2CCM-13e Génie"
"HDPQYTACVO";"1-3-8e Chasseurs"
"HDSWFRYBJE";"2-2-35-y IAP"
"HDYCRTLJQE";"Supply Troop"
"HDYEJYHVKW";"pelvm"
"HDZJPKWDAC";"4th LSV Troop"
"HECOLAMIOV";"HQ-C-II,/York Vol."
"HEEKFESMDB";"2-I-20FightBombRgt"
"HEGBBKFTWW";"2-3-87. Geb.Jäger"
"HEJEYUMZBC";"4-B-13 Painfbat"
"HEMKWRFUTE";"1-1-25e RA"
"HEOETGCAET";"1st Platoon"
"HEQCTZNKBF";"1e Section"
"HERFCMHRCR";"1-A-1-PPCLI"
"HERFPUKQHG";"2. Kie"
"HETIBKWXEF";"Section de Reco"
"HETPNMDVFV";"2-D-59 Tkbat"
"HETZADJEJE";"Führung"
"HEZGIEVDQP";"1-3-152e Infanterie"
"HEZJUYIQAK";"1-A-313 Sq."
"HFADBHIKTS";"Grwr.-Zug"
"HFBUBJSHBP";"Company HQ"
"HFHDLKQIDG";"1-D-10th Cav. Bat."
"HFKBUKVDFZ";"2-1-54e RA"
"HFPPWEWNRD";"2-B-Royal Yeo."
"HFQUUCOOCW";"Stab-5-4. Aufk. Bat."
"HFRECZQBDN";"1-4-102. RakArt.-Bat."
"HFSOWYXOZC";"Stab-HFS 10"
"HFWCTNFCJZ";"1st Flight"
"HFYHGRIYYO";"Det. Lemwerder"
"HGADWOSQYO";"1118 Field Sqn (24"
"HGNTROBBFG";"Sicherungs-Zug 7312"
"HGNVBJMOLD";"AC-1-30e Chasseurs"
"HGOTQWOHNA";"Führung"
"HGRNTTNLLU";"Protec-4-3e Dragons"
"HGSZUWFXEQ";"3. Zug"
"HGWBYTALQM";"Führungsbatterie"
"HGXFSYIZVG";"AT Group"
"HGXGZRSJDO";"1st Attack Platoon"
"HHKHMCVZQK";"1-12 Field Sq. RE"
"HHKQDZNBDE";"3-(2-TerrA)"
"HHLZTRCNKZ";"PCE-CEA-8e RPIMa"
"HHMOHLCPLN";"2-1-13e RA"
"HHPJPNVCTF";"kompania zaop."
"HHQWADFAHX";"4-CLR-1er RCAM"
"HHTRQEUPGT";"3-2-8. Geb.Aufkl.-Bat."
"HHUQZMABXW";"1-5-302. Panzer"
"HHUWCQKSUR";"Batterie PC"
"HHVEWZBNQH";"4-5-232. GebJäger"
"HHYMAEGHPB";"ECS-5e Chasseurs"
"HIMBOGWIMX";"Artillerie-Gruppe"
"HIMZVLKXYL";"3-B-Covadonga"
"HINWQIPELT";"4-A-46 Painfbat"
"HIOSQRCOFV";"Stab-II. Korps"
"HIPQNIPNMV";"2e Section"
"HISJUFVNOD";"Section du Génie"
"HIZEUHMKWJ";"HQ-C-4RTR"
"HJAAPIVNFZ";"2. Zug"
"HJBOLGOSFC";"Section PC"
"HJBTCQWYYB";"3-4-241. Panzer"
"HJCNRPVPDB";"1-2-75e RA"
"HJFJZVEVKY";"HQ-Wpn-2-R22R"
"HJGDNXJUEV";"2. Zug"
"HJHJMIRRQE";"3-Y-5-16th Mech. Inf."
"HJIKGEOHWJ";"Führung"
"HJJHRYWCHH";"5-4-8e RPIMa"
"HJMLIWLTQI";"2. Zug"
"HJSTZJEQDK";"1-3-124. Panzer"
"HJVBLROMMU";"Section de Mortiers"
"HJZFRALFWN";"klucz rozp."
"HKBQILUYZX";"3-B-3-RCHA"
"HKBUJMNLOX";"1-1st MP Coy."
"HKCMIJGIKI";"1-A-Alcantara"
"HKENTKPHHG";"HQ-A-I,/PWORY"
"HKFTWRKDVW";"3-3-3e Cuirassiers"
"HKGBJYSQJO";"1st Company"
"HKHJXZGQBX";"3-C-Cantabria"
"HKLIYIGHUR";"15-D-I,/Green Howards"
"HKLLUMCPMT";"3-4-234. GebJäger"
"HKWQONPFVY";"Stab-114. Panzer"
"HKWQTSQVSN";"Stab-4-103. Panzer"
"HKYMPRNEPY";"3-2-JBG 34"
"HKYVEFCKFX";"1-C-45 Afdltlua"
"HLAJKMJYPJ";"1-114 Provost Coy. RMP"
"HLCTEGTTYV";"1-HFS 10"
"HLEIGWRGLL";"HQ-C-3-RCHA"
"HLGOYMWBOM";"Protec-4-1er Cuirassiers"
"HLKZKURFUN";"8-D-I,/ASH"
"HLNWETCJCA";"2. Batterie"
"HLOICHIRRR";"Section du Génie"
"HLOPUMNCSH";"4th Troop"
"HLTDNCAMLB";"3-(1-TerrA)"
"HLUHXVKOVR";"Grwr.-Gruppe"
"HMDMTUILTZ";"2. Zug"
"HMEYSFTWLY";"3rd Troop"
"HMJBUYRYJY";"1-III-11FighterRgt"
"HMQNDDHFVQ";"FRR-Gruppe"
"HMTGPJISCI";"Logistikgruppe"
"HMTIPGWJSC";"3rd Troop"
"HMWGMXILCK";"2e Patrouille"
"HMYEFPMYDV";"Section Logistique"
"HNAUSXZLDZ";"Carros-2-GBLA I/14"
"HNCFWZSQHX";"2-3-294-y ORAP"
"HNCGLIWHVB";"3-4-302. Panzer"
"HNDQDOYVBW";"Squadron HQ"
"HNEADEQDAH";"HQ-B-4 Field Rgt. RHA."
"HNHECQQRVG";"1-ya Rota"
"HNNIXQGMZQ";"3-3-114. Panzer"
"HNNJPCWRTL";"2EHL-12e GHL"
"HNNKLWMDBZ";"2-A-III,/Stafford."
"HNOATTAUET";"3-B-1RTR"
"HNOJWOWZVI";"2. Zug"
"HNPLQDVGAU";"HQ-I-RAAA 73"
"HNRWKYOZSK";"AA Group"
"HOCKVFPJJH";"2-3-563. Panzer"
"HOEMJEVRBZ";"2-1-JBG-28"
"HOFMPDUVHH";"2-B-492nd TFS"
"HOJAZUQSMD";"3-A-I,/RIR"
"HOQUDQQGKL";"Sicherungs-Zug 7354"
"HOTZOGYJSX";"1-657 Sq. AAC"
"HOVGHZXLEB";"1-6-27 Field Rgt. RA."
"HOXDZQRJBW";"HQ-D-V,/Queen's Rgt."
"HOXWDWGGLU";"1-4-41. Artillerie"
"HPABKRCXIR";"1-3-2e Chasseurs"
"HPEBIQARRX";"3-1-2e Cuirassiers"
"HPIICWQWHO";"1st Company"
"HPJOHJDEFB";"1-1-24e RA"
"HPMEXOSXUE";"3-3-JG2"
"HPNHRHGREA";"3-2-292. Panzer"
"HPNVYTXTQB";"7. Kompanie"
"HPPYQTPNWE";"1e Section"
"HPUYRPDQYK";"Führungsbatterie"
"HPZBBCGAZU";"3-1-6e Dragons"
"HPZQSMBKGJ";"HQ-A-I,/51st Highland Vol."
"HQLMUZZDLP";"3e Section"
"HQLNSMFNZU";"2-A-1-PPCLI"
"HQNZCAJARO";"3-C-57 Tkbat"
"HQOPWRGOVX";"Stab-2-48. Sicherungs"
"HQTDCTFJSZ";"Logistikgruppe"
"HQYVOYEKMS";"1-3-241. Panzer"
"HRBANDEMUZ";"Platoon HQ"
"HRERPBTRQS";"1-C-41 GnBat"
"HRQTFAJBMB";"2e Batterie"
"HRRFAOXWOD";"3-1-368-y OShAP"
"HRSQCMXLGF";"Stab-565. Pz.Artillerie"
"HRXRZRLVED";"HQ-R-4-16th Mech. Inf."
"HSAQTAARMH";"7-C-I,/Staffordshire"
"HSBVODYJTI";"1-2-3e Dragons"
"HSHRIJGWNE";"Stab-3-8. Geb.Panzer"
"HSKXNBVTYO";"1. Zug"
"HSMCZTEUEL";"1-4-4e Etranger"
"HSNIQOGPXM";"3-4-2e REP"
"HSPGPCSFIR";"3-2-112. Panzer"
"HSPRCEPBRL";"3-1-153e Infanterie"
"HSQKFGWWEN";"Stab-4-231. Panzer"
"HSVNPQBCDA";"2-C-12 Tkbat"
"HSVZYGWUIC";"CCS-3CC-2e Génie"
"HSWUEPDTPY";"1 pluton ogniowy"
"HSXFDYMOJF";"Stab-243. Panzer"
"HTATEKVZSS";"2-4-123. Panzer"
"HTEDRDYFPD";"1e Batterie"
"HTEKEIHMLD";"Section AC"
"HTETJGOIWL";"2-4-6e Dragons"
"HTGCHPHTXZ";"4e Section"
"HTLCNFSDWX";"AT-Wpn-2-R22R"
"HTLWZRSHOQ";"2e Batterie"
"HTXBTLPORW";"2-2-41. Artillerie"
"HTYQSBHZSN";"HQ-B-1-16th Mech. Inf."
"HUAULDDADN";"Aufk.-Gruppe"
"HUAZVCLCBR";"1. Zug"
"HUBZEDUDTD";"2-1-401 RA"
"HUNANDRASA";"1. Batterie"
"HUNNGRRELY";"AT-I,/52nd Highland Vol."
"HUNQCRYFCO";"1. Zug"
"HUOZSSSVFP";"2-3-284. Panzer"
"HUPHULDOSL";"2-2-JG 74"
"HUPRKPDBGZ";"Logistikgruppe"
"HURHZMRORJ";"15-D-VIII,/TLI"
"HURNPLELNN";"2-4-104. Panzer"
"HUSZWPJJAX";"PCE-5e CAD"
"HUUDEYNFYZ";"Peloton AT"
"HUWTUBAYPU";"3-A-I,/Scots Gds."
"HUXFKLPETX";"HQ-2-136th Mech. Inf."
"HUYAHWMVWU";"3-1-20 pappanc"
"HVHWTERDCH";"2-4-564. Panzer"
"HVIGEUHRYR";"1-(1-TerrE)"
"HVJKEUFBAO";"Batterie PC"
"HVJQKETOEF";"1-1-507e RCC"
"HVJQNUZMAD";"1-2-235. GebArt."
"HVKJTKVFWU";"2-2-JG1"
"HVMXDOKBCC";"3-P-4-5th Field Art."
"HVRJEQYLOB";"Protec-2-12e Cuirassiers"
"HVVKRCKNYS";"3rd Platoon"
"HVWAZSWJAU";"HQ-B-8CH"
"HVXXRHZWBM";"2. Zug"
"HWCLRHKLIX";"PCE-3-35e Infanterie"
"HWFGKMRKAP";"2-(2-TerrF)"
"HWHIRCZNPN";"2-3-833-y IAP"
"HWIUUPSOIB";"PCE-CEA-1er RCP"
"HWLLJYUUMX";"1. Zug"
"HWPCGJBMLS";"2-Det./1er RPIMa"
"HWRMRELXIG";"3e Section"
"HWRQLVTQYB";"Stab-4-244. Panzer"
"HWTMJFOFYC";"2-522nd Eng. Coy."
"HWXFKTQRNM";"1-A-4RTR"
"HXALTWCONB";"2-B-12 Tkbat"
"HXJCZIMPNX";"3. Zug"
"HXMBZIZNCH";"3rd Platoon"
"HXOTFKNMFS";"Aero Rifle Platoon"
"HXRONUPHSD";"Sicherungs-Zug 7353"
"HXUYNANJFC";"3-2-8e Hussards"
"HXYNSUWYFH";"3-1-JG7"
"HXZEYFJALD";"Recon-C-I,/RAR"
"HYGAONCJLM";"1-3-968-y Gv. IAP"
"HYNHIRCIVN";"3-Reco-8CH"
"HYPCYQNOFS";"HQ-D-4/7RDG"
"HYPHWZKZYV";"1-(1-TerrF)"
"HYUWDNIHLB";"3-1-16e Chasseurs"
"HYVTSOBSYF";"2. Zug"
"HYWPZLJWEO";"1-B-QOY"
"HZDQOGGFVG";"2-2-3e Chasseurs"
"HZDUVRVYYU";"AC-3-19e Chasseurs"
"HZGAVPPWUY";"1-Q-4-37th Armored"
"HZGEQXLNXI";"2-PzPionier 280"
"HZHJLBGBBX";"1-A-1st Engineers"
"HZHOVNAQZN";"1-C-102 Infbat"
"HZHZPGNJIL";"1-A-VIII,/TLI"
"HZJQLHKSAS";"4-104 Maresk"
"HZLUSVWSKF";"Recon Group"
"HZMTWZXOZM";"Squadron HQ"
"HZNSAKWHFQ";"3-3-282. Panzer"
"HZQUMTZYTU";"BCS-4-43e RAMa"
"HZRGCUPSWR";"Aufkl.-Gruppe"
"HZRSSYMOBJ";"2-A-I,/Staffordshire"
"IADOYZLPMK";"2nd Platoon"
"IAHBHIHZTS";"BCS-3-401 RA"
"IAHOSIHJKI";"3-4-231. GebJäger"
"IAHWQFCBGN";"Protec-3-507e RCC"
"IAKMTUBLFE";"4-D-8CH"
"IAODZDIBFV";"HQ-B-2-5th Field Art."
"IAOHKGIADU";"PCE-1-19e Chasseurs"
"IAPUZWGQOM";"3-A-15 Para"
"IAQDBMGXCZ";"3A-V,/RGJ"
"IAQLNHRGUA";"1 pluton specjalny"
"IAUKYFIUYF";"Platoon HQ"
"IAXOYGFLXB";"2-B-I,/KORB"
"IBAUQCNFAJ";"3-111 Provost Coy. RMP"
"IBBPMOEGQU";"Artillerie-Gruppe"
"IBEXCUICHJ";"1-2-105. Artillerie"
"IBEYQQPIVP";"PCE-2-3e Dragons"
"IBFWHPXWFH";"1-14 HQ Def. Coy. RPC"
"IBGDANXPRG";"1-A-II,/York Vol."
"IBHLPNOVIQ";"2-F-2-5th Field Art."
"IBHPTQXWAM";"1-3-3e Cuirassiers"
"IBNCPIWDRL";"2-B-12 Painfbat"
"IBNJBGNSBG";"(Security Dtcht.)"
"IBWCPUIVHV";"2. Zug"
"ICBDTPCJBB";"Sicherungs-Zug 7242"
"ICCDZPMHLV";"Stab-3-305. Artillerie"
"ICEMZKXDUJ";"1-A-1-5th Field Art."
"ICHWRILNQA";"2-3-34e RA"
"ICIQWLFWQC";"1-2-1er Dragons"
"ICJAOKFLJQ";"Protec-4-12e Cuirassiers"
"ICJWIMVDRQ";"Führung"
"ICOFNIPMNG";"4-2-19e Chasseurs"
"ICPPPHINBC";"ECS-6e Dragons"
"ICPRNACKLV";"Stab"
"ICQMJHXQAB";"1-3-24e Chasseurs"
"ICXXMJDLJI";"1st Platoon"
"ICXZYSDQLF";"3-F-2-136th Mech. Inf."
"IDEGYNPXVI";"2-3-114e Infanterie"
"IDIFCEXTHK";"3-III-11FighterRgt"
"IDIOMMVPCN";"3-D-V,/RGJ"
"IDJNAAPSYH";"2-22CA-32e Génie"
"IDJTZPCJPH";"Wallmeistertrupp 223/2"
"IDKBXLIIYC";"2nd Battery"
"IDLLMBWMPB";"3-ya Rota"
"IDLRINAOIS";"2e Section"
"IDNEIRPCVN";"FRR-Gruppe"
"IDOQVJUOGV";"1-B-GACA I/11"
"IDQQTTFERI";"1-104 Maresk"
"IDTFJUNVAN";"3-Cigognes 1/2"
"IDTJFJZTTV";"HQ-A-Alcantara"
"IDVBYIZLBS";"3-102 Maresk"
"IDWSWDNJVK";"4-2-170e Infanterie"
"IDXBENKGKV";"1-2-19-y Gv. APIB"
"IDYDNVSMHE";"3. Zug"
"IDYWMDPUES";"3-A-Mérida"
"IDZNHZUAMP";"3-C-132 Infbat"
"IDZOGOKXEI";"Sicherungs-Zug 7412"
"IEAYCEOQQB";"Provost Patrol"
"IECGDJZALC";"3-1-10 Para"
"IECQSPKXFU";"1-1CCM-9e Génie"
"IEHUXOJUIV";"Section AC"
"IEHZJOOFUA";"Stab-4-564. Panzer"
"IEJODZMWPQ";"9-C-IV,/RGJ"
"IEORVLPBAR";"3e Section"
"IERAFFHKHN";"1-D-101 Tkbat"
"IERZDXWCLV";"Wpn-R-4-16th Mech. Inf."
"IEUYLVZACA";"2-2-8e Chasseurs"
"IEYHEQMMTE";"2-4CCM-11e Génie"
"IEYQWMZLXG";"2-6-100 Field Rgt. RA."
"IFANQGWIVP";"MG-Gruppe"
"IFBLOOZTOB";"ECS-1-1er RHC"
"IFFPWMEWMM";"Stab-2-105. Artillerie"
"IFGNVVOMLP";"3-B-132 Infbat"
"IFGOOVERFK";"2-2-1er RCAM"
"IFHMHWYEFI";"Batterie de Mortiers"
"IFIFKIUHMK";"A-Mr"
"IFIUTYPZTQ";"1-6-100 Field Rgt. RA."
"IFJZEFIUCH";"1-3-4. Aufk. Bat."
"IFSGPMOCVK";"3-64e Cie. du Génie"
"IFTCZWMGPX";"3-Geb.FErsKie."
"IFWFJQTKGY";"Führung"
"IFWISGGWJJ";"3-B-11 Tkbat"
"IFYABBJXET";"2-4-114. Panzer"
"IGAMQXLZAQ";"1-C-3 Field Rgt. RHA"
"IGAZIIVGET";"Führung"
"IGBANEIEOR";"HQ-I-RALCA 62"
"IGDVMYVJKD";"11-C-IV,/RGJ"
"IGEMSLJXGX";"CCS-9e Génie"
"IGJGHTOQEA";"2nd Company"
"IGJGICQJFE";"Wpn-H-2-16th Mech. Inf."
"IGKSJEOCBX";"HQ-A-I-RALCA 62"
"IGLDTOELZB";"Führung"
"IGLHGSAYKQ";"1. Zug"
"IGLXSMZICD";"2-A-42ste Sm."
"IGNGQRFBYN";"Squadron HQ"
"IGRHXPDPGD";"4-4-41. Artillerie"
"IGRSZPRMXJ";"1st Battery"
"IGSOPIKUQI";"1-IV-1FighterRgt"
"IHCAAQLYFO";"2-664 Sq. AAC"
"IHCTTERLSN";"2-A-52 Tkbat"
"IHDHVLQJYF";"2-I-9FighterRgt"
"IHEBIBRYCV";"2-40th Army Eng. Supp. Grp."
"IHEGDKWXEM";"Stab-2-111. Panzer"
"IHHCPPSTYS";"Recon-C-II,/RIR"
"IHINTRQKRY";"2-3-565. Pz.Artillerie"
"IHINYIJMJS";"2-1-35e RAP"
"IHJQIIQDBX";"14-D-II,/York Vol."
"IHJRRYXMFE";"Aufk.-Zug"
"IHNVTXRRLF";"1. Zug"
"IHODQJTGZH";"2-12 Paluabt"
"IHWFHIOUYH";"1e Section"
"IHWLQCZTKO";"HQ-Z-VI,/RRF"
"IHYRFCGJKA";"2-437 Infbevcie Mbl"
"IHYTUYABJB";"2-FErsatz-Bat. 210"
"IIDALBDNDJ";"2-3-11e RA"
"IIIHMAYNNN";"Stab-5-122. Panzer"
"IILEZETUXP";"Mortar Platoon"
"IILQGTNHWG";"2-C-León"
"IIMPSGNLWO";"Führung"
"IISICAALXQ";"Aufkl.-Gruppe"
"IIVNRMMTHU";"Stab-2-115. Artillerie"
"IIXPNAGTPF";"PCE-4-1er Chasseurs"
"IIZWHEIZEK";"3-2-105. Artillerie"
"IJBQTBMLTV";"10 komp. czołgów"
"IJBYOXMXNM";"3-CCM-1er RCAM"
"IJEZYWHCRM";"3e Section"
"IJIVLGSDUX";"1-4-19e RA"
"IJJDOACQOF";"HQ-C-Mérida"
"IJLJPJQAWU";"3-H-2-16th Mech. Inf."
"IJLKECWAJB";"Section PC"
"IJRTALWZXO";"3-C-54 Tkbat"
"IJUIKLDVMF";"CCS-3-6e REG"
"IJWEGLPFVA";"Mort-Wpn-3-R22R"
"IKFAQIFMGM";"HQ-B-5RDG"
"IKGAESZCHI";"2. Batterie"
"IKJTBTNKOU";"Fla-Gruppe"
"IKKCQCNQEK";"3-3-21e RIMa"
"IKKFJXKUVM";"HQ-J-3-34th Armored"
"IKKSSODGRO";"HQ-6-100 Field Rgt. RA."
"IKVPCXRTGN";"2-G-2-34th Armored"
"IKVXLPOXHI";"3-2-JG7"
"IKZROUTRFI";"6-B-V,/RRF"
"ILFBTMWZEV";"Stab-42. RakArt.-Bat."
"ILFEVKTVFV";"1. Zug"
"ILINEWEOUB";"1-A-322 Sq."
"ILLCVZXFYU";"1-Geb.FErsKie."
"ILMFUKBZWV";"2. Zug"
"ILQANLOODF";"2. Batterie"
"ILRSPAPNIC";"Stab-3-234. GebJäger"
"ILTPQNMXOB";"1st Company"
"ILWHHVIJQZ";"2nd Flight"
"ILWIHVUQUN";"Stab-4-8. Geb.Pionier"
"ILWINPHTOQ";"1e Section"
"IMBDAORVKU";"4-4-1er REC"
"IMCFNLODQM";"EM-Gpt. Reco."
"IMCMRTSSLT";"3-D-8CH"
"IMDWNOROAL";"2. Zug"
"IMETPERMUY";"3 pluton desantowy"
"IMIQTLNRQZ";"S Squadron"
"IMLXGYYFES";"Stab-2-285. Artillerie"
"IMQSUASQCC";"Recon Group"
"IMUFROVSJF";"3-B-3-PPCLI"
"IMWUSLKKOK";"1-62e Cie. du Génie"
"IMYTXWXZCX";"HQ Battery"
"IMZEOLAEBC";"11-C-I,/Green Howards"
"INCBLCMKUK";"2-C-8CH"
"INDXEZOTWZ";"3-1-1er Dragons"
"INEVQTEZEC";"3-3-3e RPIMa"
"INHALSFOTJ";"1-1CC-1er Génie"
"INHYKCRDBO";"Flak-Gruppe"
"INIWXNIPDP";"1-4-10. Aufk. Bat."
"INJFJBQLUA";"3-43 Pagncie"
"INKACUBCKF";"BCS-4-24e RA"
"INOXLURKOV";"3-AT-2-16th Mech. Inf."
"INQGBZAMDJ";"Section AA"
"INSFRXPIEW";"3-3-563. Panzer"
"INTUXKDFPQ";"3-CA-6e REG"
"INVYRPEBDW";"1-655 Sq. AAC"
"INZCTCNDYG";"klucz zaop."
"IOBZUSWYUX";"2-3-10 Para"
"IOCAVSECOR";"2nd Troop"
"IOFLPHTUOH";"PCE-3-110e Infanterie"
"IOHXYPCRNO";"Support Group"
"IOIWNNWVJN";"1-C-QOH"
"IOLEFHMFKN";"104 Field Sqn (V)"
"IOXASPXBFH";"2-C-15 Painfbat"
"IOXPPMEZHH";"HQ-II-RALCA 62"
"IOXVHCWDJD";"PCE-1-114e Infanterie"
"IPGMSUDIXB";"1-4-34e RA"
"IPGTLSGVPL";"2-3-305. Artillerie"
"IPLENLVWCH";"2e Section"
"IPNEHVFPBL";"3-2-285. Artillerie"
"IPRSVBBQAN";"3-A-13 Painfbat"
"IPSLTSLGJH";"2e Section"
"IPTMLUVCLA";"Recon Troop"
"IPVDAMJORZ";"2. Zug"
"IQBVGGJNTN";"1-3-305. Artillerie"
"IQDGVULMXI";"2 pluton szturmowy"
"IQEBGVYKKH";"MP Groupe"
"IQEEVWHPGM";"4-P-4-5th Field Art."
"IQJIZWXHMJ";"Troop HQ"
"IQLNULDFWO";"3rd Flight"
"IQMHJWUQHC";"Stab-285. Artillerie"
"IQOJJLWFXQ";"Stab-87. Geb.Jäger"
"IQPGFEUTWT";"1-3-4. Pionier"
"IQRDGNMWIQ";"2-A-45 Painfbat"
"IQROZFOSHW";"1EHL-12e GHL"
"IQTVZSGOLK";"2. Batterie"
"IQUCBIMUCN";"Groupe Logistique"
"IQUZOCNJLW";"Mort-Wpn-1-R22R"
"IQVBGSRXLA";"klucz dowództwa"
"IQXLIRNPIC";"2. Zug"
"IQYKIGWLIX";"2-3-294. Panzer"
"IQZXIZDEHE";"Flak-Gruppe"
"IQZYZJZPHE";"1-B-125 Afdltlua"
"IRLAFIERIT";"1. Zug"
"IRLJIQUNQS";"2. Zug"
"IRLSARAGFQ";"3-FErsatz-Bat. 240"
"IRNGXJUSDU";"3-A-Almansa"
"IROXQAQZWM";"1-A-17 Painfbat"
"IRPHVKPQCA";"2-C-45 Painfbat"
"IRPKHAOWNZ";"2-2-285. Artillerie"
"IRQWJJVXHT";"1-2-115. Artillerie"
"IRSWGXXLNY";"Führung"
"IRVLXKZMAU";"2nd Platoon"
"IRVRRKLQTY";"HQ-3-GBLA I/14"
"IRYAOMSZSP";"3-32 Air Def. Bty."
"IRYZBCAIYQ";"1-4-42e Infanterie"
"ISCMCZRXIW";"1. Zug"
"ISCVTTVUOP";"3-3-243. Panzer"
"ISEHRHGEZM";"4 komp. czołgów"
"ISEXBXIVIX";"8 komp. zmech."
"ISLYRURUCS";"2. Batterie"
"ISNSYIUIHY";"1-3-25e RA"
"ISPXHUYIUK";"4-3-3e Dragons"
"ISUDENTDIG";"PCE-1-1er RCP"
"ISUQJCQVNC";"4-C-13 Painfbat"
"ISUXMHPGEO";"4-4-2e Chasseurs"
"ISVXZLYVLS";"G Squadron"
"ISWETTPQRT";"1st Troop"
"ISWUWVYINZ";"Section du Génie"
"ITBGBPJPAQ";"Provost Patrol"
"ITHFMTRWYH";"4-D-1-4th Cavalry"
"ITJWWKVFRL";"3rd Platoon"
"ITKBAZGDGX";"2. Zug"
"ITKJZTLPKV";"Reco-Wpn-3-PPCLI"
"ITRCFGNIJT";"2-2-JG8"
"ITRROUZIYR";"2. Zug"
"ITWWGGBUNS";"HQ-B-DCA 11"
"ITYVVUTROM";"2-43 Paluabt"
"IUBLBEGLAI";"Batterie PC"
"IUDTGQFTKL";"AT-Wpn-1-R22R"
"IUFHWNUJMF";"2-(2-TerrB)"
"IUGEOXMVKN";"3-2-122. Panzer"
"IUIBWJMNIS";"HQ-A-1-5th Field Art."
"IUJVZMLRJP";"Troop HQ"
"IUPDRLYKJZ";"2-51 Pagncie"
"IUPHDOVRGP";"Groupe d'Appui"
"IUWYFMKRXS";"Platoon HQ"
"IUYJOIAEKE";"Führung"
"IUZXXGMZSN";"PCE-1-2e REP"
"IVAFKWFAWV";"5-B-I,/Scots Gds."
"IVAFLQWYTL";"2-2-53e RA"
"IVECKHNVWQ";"Supply Troop"
"IVGAEMOGST";"1-3-125. Artillerie"
"IVPRZSOBYH";"2-1CCM-32e Génie"
"IVRQDCVOOC";"2nd Platoon"
"IVWXUZAXET";"Logistikgruppe"
"IVZGHEQOPQ";"1-3-833-y IAP"
"IWKWFLRQJA";"HQ-C-1st Engineers"
"IWMLWYZEDW";"Section PC"
"IWNJNCTLGB";"2-A-8ste Sm."
"IWQYCFSTGA";"D Squadron"
"IWRRBZJVKS";"1e Batterie"
"IWSYEQUUFZ";"Stab-2-10. Aufk. Bat."
"IWWLGZJSND";"Führung"
"IWXWMPZWST";"2-560. Pionier-Kie"
"IXBFTGKULO";"2-670 Sq. AAC"
"IXCDMSEMFO";"H Squadron"
"IXDMMJXHQF";"3-C-48 Painfbat"
"IXEWZKWJMY";"1-(1-TerrA)"
"IXGDJDCFVJ";"1-1-LSRCH"
"IXGPSATWFW";"2-35 Air Def. Bty."
"IXHEXZARTG";"Logistikgruppe"
"IXHOWYGRDM";"3-AT-4-16th Mech. Inf."
"IXIGPSERLM";"4-F-1-4th Cavalry"
"IXLSPDTUGJ";"Stab-4-283. Panzer"
"IXMIDLIICD";"1-5-81. Geb.Artillerie"
"IXOMGLGZYH";"5-K-I,/51st Highland Vol."
"IXQYCWDSHX";"4-A-1-PPCLI"
"IXXCTKMGNI";"3. Zug"
"IXXFCMAAFK";"Stab-125. Artillerie"
"IXZPQDHWZB";"2-3-911-y APIB"
"IYBBZYVWNG";"2-51 Maresk"
"IYDELJIWSS";"3-4-104. Panzer"
"IYDMWJRCWR";"ECS-7e Gpe-7e RHC"
"IYGNPBIUBK";"Stab-112. Pz.Gren."
"IYHICMIUNU";"Section PC"
"IYIYEZLQAF";"3-3-101. Panzer"
"IYMTMFMBRG";"Führung"
"IYNULTFEUI";"7-2-V,/RAR"
"IYRRVVEDOH";"2. Zug"
"IYRVGRAAZT";"Section PC"
"IYTGGVRRBG";"2-B-QOH"
"IYUWWJBUDA";"2-2-234. GebJäger"
"IYVVWZLQII";"1-B-4/7RDG"
"IYYOXOZGZQ";"PCE-2-3e Cuirassiers"
"IYZWUZFEZA";"1-C-45 Painfbat"
"IZFQTLHCRX";"1. Batterie"
"IZKGHPSVHH";"1-D-57 Tkbat"
"IZMFPTZMLK";"2-202 Maresk"
"IZNXYXWLUL";"Protec-3-1er Cuirassiers"
"IZPEIWRQLP";"1-3-564. Panzer"
"IZPQUYKJTK";"3rd Company"
"IZQDJPBEXY";"1-CECA/131RI"
"IZTTOAZDSR";"1-B-III-RAAA 71"
"IZUYZNAHCK";"2-3-225. Artillerie"
"IZVZSGXIZV";"Führungsbatterie"
"IZXGGRXRJH";"2. Zug"
"IZZPBAGMKN";"1st Troop"
"JACPVEGLEL";"3e Section"
"JACRIQTWNN";"1. Zug"
"JADCJVOKJN";"Fla-Gruppe"
"JAEDATTDRE";"2-A-Royal Hussars"
"JAGGQJCWAC";"2-1-1er REC"
"JAHRKOLJUE";"1-439TFSTFSTFS"
"JASBCWGAST";"2-3-1er RCP"
"JASQRIJTER";"1-1-35e Infanterie"
"JAUVIFWKFO";"3-A-Las Navas"
"JAYNBHIOSV";"2. Batterie"
"JAYRDMXVUJ";"3-2CC-10e Génie"
"JAYYNPLWMB";"2-3-41. Artillerie"
"JBBJXHRLGW";"1e Section"
"JBDPZHCLQJ";"Mun.-Gruppe"
"JBECQSICEL";"1-4-223. Panzer"
"JBEHFZAPPG";"2-3-85-y Gv. IAP"
"JBHPGVDVVB";"3-4-304. Panzer"
"JBIVQCTCUB";"2-D-58 Tkbat"
"JBIWWPRVVU";"HQ-B-GACA II/11"
"JBMATRKMBC";"9-C-V,/TLI"
"JBOVNABVXV";"2-4-60e RA"
"JBRJYWKIOB";"Company HQ"
"JBRTXDQEAE";"3. Zug"
"JBSZKMXBQC";"2-B-43 Tkbat"
"JBUUCDRPUW";"1e Section"
"JBWMEPJGSL";"10-C-VIII,/TLI"
"JBWOIYLPFW";"HQ-(2-TerrD)"
"JCBDYFTFWF";"Aufkl.-Gruppe"
"JCBNLHLJAS";"4-2-1er Cuirassiers"
"JCBSFOOHAO";"2-1-1er RHC"
"JCCIETQSPG";"2-4-8e Hussards"
"JCCRCPEOHS";"Reco-Wpn-3-RCR"
"JCCVPDAAUG";"4-4-2e REP"
"JCCZEIDXKB";"Stab-115. Artillerie"
"JCFTPNMCTS";"Artillerie-Gruppe"
"JCGMJNZIWQ";"3rd Battery"
"JCGVQDFMOH";"2e Section"
"JCJLYXTHTJ";"HQ-D-V,/RRF"
"JCLCNVUUAW";"HQ-H-2-34th Armored"
"JCNDWQXBEQ";"ATGW Troop"
"JCNFDWCISC";"Battery HQ"
"JCNMAGMNGX";"dowództwo komp."
"JCNUIZNCCF";"2-A-315 Sq."
"JCPJPJABKW";"1-1-1er RHC"
"JCQNNTIPIU";"3-(3-TerrF)"
"JCQSJMCMGY";"8-C-II,/RIR"
"JCRFKGZFFB";"1-3-285. Artillerie"
"JCWSZKFXUE";"Führung"
"JDBRGWGBXC";"2-2-223. Panzer"
"JDDVTOMCJT";"4e Section"
"JDELSCNPAV";"Sicherungs-Zug 345/1"
"JDGWXWYOVX";"2-2-LSRCH"
"JDIUCMOAHW";"PCE-2-16e Chasseurs"
"JDKJLPQJXB";"4-2-6e Dragons"
"JDLGPYXPHY";"3-D-5RDG"
"JDNDSIUBEJ";"Peloton de reco"
"JDTCDVPYCF";"3-3-108. Sicherungs"
"JDVLMHQQYN";"PCE-2-8e Hussards"
"JDWHOOSZAE";"1-1-54e RA"
"JDWNTMUYUL";"1-3-243. Panzer"
"JDXTYQUVYL";"1-5-401 RA"
"JDYDAIEUCL";"HQ-T-4-16th Mech. Inf."
"JDZDGSZGLL";"1-B-142 Painfbat"
"JEAAPNGYYY";"Führung"
"JECTZEUSHT";"2-1-11e Cuirassiers"
"JEERDIPMLX";"2-C-55 Painfbat"
"JEIEGFOPGY";"Mörser-Batt."
"JEJBDPLCES";"2-2-773-y IAP"
"JEKTYFEGGM";"2-I-1FighterRgt"
"JESBTWFNYY";"1-4-6e Dragons"
"JFBLUVLIHF";"1-49-100 Field Rgt. RA."
"JFCHNQJQRQ";"HQ-D-3-PPCLI"
"JFDLGUGPAH";"4th Platoon"
"JFHUQVKHPB";"Troop HQ"
"JFKIIEDIRJ";"1-2-61e RA"
"JFMJWDIMHJ";"2-3-3e Cuirassiers"
"JFNGOIDCSV";"1-2-3e Hussards"
"JFPLZSKOJX";"PCE-3-5e Cuirassiers"
"JFQOWPSXFL";"2-B-52 Tkbat"
"JFWDMCIDAC";"PCE-3-1er Cuirassiers"
"JGAMEDUHKU";"3-A-9th/12thQDG"
"JGEDXVLCJI";"BCS-4-60e RA"
"JGFXBSDOQG";"1-1-14 pappanc"
"JGJLVVUEFD";"2-2-5e RHC"
"JGMSSFDDZA";"2-ya Rota"
"JGOAKJFKNF";"4-B-49 Tkbat"
"JGQEQEIZJE";"2-1-4e Etranger"
"JGRPXEYAAN";"HQ-S-4-37th Armored"
"JGVTRZRDIU";"1. Zug"
"JGZBQYWTQQ";"1-1-401 RA"
"JGZGILRLXW";"2-3e CAD"
"JGZPODPBUQ";"1-3-75e RA"
"JHAKGCCWJC";"2-B-13 Painfbat"
"JHCHYMTDKY";"1e Section"
"JHCNLKXHQZ";"2-3-68e RA"
"JHCZJIHRMM";"Field Eng. Group"
"JHFFATCBBL";"2-2-8e Hussards"
"JHJHJKUDJC";"2-G-2-16th Mech. Inf."
"JHNEPDYMJP";"CCAS-3e Infanterie"
"JHNHDNOXQW";"4th Company"
"JHPPSLCWAL";"1-4-1er REC"
"JHPYJXKFBW";"Platoon HQ"
"JHRQLDJBHB";"2-2-2e Cuirassiers"
"JHTNOUPRBJ";"1. Zug"
"JIAYBYZNWR";"G Squadron"
"JIHDVDWLOE";"Flak-Gruppe"
"JIIZFCXFTF";"HQ-A-4RTR"
"JIJARJFUDS";"HQ-B-5 Hvy. Rgt. RA."
"JIRWZNYEYF";"3. Zug"
"JJANFXPRNH";"2-ya Rota"
"JJAPVGQOKH";"1-A-4/7RDG"
"JJBBAVFLPA";"HQ-D-8CH"
"JJBFRUUKQE";"1st Platoon"
"JJBRWADCAL";"3rd Company"
"JJJDIRAWMG";"2-2-3e RHC"
"JJYJGMNPQT";"3-A-4/7RDG"
"JJYZEBEWLX";"Aufkl.-Gruppe"
"JKAYIYBPCY";"Battery HQ"
"JKBVYSAPLM";"Stab-3-222. Panzer"
"JKCTBZJZHI";"HQ-3-34th Armored"
"JKHAMYFRAR";"PCE-1-5e Cuirassiers"
"JKHKHGKQEK";"Section PC"
"JKKBOZCECJ";"3-(1-TerrE)"
"JKNYWSTEYZ";"2-53 Paluabt"
"JKPZQBMZKN";"6-B-I,/Scots Gds."
"JKSZAMTVNC";"Stab-8. Geb.Panzer"
"JKUDOTTXHN";"Stab-2-223. Panzer"
"JKVOLIRJDJ";"I Squadron"
"JKXLVMKDNT";"3-A-III,/TLI"
"JKXYOFAICZ";"2-C-1RTR"
"JKZOJFOYAG";"4e Section"
"JLDQEICPYF";"Batterie de Mortiers"
"JLELLWANWZ";"ECS-11e GHL"
"JLEYYVHNEW";"1. Zug"
"JLFDFZVJBD";"2. Zug"
"JLFHFRMTPG";"4-F-2-R22R"
"JLFQKPTGBS";"4-3-3e RPIMa"
"JLGSAXAFVF";"Section Logistique"
"JLHGQTTRYO";"HQ-2-RCR"
"JLJSAOIPOT";"C Squadron"
"JLKTLXSBFA";"Troop HQ"
"JLOAONKJEA";"1-B-16. HFR"
"JLRCLDCMTN";"3-3-294. Panzer"
"JLTIXGFMPM";"CCAS-114e Infanterie"
"JLVNCLMZOS";"2e Batterie"
"JLXRQHRSWD";"Batterie PC"
"JLYNNCECWU";"Batterie PC"
"JMAYZIPDJG";"3e Section"
"JMBGMZPOYW";"1-C-17 Painfbat"
"JMBSYWDHAP";"PCE-4-5e Chasseurs"
"JMBTMVVSWU";"4-A-3-PPCLI"
"JMDLQAWRSS";"Section Logistique"
"JMEHQNHSKV";"3. Zug"
"JMFCSCUGVL";"2-B-1-PPCLI"
"JMGOATBPYE";"2-2-20 pappanc"
"JMGWEACUET";"3-2-561. Panzer"
"JMHFBHYUXS";"3-3-11e Cuirassiers"
"JMIUGVOBYL";"Section PC"
"JMJGYFXRLG";"2-73 Field Sq. RE"
"JMJMUJJYXF";"3-A-BHELA I"
"JMLWYBLCSU";"1-1-35e RAP"
"JMQDOVOXBU";"3-1-114e Infanterie"
"JMQQNHBWFD";"4th Troop"
"JMXEVDRFBU";"2-3-86. Geb.Jäger"
"JMYJLDFKDX";"CCS-2CCM-32e Génie"
"JMYUFBNEMN";"1-ya Rota"
"JNCZUFYMQY";"3-D-58 Tkbat"
"JNFWAGQVZR";"2-4-2e Etranger"
"JNLHOMQMYA";"HQ-Wad Ras"
"JNNDLRFWSR";"3rd Platoon"
"JNVBEZDTTN";"Recon-A-II,/RAR"
"JNYOGUIUAK";"1-I-2-136th Mech. Inf."
"JOAELCCMMW";"2. Zug"
"JOBFTPNMXP";"AT Platoon"
"JOILWGFNRG";"2-W-VI,/RRF"
"JOIVEMBJJI";"pluton zmech."
"JOKASNMWMN";"HQ-B-V,/Queen's Rgt."
"JOLNWAZJRZ";"Troop HQ"
"JOMLTXNXFJ";"Cavalry scout Platoon"
"JOOSSQOPNL";"3-B-Cantabria"
"JOVUOJENHG";"Weapon Group"
"JPCTYOVDYC";"2-4-293. Panzer"
"JPGXLSZJIO";"Sicherungs-Zug 342/1"
"JPHQCXCRMO";"dowództwo kompanii"
"JPIAIJDMPY";"1-H-2-136th Mech. Inf."
"JPIPWSPQNV";"KanJPz-Batt."
"JPMNCMJAUY";"1. Zug"
"JPMXIWAEXB";"2e Section"
"JPMXUFTRXW";"Supply Flight"
"JPSPWXJAKR";"F Squadron"
"JPTDMTWEII";"BCS-4-403 RA"
"JPTPQVLFTN";"3-FErsatz-Bat. 210"
"JPTREOOAZI";"HQ-G-2-136th Mech. Inf."
"JPUFSAYHBV";"3-2-1er REC"
"JPUJACRSIH";"2. Batterie"
"JQGNTQRHQM";"Stab-FErsatzkie 3"
"JQHQFKMCBH";"2-A-II,/RIR"
"JQHXVNFJAJ";"1-Ardennes 3/3"
"JQIQGGTLTE";"Wpn-S-4-16th Mech. Inf."
"JQKLKXHEEZ";"2-4-81. Geb.Artillerie"
"JQOKROXEXT";"HQ-A-II,/York Vol."
"JQOVAGZRQY";"Batterie PC"
"JQPKTUKHAM";"4th Platoon"
"JQPPLIZZRM";"CCS-2CC-10e Génie"
"JQPQQHTIWU";"3-671 Sq. AAC"
"JQSBITSHEP";"4-B-54 Tkbat"
"JQUJPKMEOY";"PCE-3e EED"
"JQUTSTFAOQ";"4-3-1er Chasseurs"
"JQWCAWIEGU";"CCAS-19e Chasseurs"
"JQYAACWSLF";"2-4-42. RakArt.-Bat."
"JRAZNJSPSG";"3 komp. zmech."
"JRCPDXWCAZ";"Battery HQ"
"JRDBNVZVIX";"2-A-3 Field Rgt. RHA"
"JRDYDQJOGX";"Stab-223. Pz.Gren."
"JRECOXISBM";"2-F-2-34th Armored"
"JRGFRAFDPD";"3-Corse 3/11"
"JRHZTMCLDW";"3EHAC-7e RHC"
"JRIBKOIMXZ";"1-2-507e RCC"
"JRKHFRYTSR";"3rd Flight"
"JRLAXJHBAB";"4-A-Farnesio"
"JRNUIQSIJW";"ciest-103 GnBat"
"JRNUQAIGFV";"1-5e EED"
"JRQCSYQKVX";"3-1-92e Infanterie"
"JRSMPCMTTO";"BCS-61e Artillerie"
"JRTLVRNIXR";"1 pluton czolgow"
"JSATAMVPDM";"Panzergruppe"
"JSDJEXOLXF";"2nd Company"
"JSDVYTEPPQ";"2-Côtes d'Or 2/2"
"JSDXEMMZYF";"Platoon HQ"
"JSJOEAAOSP";"1-E-2-34th Armored"
"JSKYJYIZSB";"Aufkl.-Gruppe"
"JSLWSFXSIA";"2-B-48 Painfbat"
"JSPJJANHGB";"1st Battery"
"JSPMLPXPSG";"MG-Zug"
"JSQCJIAIOB";"2-16-4 Para"
"JSRADQSAJK";"Aufkl.-Gruppe"
"JSRNRDXDRL";"Recon-A-I,/RGJ"
"JSUCPZJVIM";"1-A-315 Sq."
"JTGZMAGVWP";"Battery HQ"
"JTICRHGIPO";"4-Ost-132 Infbat"
"JTIIXVZLCK";"1-3-114. Panzer"
"JTMUZXZGWO";"3-2CCM-13e Génie"
"JTNJSAZUVW";"CCS-2-6e REG"
"JTOSSYEXYR";"1-HFS 4"
"JTOUCWBFOR";"PCE-1ère CAD"
"JTOVUDRMZY";"Artillerie-Gruppe"
"JTRXDEORIP";"Wpn-V-5-16th Mech. Inf."
"JTVYAAUOXA";"2-Badger-2RTR"
"JUCBNCFQZO";"1-29 Field Sq. RE"
"JUFTFEBVGE";"Kom. Rota"
"JUHGMTYSEV";"1. Ersatz-Kompanie"
"JUKHOCJGSF";"2-42 Field Sq. RE"
"JUOVVVSCXX";"HQ-Z-3-RCHA"
"JUQXUDTHNM";"3-22CA-9e Génie"
"JVDHOIYANE";"2-(2-TerrD)"
"JVDMMKPSFP";"3-4-4e Etranger"
"JVDYLXACFC";"1st Company"
"JVEGZTUEZG";"ECS-5e RHC"
"JVFJCVRLER";"2-4-103. Panzer"
"JVJABBFMPG";"1-Z-1RCHA"
"JVJHYMJQQR";"1-Geb.Pionier 230"
"JVKCAWRZCT";"PCE-2-42e Infanterie"
"JVLIVDCECC";"2-7e CAD"
"JVMTRKQHZS";"4-5-5e Chasseurs"
"JVOEXLAXVI";"2-3-4e Cuirassiers"
"JVRDVKXSPA";"2. Zug"
"JVRJDKYBXH";"HQ-23-103 Field Rgt. RA."
"JVRSKEKZQM";"2e Section"
"JVWBBHABON";"HQ-Santiago"
"JVYLKPEVVM";"2-4-21e RIMa"
"JVZNBLFOEV";"2-2-282. Panzer"
"JWDGHVSYJX";"1st Troop"
"JWDXXNQKBR";"1-3-JG3"
"JWDZSDANVI";"2-A-40 Field Rgt. RHA."
"JWGHPMPKNP";"4-4-8. Geb.Aufkl.-Bat."
"JWLURJEOSN";"PCE-4-35e Infanterie"
"JWMPLZSACY";"Aufkl.-Gruppe"
"JWNWDGNZRC";"BCS-3-11e RA"
"JWYCZHRURE";"4th Company"
"JXEBBUGIAZ";"2-14 Air Def. Bty."
"JXFJSKJZDY";"3rd Company"
"JXFRLZYGDM";"ATGW Troop"
"JXFYXMIYQF";"1-2-1er RA"
"JXHYSCNZFW";"2-2-108. Sicherungs"
"JXPIHVGWHH";"9-C-III,/RAR"
"JXQPRZMRTN";"Engineer Platoon"
"JXRGGJOENH";"3-3-5e Dragons"
"JXSMSQCPYN";"3e Section"
"JYAUAHWERV";"2-III-9FighterRgt"
"JYBWOFAXZV";"Sicherungs-Zug 353/3"
"JYDDTVUYCV";"HQ-A-I,/RGJ"
"JYFOCBUXHR";"4th Troop"
"JYFQJHDOSR";"2-C-57 Tkbat"
"JYGXFAJGFW";"3-B-12 Painfbat"
"JYHXYVCLOQ";"1-3-JG8"
"JYIMJOSTVR";"1e Batterie"
"JYQAIORJLT";"1-C-RSDG"
"JYZDSITBSM";"Mortar Platoon"
"JYZPNROQBG";"3-2-3e Chasseurs"
"JZBMOHGGEA";"1-Det./1er RPIMa"
"JZDQKDRGIZ";"2. Batterie"
"JZFUODEAUC";"2-1-12e RBC"
"JZHJZLRFCO";"2-C-55th TFS"
"JZIKZCIUAH";"Aufkl.-Gruppe"
"JZJEFSQOAW";"Section PC"
"JZREPTJSEN";"3-4-4. Pionier"
"JZWAVNXZTZ";"Stab-108. Sicherungs"
"JZZTEQGXGL";"3-1CC-2e Génie"
"KAEHIQDPVQ";"Section PC"
"KAHFAWPWVE";"1-1-19-y Gv. APIB"
"KAMZBCPQKC";"2-2-241. Panzer"
"KANLOFHXRE";"2-1-91 pappanc"
"KATGXPICWC";"Aufkl.-Gruppe"
"KAYBBWGGHL";"2-B-9th/12thQDG"
"KAYNVOFTIW";"Fla-Gruppe"
"KBFDOQCFGA";"3. Zug"
"KBIBEVHTEK";"1e Batterie"
"KBINYPEUQP";"3-3-10. Aufk. Bat."
"KBIQRPCTNY";"2e Batterie"
"KBIYWXWATF";"2-A-1-R22R"
"KBKEFQDPUW";"1-4-401 RA"
"KBNAFDQRPO";"2-IV-9FighterRgt"
"KBQRFYQDGV";"3-C-15 Para"
"KBTCLCLBAS";"2-A-Cantabria"
"KBUUUXOBPM";"9-Y-VI,/RRF"
"KBUUVQLNSV";"3-1-152e Infanterie"
"KBUZFPKMPD";"2-2-68e RA"
"KCADDWDHCO";"1-2-16e Chasseurs"
"KCBYGKCWKJ";"1-4-3e Chasseurs"
"KCCLTCTWBW";"2-3-282. Panzer"
"KCDQCUSLKG";"2-2-225. Artillerie"
"KCDQYGWHKQ";"2-657 Sq. AAC"
"KCFRYQOWKL";"4-2-8e Chasseurs"
"KCHKQIUBDM";"2-2-54e RA"
"KCHPYQKWVR";"2. Batterie"
"KCINCUYAHF";"2-1-110e Infanterie"
"KCLHGFXAVZ";"13-D-II,/York Vol."
"KCMOUGBZYT";"BCS-3-402 RA"
"KCQJNZGDIM";"3-E-V,/RGJ"
"KCSABESXAK";"1-A-13 Painfbat"
"KDBWLHSVKC";"Kom. Rota"
"KDCSLQEKCH";"HQ-A-III,/Stafford."
"KDFLAONNGL";"HQ-C-V,/Queen's Rgt."
"KDFMGWWYOV";"H Squadron"
"KDGMZOVGOQ";"Wpn-X-5-16th Mech. Inf."
"KDMUHWQOUC";"Logistikgruppe"
"KDNSNADTEI";"2-A-314 Sq."
"KEALCWAVMW";"1-CA-1er RCAM"
"KEATBAPAVG";"3-3-2e REP"
"KEAYTOBWAP";"5-3-3e RPIMa"
"KEBDGCJPDL";"2-3-13e RA"
"KEBFLPCJOY";"2-3-2e RA"
"KEBVVCEICL";"3-I-3-R22R"
"KECJPGTLAG";"3-2-125. Artillerie"
"KEDACTMVIW";"ECS-1-3e RHC"
"KEENFKDRZR";"BCS-19e Artillerie"
"KEEOGEQFBV";"2-B-313 Sq."
"KEGYZQVMTI";"Fla-Gruppe"
"KEHHXOGCJK";"2-4-5e Chasseurs"
"KENSNEFOUB";"3. Zug"
"KEOABHWTTI";"Sicherungs-Zug 354/2"
"KEQVKHKOSF";"2-2-305. Artillerie"
"KERVVZEZUA";"4-A-15/19RKH"
"KETCTXTNUL";"Stab-102. Pz.Gren."
"KETZJCZKKD";"2nd Company"
"KEVNLSYXCV";"2e Section"
"KEZBSNVMOZ";"Eng Group"
"KFAJOFABLV";"2 klucz"
"KFETDXEFED";"2. Zug"
"KFFKBPLLMJ";"2-2-231. Panzer"
"KFFYUWTKBL";"12 bateria"
"KFGIOIPFYU";"HQ-Reserva"
"KFHMOPZEKI";"2-4-42e Infanterie"
"KFIGNSEVZB";"2-42 Air Def. Bty."
"KFJOCIOVMV";"1-2-4e Etranger"
"KFMQRLMTEW";"1st Flight"
"KFOBUUCMXU";"HQ Battery"
"KFSBPDBSCW";"1-3-102. Panzer"
"KFUIVFTIXX";"2-A-1RCHA"
"KGAIGELCRB";"Battery HQ"
"KGHOBAFXYL";"2-PzPionier 100"
"KGHTSARQZQ";"1-A-492nd TFS"
"KGJVFIKTEU";"1-51 Pagncie"
"KGOKYCRFHK";"Troop HQ"
"KGOZYPRQFT";"GeWa-Gruppe"
"KGTFGCFILQ";"Stab-3-102. RakArt.-Bat."
"KGTMTACFNH";"1-1-43e RAMa"
"KGXMDCWKVF";"4-B-45 Painfbat"
"KGYRYEVOBK";"3-A-1st Engineers"
"KHADKUPVRO";"3-5-232. GebJäger"
"KHCYBXDIPP";"3-2-833-y IAP"
"KHDESCIEHA";"1-1-21e RIMa"
"KHDSNCROHF";"MG-Gruppe"
"KHEGCSCWBR";"Wallmeistertrupp 254/1"
"KHGIZLHJQP";"1-2-3e Infanterie"
"KHHNRBCFKM";"3. Zug"
"KHHNTOQNZT";"HQ-G-2-16th Mech. Inf."
"KHJHACHOBM";"Logistikgruppe"
"KHMDGDQOJM";"Aufk.-Gruppe"
"KHNRSYSDKE";"HQ-V-5-16th Mech. Inf."
"KHSKWSFVWD";"3-D-Las Navas"
"KHSYTJXBFC";"Platoon HQ"
"KHTDSQZMXO";"2-B-Almansa"
"KHVGSALGWC";"Section du Génie"
"KHXPQWUEAP";"3-1-JG2"
"KIAEOBTTVO";"1-2-9e RAMa"
"KIAGKXOUUX";"2. Zug"
"KIATKYOXYJ";"2-2-242. Panzer"
"KIBKRHLKYM";"MP Groupe"
"KIDXFWHICH";"2-A-Almansa"
"KIEXZUMIFM";"2nd Platoon"
"KIGEHRRROA";"3-FErsatz-Bat. 230"
"KIGIJBIFYN";"Section AC"
"KIMNIUUALQ";"Section PC"
"KIPOVXPIAW";"1-3-9e RCP"
"KIUBLQWWBA";"3-Côtes d'Or 2/2"
"KIUPLNGHJW";"575 Field Sqn (24"
"KIZPWSALPS";"1e Section"
"KIZTJIQPLA";"3. Zug"
"KJAGVFZFWE";"1-2-282. Panzer"
"KJAYSQAPIR";"Führung"
"KJDNEZAHTH";"9-C-VII,/RAR"
"KJFNEWPBVY";"1. Zug"
"KJGOMVUWKN";"PCE-2-2e REP"
"KJMPRWWEBT";"2. Batterie"
"KJQHGCFLLC";"2. Zug"
"KJQNUMNTGS";"2-C-Alcantara"
"KJVFGRTXPZ";"1e Section"
"KJYDBUDZHP";"3-A-101 Tkbat"
"KKACQNCSAH";"1-2-402 RA"
"KKBQKSDQUA";"PCE-4-1er REC"
"KKCJARJPBJ";"3-D-QOH"
"KKEQLJBJRR";"3-2-5e Cuirassiers"
"KKLXTLSWNH";"3rd Company"
"KKPYGGFYNO";"2-94-45 Field Rgt. RA."
"KKQHNMLYDM";"4th Company"
"KKUJBEXGBV";"2-D-1-1st Helo."
"KKXFFXGNXG";"3. Zug"
"KKYLQEYNNO";"1-(2-TerrA)"
"KKZCMGUAZK";"Pionier-Gruppe"
"KLCAOVHMXL";"2-1-3e RCP"
"KLDTGCVGAD";"2-A-54 Tkbat"
"KLDTKKWQCQ";"10-Y-VI,/RRF"
"KLEUQFTYOM";"2-3-242. Panzer"
"KLHEAELGQD";"Batterie PC"
"KLKKAIMVUH";"2-654 Sq. AAC"
"KLLVBGQPJH";"BCS-2-20e RA"
"KLODZPOWUK";"Aufkl.-Zug"
"KLUWAQIBZP";"1-2-34e RA"
"KLXBNLNJYP";"Company HQ"
"KLZFUMBPCA";"CCS-13e Génie"
"KMBINMPMGW";"Stab"
"KMCHRAGTDX";"1-4-126e Infanterie"
"KMCVFCTVFR";"1-3-3e Chasseurs"
"KMHEIYWDJT";"Stab-4-231. GebJäger"
"KMJDMVNFJM";"3-A-12 Painfbat"
"KMKMJVBQRN";"3-3-6e REG"
"KMLWDNFXYE";"1-1-1er Dragons"
"KMOBPQHMEU";"Stab-4-87. Geb.Jäger"
"KMOLFWQOUB";"3-3-123. Panzer"
"KMPBKVLUYN";"3-1-12e Cuirassiers"
"KMPERZMYAJ";"1-2-730-y APIB"
"KMPULDRHPJ";"4-1-2e Chasseurs"
"KMSLMRTBGS";"3-2-301. Panzer"
"KMSSKQPVCI";"HQ-R-4-37th Armored"
"KMTDFDAHZX";"Section de Reco"
"KMXGBLHTOS";"2nd Platoon"
"KMZBOCTUAB";"1-B-RSDG"
"KNBQYWCAAP";"D Squadron"
"KNCXNJMIAA";"3-3-3e RCP"
"KNLGWCEQUT";"3-A-54 Tkbat"
"KNLTHLGOVR";"2-1-JBG 35"
"KNNTJWSASN";"3e Section"
"KNNUTVSJHZ";"3-B-Royal Hussars"
"KNOJQOHAUD";"1. Zug"
"KNORLMJCJI";"3-B-15 Para"
"KNPBXCQBTX";"Stab-105. Artillerie"
"KNPUMGKBOB";"8-C-I,/KORB"
"KNRPJKXBLB";"1e Batterie"
"KNUIKGDXZZ";"3-A-I,/ASH"
"KNVSOQQSFX";"2nd MP Platoon"
"KNWVBQSCUF";"1-A-5 Hvy. Rgt. RA."
"KNZGZEOMIX";"Artillerie-Gruppe"
"KOAFARCOJN";"3-4-124. Panzer"
"KOCVJZTXNI";"2nd Company"
"KOHZANGYNK";"3-B-9th/12thQDG"
"KOIFGBJHJN";"1-2-JG3"
"KOKPFLTZAO";"Wallmeistertrupp 442/4"
"KOMNNQDARR";"3-3-8. Geb.Panzer"
"KONEMGSRPZ";"3-48 krozp"
"KOOKFTUSCG";"1-C-47 Painfbat"
"KOOWYTYODE";"dowództwo pułku"
"KOQDBLCECW";"1st Platoon"
"KOUORBYZYZ";"Wallmeistertrupp 221/2"
"KOUWLGBZQY";"HQ-D-1st Aviation"
"KOWQRJBISP";"Führung"
"KOXKCIBMEL";"3-C-11 Painfbat"
"KOXKNUSFDD";"3-N-3-RCR"
"KOYZYERRQP";"1. Zug"
"KPICQURZQX";"1-1-11e RA"
"KPISCYXRVF";"1-3-12e RA"
"KPITONHXMC";"HQ-H-2-136th Mech. Inf."
"KPNJHUPGMJ";"1-3-2e Cuirassiers"
"KPNJIRFMVK";"Artillery Platoon"
"KPUZDSURNF";"E Squadron"
"KPWSYECNBE";"HQ Battery"
"KPYOCHCMIM";"1-4-42. RakArt.-Bat."
"KPYZVHJJFL";"Artillerie-Gruppe"
"KQCYVLDTIK";"3. Zug"
"KQDPBDXXEY";"4-C-Farnesio"
"KQEJKAMYTU";"1-4-170e Infanterie"
"KQHCNHGYIX";"Wallmeistertrupp 321/1"
"KQHTYPYHOM";"3-4-122. Panzer"
"KQJENGXMHQ";"2-A-I,/RIR"
"KQLCGEPSBG";"1-3-245. Artillerie"
"KQMWAIDNHX";"1-C-49 Tkbat"
"KQRXWBZFYL";"Stab-5-41. Artillerie"
"KQUGMIORDE";"1e Batterie"
"KQXCRGSRWM";"HQ-Reco-8CH"
"KQXQAIQCEG";"15-D-III,/Stafford."
"KRFBYWJCHL";"1-2-33-y IAP"
"KRGOIJVNMJ";"Section PC"
"KRJHOKIOZJ";"2-2-911-y APIB"
"KRLJDRUNJI";"Section PC"
"KRRWBMSEPQ";"1-4-16e Chasseurs"
"KRWIHAFVEM";"HQ-2-V,/RAR"
"KRWXBJYMJR";"1-3-294. Panzer"
"KRXJJKKGXC";"2-4 Squadron"
"KRYGFNOKWL";"2-B-323 Sq."
"KSBFMGHAKM";"2nd Battery"
"KSBMACIETQ";"Batterie PC"
"KSCGFTHYLP";"1-J-3-34th Armored"
"KSDWNQMSGO";"HQ-664 Sq. AAC"
"KSJNBPHOIZ";"1e Section"
"KSJQKXDAWW";"8-3-Res.PzR. 15"
"KSNRJPJFPK";"3. Zug"
"KSPCNUGNGH";"HQ-35 Air Def. Bty."
"KSUJXGTUTK";"2. Zug"
"KSUOQKUAZO";"1-22CA-9e Génie"
"KSVHFSGRMY";"3-3-225. Artillerie"
"KSWPWDOUKB";"3-Q-4-5th Field Art."
"KSWUMVPJLP";"1st Recon Group"
"KTGZJMQTON";"2-B-4 Para"
"KTHSPTQEOP";"Section PC"
"KTJQMPZQEF";"HQ-116 Provost Coy. RMP"
"KTMTZIWYGI";"CEA-2e Etranger"
"KTMYSPANFL";"Aufkl.-Gruppe"
"KTNGNAHZMS";"3-2-86. Geb.Jäger"
"KTOQLAQJPZ";"1-2-54e RA"
"KTPUIJWJWJ";"Protec-3-1er Dragons"
"KTQXKFAGTM";"3. Zug-MSK"
"KTTPKTDENB";"Stab-2-81. Geb.Artillerie"
"KTXGTBCSVH";"2-2-JBG 35"
"KUBFZDLFHW";"6th Flight"
"KUBVTFFGWP";"Wallmeistertrupp 245/1"
"KUCSVYWADC";"4-A-QOY"
"KUFBYFFPXW";"Mortar Group"
"KUGKCLGFTI";"3-X-5-16th Mech. Inf."
"KUHUPKKJQJ";"3-ya Rota"
"KUHWFKLAFI";"BCS-2-9e RAMa"
"KUIPJZXHCG";"1st Platoon"
"KUKJUAPSYZ";"3-A-II,/York Vol."
"KUMRAJWVLO";"3-A-8CH"
"KUMZVGWYWQ";"3-4-223. Panzer"
"KUNFBUVJHG";"4-2-5e Cuirassiers"
"KUNXXTRWZJ";"1. Zug"
"KUPNBHKREU";"Führung"
"KUQMZYWKVM";"1-5 dam"
"KUQNCVOYAP";"1-D-1st Aviation"
"KUSHXPOBZX";"1-B-12 Painfbat"
"KUSJQDWPYN";"AC-3-8e Chasseurs"
"KUXEMWHWJG";"HQ-H-2-5th Field Art."
"KUXMHRWTJN";"3-Ost-102 Infbat"
"KVABFZDYOV";"Stab"
"KVDARTUNNL";"2. Staffel"
"KVEFGWGYYL";"Führung"
"KVHWIMAXUA";"2-B-1-16th Mech. Inf."
"KVJSTFUEJM";"3-Ajax-2RTR"
"KVMUREOHWB";"Führung"
"KVSLUDEWFX";"3rd Platoon"
"KVVPZVIMZR";"1-C-41 Tkbat"
"KVWGIPHKDK";"3-522nd Eng. Coy."
"KWALBPRPGC";"3-2-JBG 35"
"KWATBOHKKG";"3-FErsatz-Bat. 220"
"KWBRXIZLDM";"Teile/SAB-5"
"KWEBUSTUUH";"5-2-6e RPIMa"
"KWFMFWWJEI";"CEA-126e Infanterie"
"KWGDEWHTMV";"Aufk.-Gruppe"
"KWMPRGVRWM";"Section de Mortiers"
"KWSMNDBEOY";"2. Zug"
"KWUEDZHDAG";"1e Batterie"
"KWVRTWAEKH";"BCS-3-68e RA"
"KWWWBIDGRX";"Section PC"
"KWYFPSWSSB";"15-D-II,/York Vol."
"KWZKVFFSLG";"CCAS-126e Infanterie"
"KXDAHMTFTU";"Führung"
"KXELTOMXIS";"C Squadron"
"KXHRAVAAWV";"1-4 Squadron"
"KXIDRZYFCL";"1. Batterie"
"KXJRLBYABN";"11 komp. czołgów"
"KXMJVGXDNV";"HQ-A-I,/York Vol."
"KXTXYPXHAW";"Section Logistique"
"KXZPMZZTMY";"Stab-4-294. Panzer"
"KXZRTOBHOQ";"1-C-4/7RDG"
"KYARIRLAOY";"4-A-Almansa"
"KYCIFCLYTO";"HQ-B-I,/ASH"
"KYDKWABZTK";"HQ-X-VI,/RRF"
"KYGLAIAIBS";"3-C-17 Painfbat"
"KYKJVLZSHP";"4-1-1er Dragons"
"KYLFUJHGJM";"2nd Troop"
"KYNNYVJSEY";"1-3-33-y IAP"
"KYRINKIGWO";"3-4-292. Panzer"
"KYUFBOPAYK";"2-3-1er Spahis"
"KYWWLQFFTG";"Fla-Gruppe"
"KYYPZRJYXN";"2-FErsatz-Bat. 220"
"KZBQBAEIUY";"MILAN-V,/RIR"
"KZEHJACSFF";"6. Batterie"
"KZIAOSOKWV";"ECS-1er RHC"
"KZJOPSDIBQ";"2-3-35e RAP"
"KZLXOFNWAN";"4-1-6e Dragons"
"KZOYALNZLY";"Section de Reco"
"KZQCVSNOSY";"3-4-8. Geb.Aufkl.-Bat."
"KZRYMMAVYP";"PCE-4-3e RCP"
"KZXNCDWOTG";"3-H-2-5th Field Art."
"KZZCOEWRQN";"Sicherungs-Zug 7345"
"KZZJTZEXEN";"1. Zug"
"LAADFVSHRS";"Aufk.-Gruppe"
"LABBERJFWI";"Wallmeistertrupp 311/1"
"LADUDCCZKH";"3-2-16e Chasseurs"
"LAGIJIXFPD";"1-1-773-y IAP"
"LAITEBHEYA";"1-5-102. Panzer"
"LAJBXGTYBW";"1-2-1er Cuirassiers"
"LAJTMEKPHE";"4-103 Maresk"
"LALGOFIDCT";"3-12 Field Sq. RE"
"LALXRZGDAI";"3-2-5e Chasseurs"
"LAOQTHJXMX";"3e Section"
"LARVABQDHO";"1st Platoon"
"LASXNXSZTN";"2-4-283. Panzer"
"LATEXHCDXE";"Stab-225. Artillerie"
"LAUJIIBMPC";"HQ-D-QOY"
"LAXJQIPFKQ";"3e Section"
"LBAXWCDARI";"3-4-111. Panzer"
"LBBYISLXXC";"CCAS-2e Etranger"
"LBGRBYSTXU";"3-C-1RCHA"
"LBMPMVXZSY";"2nd Company"
"LBNFBARVML";"Groupe AA"
"LBQXGLOFJK";"1-2-35-y IAP"
"LBTPMXDTCJ";"1EHAP-7e RHC"
"LCBCCULHSZ";"1-5e CAD"
"LCDVCIQDJU";"HQ-D-1-1st Helo."
"LCIBXSSLWC";"3-D-42 Tkbat"
"LCIDOTDTZD";"2-4-241. Panzer"
"LCMCJVNRFW";"3-1-V,/RAR"
"LCMDCFBPRL";"HQ-C-Alcantara"
"LCQXOBGFBT";"Mortar Platoon"
"LCTGYNVKYM";"1-3-368-y OShAP"
"LCWEVJRIUK";"Artillerie-Gruppe"
"LCWXXSHPKV";"MG-Gruppe"
"LDAFVXUXXO";"1-A-RSDG"
"LDDPTDJBQJ";"HQ-(3-TerrE)"
"LDESQNTIPT";"2-4-3e Dragons"
"LDFATSNQWP";"2-B-314 Sq."
"LDGAODGCAK";"CCS-1-6e REG"
"LDHOTBBDYW";"1 komp. rozp."
"LDIIIADDIR";"3-42 Paluabt"
"LDLNCKWHRA";"1-1CC-11e Génie"
"LDQFTLDUQW";"2 pluton ochrony"
"LDRNEIULVG";"PCE-1-12e Cuirassiers"
"LDSMNVIQSQ";"1-A-81st TFS"
"LDTDEOHDQI";"3-3-JG9"
"LDUOPWYLBW";"Company HQ"
"LDVNAOOGQO";"BCS-25e Artillerie"
"LDXETAEGLT";"1-3-54e RA"
"LDXSXXICCZ";"Section AA"
"LDYVQYCURJ";"3-4-232. GebJäger"
"LDZEDFORJU";"Wallmeistertrupp 242/2"
"LDZYHEEQND";"HQ-A-11 GACA"
"LEECBHMFIP";"1-2-292. Panzer"
"LEFJJLGBKN";"CCAS-2e Chasseurs"
"LEGNQFKIEG";"2-1-60e RA"
"LEGWLARRJC";"2-C-54 Tkbat"
"LEHGMJOJTA";"Escorte"
"LEKASMUXYE";"3e Section"
"LEOUHFWGER";"4. Kompanie"
"LEOXWGVNVP";"2nd Troop"
"LEQHSGXXSR";"CCS-21CA-19e Génie"
"LEQQAHVSXM";"2-3-243. Panzer"
"LETNDSGHJT";"3. Zug"
"LEUWUTZMRF";"1 pluton saperów"
"LEVEEYRFXS";"1-4-1er RCP"
"LEVFFRTIGK";"Section de Mortiers"
"LEXHQTJIJW";"Logistikgruppe"
"LFCNJPPYLH";"1. Batterie"
"LFESNGJALN";"Stab"
"LFGGTRVDIP";"4-B-Santiago"
"LFHOQRYIBF";"1-1-24e Chasseurs"
"LFHOVXFYNW";"3. Zug"
"LFHQGGNNDY";"Wallmeistertrupp 441/3"
"LFJAFOSSMZ";"HQ-B-Covadonga"
"LFLIRDBTMQ";"PCE-1-2e Chasseurs"
"LFUUZCDASJ";"2-11 Air Def. Bty."
"LFYLNPUEGJ";"2-11 Paluabt"
"LGAOVZINUI";"Stab-Geb.HFS 8"
"LGBVTGFWRN";"CCS-22CA-32e Génie"
"LGDXUOOZFI";"3-A-5-RALC"
"LGFPPVSHYF";"1-O-4-5th Field Art."
"LGKDPGFRZC";"3-B-I,/RAR"
"LGVBHANKCD";"Supply Troop"
"LGXBXOEWOU";"3-5-10. Aufk. Bat."
"LHCLTAMNAQ";"2-1-JBG 33"
"LHDGQAJLHR";"Führungsbatterie"
"LHHTUKUFBA";"Stab-4-303. Panzer"
"LHILYAUSBY";"3-I-5FighterRgt"
"LHJPFDXXTD";"Section de Mortiers"
"LHKYSWYWJV";"3-2-3e Cuirassiers"
"LHLJGZCUYD";"1-23-27 Field Rgt. RA."
"LHMQQKIYQL";"F Squadron"
"LHNETYUCEB";"3. Kie"
"LHUWSIXLEK";"CCS-2CCM-13e Génie"
"LHWDSBXOLB";"Platoon HQ"
"LIEJUFUSLP";"2-104 Maresk"
"LIEKAQIRWI";"1-3-563. Panzer"
"LIETVSATJZ";"CCAS-8e Chasseurs"
"LIIBHHQIAV";"2-2-4. Pionier"
"LIVBUVLPHU";"Section PC"
"LIVGQPNQID";"Wallmeistertrupp 471/2"
"LIVHNXYHQT";"2-4-10 Para"
"LIWMRQRVFA";"ECS-3e RHC"
"LIYHCKBBZZ";"HQ-(1-TerrF)"
"LIYHEXOFMK";"1-C-4 Field Rgt. RHA."
"LIZJKGMUHY";"Recon Group"
"LJABYOMWZI";"3-A-1-R22R"
"LJDDPIGWUW";"1-C-Farnesio"
"LJDEIPOGRC";"2-1-126e Infanterie"
"LJEZODLUIT";"4-Huntsman-2RTR"
"LJGUAMQJKV";"1-B-48 Painfbat"
"LJJTVLKCGE";"4-4-170e Infanterie"
"LJKCYNUDKL";"4-C-3-PPCLI"
"LJLZLMYZDV";"4-4-232. GebJäger"
"LJNJFWHTVC";"3e Section"
"LJPYMXGNLR";"2-C-142 Painfbat"
"LJRDLTOMHP";"HQ-23-27 Field Rgt. RA."
"LJSOHHDJPA";"1. Zug"
"LJUBFJPJSB";"3. Zug"
"LJVSSIPQFU";"Führung"
"LJXWMYSVFR";"2-3-105. Artillerie"
"LJZQSOPPNJ";"PCE-1-6e RPIMa"
"LKCBJOFEYG";"2e Section"
"LKDLUPDYTY";"6 pluton"
"LKDTXTSDTT";"BCS-35e RAP"
"LKEKUZVDZQ";"1-2-103. Panzer"
"LKIYRUSGXX";"HQ-C-Cantabria"
"LKKOAGCIBV";"1-2-565. Pz.Artillerie"
"LKPDHFWLIH";"2-B-Alcantara"
"LKXUIOCTWE";"Squadron HQ"
"LLBDVPIXNH";"3-4-8e Chasseurs"
"LLCZFPFKUD";"ECS-2e RHC"
"LLMFXCQGQJ";"PALR-Gruppe"
"LLNODFXQKW";"2-5-231. GebJäger"
"LLQSJKODNZ";"3-I-9FighterRgt"
"LLYMGKEYKS";"CCS-2CC-1er Génie"
"LMABAXHJCH";"3rd Company"
"LMCYXSDUDC";"ostcie"
"LMCZVKNKQU";"14 komp. czołgów"
"LMHJVIBIUM";"1-3-35-y IAP"
"LMHSHGNNUD";"2-B-5RDG"
"LMLKBIMUAF";"Coy. HQ"
"LMNFRCJTYL";"Führung"
"LMPNTRNPEE";"1. Zug"
"LMQWIDANDH";"3-3-3e Hussards"
"LMTKUSOJTQ";"4-1-1er RHP"
"LMTLGBHCGV";"4-3-4e Cuirassiers"
"LMURCGHQSF";"2-1-152e Infanterie"
"LMVNKCNNVB";"2. Zug"
"LMZUEWOAHQ";"Recon-C-I,/RGJ"
"LNDJMCICTZ";"1-II-20FightBombRgt"
"LNEKDZFVRJ";"2-3-121. Panzer"
"LNKQHSWVYK";"ECS-3e Gpe-2e RHC"
"LNOSVNGONY";"Section Logistique"
"LNRFXCHVOQ";"Batterie PC"
"LNRJDDRJXP";"1st Aero Scout Platoon"
"LNRKEPKETD";"Kom. Rota"
"LNRXRQMBSP";"1-2-8e Hussards"
"LNTFOSNXFX";"3. Zug"
"LNVFSTALGX";"Platoon HQ"
"LNWEVCQFPR";"PCE-4-2e Chasseurs"
"LOBXUBJMNK";"3-A-1RCHA"
"LOCCKZCEFE";"1-2-296-y APIB"
"LODVTXJIKM";"Stab-1. Gebirgs."
"LOLJXZXRNZ";"Section de Mortiers"
"LONXZMTDLD";"2-4-403 RA"
"LOTHHQDOAB";"1-C-Las Navas"
"LOUNSWXCSV";"HQ-12 GACA"
"LOZDEGIVIS";"1-7 Field Sq. RE"
"LOZLQPHTIK";"1-A-II,/RIR"
"LOZMKUCFXM";"Stab-3-562. Panzer"
"LPBHGWWQQN";"3. Zug"
"LPBJVOLYHZ";"2-B-23rd TFS"
"LPBVCFLIXF";"3-A-48 Painfbat"
"LPCUROEVEA";"2-2-235. GebArt."
"LPDDTLJFIE";"2-3-21e RIMa"
"LPHSNMSUBI";"HQ-III-RAAA 71"
"LPHTKGAGGQ";"HQ-C-V,/TLI"
"LPJQRHGCBR";"3-669 Sq. AAC"
"LPKABOMBEE";"Squadron HQ"
"LPLENTICRP";"3-F-2-16th Mech. Inf."
"LPQFAJZDWP";"3e Section"
"LPTCCEJTFG";"7-C-I,/KORB"
"LPYJDLEGIE";"CCS-64e Cie. du Génie"
"LQBJZLACKV";"3-2-LSRCH"
"LQBYCCIWAN";"Escadron de Reco"
"LQCKGNKRVW";"2-3-GBLA I/14"
"LQEXYBAEZE";"2-1-1er RA"
"LQEZBXAGTP";"4-3-24e Chasseurs"
"LQKUAWSBYW";"1-1-1er RCP"
"LQNBICSATF";"HQ-B-Royal Hussars"
"LQOSVJQBFH";"Stab-304. Panzer"
"LQURSXLFUN";"3-SK-4. Pz.Gren."
"LQXBPMKBLM";"4-C-44 Painfbat"
"LQZJLIIGVM";"Wallmeistertrupp 441/2"
"LRGPKXKMZB";"1-3-232. GebJäger"
"LRGWEOBHRA";"1-C-103 GnBat"
"LRKCEKRMCC";"2. Zug"
"LRLRZHAAPK";"Section AA"
"LROOFNXCWI";"BCS-53e Artillerie"
"LRSFMGCACK";"Batterie PC"
"LRTAFYHPRN";"3-B-142 Painfbat"
"LRTDHLVTKH";"AC-2-35e Infanterie"
"LRTEXUEXOP";"3. Zug"
"LRTUAYUZXF";"1-4-47e RA"
"LRUUVGDQIP";"3-4-8. Pionier"
"LRUVHLYBLA";"1-Côtes d'Or 2/2"
"LRVIFKNNVG";"4-2-4e Cuirassiers"
"LRZSNVQEUS";"1-C-I-RALCA 62"
"LSFJMJWBGB";"Recon-B-III,/RAR"
"LSFTDMBIUI";"1-14 Squadron"
"LSGRLTBJPW";"HQ-B-1-1st Helo."
"LSJIQRZDAU";"2-4-4. Pionier"
"LSPPCECTXM";"3-4-102. Panzer"
"LSPQQLQQLR";"4-2-11e Cuirassiers"
"LSQLYGUNSK";"5-1-6e RPIMa"
"LSQOIZRAAG";"Support Group"
"LSQYVADKBF";"4-3-3e Chasseurs"
"LSUJMQDPCG";"2-E-2-5th Field Art."
"LSZESJDLRU";"2-B-43 Painfbat"
"LTBNPWXOTK";"3-C-5RDG"
"LTCZTSOAAK";"1-14 Air Def. Bty."
"LTHBKQAULW";"2-2-24e Chasseurs"
"LTHMHXNXLP";"6-B-VIII,/TLI"
"LTLMMNFGNR";"CEA-92e Infanterie"
"LTNAUODOSN";"1. Zug"
"LTOHAKLQZT";"Sicherungs-Zug 352/1"
"LTSQJEMGUW";"2-2-33-y IAP"
"LUAKQRQVWX";"4-1-35e Infanterie"
"LUBAEGTAPF";"1-2-357-y OShAP"
"LUGVOQYRDU";"4-B-II,/RAR"
"LUGXCGQPAZ";"9-C-I,/PWORY"
"LUIMRKWYCP";"Führung"
"LUPUWNQNMD";"1-2-241. Panzer"
"LURYKYNCBJ";"Stab-3-564. Panzer"
"LUVIFWHRBD";"2-4-233. GebJäger"
"LUXDDIITGE";"2-2-42e Infanterie"
"LUYVMAVQWW";"1-2CC-10e Génie"
"LUZIUWNRKH";"2. Zug"
"LVLQGJWSEW";"HQ-14 Air Def. Bty."
"LVNFVIZINC";"1-4-35e Infanterie"
"LVOQLBSRUO";"3. Batterie"
"LVUKXPIYYC";"3-3-284. Panzer"
"LVXHQIWPBQ";"2. Zug"
"LWAQKDNOHI";"3-2-2e REP"
"LWBDRDMYMQ";"2-K-3-R22R"
"LWDWGTMTLA";"1-A-322 Sq."
"LWFJGXKHLB";"Recon-A-I,/RAR"
"LWKLIOVRRH";"1. Batterie"
"LWOHKJJSKN";"3. Zug"
"LWPFKSOXVJ";"2-23-27 Field Rgt. RA."
"LWPIVZWQMM";"3-4-112. Panzer"
"LWQJBIHLIH";"2nd Troop"
"LWUDNDLAOO";"4-B-59 Tkbat"
"LWVQRUJLBQ";"2-A-V,/RRF"
"LWWZRJYBQY";"2-3-1er RHP"
"LWXUMMQQWK";"2-4-2e REP"
"LXAOREIXEF";"2-3-33e RA"
"LXDUATPHNV";"1-3-233. GebJäger"
"LXGZBTTRBG";"2-A-11 Tkbat"
"LXIIPSIJMK";"3. Zug"
"LXINJPHJEI";"2nd Platoon"
"LXLVIVCTAT";"Section Logistique"
"LXOQZGLIUW";"2-A-VII,/RAR"
"LXOYSQPGIM";"Artillerie-Gruppe"
"LXQBTYFTUP";"4-B-11 Tkbat"
"LXTASDSUWX";"1-G-2-5th Field Art."
"LXTXBHHXQJ";"3-2-102. Panzer"
"LXUDSADVHC";"3-3-6e RPIMa"
"LYAYLRDNSW";"1-A-DCA 11"
"LYCSRYORNI";"1-A-Farnesio"
"LYDOUVYIWH";"1-1-JBG-28"
"LYFHNUODDK";"Stab-3-121. Panzer"
"LYGQJVATGH";"1st Troop"
"LYITVDBSRS";"2nd Company"
"LYMDWWZWDJ";"2. Zug"
"LYMVATVNII";"3-3-104. Panzer"
"LYODVULFRP";"2-4-20e RA"
"LYQDSYXBTK";"1-3-6e REG"
"LYRWOARSBC";"2nd Platoon"
"LYWLCZMMHS";"3-4-114. Panzer"
"LYYVJVJAGS";"Aufkl.-Gruppe"
"LYZEMEBHXA";"Section PC"
"LYZGCEWWDI";"1e Batterie"
"LZAKJDAFTD";"1-4-292. Panzer"
"LZHQJDSLZM";"2-1ère EED"
"LZLGVGINMA";"1. Zug"
"LZMDJODDLU";"1. Batterie"
"LZNLXFWRSW";"1-2-24e RA"
"LZREHQCSOU";"1-2-8e Chasseurs"
"LZTGCJMWQR";"HQ-170-45 Field Rgt. RA."
"LZTJIBSQNP";"Führung"
"LZXHLSIBCY";"1-1-12e RA"
"MAEAECNMMC";"1-B-Alcantara"
"MAEXWFKOQK";"AGS Platoon"
"MAFAXKOQKM";"2-3-JG9"
"MAHHAQHQUH";"BCS-3-43e RAMa"
"MAKNQIDUYP";"1-2-91 pappanc"
"MAPLBUSBPV";"1-FErsKie."
"MAPUOSJOMI";"BCS-20e Artillerie"
"MATKYCBLCT";"2nd Troop"
"MATQHMYHNN";"4-1-2e Cuirassiers"
"MAVPLDHZOC";"Section PC"
"MAZBEPCFRW";"2-4-1er RCP"
"MBBSPMOTWC";"Artillerie-Gruppe"
"MBGSFJSUVY";"Section PC"
"MBHFYRBWJW";"5-2-1er RCP"
"MBJBNXIZAE";"3-40th Army Eng. Supp. Grp."
"MBJOMMIEQV";"Eng-Wpn-3-R22R"
"MBLDXROTNT";"2nd Company"
"MBUYZRSRLU";"1 pluton plot"
"MBVIPFRPJI";"3rd Platoon"
"MBXKRWASHX";"C-At"
"MBZSIBYYMW";"Section du Génie"
"MCCLYBBMET";"3-4-21e RIMa"
"MCCZPFMFSD";"4e Section"
"MCJYTJPZFA";"1-5-303. Panzer"
"MCOQEZZQOD";"1. Zug"
"MCSGJMMSHI";"Führungsbatterie"
"MCSXTCAIHL";"Führungsbatterie"
"MCTIGTHVSK";"1. Zug"
"MCVZPKURGE";"Sicherungs-Zug 7432"
"MCXVGKSAVZ";"7-C-III,/RAR"
"MDANIOMSTG";"1 bateria m 120 mm"
"MDCSZXEZTG";"HQ-A-V,/RRF"
"MDCZAVLRCO";"3-730. Mörser-Kie"
"MDEZDPHNTN";"1-1-12e RBC"
"MDHAFROCYS";"2-4-24e Chasseurs"
"MDJTSWRSYT";"3-3-122. Panzer"
"MDJZKYQMWN";"Recon Group"
"MDNYPOKRHD";"Aufkl.-Gruppe"
"MDOBHUVSNS";"Stab"
"MDOIFJTYAX";"Squadron HQ"
"MDRRPTBPSX";"4 pluton czołgów"
"MDTCFCXVJC";"HQ-D-VIII,/TLI"
"MDUACRNODO";"Stab-3-284. Panzer"
"MDXNFXQPRV";"4-P-3-RCR"
"MEEGCYFQWD";"13 komp. czołgów"
"MEHLRABMYO";"2-3-232. GebJäger"
"MEIXELMVUW";"1-670 Sq. AAC"
"MEKQHURZZX";"Stab-231. Panzer"
"MEPDJXSOPV";"HQ-B-15/19RKH"
"MESHYHPIEI";"Panzer-Zug"
"MEVEBBNZME";"1st Platoon"
"MEXAATBHAM";"ECS-3e Dragons"
"MEZYJSYQTH";"Führung"
"MFBQMCKCSF";"2-11 Pagncie"
"MFDKLBDJNA";"1-B-DCA 11"
"MFEUCRDXJO";"HQ-D-Royal Hussars"
"MFHESDKPDX";"1st Platoon"
"MFLGWHEXLY";"1-D-42 Tkbat"
"MFOIWJPUKS";"1-1-JG1"
"MFTIPRHVSB";"Section Logistique"
"MFVHPZZAQF";"4th Company"
"MFZYZSSQSQ";"Stab-3-8. Geb.Pionier"
"MGFFWRMUUM";"2-C-GACA II/11"
"MGGKUCTSDZ";"Section PC"
"MGGVMFODYA";"3-FErsKie."
"MGIVDFVRIT";"Führungsbatterie"
"MGIYKHOCMB";"2-5-302. Panzer"
"MGJIXUAASI";"1-B-Santiago"
"MGJKOANHKB";"3-2-4e Etranger"
"MGKDXCAGVZ";"Protec-1-5e Dragons"
"MGLBGMZWVS";"2-D-1-PPCLI"
"MGLQCKKWIE";"3-A-Royal Hussars"
"MGMVORWEVL";"3. Zug"
"MGOTOTSEGZ";"3. Zug"
"MGQDUWJHXZ";"2. Zug"
"MGZEBBFMWT";"2-3-222. Panzer"
"MGZNUDGGCK";"2-4-4e Etranger"
"MGZTONLCNA";"1EHAP-2e RHC"
"MHALCERBJD";"3-2-9e RCP"
"MHFXGWWLOH";"1. Zug"
"MHHLXKWIYY";"1-N-3-RCR"
"MHJKSHBPRU";"Stab-3-302. Panzer"
"MHLFYTBDPG";"3. Zug"
"MHQQABFVAP";"2-C-4 Para"
"MHWOSAXHHI";"1-1CC-10e Génie"
"MHWXHYTNEY";"Führung"
"MHZFXKYKCV";"1-2-68e RA"
"MIASZJCRPX";"3-1-357-y OShAP"
"MIJYFJPAYC";"2-A-322 Sq."
"MILRGEVZZH";"Stab-2-41. Artillerie"
"MINBHPIPSZ";"PCE-4-3e Chasseurs"
"MIOXQKGIFN";"1-2-232. GebJäger"
"MIXCMBOHOJ";"1-1-JBG 34"
"MIZGMSKXJE";"3-4-6e Dragons"
"MJBBESBHHN";"1-A-8CH"
"MJCSRZIBGU";"PCE-1-110e Infanterie"
"MJETJOTPZD";"Recon Troop"
"MJJPBLAMOO";"2-3-244. Panzer"
"MJPSMCDVNU";"Logistikgruppe"
"MJREMFBYMF";"Carros-3-GBLA I/14"
"MJSXXIYGBU";"Führung"
"MJZHQUGXGI";"Stab-88. Geb.Sicherungs"
"MKHHNIHDRR";"Section Logistique"
"MKHWEUECAI";"2e Section"
"MKJWLWBFYQ";"3-2-12e RBC"
"MKKXCHCJPU";"Stab-2-103. Panzer"
"MKXXMYKIKS";"1. Batterie"
"MKYEDFMFBV";"BCS-24e Artillerie"
"MLADGMTALP";"1-13 Pagncie"
"MLCADKLOUA";"1-B-2-5th Field Art."
"MLGGKRXFAV";"HQ-D-III,/Stafford."
"MLGMBSRTNX";"C-1-480th TFS"
"MLGONKQLCV";"2-2-14 pappanc"
"MLIMRQLOKS";"1-42 Field Sq. RE"
"MLJRGRBYTE";"CCS-22CA-9e Génie"
"MLJSKXVJUZ";"1st Platoon"
"MLLGEQITWH";"1-3-115. Artillerie"
"MLLVEAMPNL";"Führung"
"MLNOPKDFXZ";"1er Peloton AT"
"MLOCQJWIPV";"1-11 Maresk"
"MLWFWTRRMZ";"Section PC"
"MLYGKJZIBD";"1-2-21e RIMa"
"MLYQNKGNKQ";"2. Zug"
"MMGZVOFAMB";"1-A-16. HFR"
"MMHHMBTUZD";"4-A-Mérida"
"MMHSYAAFTU";"Logistikzug"
"MMISGNOMQO";"AT Platoon"
"MMJGHKJWBW";"Führung"
"MMJNTBXAML";"2-C-16 Painfbat"
"MMLJLLJAEM";"4-4-1er Chasseurs"
"MMPSSXVMBS";"2-A-Covadonga"
"MMQWMUHQBS";"Führung"
"MMRJDYOUZF";"1-3-1er RCP"
"MMVFBDVQZR";"1-1-88. Geb.Sicherungs"
"MMVHWYYREN";"11-C-V,/Queen's Rgt."
"MMXMRIJVZE";"HQ-A-III,/TLI"
"MMYZRHVSAQ";"1-A-I,/York Vol."
"MNBRNYDBEE";"3-3-92e Infanterie"
"MNBXBLXKNX";"2-4-8. Geb.Pionier"
"MNCIJYEEMH";"1-Gpt. Reco."
"MNJQZBEPUG";"3-B-48 Painfbat"
"MNODUCAAAM";"1. Zug"
"MNQBFUIVPC";"HQ-B-II,/RAR"
"MNRJXUFERT";"1. Zug"
"MNWOUFUJWD";"2-A-316 Sq."
"MNZFRWWMLU";"PA-CECA/131RI"
"MOCRHWFYWL";"1. Batterie"
"MOGQDBZUTP";"HQ-C-5-RALC"
"MOGYYPBUOC";"PALR-Gruppe"
"MOKGRBQZBO";"PCE-3-3e Cuirassiers"
"MOLRRTWDGS";"2-A-101 Tkbat"
"MOMMDQKAHQ";"2-C-47 Painfbat"
"MONHXPLESW";"BCS-3-13e RA"
"MOQFUFZEBB";"1-A-Royal Yeo."
"MORNOATYAY";"3-1-12e RBC"
"MOSWKICIDR";"3-C-15/19RKH"
"MOVILURUUW";"Supply Troop"
"MOVKCBLNHG";"3-2-152e Infanterie"
"MOWIFKJHCM";"1-3e CAD"
"MOYTOXFXVB";"HQ-B-12 GACA"
"MPBYOTOQYO";"1-1-911-y APIB"
"MPGHSXSLOF";"ECS-3e Cuirassiers"
"MPMCJOXILQ";"1-3-16e Chasseurs"
"MPSSRDWNQP";"4th Company"
"MPUGMJXCTA";"1-21CA-13e Génie"
"MPVHXLFTAI";"7-C-II,/RAR"
"MPVLIVJVKF";"3-D-4/7RDG"
"MPVPNALBGX";"Gpt. Commado"
"MQBIRYECZW";"PCE-3-21e RIMa"
"MQBXWLDWPQ";"Stab-2-302. Panzer"
"MQESANEKBI";"3-14 Air Def. Bty."
"MQJFCVRDTC";"PA-Det./1er RPIMa"
"MQKNCENPLG";"2. Zug"
"MQNLZKHNCA";"4e Section"
"MQNYJJXPOZ";"3-4-3e Hussards"
"MQOECNUZVU";"3-3-4e Cuirassiers"
"MQOUBPMQYO";"4-2-8e RPIMa"
"MQPGWFGLVQ";"1. Zug"
"MQQIDIYXDQ";"HQ-C-1-34th Armored"
"MQQQXYEURT";"4-A-57 Tkbat"
"MQTCKUUTNG";"BCS-2-19e RA"
"MQUIWWCIYC";"AC-3-16e Chasseurs"
"MQVGSXOVFB";"2-B-41 GnBat"
"MQVWTKBSCS";"Platoon HQ"
"MQXFRSPRHC";"106 Field Sqn (V)"
"MQYRTXMFDJ";"1-1-60e RA"
"MQZESLMZVO";"1-C-Alcantara"
"MRBHJUEVEK";"4-1-3e Hussards"
"MRDESKLQYY";"Stab-2-102. RakArt.-Bat."
"MRDWJQUVMP";"HQ-A-Covadonga"
"MRIWCKJHRX";"BCS-3-61e RA"
"MRJQFYUAIC";"HQ-M-3-37th Armored"
"MRLWDEZTRD";"Aufkl.-Gruppe"
"MRMPYCLMYS";"Wpn-A-1-16th Mech. Inf."
"MRMWTTLXMS";"1-129 ADA"
"MRNLTJWVRY";"1-2-25e RA"
"MRPBPYAJZT";"2-Geb.HFS 8"
"MRQGNFTAMG";"Protec-2-5e Dragons"
"MRQNJQXVNZ";"2-3-8. Geb.Aufkl.-Bat."
"MRTHNQFTUE";"1-3-2e REP"
"MSCGGTBLZZ";"2. Zug"
"MSFEATDUWW";"4th Troop"
"MSJOPSTBVC";"1-1-JBG 35"
"MSMPVWPGGN";"pluton rozp."
"MSOFBPTGMO";"2-2-60e RA"
"MSOTNCQYSS";"BCS-1-25e RA"
"MSPAYJKRBE";"1-A-1RCHA"
"MSPLQZTYCF";"5th MP Platoon"
"MSSXJVKDEZ";"7-B-I,/Green Howards"
"MSTLWURWKT";"2. Batterie"
"MSTOZQIAPO";"4 komp. zmech."
"MSUEQEPNRA";"2-Res.MSB 15"
"MSXFGMXANY";"AA Group"
"MSYIVPJVKW";"4-1-1er RCAM"
"MSZUEQCXHU";"3. Batterie"
"MSZVRUKTXV";"Section de Reco"
"MTBIELNYRF";"1-B-45 Painfbat"
"MTCYGKKKSD";"Führung"
"MTDDVZMHMI";"HQ Battery"
"MTEAWMIUQD";"3-4-283. Panzer"
"MTFWCJNPKY";"3. Zug"
"MTHHGVAUBJ";"4-A-45 Painfbat"
"MTHWUFCEZT";"Eng Group"
"MTIDQPSQWO";"HQ-6-27 Field Rgt. RA."
"MTKYNBBNWF";"1-5-42. RakArt.-Bat."
"MTMRTVWNTO";"5-Ost-102 Infbat"
"MTOOYSIZWP";"MP Groupe"
"MTWCYEBCPL";"Section Logistique"
"MTZHNNTMJM";"2-669 Sq. AAC"
"MUAGZTSISJ";"2-4-302. Panzer"
"MUDAJFYPSG";"1-B-I,/RAR"
"MUDUDWSAKV";"4-1-2e REP"
"MUKHMQJAMP";"BCS-3-75e RA"
"MUKJYFOFLY";"3. Zug"
"MUPPGFIIUH";"Stab-4-41. Artillerie"
"MUTWSEVLPJ";"4-3-1er RHP"
"MUUHLUJNUH";"1-1-126e Infanterie"
"MUVRXMDJYV";"Aufk.-Gruppe"
"MUXPMCJCLK";"3-4-87. Geb.Jäger"
"MUYRNOEVCG";"PCE-1-4e Cuirassiers"
"MVAURISKWG";"Cavalry scout Platoon"
"MVBAMVGYER";"1st Company"
"MVCQJDHTAA";"Protec-1-2e Cuirassiers"
"MVDFGJBUME";"2. Zug"
"MVFDZAFNVP";"15 bateria"
"MVHQOHJREW";"217 Field Sqn (V)"
"MVLPXHUDLB";"2-(3-TerrD)"
"MVNTVKLOPL";"1. Zug"
"MVOTLPAVKR";"3rd Company"
"MVQWJXNDUQ";"4-B-I,/RGJ"
"MVRXAYORPV";"2-2-2e REP"
"MVSVJQDWRL";"3-4-123. Panzer"
"MVTWVFOZWF";"2nd Troop"
"MVVPIAKHOU";"2-1-JG7"
"MVXMPFQOYN";"3-2-91 pappanc"
"MVXYEPTSRE";"2-3-JG8"
"MVYIZFECNJ";"Führungsbatterie"
"MVZAJQQGVU";"Fla-Gruppe"
"MVZIVZSGNI";"K Squadron"
"MVZSWUOAME";"2-4-2e Chasseurs"
"MWAHCSJGPL";"2nd Platoon"
"MWEUFXNVAH";"3-A-5RDG"
"MWJSCBUHBX";"Pionier-Gruppe"
"MWPMSNKALR";"1. Zug"
"MWRPEIUNII";"2-1-3e Infanterie"
"MWUFHXPGCM";"1-3-10 Para"
"MWWICVPWDN";"PCE-1-153e Infanterie"
"MWWTPRHDFM";"1-Z-3-RCHA"
"MWXEPBJMVR";"3-N-4-5th Field Art."
"MWYSMJIDZQ";"2-D-1st Aviation"
"MWZPXEJQMJ";"1-C-4RTR"
"MXAOGXYHDF";"Section de Reco"
"MXBEAZLRBD";"BCS-2-402 RA"
"MXGDSADTUF";"Stab-293. Panzer"
"MXKYKKBEEM";"10-C-III,/Stafford."
"MXKZFRQACC";"3-3e CAD"
"MXLVJQXAPF";"Stab-3-285. Artillerie"
"MXMETYMATA";"1-2-JBG 34"
"MXMQLITMTP";"1e Section"
"MXNIMDDRTM";"26 Arm. Eng. Sq. RE"
"MXNSAHGBJO";"2-2-1er Spahis"
"MXTVPQIRMI";"1-B-León"
"MXUDEBKKOV";"1-III-9FighterRgt"
"MXUKRSQWND";"2-2-5e Cuirassiers"
"MXUMXXITPA";"Artillerie-Gruppe"
"MXWQAYFLVE";"12 komp. czołgów"
"MXYKDRRQHM";"1-3-1er RHP"
"MXZIFMYREV";"HQ-Wpn-3-RCR"
"MYATBFNMMQ";"2-FErsatz-Bat. 240"
"MYBFPAPJHM";"HQ-B-I-RALCA 62"
"MYBKKWLYIW";"BCS-3-2e RA"
"MYDSBNKXJV";"3-C-52 Tkbat"
"MYGUCQTHKN";"1-1-40. PLMB"
"MYKMGPDQCS";"4-4-42e Infanterie"
"MYMAFBABVY";"3-4-222. Panzer"
"MYMVQBNNZF";"2-A-14 Painfbat"
"MYOABBWHFC";"2-Ardennes 3/3"
"MYRWXFZFSJ";"3-1-3e Hussards"
"MYSSIUONAD";"2-J-2-16th Mech. Inf."
"MYUOPCFEIQ";"Stab-5-302. Panzer"
"MYXTISURSG";"3-B-58 Tkbat"
"MZFWAEDPBR";"Batterie PC"
"MZIOFGIQME";"2. Batterie"
"MZPWVMNMHB";"Section de Soutien"
"MZQWDCWJHM";"1st Platoon"
"MZWPYJUYOP";"13-D-V,/TLI"
"NAAHRSUPCF";"Stab-3-304. Panzer"
"NAARGEUWNO";"Peloton Mortier"
"NABISNYYSS";"Fla-Gruppe"
"NACGJMMEIJ";"2. Zug"
"NAEWYDYZCG";"1-A-V,/RRF"
"NANPIVBEOX";"Logistikgruppe"
"NAOYXHNYPO";"Führung"
"NAQGACTUSV";"1-1-20 pappanc"
"NARDUJVQUB";"1-3-113. Panzer"
"NAXZQXSFAQ";"Stab-4-562. Panzer"
"NAYPGDKEZI";"EE21.054"
"NBBCUOWSSB";"1-2-3e RPIMa"
"NBBGHXDKBH";"2-C-11 Tkbat"
"NBDYEUBFVZ";"3-C-BHELA I"
"NBFRGEFFHL";"4-Cyclops-2RTR"
"NBJULCDFYG";"Section du Génie"
"NBMQKXMJZV";"4-3-1er Dragons"
"NBOSVBKYOV";"2e Section"
"NBTPPAJCIX";"HQ-D-1-34th Armored"
"NBTWKONDYE";"2-2-401 RA"
"NBZOFABPVE";"C-12 Squadron"
"NCCYREFFZW";"1-421TFSTFS"
"NCHWFMFIXT";"2. Zug"
"NCKOQDSIXO";"2-5 dam"
"NCNLTAEVAP";"2-1-8. PLMB"
"NCNUZWRKWM";"HQ-Y-VI,/RRF"
"NCSGSZDXSQ";"Stab-2-303. Panzer"
"NCUMIRUHCM";"3-ya Rota"
"NCWHMWDUVX";"Stab-3-245. Artillerie"
"NDCINRMBHF";"3. Zug"
"NDKPRASDQA";"4-1-3e Cuirassiers"
"NDUCAJBMJD";"Platoon HQ"
"NDUTBSAVHV";"1-R-4-16th Mech. Inf."
"NDWAZWHTXX";"1-2-113. Panzer"
"NDXTGLSAYH";"3-3-14 pappanc"
"NDXZXJLXOG";"3-A-142 Painfbat"
"NDYNIUVQSQ";"2-1-20 pappanc"
"NDYRMASXDN";"2-30 Air Def. Bty."
"NDYVYSQZII";"HQ-A-VII,/RAR"
"NDZKVUHNCS";"dowództwo LWP"
"NDZWORTOHX";"2-A-5-RALC"
"NECIOYJETM";"1-522nd Eng. Coy."
"NEFWKMAYEZ";"7-C-III,/TLI"
"NELORRZURB";"Scout Platoon"
"NENSVQXFZE";"3-3-232. GebJäger"
"NEOMAEKVQI";"1-3-87. Geb.Jäger"
"NEQEMMYAHX";"3-4-1er RHP"
"NERBGOKKFT";"2-4-86. Geb.Jäger"
"NETUZTPYFJ";"BCS-2-34e RA"
"NEVFIFULGS";"3-A-Farnesio"
"NEVOQYDEAZ";"Section PC"
"NEWBJJITWH";"2-3-102. Panzer"
"NEYRIFADXE";"2-1-833-y IAP"
"NFCLUREDJC";"Det.-12 Paatcie"
"NFFALQSBWR";"3-E-1-4th Cavalry"
"NFFFXQZHUP";"ECS-8e RPIMa"
"NFIMOYQITC";"1-C-55 Painfbat"
"NFIOLAZPVS";"Wpn-U-4-16th Mech. Inf."
"NFPQUSDPSW";"Squadron HQ"
"NFRXEGRFPX";"3-T-4-16th Mech. Inf."
"NFSKXVGHOY";"1-4-5e Chasseurs"
"NFSOYDRNRD";"Mort-Wpn-2-R22R"
"NFSVAEBVGV";"3-3-244. Panzer"
"NFTKJUANWS";"Stab-2-561. Panzer"
"NFUCJSQNGT";"2nd Battery"
"NFZVBZLCAO";"BCS-2-33e RA"
"NGCAJXHBKT";"3. Zug"
"NGEXOFYPOM";"5 pluton specjalny"
"NGGNBDODWX";"3-1-8e RPIMa"
"NGHYLIYWFK";"1-F-2-RCR"
"NGJWPGZLZA";"1-B-GACA II/11"
"NGOPBMJTTM";"2-5-8. Geb.Aufkl.-Bat."
"NGRRDZBCYX";"4-3-8e RPIMa"
"NGTIEDYIIA";"4-2-1er Dragons"
"NGWQRHJXTX";"2nd Attack Platoon"
"NGZASLOOLD";"HQ-C-I,/RIR"
"NHGWSUINBH";"7-B-VII,/RAR"
"NHHFQZBNFL";"Troop HQ"
"NHHRRHEOUT";"Stab-4-232. GebJäger"
"NHHYHTKBUB";"4-4-35e Infanterie"
"NHKDTCQSHC";"3. Zug"
"NHKRFLSJVY";"Meca-DCM II/14"
"NHKRWMRDMU";"1st Battery"
"NHTMETDUPT";"Artillerie-Gruppe"
"NHXWTMTBAM";"2-1-20e RA"
"NHXXWQBBOM";"3-4-233. GebJäger"
"NHYBOZBGFX";"3e Section"
"NIAMDZIINX";"4-1-1er REC"
"NIAZIQVLEO";"1-4-33e RA"
"NIBMMBZDEP";"2-5-68e RA"
"NICYZJPMFO";"2nd Troop"
"NIGTZJSPJK";"Führung"
"NIIPJNAMLS";"2-2-833-y IAP"
"NIKSVVUIJN";"Führung"
"NIMCNYWKRX";"2-2-35e Infanterie"
"NIPNUDFZBW";"3rd Platoon"
"NJBNCZNTKU";"PCE-3-153e Infanterie"
"NJCJHDAUFJ";"Logistikgruppe"
"NJQUXEXNZK";"AC-2-24e Chasseurs"
"NJREXWCJOD";"2-ya Rota"
"NJXRNQEOQE";"2-2-170e Infanterie"
"NJZLVEMMHQ";"3-C-Mérida"
"NKBJKATGSC";"HQ-1-4th Cavalry"
"NKCOUOTIPX";"5-1-1er RCP"
"NKEHMBCWWY";"Wallmeistertrupp 223/1"
"NKERJZVGZR";"Aufk.-Gruppe"
"NKOWWZSQIQ";"HQ-B-I,/Scots Gds."
"NKQWZTOEYW";"Recon Troop"
"NKUVATMTLK";"3-1-3e Infanterie"
"NKWGHEJFTB";"3-1-968-y Gv. IAP"
"NKZCLBMXSR";"Aufkl.-Gruppe"
"NLAFVXSIAE";"2. Batterie"
"NLBFZUWVOX";"BCS-4-19e RA"
"NLCSIIJPEO";"PCE-4-1er Spahis"
"NLEKXKTXQI";"4e Section"
"NLEUVSRIJD";"3-4-30e Chasseurs"
"NLGCSVBITG";"2-3-126e Infanterie"
"NLIWUMXBIR";"2nd Battery"
"NLNZQPRUHJ";"4-B-47 Painfbat"
"NLOAOZCNQU";"3-C-Almansa"
"NLSAICOTFN";"Stab-3-88. Geb.Sicherungs"
"NLWLRFINFH";"1-2-JBG 33"
"NMBHBCSJCY";"1-Geb.HFS 8"
"NMCMEOVOWB";"2-PzPionier 300"
"NMJLEEPWUS";"HQ-AT-5-16th Mech. Inf."
"NMLZDABEGH";"1-1-JG7"
"NMMHWUONIK";"2-4-1er RHP"
"NMOUUQVKGS";"3rd Troop"
"NMRVTBEEHA";"3-Geb.HFS 8"
"NMSXIQAAIH";"2-B-46 Painfbat"
"NMUBFDSZIJ";"BCS-1-24e RA"
"NMUBZWVHEZ";"3 pluton zmech."
"NMWKIVBQRN";"1-III-4FighterRgt"
"NMXQUNLUDO";"5 komp. rozp."
"NNDDPFYMUO";"HQ-129 ADA"
"NNDJWQXDNU";"dowództwo 2 armii"
"NNDRGUFRKV";"1-4-9e RAMa"
"NNGEMCHWFW";"3-3-281. Panzer"
"NNHJCNQGZY";"2nd Recon Group"
"NNLYYSSWZM";"3. Zug"
"NNOKAPDGCY";"1-3-GBLA I/14"
"NNQKXDBVGQ";"2-1-4e Cuirassiers"
"NNQNBOASOJ";"Stab-3-10. Pionier"
"NNRJMKVEKB";"3-4-3e RCP"
"NNTSSOXARL";"1-4-222. Panzer"
"NNUAOBQEYN";"8 komp. czołgów"
"NNVNSQUGVW";"1-1-110e Infanterie"
"NNWNVAUYOK";"HQ-C-II-RALCA 62"
"NNWRNMNFYE";"BCS-2-24e RA"
"NNYRBAGWBO";"HQ Troop"
"NNZHUAZNTG";"2-B-102 Infbat"
"NOCXWLWXEB";"PCE-4-16e Chasseurs"
"NOEXAWDPQP";"2. Batterie"
"NOFRPGQTJQ";"Stab-4-561. Panzer"
"NOGEETSCAH";"1-II-9FighterRgt"
"NOGGBDUTZN";"2-A-II-RALCA 62"
"NOIVXGDCGW";"Section Logistique"
"NOJFLVZQBR";"Aufkl.-Gruppe"
"NOPXJGYYDW";"1-1-559-y APIB"
"NOSPCUGRWG";"Groupe Logistique"
"NOTFDXMBVS";"HQ-16-4 Para"
"NOTIREZAZU";"1e Section"
"NOVYZUIICQ";"Führung"
"NPATHDINMJ";"PCE-2-9e RCP"
"NPGDCYUILS";"2-C-48 Painfbat"
"NPHAOHKHLJ";"3-A-I,/Green Howards"
"NPHEEGCDDQ";"3-2-2e Chasseurs"
"NPHRMXNTUO";"2e Section"
"NPIHUIWOUT";"EM-15e DI"
"NPIRQHDJSE";"CCS-12CCM-19e Génie"
"NPJSPFWRZQ";"1-1-6e Dragons"
"NPNJTVJSAD";"3-Roussillon 1/11"
"NPNYNCIJZX";"1. Zug"
"NPOHYIEHTU";"3. Zug"
"NPOKOHGSMR";"2-3-47e RA"
"NPOOPBBFFS";"Section PC"
"NPRVMTMPHY";"3-D-1-1st Helo."
"NPRVUOOHMA";"3-3-35e Infanterie"
"NPXHHJMHXU";"HQ Link"
"NPYOFIXOZT";"Führung"
"NQAKXZZSKS";"1-2-121. Panzer"
"NQASKCMYMG";"HQ-P-3-RCR"
"NQCGZOIOQP";"3-B-2-5th Field Art."
"NQODJVQEOL";"1e Batterie"
"NQPSUMGBGZ";"Kom. Rota"
"NQTBJYXBEI";"1-A-9th/12thQDG"
"NQUMGEDAAI";"2. Zug"
"NQUQYTKJOG";"1-2-295. Artillerie"
"NQVKRXKLGC";"HQ-A-BHELA I"
"NQZWSPPSTW";"3rd Troop"
"NRBZQLJKYR";"1-A-11 GACA"
"NRDUHLGHDB";"2-3-3e RPIMa"
"NREFVFQQGN";"2-A-322 Sq."
"NRFEIGMOVY";"ECS-3e Chasseurs"
"NRFQVVTHYL";"2nd Flight"
"NRFTWZQPWT";"4-C-11 Painfbat"
"NRGRHGGIDC";"1-A-V,/Queen's Rgt."
"NRPXIJGNYU";"1-2-20 pappanc"
"NRQHRHYASU";"11 bateria"
"NRTGQVJATF";"verkpel"
"NRVTSCUGZR";"2-D-4RTR"
"NRWAUYLOZP";"PCE-1-8e RPIMa"
"NRWKJVMICL";"1-1-3e Cuirassiers"
"NRYTXRTEBL";"Section de Mortiers"
"NRZEYSOZOH";"1-3-223. Panzer"
"NRZOJBKVAF";"HQ-C-I,/RAR"
"NRZPCPZRBX";"14-D-V,/TLI"
"NRZQDUFFON";"2-B-RSDG"
"NSANHPYQPT";"3-1-3e RCP"
"NSAZHEOKVX";"6-B-V,/TLI"
"NSBOEQAZMV";"2e Section"
"NSCDUSSBBP";"1-III-5FighterRgt"
"NSCROHZOEU";"4-436 Infbevcie Mbl"
"NSEPQKLVKR";"Groupe AA"
"NSHNPFJHZS";"2-4-19e Chasseurs"
"NSHZUUAERP";"3. Zug"
"NSIBXSPDLD";"2-2-21e RIMa"
"NSLLDQONII";"4-2-3e Cuirassiers"
"NSSOQDVGTM";"3-C-11 Tkbat"
"NSTRBNUNHV";"1-2-112. Panzer"
"NSUVLUHQSD";"3-14 HQ Def. Coy. RPC"
"NSUZHUGHPA";"1-C-57 Tkbat"
"NSXDZLECXX";"4-4-12e Cuirassiers"
"NSZGQTVAKJ";"1-A-12 Tkbat"
"NSZMRBAKUQ";"3-2-231. GebJäger"
"NTDSNQWLED";"2nd Troop"
"NTFHQKNSIH";"2-III-4FighterRgt"
"NTGBKOHEZU";"HQ-C-1-PPCLI"
"NTHNEJNPRX";"Aufk.-Gruppe"
"NTHOJHFIGM";"AC-3-24e Chasseurs"
"NTHRXLWZQM";"10-3-V,/RAR"
"NTLCYBPDCB";"PCE-1-42e Infanterie"
"NTQMFMMMQW";"Führungsbatterie"
"NTQXRLVCOJ";"AA Group"
"NTRNUVIRMU";"HQ-C-4 Para"
"NTSTGSSBRF";"3-2-235. GebArt."
"NTTVEDBOZZ";"2. Zug"
"NTUCICAMPA";"2-2CCM-9e Génie"
"NTXOSCJIVB";"2 pluton plot"
"NTYAWZIEER";"BCS-1-13e RA"
"NTYZWCVFCQ";"1. Batterie"
"NUIQTTGOTE";"MG-Gruppe"
"NUKKQIJGZR";"Troop HQ"
"NUNBZATQYS";"3-1-9e RCP"
"NUPPTTNEEL";"Sicherungs-Zug 352/2"
"NUQVVKCWOS";"1-I-1FighterRgt"
"NURPEGOCVY";"2. Zug"
"NUXJWOUAJM";"2-2-9e RAMa"
"NUYCFYBABP";"F Squadron"
"NUYTUKTBRY";"2-5-101. Artillerie"
"NVAWVXGDSS";"2-2-403 RA"
"NVCPYXBVMR";"Wallmeistertrupp 241/1"
"NVDNIPZUYU";"CCS-1CCM-9e Génie"
"NVESCTSHOV";"2-5-222. Panzer"
"NVFTAIWMCX";"3rd Platoon"
"NVMPSPBTXP";"3-4-291. Panzer"
"NVNUQLTHKM";"2-1-61e RA"
"NVPWQHETWT";"3-D-Alcantara"
"NVSQXMTYVM";"3-11Zap"
"NVTSDCQELK";"1-B-45 Afdltlua"
"NVWFKKSHIS";"3-1-42e Infanterie"
"NWCAXWIIMQ";"4-2-12e Cuirassiers"
"NWFZBIIUMV";"Fla-Gruppe"
"NWJGQIFKZV";"2-(1-TerrE)"
"NWKJGDMADJ";"1-2-LSRCH"
"NWMPWVJQRF";"1-2-233. GebJäger"
"NWUOFITISG";"D Squadron"
"NWVKXIVBZW";"1-II-1FighterRgt"
"NWZEFGYZJY";"2-3-2e Cuirassiers"
"NXGHBVUCAW";"1-Y-5-16th Mech. Inf."
"NXLKLPNKVJ";"2. Kompanie"
"NXNCOEPUNT";"1-3-294-y ORAP"
"NXOCNACNXN";"14-D-V,/RRF"
"NXOCWHUFYG";"HQ-C-15/19RKH"
"NXTGOREPMI";"1-B-44 Painfbat"
"NXWUCZDOIO";"Troop HQ"
"NXXPVNRMUA";"1-W-5-16th Mech. Inf."
"NXZYBVBDCF";"MG-Gruppe"
"NYAMILNNGG";"MG-Gruppe"
"NYCAKODCSC";"Stab-121. Panzer"
"NYIKGGYTGW";"Stab"
"NYLEHSEMEH";"1. Zug"
"NYLTMVIMBW";"2nd Platoon"
"NYNJOIGFZJ";"3. Zug"
"NYPRXMPAER";"2-2-6e REG"
"NYPWRJUHMU";"3 pluton ogniowy"
"NYQGFSUVZZ";"1-2-8. Geb.Aufkl.-Bat."
"NYUAJZYETE";"A-12 Squadron"
"NYUDGSQZZA";"HQ-G-2-5th Field Art."
"NYVKIUGRNI";"15-Z-VI,/RRF"
"NYWCJHIACO";"4e Section"
"NYWQNZBMTZ";"Führung"
"NYZFEZHJRE";"1. Zug"
"NZBJOKXVXO";"HQ-F-1-4th Cavalry"
"NZDZKRGVSD";"2-A-12 Painfbat"
"NZDZRGPEJJ";"2-4-223. Panzer"
"NZFRKWCWUB";"HQ-D-I,/Green Howards"
"NZHJPFLMCX";"Führungsbatterie"
"NZICQWXOVO";"2-A-41 GnBat"
"NZMDSBPGDL";"4th Platoon"
"NZMEVWLUKF";"2-4-242. Panzer"
"NZMKWIDARW";"Section PC"
"NZOAZIUPFX";"2-1-1er Dragons"
"NZQMVSCDQG";"Stab-281. Panzer"
"NZUVXZRPLP";"1-1-931-y ORAP"
"NZWHNOZRBA";"Stab-PzPionier 280"
"NZWJFCUCMW";"9-C-II,/Queen's Rgt."
"NZYFATDMFQ";"3-11 Paluabt"
"OABFWJEMFB";"1-1-9e RAMa"
"OAEDTYTCAG";"4-G-2-RCR"
"OAEGMCJWID";"2. Zug"
"OAJDSFPXHX";"HQ-D-VII,/TLI"
"OARVIKDBSF";"Sicherungs-Zug 7413"
"OASZKRKRWW";"1-4-20e RA"
"OATRKRJXVR";"Section de Mortiers"
"OAUJTACKBH";"2e Batterie"
"OBGIGNDYGU";"2-2-3e RPIMa"
"OBGVKSAHNG";"T Squadron"
"OBJNYKFBMO";"2-2-19e Chasseurs"
"OBJOMQSIMO";"Groupe AT"
"OBRLSJLWPT";"HQ-C-BHELA I"
"OBSOMKGJMX";"1. Zug"
"OBUASOUKTG";"3-D-QOY"
"OBUEXCLFWS";"2-A-3-PPCLI"
"OBWKKGSZTP";"1st Flight"
"OBXLQMYKIQ";"1-4-303. Panzer"
"OCFMHGNJEE";"1. Zug"
"OCGPUHYBVN";"4-B-III,/TLI"
"OCJJYXITBC";"2-2-91 pappanc"
"OCLWBEXLNA";"2-19 Squadron"
"OCONBSHQBB";"2e Section"
"OCQVFVUMZC";"1-2-170e Infanterie"
"OCRKMNVGZM";"2. Zug"
"OCVXUCNCRD";"HQ-C-Royal Yeo."
"OCXLDWGZKH";"Stab-4-114. Panzer"
"OCYGFNAMNC";"1-A-54 Tkbat"
"OCYLYGHGUJ";"1. Zug"
"ODABFDJNFR";"2-P-4-37th Armored"
"ODEIZTOPLA";"3rd Company"
"ODFDFKZUWH";"2. Batterie"
"ODGIAYOYFO";"2-A-Alcantara"
"ODOUUIOGRW";"Section PC"
"ODPJVQIYBE";"1-1-1er Chasseurs"
"ODZFBFKDHD";"Recon Flight"
"OEBQCMQTXX";"2-2-8. Geb.Pionier"
"OECTDGTPUT";"1-A-Covadonga"
"OEEFGVDVUM";"Support Group"
"OEIRUSENGS";"Platoon HQ"
"OEJIMIFJCL";"3-4-121. Panzer"
"OEKFXOEBAR";"2-3-103. Panzer"
"OELBXELUBN";"Aufk.-Gruppe"
"OEMDJPEDQR";"MG-Gruppe"
"OENTLHUGTW";"2-3-12e RA"
"OEQOVLSGGW";"Stab-4-10. Aufk. Bat."
"OEQYHCYXAY";"Artillerie-Gruppe"
"OERTKCWQQT";"1e Batterie"
"OESYKSHIRL";"2-FErsatzkie 3"
"OEVTIHTWRZ";"2. Zug"
"OEVUAHXPVK";"Stab"
"OEYJTCFLLB";"PCE-1-1er Cuirassiers"
"OEYYCZXKOA";"2-3-17e RGP"
"OFABDZXYUS";"3-A-QOY"
"OFAWNGUJOM";"3-4CCM-11e Génie"
"OFEMOUVFDF";"3-2-6e Dragons"
"OFHZIYWBXR";"2-2-31-y Gv. IAP"
"OFIAIUVDOE";"HQ-(3-TerrC)"
"OFRTDHWAOO";"1-A-16 Painfbat"
"OFTCFKRCHG";"HQ-B-GACA I/11"
"OFTVKYVYGT";"KanJPz-Batt."
"OFZQDXJFSE";"2-53 Air Def. Bty."
"OGAAIPHKZU";"4-C-Covadonga"
"OGBHDFEMUK";"BCS-4-68e RA"
"OGFODDGFIM";"HQ-C-9th/12thQDG"
"OGGRVEJMCT";"3-1-170e Infanterie"
"OGIOSRJXEJ";"1. Zug"
"OGJBSJOVXX";"1-C-Covadonga"
"OGJIFYASWP";"Battery HQ"
"OGKFXZHFHW";"1-1-1er Cuirassiers"
"OGLHBEQJJB";"3-(2-TerrB)"
"OGMWGRIBHE";"3-1-773-y IAP"
"OGNTZKLPOW";"1. Zug"
"OGPQUNUUBV";"3-A-VIII,/TLI"
"OGULHZYKOI";"AC-3-2e Chasseurs"
"OGVAISEBUM";"3-(3-TerrE)"
"OGVTPVEMCL";"Sicherungs-Zug 2433"
"OGYTRPXYOX";"Mörser-Batt."
"OHAPTSPSMW";"Squadron HQ"
"OHCUVNQEJG";"3. Zug"
"OHDVUTEZJN";"Wallmeistertrupp 432/1"
"OHFUNWYGIN";"2-3-234. GebJäger"
"OHILKLLMVM";"Aufkl.-Gruppe"
"OHJVFIHFBL";"Battery HQ"
"OHJZBOYMPI";"1st Platoon"
"OHKODELMFI";"1. Zug"
"OHLCSFTKMT";"1-4-86. Geb.Jäger"
"OHNWBRWUFD";"MP Groupe"
"OHQCAXZUGA";"Section PC"
"OHSVBIFIFA";"3-I-4FighterRgt"
"OIBMDEMARH";"4-1-19e Chasseurs"
"OIDNRKDBPY";"9-C-II,/RAR"
"OIELXQEJHK";"1st Battery"
"OIGZUNDQKV";"1-3-235. GebArt."
"OIHDNCPAEK";"Eng. Group"
"OIKVDYBBBB";"3-3-9e RCP"
"OIMFTWJXHK";"Section de Mortiers"
"OIPFBNQGFU";"3-3-302. Panzer"
"OIQGCEKCDM";"1. Zug"
"OIYLUTHQAG";"1-C-II-RALCA 62"
"OIZPUUGWVP";"Deckungsgruppe"
"OJBPZCPTTJ";"1. Zug"
"OJCVPYWCFF";"2. Batterie"
"OJLADGAEHQ";"2-B-3 Field Rgt. RHA"
"OJONFABWVP";"Aufkl.-Gruppe"
"OJRCJXDORC";"Platoon HQ"
"OJUZRTHHYO";"3-3-295. Artillerie"
"OJYGYCPIPQ";"2-3-104. Panzer"
"OKAQSGWWUA";"3-1ère EED"
"OKCGTENRAL";"Stabs-Zug"
"OKFKDGSGQS";"1. Zug"
"OKGDPNMBCA";"1. Batterie"
"OKGSOULXTN";"Fla-Gruppe"
"OKHMRIQIYS";"6-Ost-102 Infbat"
"OKLJBVZNXF";"2-2-1er Chasseurs"
"OKLPRYQHSG";"HQ-W-VI,/RRF"
"OKOJGWFUCK";"Stab-295. Artillerie"
"OKQMVYUFPD";"2-3-283. Panzer"
"OKXGUGQSAS";"Company HQ"
"OKZURBBBFI";"4-N-3-RCR"
"OLBMYLHSAG";"2-A-4RTR"
"OLCMJSBDGO";"1-PzPionier 240"
"OLNFGZBHDP";"2-C-Wad Ras"
"OLRQIZKDMN";"2-1-19e RA"
"OLSTONUCQR";"1-4-12e RA"
"OLUCTDQRIZ";"Stab-FErsatzkie 2"
"OLZKFSLUYX";"3rd Troop"
"OMBDQYBUYW";"2-Q-4-37th Armored"
"OMEXXWYNGP";"5. Kette"
"OMGEAJXHMD";"5-B-II,/RAR"
"OMGUNAWPXV";"Führung"
"OMHVSLRCXR";"3-C-RSDG"
"OMHXFYBIIZ";"3-3-293. Panzer"
"OMLTNGPRZL";"15-4-V,/RAR"
"OMMSABUJXJ";"Support Platoon"
"OMNTUZWZKJ";"3-2-223. Panzer"
"OMRLPBTXWD";"2. Batterie"
"OMUSFIQEVY";"HQ-Alcantara"
"OMWMFEXCDR";"Flak-Gruppe"
"OMZZJFUVDI";"C-A-81st TFS"
"ONBIKSCWPS";"Aufk.-Gruppe"
"ONBKVNGQWM";"1-4-3e Dragons"
"ONDBGFVTRJ";"3-4-8e Hussards"
"ONFXQMSXUK";"3-4 Field Sq. RE"
"ONMLJVUCGP";"1-4-114. Panzer"
"ONQAQUJYGW";"Stab-PzPionier 220"
"ONSONBFDPP";"1st Platoon"
"ONUHOKOGHY";"HQ-G-2-34th Armored"
"ONUQKQCMKP";"2-4-61e RA"
"ONVYDAMBTP";"2-I-4FighterRgt"
"ONWYUTWHKJ";"Stab-3-293. Panzer"
"ONZCBEHZIF";"3-4-3e Infanterie"
"OOCQCLRQUK";"7-B-IV,/RGJ"
"OOFEEKZYZU";"1-A-7ste Sm."
"OOHXLCZMHR";"1-A-1-16th Mech. Inf."
"OOILOWEKYS";"1--E-V,/RGJ"
"OOMRCIRSWP";"5-B-IV,/RGJ"
"OOPHOITYLI";"2e Section"
"OOQDCXXWQK";"1-A-58 Tkbat"
"OORFJLNKJW";"4-B-5RDG"
"OOTFNWLIZT";"Führung"
"OOUTGXZPLU";"2-1-53e RA"
"OOWGKFKQLW";"3-B-103 GnBat"
"OOWOFTJHAW";"3rd Company"
"OOWUUQHRKS";"3. Zug"
"OOYYTSZWJI";"Führung"
"OPDTEQBKBP";"Artillerie-Gruppe"
"OPGKGZNMRK";"KanJPz-Batt."
"OPHQRIQHPQ";"Stab-2-301. Panzer"
"OPHUDYCBAA";"2-M-3-37th Armored"
"OPIERUYLAT";"Stab-5-292. Panzer"
"OPKYFETNRC";"HQ-D-1-16th Mech. Inf."
"OPQOVGKFQQ";"Stab-4-224. Panzer"
"OPQUSPUMAC";"8 pluton ogniowy"
"OPQVHOHSKS";"HQ-B-4 Para"
"OPSGLDHOXW";"4th Troop"
"OPSIKPYHHN";"2-L-3-34th Armored"
"OPVDAHTTSE";"Führung"
"OPWJTEAFXY";"2-2-1er Dragons"
"OQAUQTYKEQ";"1-C-12 Painfbat"
"OQBASKHYDY";"4-2-24e Chasseurs"
"OQCMYNIVTS";"Wpn-F-2-16th Mech. Inf."
"OQEKWJYFVU";"Section PC"
"OQKZCSQSEG";"2-(1-TerrD)"
"OQOAOVWMOY";"2-A-48 Painfbat"
"OQRYUZATYM";"2-G-2-5th Field Art."
"OQTLWHNJUI";"CCAS-24e Chasseurs"
"OQUQMMGHWZ";"3-4-561. Panzer"
"ORAVHYEAPG";"Section PC"
"ORDCFKUBCW";"1-3-10. Aufk. Bat."
"ORFYEHZNZZ";"1-13e RDP"
"ORGXZKHOKM";"HQ-(1-TerrA)"
"ORHYITUPCE";"Logistikgruppe"
"ORIJKCKXTX";"Stab-4-222. Panzer"
"ORIUUSBURU";"3e Section"
"ORNPWKXUDU";"1-3-101. Panzer"
"ORNVAMKZVY";"2-A-5RDG"
"OROEXFWRXL";"4e Section"
"ORPCAQCFRC";"2-1-92e Infanterie"
"ORPHNYFHEH";"1-2-12e RBC"
"ORRHSZJEAY";"Section de Reco"
"ORTPUWCMCV";"1 pluton zmech."
"ORXDUCBPDR";"1e Section"
"ORYANBAIPY";"1. Zug"
"OSENWGZDSG";"3-42 Pagncie"
"OSHIXSGPLV";"1-3e EED"
"OSHTSWANWX";"1-A-305 Cotrbat"
"OSILJWREBY";"2-23-100 Field Rgt. RA."
"OSJMHBATBG";"2-1-294-y ORAP"
"OSLIWSVRZM";"2-A-V,/Queen's Rgt."
"OSLLBFXCTV";"Troop HQ"
"OSLXFEIVFM";"H Squadron"
"OSPWWDCDXT";"1-2-47e RA"
"OSPXYPCEHO";"1e Batterie"
"OSRFNZCEKZ";"Führungsbatterie"
"OSUXGLLHSQ";"Sicherungs-Zug 354/3"
"OSWRYOFAQQ";"BCS-4-11e RA"
"OSWZGOTYHA";"K Squadron"
"OSXMLOSMSR";"HQ-C-I-RAAA 73"
"OSXRYLIPJK";"Protec-1-3e Dragons"
"OSXYGVZWDY";"Stab-5-113. Panzer"
"OTGLGWVCKU";"4-3-3e Hussards"
"OTGVWQHHMJ";"Supply Troop"
"OTLTRUEDUO";"2-E-2-R22R"
"OTMOPJTQFA";"3-41 Maresk"
"OTNPWPXMIA";"BCS-4-9e RAMa"
"OTNULJJDKC";"9-C-VIII,/TLI"
"OTRZMUAJZH";"4-B-1-R22R"
"OTSGEKGRZH";"1-(2-TerrD)"
"OTTQCWPDTJ";"HQ-23-100 Field Rgt. RA."
"OTUIAJBBYT";"1-1-68e RA"
"OTYCIFCRVS";"5-B-V,/RRF"
"OUBSMSAVHF";"2-2CCM-13e Génie"
"OUBXLMKOAV";"Eng-Wpn-1-R22R"
"OUHLJWOUGY";"3. Zug"
"OUIDMGQFMI";"2-B-54 Tkbat"
"OUJVKWRZQZ";"HQ-AT-1-16th Mech. Inf."
"OUMBUXPBCP";"4 bateria"
"OUMQFZIDCT";"14-Z-VI,/RRF"
"OUNLAAAFVB";"3-C-42 Tkbat"
"OUNUJJLKND";"2nd AT Platoon"
"OUQDROIUGT";"2-T-4-16th Mech. Inf."
"OUROYAEGPG";"Stab-2-282. Panzer"
"OUXIACKUBN";"HQ-C-1RCHA"
"OVBKFEHQPV";"3. Zug"
"OVLPBJWKDR";"N Squadron"
"OVNGICZEJJ";"2-Z-3-RCHA"
"OVOHPFLXMG";"HQ-(1-TerrD)"
"OVOXQMEVKP";"1-D-QOH"
"OVPRLKCWFP";"HQ-A-RSDG"
"OVSLLYYATY";"MP Groupe"
"OVVEADXALD";"Stab-3-101. Panzer"
"OVWOAAFPOI";"3rd Company"
"OWAXUEAOGV";"24-F-IV,/RGJ"
"OWETKKQPVL";"2. Zug"
"OWLUJATGTB";"4-1-42e Infanterie"
"OWQIXZRQSN";"1-2-43e RAMa"
"OWTJGOKLKN";"Führung"
"OWUSIKFPNG";"2-2-296-y APIB"
"OWWOHNUKSI";"3-4-19e Chasseurs"
"OWZMMJPATO";"BCS-2-47e RA"
"OWZWSKGMWX";"BCS-3-33e RA"
"OXAXBOVIIG";"HQ-A-4/7RDG"
"OXBBAOSKHW";"Stab-4-112. Panzer"
"OXBWRGTFVJ";"4-E-1-4th Cavalry"
"OXCHUBIFEN";"Stab-241. Panzer"
"OXFQAUWIMI";"11-C-II,/York Vol."
"OXGWJUVPTJ";"2. Zug"
"OXPDFHUCOH";"2e Batterie"
"OXTLKESDQB";"2-C-1-34th Armored"
"OXTXYXEYEV";"1-C-132 Infbat"
"OYBEUDYXNN";"2-A-142 Painfbat"
"OYBHOTFXTI";"Sicherungs-Zug 7352"
"OYBIYXSXFG";"2. Zug"
"OYFGWEHZHT";"B-B-81st TFS"
"OYNMLKKPNI";"PCE-4-30e Chasseurs"
"OYPQPCFUAY";"1-SK-4. Pz.Gren."
"OYQTJMSQMJ";"Stab-Geb.FErsKie."
"OYTSBBGSTS";"HQ-D-Las Navas"
"OYYGGNTUYM";"1-4CCM-11e Génie"
"OYZJNIKHJY";"PCE-2-3e Hussards"
"OZBENCVLKW";"HQ-B-Mérida"
"OZCECHISQM";"MG-Gruppe"
"OZECWDJEGQ";"Stab-224. Panzer"
"OZILNVQUTP";"PCE-3-3e Dragons"
"OZJDMHYNZU";"1-A-316 Sq."
"OZNKVJBSQU";"3-A-45 Painfbat"
"OZNSZCTEKD";"3rd Platoon"
"OZNVMIHGNH";"1-Z-5-RALC"
"OZPCWTKXXZ";"Peloton AC"
"OZPZTJMFVJ";"PCE-3-170e Infanterie"
"OZRSZMAVAL";"PCE-3-1er Chasseurs"
"OZSMTYQZZO";"2e Batterie"
"OZSZNHHNUM";"7-B-I,/PWORY"
"OZVOWSZWWQ";"3-HFS 4"
"OZVTAZPBRI";"1-2-245. Artillerie"
"OZWBMLPHFY";"1-A-42 Tkbat"
"OZWUUROWPT";"1e Section"
"OZXEDBUDIP";"2. Pio.-Zug"
"PAAOZLZQKG";"2-PzPionier 240"
"PAFNJANMNG";"1-5-8. Geb.Aufkl.-Bat."
"PAGPNPGANW";"2-1-31-y Gv. IAP"
"PAHWUCVPKM";"Artillerie-Gruppe"
"PAOZOGETKJ";"BCS-1-403 RA"
"PAQWVKBZNI";"1-2-14 pappanc"
"PATTKZOOCY";"1-3-17e RGP"
"PATVPSZOTF";"Section de Reco"
"PAUNZASWOP";"5e Section"
"PAVVFGCMXH";"1-3-225. Artillerie"
"PAXUKQANEJ";"2-2-8e RPIMa"
"PBBLKKLZGB";"1-11 Air Def. Bty."
"PBEGFYWSVJ";"3-G-2-RCR"
"PBGKTNUKXK";"Führung"
"PBJMPOOPIT";"3-Jura 4/11 Jura"
"PBJTIKUPPS";"Führung"
"PBJZJIWNUO";"1. Batterie"
"PBMFKKWBRW";"9. Batterie"
"PBNAPHODYL";"PCE-2-1er RCP"
"PBNWSXJLSO";"2-3-JG7"
"PBQHHDUOJP";"1-3-JG9"
"PBWXTBDIIQ";"4-3-2e REP"
"PBYKYPUZYB";"Führung"
"PCCCAXMCWV";"1-3-21e RIMa"
"PCDCXLIYCQ";"1 klucz"
"PCEWIAANNC";"3-437 Infbevcie Mbl"
"PCNEEWQZHO";"3e Section"
"PCQPILGSVG";"HQ-B-I,/RAR"
"PCSGRAWPKM";"1. Batterie"
"PCVFMCIGXU";"1-S-4-16th Mech. Inf."
"PCVTYNXUND";"Section de Reco"
"PCYLNQOXVT";"1-B-41 GnBat"
"PDBDODGUSR";"1. Zug"
"PDDAFPFEPS";"1-52-45 Field Rgt. RA."
"PDDGOLBFVK";"1-A-II,/RAR"
"PDICGTWJRH";"Stab-101. Artillerie"
"PDICRWUOSE";"2-1-402 RA"
"PDIIYLYZJS";"2-3-12e Cuirassiers"
"PDKUHMVYCN";"Section de Mortiers"
"PDMIGAKFSE";"2-1-40. PLMB"
"PDOLATYMFV";"Recon-C-I,/KORB"
"PDSKZVVTTG";"9-D-I,/ASH"
"PDVGMUJZCA";"2-C-13 Painfbat"
"PDVYWFBMAV";"3-B-15 Painfbat"
"PDWJEMPVYB";"1-E-1-4th Cavalry"
"PDZQVMENDF";"10 bateria"
"PEAYCIXHSD";"CEA-3e Infanterie"
"PEBZRCRDMA";"2e Batterie"
"PEEPDNWXOS";"1. Pio.-Zug"
"PEGVLGJUCU";"Stab-1LLD"
"PEMKDIZYHP";"2-B-57 Tkbat"
"PEMQESMTCZ";"Aufkl.-Gruppe"
"PENWRIYYLK";"1-23-103 Field Rgt. RA."
"PEOVHEABHE";"3. Zug"
"PEPMLIAHXJ";"3-4-5e Chasseurs"
"PERWBLLQEO";"3-2-99e Infanterie"
"PESZYVHDWQ";"3-2-JG3"
"PEVPCNFUSO";"1e Batterie"
"PEVWNYPBOP";"Bronegruppa"
"PFDGDJAGKP";"Aufkl.-Gruppe"
"PFEVBODEOG";"HQ-B-RSDG"
"PFFQOEBZMT";"4-5-233. GebJäger"
"PFKYIXIKDC";"Platoon HQ"
"PFOEDORHWX";"3. Zug"
"PFRFVOGGZJ";"2-4-563. Panzer"
"PFRQQCLYFM";"1st Battery"
"PFSXZENTVU";"2-3-233. GebJäger"
"PFZCHRQWWA";"1-A-3 Field Rgt. RHA"
"PGCVOACOZU";"3-A-57 Tkbat"
"PGETJKZNLV";"1-B-1-PPCLI"
"PGFKAKNWRY";"Wallmeistertrupp 222/2"
"PGIGFRXRCH";"2-4-12e Cuirassiers"
"PGIZGVQZPD";"5-3-1er RCP"
"PGKAXPOGXF";"2-3-92e Infanterie"
"PGKHADUVUC";"2. Zug"
"PGMRVKOHKK";"3. Zug"
"PGQWPRHYIH";"Peloton Mortiers"
"PGTHOQKAPN";"1-3-61e RA"
"PGUOAYGHSK";"Führung"
"PGYTVEPPII";"(MLRS)"
"PHAKPGHXTC";"Stab-48. Sicherungs"
"PHBLUYTHWL";"Sicherungs-Zug 7451"
"PHGKOCVLXZ";"Führung"
"PHICKCGAIX";"1-3-41. Artillerie"
"PHNYZTXVWN";"2-1ère CAD"
"PHSUWMUCUP";"CCAS-152e Infanterie"
"PHWBJJAAML";"1. Batterie"
"PHWQHLLQFC";"1-2-31-y Gv. IAP"
"PHXVQUSBRW";"Stab"
"PHZALQTNGV";"Groupe AT"
"PIAEVMJNLT";"Führung"
"PIDLGTVXOH";"HQ-C-III,/Stafford."
"PIELMMEBKO";"1-3-1er REC"
"PIKKOSYKTX";"Führung"
"PIMZYIMZSE";"Feuerzug"
"PITPSLAAHM";"2e Section"
"PIVKSAAMDY";"2. Zug"
"PIYEWBJFFD";"3-3-305. Artillerie"
"PIYIVIZVWD";"1-A-I-RAAA 73"
"PIYQZYVFCT";"Aero Scout Platoon"
"PJDSSNFNJT";"3-B-13 Painfbat"
"PJFLFWJFQL";"1-C-Santiago"
"PJHDPMNZGW";"1-654 Sq. AAC"
"PJIFUKSTUD";"9-G-I,/51st Highland Vol."
"PJOJSXRJPO";"6. Kette"
"PJPBNSPBOL";"Logistics Group"
"PJQMMJQBBG";"2nd Platoon"
"PJSHDKVYPS";"PCE-1-5e Dragons"
"PJSRFMBQOS";"Stab-5-10. Aufk. Bat."
"PJUBJRSOJZ";"1. Zug"
"PJUGXJTVFZ";"2-1-JBG 34"
"PKBHXQHBWV";"Recon Group"
"PKGIXZVYMW";"HQ-B-I,/RIR"
"PKHNNGWRVO";"2-29 Field Sq. RE"
"PKHSRAMGDX";"1-3-281. Panzer"
"PKIHMBGNSV";"1-A-BHELA I"
"PKIYNZRQPD";"Batterie de Mortiers"
"PKOOLPTBQV";"3-41 Pagncie"
"PKQSTHDAND";"2-3-9e RAMa"
"PKSSDLHYNS";"3. Zug"
"PKVBVVYIIM";"4-4-9e RCP"
"PLFBYXLLLR";"4-B-I,/Staffordshire"
"PLFONYXYHW";"PCE-4-110e Infanterie"
"PLKTNPQDNS";"1-72nd Eng. Coy."
"PLMUMWYXMG";"1-22CA-33e Génie"
"PLNTITKNQI";"2-2-34e RA"
"PLOWUNPZXM";"HQ-(2-TerrC)"
"PLQVHRUUZE";"HQ-669 Sq. AAC"
"PLTZNYEIVR";"3-II-5FighterRgt"
"PLWPIJUMXZ";"2-3-241. Panzer"
"PLXIVWLPNN";"2-D-8CH"
"PMATSUUFNQ";"2-A-Las Navas"
"PMAYZHJZZX";"2-3-73-y IAP"
"PMEWDFCDPQ";"1-D-1st Combat Eng. Btn."
"PMFGBVCSPV";"1. Zug"
"PMQQZVQTSB";"3-4-99e Infanterie"
"PMRPVTNKFC";"1e Batterie"
"PMTSYKBTIZ";"3-11 Maresk"
"PMXLBUDFJJ";"3. Zug"
"PMYTOKMIIN";"2-FErsatzkie 1"
"PMYTWHUUTQ";"3-1-24e Chasseurs"
"PNAMMUFHYI";"1. Zug"
"PNCKODIXSV";"2-2-4e Etranger"
"PNGGAMVUAD";"1-Corse 3/11"
"PNKKKHFJWH";"Protec-1-6e Dragons"
"PNKKOJRFCF";"3-A-46 Painfbat"
"PNMRBJMUPZ";"1-C-Cantabria"
"PNPEIDXERX";"3-2-241. Panzer"
"PNQWOWIQXM";"1-D-4 Para"
"PNQWRXBUFN";"4-3-3e Cuirassiers"
"PNRDFESMUE";"1st Platoon"
"PNTCOWNXEA";"1-2-911-y APIB"
"PNVNNSHENL";"Führung"
"PNWBBTHEES";"1-2-1er RHP"
"PNWHXSKRXP";"1st Battery"
"PNWOFABMQQ";"Stab-563. Panzer"
"PNYLCXCIQR";"Wallmeistertrupp 252/4"
"PNZHVYMWGH";"1-2 Squadron"
"POASTPUSOJ";"1-B-1-1st Helo."
"POCMKRKVSN";"Logistikgruppe"
"POHJTBVXSZ";"Führungsbatterie"
"POKAVBJOYK";"Führung"
"POMIFNLAJN";"HQ-42 Air Def. Bty."
"POPCNRISXL";"Stab-2-232. GebJäger"
"PORFDMBTLK";"2nd Air Lift Platoon"
"PORVTBOFON";"Section PC"
"POTTQXDYDC";"HQ-Wpn-1-R22R"
"POZPMNYJEY";"1-A-314 Sq."
"PPEMAAGBVL";"1. Zug"
"PPIUDIXXSN";"Battery HQ"
"PPPPFJESMQ";"2-Ost-102 Infbat"
"PPQIHYUBDV";"2-1-JBG-77"
"PPUGKKFMGC";"B-2-480th TFS"
"PPXIMWLIHU";"ciest"
"PPYTEMGRMC";"1-C-III-RAAA 71"
"PQCNJBRAHX";"3-III-1FighterRgt"
"PQFUGDIARW";"2. Zug"
"PQJXIQWVFK";"Aufkl.-Gruppe"
"PQMUSVJCVX";"Stab-PzPionier 240"
"PQOAPRIYQV";"Provost Patrol"
"PQRUUFZUNQ";"2-1-114e Infanterie"
"PQUTTEVPRN";"PCE-1-3e Infanterie"
"PQVCYNWTJZ";"3. Zug"
"PQWRRBDKAO";"3-4-152e Infanterie"
"PRCEONOZAI";"3-2-3e Dragons"
"PRDDODWWCS";"Battery HQ"
"PREBUNPCOC";"Aufk.-Gruppe"
"PRFGJJURES";"PCE-3-3e RCP"
"PRQKMLIGZZ";"HQ-1-16th Mech. Inf."
"PRSYQJCILO";"3-A-Alcantara"
"PRTOTTWHDY";"3. Zug"
"PRUHLZJCWY";"3-3-30e Chasseurs"
"PRVYFLDVXL";"CCS-FAR"
"PSALGYFXOU";"Section AA"
"PSDAUSMTFI";"3-2-1er Spahis"
"PSDZLSRSYO";"2. Batterie"
"PSEBQMJWFP";"1-3-108. Sicherungs"
"PSIGNKTGNH";"2-4-170e Infanterie"
"PSIRVLLXWK";"Troop HQ"
"PSJONBLBEK";"2-3-113. Panzer"
"PSKURNWSIW";"4-C-1-PPCLI"
"PSKYUFKPHN";"2-2-2e Chasseurs"
"PSLTRSRAOK";"AC-1-170e Infanterie"
"PSLUDYFNIA";"1-4-121. Panzer"
"PSPXROPUBR";"Supply Troop"
"PSRZVEPZBZ";"komp. rozp."
"PSTDKWRVZP";"Squadron HQ"
"PSXWUPKLSA";"reco"
"PSZAMWWPRJ";"2-1-GBLA I/14"
"PTDFTAJKIN";"HQ-C-I,/KORB"
"PTGJEIZCNS";"HQ-B-1-PPCLI"
"PTHMRXBZAF";"2 pluton specjalny"
"PTMUCOBODB";"4-41 Maresk"
"PTMYGWFSDZ";"2-1-9e RCP"
"PTPVSRDHNV";"1-4-6e RPIMa"
"PTSRWZUZAX";"3-ya Rota"
"PTWEEQKDPS";"3-2-48. Sicherungs"
"PTZMPKRIUS";"7-B-VIII,/TLI"
"PUANFABVSG";"A Squadron"
"PUELQKSGMJ";"3e Section"
"PUIOIPRRCY";"4-C-15 Painfbat"
"PUIXXWFNWG";"4-B-55 Painfbat"
"PUPDGYPZYV";"PCE-CLR-1er RCAM"
"PUPLDVQGBR";"BCS-3-53e RA"
"PUPPWTCAPL";"1-X-5-16th Mech. Inf."
"PUQASEHCUA";"1st Company"
"PUQUGELDSN";"1-B-54 Tkbat"
"PURECAMDIQ";"Platoon HQ"
"PUVTBYBLDT";"HQ-W-5-16th Mech. Inf."
"PUWCDVCNHM";"1-5-101. Artillerie"
"PUWWUOTXML";"3rd Company"
"PUXCKMYEGQ";"2nd Company"
"PUXTKYCXLL";"4-51 Maresk"
"PVFWWACXBP";"1e Section"
"PVJMFZQJEO";"HQ-B-I-RAAA 73"
"PVMDRGIFYK";"1-C-15 Para"
"PVNTPHEIQQ";"Battery HQ"
"PVPTVIBSLC";"2nd Platoon"
"PVUATAWURH";"8. Batterie"
"PVWGMYVHWV";"3-A-II,/RIR"
"PVZDGDKWWA";"3-C-12 Tkbat"
"PWDAQDHZEE";"1-Navarre 1/3"
"PWECCZUFMJ";"1st Platoon"
"PWJHPYJTVT";"2-A-125 Afdltlua"
"PWJKFVPABM";"1-1CC-2e Génie"
"PWLUZXDVOW";"dowództwo dyw."
"PWNOCPEXKO";"2. Zug"
"PWNVILJJFQ";"1-B-Wad Ras"
"PWPOWYVYLB";"7-X-VI,/RRF"
"PWSCBNTOYD";"Stab"
"PWTMZRHAID";"1. Zug"
"PWTSMUHYKK";"4-3-6e Dragons"
"PWXTGBJEOZ";"Section du Génie"
"PWYUYMHBRF";"3. Zug"
"PWZSOKMCCU";"3-O-4-5th Field Art."
"PXBBGLJENQ";"Troop HQ"
"PXBCDPJLIO";"3-2-35e Infanterie"
"PXBONDTFAU";"Führung"
"PXCAIYKYTI";"Aufk.-Gruppe"
"PXCEERCBNN";"3-3-4. Aufk. Bat."
"PXIZOIVOEP";"PCE-3-1er Dragons"
"PXNDZBKLHH";"PCE-1-1er RHP"
"PXOCFGIHNV";"Stab-3-294. Panzer"
"PXQINRPWJV";"1. Zug"
"PXRQSZPYHK";"3-A-1-5th Field Art."
"PXVGVTTMFV";"Führung"
"PXXKSFTYCQ";"2-2-122. Panzer"
"PXXPSUGYEC";"4-A-15 Painfbat"
"PXXYSHQBQA";"3-2-20 pappanc"
"PXYTXTWJOW";"4th Troop"
"PXZOEJBXSE";"2e Section"
"PYEAAMNVPZ";"3-3-87. Geb.Jäger"
"PYLIGLSXPW";"MG-Gruppe"
"PYMHNOOYGM";"2-PzPionier 120"
"PYMUAUIUIG";"HQ-A-Farnesio"
"PYNJEAPGJA";"2-4-9e RAMa"
"PYOILGGZMZ";"1-1-9e RCP"
"PYQWMLLCAW";"4-C-12 Painfbat"
"PYUFMKIWNI";"CEA-21e RIMa"
"PYUSDZMCZG";"2-4-8e RPIMa"
"PZBFCWDVKV";"3-22CA-32e Génie"
"PZEAEVUDKR";"1-2-33e RA"
"PZEDQCYICX";"3-1-91 pappanc"
"PZFOFSWJSV";"1-(2-TerrC)"
"PZIKTNJTWJ";"1e section"
"PZKUBDBQEB";"3-3-562. Panzer"
"PZNLJTQUBW";"3-3-1er Cuirassiers"
"PZQZEFOAVW";"2-4-291. Panzer"
"PZRWHQZJLH";"4-D-Royal Yeo."
"PZTDGNGETB";"M Squadron"
"PZUUNESAMX";"1-4-21e RIMa"
"PZYQXUKBOI";"3. Zug"
"QACZMXBFOW";"2-3-42. RakArt.-Bat."
"QAEDMYPSOZ";"2-5e EED"
"QAEORGOQSN";"2-A-41 Painfbat"
"QAEVXCEGCF";"2. Kette"
"QAIFIJQHLP";"Sicherungs-Zug 74211"
"QAITUHLOYF";"1-102 Maresk"
"QALSGRSLSW";"1st Company"
"QARNASEKAH";"Stab-2-235. GebArt."
"QASLKVNLKG";"4-A-Santiago"
"QAUEGGWPVQ";"BCS-1-75e RA"
"QAUTRZMOVW";"1-C-DCA 11"
"QAXPPWTEOJ";"3-A-11 Tkbat"
"QAYFCRNNFB";"5-1-8e RPIMa"
"QBABCEGOGU";"PALR-Gruppe"
"QBCWCEDYZN";"2-2-JG9"
"QBCZLEWMTM";"M Squadron"
"QBGDPQEPGB";"3-C-44 Painfbat"
"QBICDKCTVB";"3-1st MP Coy."
"QBJZMZNQYG";"2-2-125. Artillerie"
"QBKEMYAUTY";"3-IV-1FighterRgt"
"QBKJBHUKWD";"ECS-2e REP"
"QBLESASEGS";"3-4-1er Chasseurs"
"QBMICASQJN";"pluton m 120mm"
"QBNZOXWKOJ";"2-3-152e Infanterie"
"QBPACFUZIF";"2-B-323 Sq."
"QBQUBDECRD";"4-B-I,/Scots Gds."
"QBTJVOWNVA";"1e Section"
"QBVGZHRAGM";"PCE-4-2e REP"
"QBXHASEFGH";"C-4450th TFS"
"QBYPAIQGZO";"CCAS-92e Infanterie"
"QCAGVGRMOI";"2. Zug"
"QCAJCUPYLD";"4 pluton"
"QCCHIVKGSJ";"HQ-A-1-R22R"
"QCEMFVLEGO";"Stab-2-125. Artillerie"
"QCLWMGJOSN";"Führung"
"QCMLZJMWML";"Fla-Gruppe"
"QCNEZIMEPG";"2e Section"
"QCNRLFUIYT";"2-3-24e RA"
"QCNSHVDRVK";"4-F-2-RCR"
"QCOSEHKUTC";"1-A-Wad Ras"
"QCQCUMLYFZ";"Stab-305. Artillerie"
"QCUDQAWYMR";"3. Zug"
"QCVNVOHVAJ";"BCS-2-35e RAP"
"QCWHPPSCPF";"1st Platoon"
"QDAUCWWRDZ";"Stab-102. RakArt.-Bat."
"QDAYKRTVUK";"3-2-24e RA"
"QDBCGCRDSE";"PCE-1-1er Chasseurs"
"QDDHPYQZGL";"2-4-1er Chasseurs"
"QDJTRZYIVM";"3-B-44 Painfbat"
"QDKLKYAUOD";"1. Zug"
"QDNCLHZZJH";"1. Zug"
"QDNGPZDQMA";"1-3-111. Panzer"
"QDSYQGUGPR";"2. (Panzer) Zug"
"QDTMUKJKWV";"1. Zug"
"QDXCMFRYKV";"Führung"
"QDXYJJFXQL";"3. Zug"
"QDZMYUYJKW";"Führung"
"QEAXPPIFTE";"Führung"
"QEBSOJIQQI";"1st Troop"
"QEDNOUIXCF";"Section PC"
"QEDZDSYJDI";"Recon-A-I,/RIR"
"QEGASIPUFS";"dowództwo bat."
"QEGRMCVHCS";"HQ-Q-4-5th Field Art."
"QEHIHJEQMN";"6-B-III,/Stafford."
"QELJNLFNNY";"Stab-5-103. Panzer"
"QEPVWUTYYI";"4-102 Maresk"
"QEQTXQUOCX";"3e Section"
"QERXFLBLDS";"PALR-Gruppe"
"QFBOSOPAWV";"2e Batterie"
"QFDEBCMDZW";"I Squadron"
"QFGIKIDCMI";"2. Zug"
"QFKDNFKQFY";"Führung"
"QFLHZTQNLO";"3rd Platoon"
"QFRDQFBRBY";"7-C-I,/Scots Gds."
"QFVMDJGKBZ";"AA Group"
"QFWPRDTMIB";"Aufkl.-Gruppe"
"QGABBFEYXG";"1. Batterie"
"QGGCHVKIDK";"5 pluton"
"QGHJQKSQUO";"2-3-101. Artillerie"
"QGIBOSHHMX";"1-B-492nd TFS"
"QGMPFBPFYQ";"1-C-1-R22R"
"QGSCUCAUBX";"4-C-Santiago"
"QGVOQUWICD";"PCE-1-6e Dragons"
"QGWEDBJRDU";"Stab-2-113. Panzer"
"QGWFTUQVVI";"2-3-357-y OShAP"
"QGWQWBEHKE";"3-3-111. Panzer"
"QGYXXFCSSV";"bateria plot"
"QHDBWZISYR";"1-4-1er Spahis"
"QHDMXNCIZR";"2e Section"
"QHFWJXIRWH";"Platoon HQ"
"QHGESVPQOS";"1-C-15 Painfbat"
"QHIYVPEEKJ";"2e Batterie"
"QHLIPTUCGR";"Section PC"
"QHLOHAEKUT";"1-1-34e RA"
"QHLRYBMKQM";"Logistikgruppe"
"QHNHACDHJS";"1-C-14 Painfbat"
"QHPPFDRAOH";"PCE-4-153e Infanterie"
"QHXGCVXKDJ";"1-4-54e RA"
"QIAQPKJMSD";"2-1-3e Dragons"
"QIJKEYGDDJ";"Führung"
"QIMBAAHKLP";"3-29 Field Sq. RE"
"QIMUGAYJUG";"1-2-153e Infanterie"
"QIQCUWDSYL";"2-3-1er Chasseurs"
"QISIPZRYIJ";"HQ-A-8CH"
"QITPEGJPTJ";"3-G-2-16th Mech. Inf."
"QIVOMKMKGS";"3-4-110e Infanterie"
"QIWQKOGOQJ";"2-1-357-y OShAP"
"QIZQZKLTCQ";"Groupe AT"
"QIZRBRJDTP";"3e Section"
"QJBLWJESVL";"2-4-99e Infanterie"
"QJDKAMZBXV";"Teile-4-Beo.Bat. 43"
"QJFLKFTVFJ";"1-2-5e RHC"
"QJFZYAFZOJ";"Zapadores"
"QJGBKXOWUR";"2-A-132 Infbat"
"QJIUNRGGAR";"1-1-19e Chasseurs"
"QJJXIVJWBO";"1-C-1-5th Field Art."
"QJNEUHESML";"1st Company"
"QJXMYQWPFO";"Dét./57e RA"
"QJYQNRBOLS";"CEA-99e Infanterie"
"QJZDBFYMWM";"3. Zug"
"QKBPOIKIDY";"HQ-A-12 GACA"
"QKELFRIKZI";"2-1-6e REG"
"QKGFYDNOCO";"1. Zug"
"QKGUROEUMM";"2-2-6e RPIMa"
"QKJEORJWXN";"1-D-1-4th Cavalry"
"QKMKWUNLMC";"Troop HQ"
"QKMZTYJNEZ";"1-11 Paluabt"
"QKNOHIERJO";"1-1-1er Spahis"
"QKNZLVRHSK";"Wallmeistertrupp 251/1"
"QKOVTMHKXX";"Battery HQ"
"QKRXLVLLTF";"11-C-VIII,/TLI"
"QKUREWUANK";"BCS-1-402 RA"
"QKVTTSJNVN";"2-12 Pagncie"
"QKXPHXQQOT";"Aufkl.-Gruppe"
"QLADYIZESR";"3-FErsatzkie 1"
"QLAXAEQAOF";"1-F-2-136th Mech. Inf."
"QLCSSJHXLY";"2-A-58 Tkbat"
"QLGHAWZQAL";"2-A-Mérida"
"QLILIBUTLM";"2-3-1er Cuirassiers"
"QLISLUPTBV";"2-3-3e Hussards"
"QLITZSOXBW";"3e Section"
"QLONHZDWNZ";"3-(3-TerrA)"
"QLUBHXMCWS";"Stab-123. Panzer"
"QLUWZJFHUF";"2-A-349ste Sm."
"QLXAGHADCH";"102 Field Sqn (V)"
"QMCDWYJLDV";"Aufk.-Gruppe"
"QMEMBOZHQL";"Platoon HQ"
"QMENPIESHG";"1st Troop"
"QMHWGRVXWN";"1-4-43e RAMa"
"QMKPHSHTMV";"2-C-Royal Yeo."
"QMNGFNLIJH";"17 bateria"
"QMNIHWAUHH";"Führung"
"QMQJGVGPDZ";"1. Zug"
"QMQUQDBRPV";"1. Zug"
"QMTZFWMKHX";"2-B-41 Tkbat"
"QMWXWGWIOP";"3-1-11e Cuirassiers"
"QMXQPJQRGP";"Protec-2-1er Dragons"
"QMZJXVSJXP";"4th Troop"
"QMZXAZEXBZ";"B-4CER"
"QNDTSADSLK";"BCS-4-2e RA"
"QNGFODOHNZ";"10-C-VII,/TLI"
"QNHXGUDOFW";"Aufkl.-Gruppe"
"QNKSTUQPSH";"3-4-10. Pionier"
"QNLDHYZFGS";"PCE-3-12e Cuirassiers"
"QNLYFRCQAV";"3-2-24e Chasseurs"
"QNMJLASDKO";"Log.-Gruppe"
"QNNMVBVPBU";"PCE-5e EED"
"QNOAJEOIRC";"2-2-730-y APIB"
"QNQVWSKYUI";"2. Zug"
"QNRHDLMPAN";"1-G-2-16th Mech. Inf."
"QNUPNDSORN";"3-E-1st Aviation"
"QNVGHYUYXN";"1-A-I,/Staffordshire"
"QNWXXVJAPS";"3. Zug"
"QOADEUIJNF";"3. Zug"
"QOCBQJBVRG";"3-C-Wad Ras"
"QODXFQXWSU";"Stab-3-4. Aufk. Bat."
"QOEQMSILYW";"Aufkl.-Gruppe"
"QOGDFPIWPL";"Stab-4-86. Geb.Jäger"
"QOGIJRJBRQ";"Wallmeistertrupp 252/2"
"QOKGBFKBDV";"Fla-Gruppe"
"QOLKLPJVYO";"Sicherungs-Zug 342/3"
"QOOOVVWZMI";"2-2-47e RA"
"QOPNABSIYX";"Stab-5-222. Panzer"
"QOSJJWSUNP";"2e Section"
"QOSTZUPION";"2-A-QOY"
"QOTSCXEZXB";"1-53 Paluabt"
"QOVDUDNUFS";"2-2-61e RA"
"QOWEVDRDIT";"Section PC"
"QOWZGRQWKC";"HQ-3-RCHA"
"QOXEJLINUE";"ECS-1er Gpe-7e RHC"
"QOXUPIAIVN";"Stab"
"QOZJOKBOQX";"PCE-2-110e Infanterie"
"QPDIDAWVHP";"HQ-1-R22R"
"QPECDBOTZU";"HQ-D-I,/KORB"
"QPGRVGGVVO";"2-4-87. Geb.Jäger"
"QPKZGKFUVY";"2-1-8. PLMB"
"QPLEANWIBB";"1e Section"
"QPLKZDUQRE";"PCE-CEA-3e RPIMa"
"QPMTMRLLBA";"1-K-3-R22R"
"QPMVMKQDWL";"2 pluton saperów"
"QPXHKBIWGL";"Führung"
"QPXTHPUJEP";"1-A-59 Tkbat"
"QQARYEIAUV";"2. Zug"
"QQDSSVYRNC";"3rd Platoon"
"QQDWTJICFM";"BCS-5-401 RA"
"QQDXWDCOWI";"4-A-1-R22R"
"QQETHMRSAP";"Wallmeistertrupp 222/1"
"QQFVMMUVDW";"Führungsbatterie"
"QQIHHKOUXE";"1. Zug"
"QQJQRDKTVF";"2-O-3-RCR"
"QQKLDAGYKD";"Stab-244. Panzer"
"QQLGLATCBG";"HQ-6-103 Field Rgt. RA."
"QQQLYLMMBD";"3-3CC-2e Génie"
"QQQSNRBJSH";"Battery HQ"
"QQTTRHACRD";"Stab-3-281. Panzer"
"QQTYJRJAIN";"4-2-5e Dragons"
"QQVMUWDQKP";"1st Company"
"QQZAXEVAVG";"Escort"
"QRDUCVAWCC";"paatpel"
"QRHGFKGOWT";"3-B-Mérida"
"QRKNUCTPVG";"PCE-1-92e Infanterie"
"QROHDUZSLY";"PCE-2-19e Chasseurs"
"QRPAAWRZUK";"Groupe AT"
"QRRJEFHAWA";"2-Y-5-16th Mech. Inf."
"QRSKTGXPDZ";"HQ-72 Engineer Rgt. RE (V)"
"QRWPBFGVSS";"2-B-125 Afdltlua"
"QRYPXECNHY";"3-C-41 GnBat"
"QSGXPSQVKW";"3-2-11e Cuirassiers"
"QSHYMTWBUY";"2-2-81. Geb.Artillerie"
"QSJXZBHOHR";"3-2-115. Artillerie"
"QSLOBUMYRZ";"1-3-73-y IAP"
"QSNSLTRVNQ";"1st Platoon"
"QSRYPWXESW";"1-730. Mörser-Kie"
"QSVQUFDCUN";"2. Batterie"
"QSVYOIRNID";"1-B-313 Sq."
"QTCHQEGXIB";"2. Zug"
"QTJEVQQMIQ";"Kom. Rota"
"QTMKETXJUI";"1-D-1RTR"
"QTMTFMLZAD";"3. (Späh) Zug"
"QTNGMDIWMB";"4-4-101. Artillerie"
"QTOHMWMYLT";"9-C-II,/RIR"
"QTOJLIRYII";"2-2CCM-32e Génie"
"QTTFQENZZS";"Führung"
"QTWDQTXZZH";"2-4-92e Infanterie"
"QTZHTPEGNX";"3-421TFSTFS"
"QTZWLCVOKX";"1-C-12 GACA"
"QUATTATMTA";"HQ-73 Engineer Rgt. RE (V)"
"QUAZFWNJJW";"1. Zug"
"QUCXLXPWIW";"Protec-1-1er Cuirassiers"
"QUGBAPGCNW";"HQ-N-3-37th Armored"
"QUIRYVGHVT";"2nd Platoon"
"QUNTXMBWGJ";"1-2-5e Dragons"
"QUOOSTCPPU";"Feldjäger-Gruppe"
"QUPBRDKKFZ";"2. Feuerzug"
"QURBXCHHWQ";"Stab-A-16. HFR"
"QUWEYAHFNE";"7-C-I,/RIR"
"QUYBFSEWKM";"1-4-24e RA"
"QUYDZUOVMB";"3-C-León"
"QVADXYTHKA";"2. Batterie"
"QVBHMDGIUD";"3-4-231. Panzer"
"QVCVOKJLDS";"Führung"
"QVDNLMTPKU";"4-4-3e Dragons"
"QVERAMWNNA";"Batterie PC"
"QVFHBYGREI";"2-3-JG3"
"QVFUJBJCOO";"PCE-2-4e Etranger"
"QVGBVKDFNT";"2-D-1-34th Armored"
"QVHDLOANLO";"1-4-87. Geb.Jäger"
"QVITEFYORV";"4-4-5e Chasseurs"
"QVITXWFBHO";"2-3-8e Chasseurs"
"QVJIOBZDNK";"2-D-1-R22R"
"QVLGTAQTBH";"1er Peloton de reco"
"QVLOJWTKTB";"Flak-Gruppe"
"QVMTVFGJSL";"1-2-13e RA"
"QVOKULLKID";"1-A-III-RAAA 71"
"QVPHUXRDMI";"2-A-12 Tkbat"
"QVRQGDISYZ";"1-1-3e RCP"
"QVSAJUJTVG";"Platoon HQ"
"QVVSATRPSY";"3. Zug"
"QWGFPQQUWC";"3-4-1er RCP"
"QWHCWFBAII";"2-2-16e Chasseurs"
"QWJOJYLFKP";"PCE-4-4e Etranger"
"QWLSNGJUNV";"4-4-4. Aufk. Bat."
"QWQTYALAOO";"Stab-3-124. Panzer"
"QWTWWWGNUZ";"3e Section"
"QWXYADLGFX";"HQ-(1-TerrE)"
"QXASUTDSNU";"1-2-225. Artillerie"
"QXHCSFHIMF";"2-3-8. Geb.Panzer"
"QXIYQAXOAN";"2-1-968-y Gv. IAP"
"QXJSAQGVID";"Führung"
"QXKJFYICPX";"3-K-3-R22R"
"QXMDOZJQAS";"2. Zug"
"QXMOXTUNHR";"13-D-I,/York Vol."
"QXOFJXOPQV";"3-II-11FighterRgt"
"QXPOGMDMNU";"3. Panzerpio.-zug"
"QXSBAOSSLC";"3-C-101 Tkbat"
"QXUGBXJSCX";"FRR-Gruppe"
"QXXGEEIALH";"Aufkl.-Gruppe"
"QXYMBSVPJG";"Stab-3-4. Pionier"
"QYABDEOXGQ";"1-3-60e RA"
"QYAUXCMUUQ";"1-4-301. Panzer"
"QYBPLAOYNY";"2-C-15 Para"
"QYCRMIAYLT";"1-1-JBG-77"
"QYFISFBUQO";"1-C-40 Field Rgt. RHA."
"QYFWXOOGPE";"3. Batterie"
"QYKQBTWDXF";"1-(2-TerrF)"
"QYKZHBTHCI";"HQ-3-10 Para"
"QZCMSIYRWC";"2-4-303. Panzer"
"QZDDPQCKPP";"2-B-GACA II/11"
"QZDTHHQOHS";"3-12 Paluabt"
"QZFSRPXYZR";"1-3-9e RAMa"
"QZGIRNIDBA";"C Squadron"
"QZJFMMGHUQ";"1-4-243. Panzer"
"QZMGGLWNJH";"3-104 Maresk"
"QZNQHDMBIF";"3-C-47 Painfbat"
"QZTEBIBMIJ";"2-4-19e RA"
"QZTPMICSLK";"2-3-5e Cuirassiers"
"QZXCKQYYVD";"1-3-20 pappanc"
"QZXPMUVIUL";"Aufk.-Gruppe"
"RAAFUPCQYZ";"1 pluton szturmowy"
"RAGNMEESMM";"11-C-V,/TLI"
"RAHLOUQVGX";"3rd Platoon"
"RAICISILTU";"1-2-773-y IAP"
"RAKJDTGGPN";"3-B-47 Painfbat"
"RALKBYHLEA";"BCS-1-47e RA"
"RALPYDHCAC";"3. Zug"
"RANLNMVYHP";"1. Zug"
"RAODAXGLGQ";"HQ-O-3-37th Armored"
"RARUMDUPAC";"1-21CA-19e Génie"
"RASJUFZIDM";"Reserve-Batterie"
"RASMDUSYLR";"HQ-A-II-RALCA 62"
"RAWHULYNYX";"BCS-1-19e RA"
"RAXOOHABIW";"1-1-294-y ORAP"
"RAYKTXHGPP";"2-1-40. PLMB"
"RAZBXEPWFB";"2-2-3e Hussards"
"RAZWCBVGJD";"2-C-49 Tkbat"
"RBAERDMBCD";"PCE-3-1er Spahis"
"RBAHLIUZBG";"HQ-B-III,/RAR"
"RBBYIKYWOM";"4. Zug"
"RBCOWKMPFM";"3-2-562. Panzer"
"RBCZQCVZTE";"2-B-45 Afdltlua"
"RBDVFHSPWB";"PCE-CEA-2e REP"
"RBIWPJMSOE";"HQ-657 Sq. AAC"
"RBNJGQPPJP";"PCE-3-114e Infanterie"
"RBUKMFLFUK";"Stab-2-281. Panzer"
"RBUTTCSOUF";"2-2-11e RA"
"RBUWHJLUEK";"1-3-JG7"
"RBYMLDGPZP";"10-C-IV,/RGJ"
"RCASSXLVYC";"2-E-1st Aviation"
"RCBWTNZETF";"Aufkl.-Gruppe"
"RCCETCRHMR";"RT Recon Group"
"RCDAKOIWQJ";"HQ-4-5th Field Art."
"RCGWMZADHK";"3-1-JG3"
"RCIPFQCHFW";"1-3-3e Infanterie"
"RCJGPKMOBX";"HQ-B-BHELA I"
"RCJHACYEAY";"4-Beo.Bat. 13"
"RCOGWAWYVZ";"3-B-Wad Ras"
"RCOYZQZCYE";"2-B-5-RALC"
"RCPOGXWVFT";"2-(2-TerrE)"
"RCSULHVZEF";"AC-1-19e Chasseurs"
"RCSXMCEZNT";"Kom. Rota"
"RCUDFCUMLA";"1-B-II-RALCA 62"
"RCWMTZVTIP";"Führungsbatterie"
"RDACXBOQWC";"Führung"
"RDBRCNWUKZ";"Batterie PC"
"RDBZNEHAGU";"Führung"
"RDEMJLDIYU";"1-1ère EED"
"RDFGGLMTXT";"3-Z-5-RALC"
"RDHZHIBKAO";"Wpn-J-2-16th Mech. Inf."
"RDIAHCSQOD";"1-2-JG1"
"RDKBUCBGAB";"1-3-302. Panzer"
"RDLEFMPZSI";"2-41 Pagncie"
"RDQJAYULCA";"Ost-C-132 Infbat"
"RDVHDZCHME";"PCE-2-92e Infanterie"
"RDVOZWFJWG";"Logistikgruppe"
"RDYACEJIMW";"Wallmeistertrupp 252/3"
"RDZOXAKZCK";"1-A-527th TFS"
"RDZPVKTICL";"1-3-301. Panzer"
"RECOCXUZBI";"Führungsbatterie"
"REDFFDBJNF";"2-Geb.Pionier 230"
"REFMQKFGNY";"Recon Group"
"REGKCTXPGS";"Section de Mortiers"
"REGMXQOXDF";"2. Batterie"
"REHCOQOIDJ";"1-52 Paluabt"
"REHVGKRHEK";"HQ-B-León"
"REJDAOZJNE";"2nd Company"
"REOUIEHADF";"1-5-113. Panzer"
"REQNFUQRZK";"3. Zug"
"RERHUZZSIL";"2-1-JBG-37"
"RESENRXBBY";"2-C-Farnesio"
"RESVECDJWV";"6-B-II,/RAR"
"REUIOAQSMP";"Stab-291. Panzer"
"REYOBXJZLM";"HQ-655 Sq. AAC"
"REYUNPZDPF";"1-A-349ste Sm."
"RFDCQZCJUX";"4-O-3-RCR"
"RFDQREPAXR";"2-C-43 Painfbat"
"RFJIXBJIPF";"3-D-59 Tkbat"
"RFJJBBRSQU";"3. Zug"
"RFKHPSUGBP";"Stab-2-565. Pz.Artillerie"
"RFNKRRDFRR";"HQ-(TerrD)"
"RFOYUUFRHF";"1-A-III,/RAR"
"RFQIHQLESX";"Artillerie-Gruppe"
"RFUFLTTFWW";"8-C-I,/RIR"
"RFUUNIBSUN";"AC-3-30e Chasseurs"
"RFZHOWSDUZ";"Groupe AA"
"RFZIRROERV";"1-Badger-2RTR"
"RGAGBGNSTS";"Sicherungs-Zug 7334"
"RGHAROVDVJ";"129 Field Sqn (V)"
"RGIFOXLIHF";"1-L-3-34th Armored"
"RGJKMIENZP";"EM-3e DB"
"RGJWCUXDLB";"1-B-5-RALC"
"RGLJWTXNDD";"Führung"
"RGNPOFCBMS";"HQ-D-4 Para"
"RHABKBCRMV";"Mun.-Gruppe"
"RHCUYBQZMF";"1-3-34e RA"
"RHDEMYRTOZ";"1st Platoon"
"RHFOKRXWZQ";"Führungszug"
"RHLFLTDYMR";"3-A-44 Painfbat"
"RHLSWXEKZH";"3-3-5e Cuirassiers"
"RHMREAYLTI";"2-A-Farnesio"
"RHPNTOHNBF";"1-P-4-5th Field Art."
"RHQCIIXLZD";"2-1-24e RA"
"RHVMYYRBZZ";"1-D-9th/12thQDG"
"RHZGJDWOAB";"1-1-2e RA"
"RHZPQVAUCB";"2-4-3e RPIMa"
"RHZQWAWNFA";"1-2-73-y IAP"
"RIDZEOOFVV";"1-1-8e Hussards"
"RIGOUEPLFF";"2-1-68e RA"
"RIGOYEMJRH";"5th Troop"
"RIIZEWIPIZ";"1-D-Alcantara"
"RIJVMDQDPB";"2-1-2e RA"
"RIQMRWMHOT";"2-B-BHELA I"
"RIRIWLKAMT";"FRR-Gruppe"
"RIUIQNYOAA";"HQ-(3-TerrD)"
"RIWCZXOQTW";"BCS-3-12e RA"
"RIXCQZYNFV";"2-B-11 GnBat"
"RIYDGKWBQF";"Company HQ"
"RJAJBZOMQW";"3-2-35e RAP"
"RJBGWLIOCP";"4-1-5e Cuirassiers"
"RJHZXEWIAQ";"2-4-304. Panzer"
"RJKYSOQPIS";"HQ-B-Las Navas"
"RJMFZFPMRC";"1-3-42e Infanterie"
"RJNREHMPMK";"HQ-3RCR"
"RJSQICSHYM";"3. Zug"
"RJVIIPJDJH";"1e Batterie"
"RKDTCZJLNG";"5-2-8e RPIMa"
"RKHJVSFYJY";"1e Batterie"
"RKIJRVXMOD";"HQ-A-Santiago"
"RKJQSLYAIX";"3. Zug"
"RKQIDUPBNG";"3rd Troop"
"RKQIRKZFIE";"BCS-4-34e RA"
"RKRORIIUJC";"5 komp. zmech."
"RKUMTDFQXK";"Führung"
"RKVRQTVSBG";"2-1-3e Cuirassiers"
"RKXOSUHBPH";"4-A-52 Tkbat"
"RLBEYGPQBA";"Führung"
"RLCGYIEIVO";"3-II-9FighterRgt"
"RLDWOPTFAG";"Stab-3-125. Artillerie"
"RLGLQVZFIG";"D Squadron"
"RLHYLWYVCH";"1-D-1-R22R"
"RLIRBANNMP";"B Squadron"
"RLIUBNTXFL";"Führung"
"RLKACDVTEH";"Feldjäger-Zug"
"RLLJYFHXZD";"Führung"
"RLLOKZFSGU";"2-3 Squadron"
"RLLTXSJBIX";"Mörser-Batt."
"RLMEYENUWL";"3rd Platoon"
"RLQTJXTQRY";"1-A-57 Tkbat"
"RLQYAEJTXO";"1-ya Rota"
"RLSHOQXFNM";"1-2-11e Cuirassiers"
"RLZWMAKCTW";"2. Zug"
"RLZYTIUMNK";"N Squadron"
"RMBSMZTTQM";"Troop HQ"
"RMDKONEFMW";"2-ya Rota"
"RMDWPEFNGT";"PCE-2-21e RIMa"
"RMEBCECNEC";"Zgrupowanie czolgow"
"RMJVJBQRYD";"Field Eng. Group"
"RMKPHLUJCC";"BCS-1-11e RA"
"RMPDYMDYRF";"2-G-2-136th Mech. Inf."
"RMQGAQKPJZ";"6-K-I,/51st Highland Vol."
"RMSCLJKUJS";"2-C-3-RCHA"
"RMXENRYCAV";"Stab-233. GebJäger"
"RMXPLVDZPS";"3-1-GBLA I/14"
"RMZNQONZOI";"3-Det./1er RPIMa"
"RMZZCBSSXQ";"Stab-FErsatz-Bat. 210"
"RNAOVLVTRZ";"HQ-A-Almansa"
"RNATJWMHHY";"3-A-QOH"
"RNCXDKWRJF";"2-3-19e Chasseurs"
"RNFIAWVVCM";"2nd Platoon"
"RNFLSNJWHL";"Stab"
"RNJEGAKTLP";"Section PC"
"RNLAMPNSKW";"Stab-282. Pz.Gren."
"RNLYAJIVJY";"1-B-3 Field Rgt. RHA"
"RNMKHCLQSK";"CCS-332CC-33e Génie"
"RNOMYDJFAX";"1. Zug"
"RODDWOZQYF";"5-B-I,/Staffordshire"
"ROGZCIAPZT";"1-3-8. Geb.Panzer"
"ROHCCDOIVY";"2e Section"
"ROJGRYBFBC";"4-2-Res.PzR. 15"
"ROKQLKZJLM";"Stab-2-121. Panzer"
"ROMUNLDSUR";"3-3-285. Artillerie"
"RONOSJJVIP";"A-4CER"
"ROPUSUUCRK";"2-A-11 GnBat"
"ROQCUZETQW";"3. Zug"
"RORNYKTESI";"Stab"
"ROROIWYMEB";"PCE-4-12e Cuirassiers"
"ROROOSKPMK";"Platoon HQ"
"RORRTIAWWU";"2-1-10 Para"
"ROSBUTNGDT";"4-4-3e Chasseurs"
"ROUJQKNNQA";"Section de Soutien"
"ROVPPIXYAZ";"1-1-73-y IAP"
"ROXGTFXEBN";"1st Company"
"RPENHKHWEX";"1. Zug"
"RPGPCAZMFL";"HQ-A-9th/12thQDG"
"RPGRTFGRMW";"3. Zug"
"RPIEAELNZS";"4-3-42e Infanterie"
"RPJJCOFFKV";"2-3-2e REP"
"RPPMOENFRP";"2nd Battery"
"RPREMOFFZF";"3-13 Paluabt"
"RPSOSFAJLU";"2-C-Mérida"
"RPTUANSXHO";"2-5-401 RA"
"RPVCDXQIBF";"2-4-102. Panzer"
"RPVIRCUBBT";"2nd Platoon"
"RPWPOJVVPU";"1-1-JBG-37"
"RPYZYEEWPL";"AT Platoon"
"RQAYQLFBHN";"1-A-41 GnBat"
"RQCMESMVNZ";"1-AT-2-136th Mech. Inf."
"RQDLYWRTND";"1-A-1-1st Helo."
"RQGFREDQSN";"2-2-86. Geb.Jäger"
"RQIEPTMQZP";"1-4-81. Geb.Artillerie"
"RQJUVBXWWL";"Stab-3-235. GebArt."
"RQKQTMAOMV";"Stab-3-565. Pz.Artillerie"
"RQKSWZJOFD";"2-3-124. Panzer"
"RQKYXEIZXQ";"HQ-C-I,/PWORY"
"RQPWEPLCIK";"2-4-1er REC"
"RQSRTUUSJY";"2-2-111. Panzer"
"RQTCOVQPUL";"13-D-III,/Stafford."
"RQTSBWGRLM";"1-ya Rota"
"RQUTJJOVUT";"Fla-Gruppe"
"RQXFKSEEBG";"HQ-B-11 GACA"
"RRAQFGQMNU";"Stab-3-561. Panzer"
"RRDOBBTLWY";"3. Zug"
"RREGUXDDZD";"1-659 Sq. AAC"
"RRFCNLRRBE";"2-3-75e RA"
"RRFOXYDRKA";"HQ-Z-5-RALC"
"RRGZLAQOTA";"Stab-SK-10. Panzer"
"RRJTPMRQNE";"2-A-23rd TFS"
"RRLSCCKINE";"1-3-99e Infanterie"
"RRMYQHHAPF";"3-4-113. Panzer"
"RROQGXPEHX";"2-1-19-y Gv. APIB"
"RRPOIKKIZM";"1-A-22nd TFS"
"RRQIZMQUDO";"1-2-125. Artillerie"
"RRVMGQVDFR";"1-2-101. Panzer"
"RRWAQNNGBH";"Section PC"
"RRXQORBYAA";"2-4-122. Panzer"
"RRXWVMCZBJ";"3-F-2-R22R"
"RSABRQUAIA";"3-3-41. Artillerie"
"RSAVBBFMVW";"3-11 Pagncie"
"RSCKDJLVTV";"2-C-41 Painfbat"
"RSFWEXOJEQ";"4-3-12e Cuirassiers"
"RSHZZQJMZZ";"Stab-FErsatz-Bat. 240"
"RSLPYMTSLT";"1-1-JG8"
"RSOQAMWOSM";"Fla-Gruppe"
"RSUNDOJUMZ";"3-128 ADA"
"RSUYBMMALL";"Platoon HQ"
"RSWDUVPKHR";"2nd Troop"
"RSXUIELCWL";"2-C-Las Navas"
"RSYCKNXDKP";"1-C-55th TFS"
"RTBJSBJHAP";"HQ-A-Las Navas"
"RTDMLDAOIP";"A-1CER"
"RTFIOIRPYF";"BCS-12e Artillerie"
"RTFQAILPCA";"Protec-3-3e Dragons"
"RTGCSFXKQI";"3-A-III,/Stafford."
"RTGKUETZAR";"CEA-110e Infanterie"
"RTGWFMCSBI";"4-1-11e Cuirassiers"
"RTHCIPSIRX";"BCS-4-20e RA"
"RTMJZLTZFZ";"Sicherungs-Zug 7245"
"RTNILZQENU";"2-13 Pagncie"
"RTODVKJJFQ";"2-A-49 Tkbat"
"RTTQPIMVZU";"Recon Group"
"RTYUHZSVTL";"2-(2-TerrA)"
"RUABSOMGBF";"Provost Patrol"
"RUAOBZVIWV";"2-1-V,/RAR"
"RUIKLBNZOO";"Grwr.-Gruppe"
"RUKPMWERDY";"1-FErsatz-Bat. 210"
"RUPOENDDYP";"3-C-1-5th Field Art."
"RURIANGPZJ";"3-A-16 Painfbat"
"RUVOEIIHJI";"HQ-D-Royal Yeo."
"RUWGJTDHFB";"1. Zug"
"RUWMKAENTF";"Fla-Gruppe"
"RUXSKWXGFE";"1-3-295. Artillerie"
"RVJDLJTAWC";"3rd Company"
"RVPAHSFHYA";"3-2CC-11e Génie"
"RVRCXCAHPI";"PCE-4-1er Cuirassiers"
"RWBMXYOLQC";"HQ-D-II,/York Vol."
"RWCKFUNPTD";"Führung"
"RWEBEGYPIG";"Stab-4-122. Panzer"
"RWEEQKFAIO";"CCAS-110e Infanterie"
"RWEWAGWKXM";"Logistikgruppe"
"RWIIWZEWFM";"Führungsbatterie"
"RWKQUKDLWK";"1. Batterie"
"RWLQUNDLJF";"MG-Gruppe"
"RWMRANOYEH";"1-A-III,/TLI"
"RWMSHFKTRM";"3-4-10. Aufk. Bat."
"RWOFWJHIMQ";"PCE-7e EED"
"RWRZNRHOLO";"1. Batterie"
"RWTBTTEHCE";"HQ-D-1RTR"
"RWVKNESCLC";"Stab-4-124. Panzer"
"RXBDECLKVL";"2-B-4RTR"
"RXDNUXRRUH";"Section Logistique"
"RXGOPNCRRC";"4th Troop"
"RXJJLEJTYB";"2-(3-TerrA)"
"RXLTMKXGBY";"1-2-53e RA"
"RXLXZJKALU";"1. Batterie"
"RXRJGBNUEM";"Det. Lemwerder"
"RXRKONGEUT";"2nd Battery"
"RXTKWLNGZS";"1-P-3-RCR"
"RXVGFZPAWR";"Aufkl.-Gruppe"
"RXVOBGLXWE";"4 komp. rozp."
"RXWAVTLMTC";"3rd Company"
"RXWVHXVSBW";"1-Champagne 2/3"
"RXWZVZKOFB";"2-K-3-34th Armored"
"RYBGTODRHQ";"ECS-3e Hussards"
"RYBYHRLEIC";"Aufk.-Zug"
"RYDEAGBXDP";"3-FErsatzkie 3"
"RYDXDTJQXQ";"1-2-2e RA"
"RYEXCFIIFN";"2-1CC-10e Génie"
"RYFRJTWBGQ";"PCE-1-35e Infanterie"
"RYITRXXGJM";"3-5e CAD"
"RYKHQZTRBS";"Stab-2-562. Panzer"
"RYLYPFBQIR";"2-3-11e Cuirassiers"
"RYQJSTTHFT";"Batterie de Mortiers"
"RYRDRAUHLZ";"5-B-VII,/TLI"
"RYVJOAOXVC";"2-1-2e Etranger"
"RYVQEJQZGB";"4-2-42e Infanterie"
"RYXMVZVYKL";"1-E-2-R22R"
"RZAMLZIWUZ";"2-HFS 4"
"RZAPOBYCPC";"1-D-1-16th Mech. Inf."
"RZCVCEEYMC";"1-4-92e Infanterie"
"RZEFXNNLFG";"14-D-I,/York Vol."
"RZFLQDNGBC";"1-4-3e RPIMa"
"RZGEVMPUOT";"Section du Génie"
"RZHJKBOASK";"Aufkl.-Gruppe"
"RZJILZPQTK";"Logistikgruppe"
"RZNWCUAZIQ";"PCE-3-152e Infanterie"
"RZNXAHHDUI";"3-ya Rota"
"RZNYECRRMS";"3-C-Las Navas"
"RZPZRZUWZG";"Section PC"
"RZTUXXSTUB";"2-C-1-16th Mech. Inf."
"RZXEVYRGFL";"2-1CCM-9e Génie"
"RZXYWDLMMW";"5. Kompanie"
"RZYPLWDEJW";"3-3-8. Geb.Pionier"
"SAHENJLCTC";"2. Zug"
"SAHLKKYTDZ";"Section de Soutien"
"SAIDEHPBGF";"1-B-15 Painfbat"
"SAKIFKGGUH";"2-F-1-4th Cavalry"
"SAKXCSFRXS";"A-101 Paatcie"
"SALMMDMJLL";"2-1-17e RGP"
"SALNMQCXBB";"HQ-F-2-34th Armored"
"SAMNBBCAPF";"B Squadron"
"SAMXPLAXLD";"HQ-P-4-5th Field Art."
"SANVCOPLWS";"2-I-5FighterRgt"
"SANXSOMCNF";"HQ-B-I,/York Vol."
"SAPLUCHQHZ";"2-C-40 Field Rgt. RHA."
"SAQITQIEBI";"1-1-JBG-37"
"SAQXRCRZQO";"Protec-2-6e Dragons"
"SARDGWRTDK";"1-CLR-1er RCAM"
"SBAAQUTJVU";"PCE-1-170e Infanterie"
"SBAXTSAWYS";"2-C-QOY"
"SBDQDMSJDY";"1-A-4 Para"
"SBELULVKZJ";"Wallmeistertrupp 441/1"
"SBMMXBYMOM";"2. Zug"
"SBQWELEFAP";"3-2-281. Panzer"
"SBQXXPGKLN";"1-40th Army Eng. Supp. Grp."
"SBRDEEJYHD";"Troop HQ"
"SBUZVNTWUL";"Fla-Zug"
"SBXRZACSLW";"2-B-4/7RDG"
"SBYTMFQWHQ";"1-1-5e Chasseurs"
"SBYZOEDGJI";"Section PC"
"SCEYZZEEDE";"2-C-5RDG"
"SCIEZNYYUA";"1-C-43 Painfbat"
"SCSEPAHALK";"2-III-1FighterRgt"
"SCTJIGPFAQ";"1-2-17e RGP"
"SCVEPQJTKQ";"3-53 Pagncie"
"SCYOCMIMAF";"3. Zug"
"SDAHZBDSVX";"3-A-I,/York Vol."
"SDCPUUSFLP";"BCS-4-13e RA"
"SDFJNNDJHV";"ESR"
"SDKJOWATDV";"G Squadron"
"SDNHXNXZSK";"CCS-2CCM-9e Génie"
"SDSQPPCMRV";"HQ-B-1RTR"
"SDVRAWPYHC";"1-1-1er RCAM"
"SDWANJZIEQ";"2-Alsace 3/2"
"SEHJQXMNPA";"3-114 Provost Coy. RMP"
"SEHVZDUFDA";"1e Batterie"
"SEIAGLIZQE";"3-3e EED"
"SEJUIKUDRS";"3-3-8. Geb.Aufkl.-Bat."
"SEJWHROEFA";"1st Half-Battery"
"SEMNINYPID";"Führung"
"SEMULCTHJQ";"HQ-D-QOH"
"SENMQBXQKT";"2-AT-2-16th Mech. Inf."
"SENUPIYOSC";"2-1-85-y Gv. IAP"
"SEPEIFBDIM";"PCE-2-12e Cuirassiers"
"SEPRVIQQEH";"1-1-368-y OShAP"
"SERHOIINPY";"2-B-142 Painfbat"
"SETCCLSLEM";"3-Badger-2RTR"
"SEUVFDDJYL";"2-14 Squadron"
"SEWJLOKKFJ";"2. (Späh) Zug"
"SEXFEOWVMA";"2-3-61e RA"
"SFAOCHWHTB";"HQ-A-VIII,/TLI"
"SFBSBPZKNV";"Protec-1-12e Cuirassiers"
"SFGKDCNQVP";"2. Zug"
"SFGMQDMDFW";"Groupe Logistique"
"SFPXMPQBOX";"1. (Späh) Zug"
"SFQABUUAIR";"1-3-92e Infanterie"
"SFWABIWLEQ";"PCE-2-153e Infanterie"
"SFXLDZCBGC";"2-D-1-5th Field Art."
"SGJGGDPRYM";"Führung"
"SGKQZSZXUV";"2nd Platoon"
"SGQDQQABTA";"Stab-4-243. Panzer"
"SGRBVZTCZZ";"2-CCM-1er RCAM"
"SGRZQHASFY";"2-(3-TerrF)"
"SGTBXUYNMX";"1-4-562. Panzer"
"SGTYQIJRKW";"1-3-88. Geb.Sicherungs"
"SGVQFVIIFZ";"HQ-C-QOY"
"SGXMMANVMQ";"2. Zug"
"SGXVYRORJA";"Führung"
"SGZVFRGHRD";"Fla-Gruppe"
"SGZYQWNBGL";"Beute Flak-Gruppe"
"SHIMGPJUWE";"dowództwo polk."
"SHQKSYHKWR";"3. Zug"
"SHQSBBMXHP";"Groupe AT"
"SHTUXYMDTV";"PCE-3-8e RPIMa"
"SHVNNZGBPP";"1-2-2e REP"
"SHYEIOSXFC";"1-F-2-34th Armored"
"SHZJAMSXCY";"BCS-3-47e RA"
"SIBEXVOBCJ";"3-C-11 GnBat"
"SIBOACYGYT";"10-C-I,/York Vol."
"SICAQEJICA";"2-ya Rota"
"SIDBBXFJGV";"I Squadron"
"SIEGLUTTBO";"2nd Platoon"
"SIEVQRCJJH";"Groupe MP"
"SIEVVUOCMV";"Logistics"
"SIHHITZHXT";"PCE-2-2e Cuirassiers"
"SIJCOAHQPN";"Wpn-G-2-136th Mech. Inf."
"SIJEKYNLOA";"3-2-121. Panzer"
"SIKIORPAIV";"2-3-6e RPIMa"
"SIWEHBIZMX";"1-C-58 Tkbat"
"SIWMISJFDX";"3-5-8. Geb.Panzer"
"SIWTIRYGFR";"4-3-8e Chasseurs"
"SIWVUGEDPD";"1st Company"
"SIXPVNNMVV";"PCE-2-1er Cuirassiers"
"SIXRFIYQBH";"Fla-Gruppe"
"SJAXTEJJFH";"1e Batterie"
"SJBFVRKJDP";"2nd Platoon"
"SJCSQRCYXL";"2-3-91 pappanc"
"SJDISNATTA";"3. Zug"
"SJEBBWZXTQ";"2-3-245. Artillerie"
"SJFQGUKYLJ";"pluton m 82mm"
"SJGGJQKPJZ";"Section du Génie"
"SJIVPEGKGI";"1-PzPionier 100"
"SJJCFSREXS";"3-C-43 Painfbat"
"SJMNOBCJMX";"HQ-B-QOY"
"SJMTNWDYNC";"Squadron HQ"
"SJTOJPHYDD";"2-4-8. Geb.Panzer"
"SKBTHCFVFH";"Artillerie-Gruppe"
"SKDLGXKQGO";"1-3-291. Panzer"
"SKENDQGXPS";"Wpn-H-2-136th Mech. Inf."
"SKFIUXOJKR";"3-4-281. Panzer"
"SKHJWMJFXK";"2. Zug"
"SKKXVFNPKC";"Log"
"SKNQMOLUWU";"Batterie PC"
"SKORYWLQTP";"Stab-235. GebArt."
"SKQTFBNCPV";"3-3-245. Artillerie"
"SKRJTXJJWH";"Logistikgruppe"
"SLDDWUGQYG";"3e Pel"
"SLDPAANNYU";"3-103 Maresk"
"SLDPWLLQMM";"2-A-1RTR"
"SLGDXEOQSO";"Section PC"
"SLJSCDVZZB";"1-3-4e Etranger"
"SLLYLXUJWQ";"4-1-9e RCP"
"SLPKESBQVE";"2-3-231. GebJäger"
"SLPWBCANBE";"22-F-IV,/RGJ"
"SLQKLTWSLW";"2-B-42 Tkbat"
"SLRBCCMMJR";"PCE-4-3e RPIMa"
"SLRJUWFCQD";"1-3-224. Panzer"
"SLRSFVGGBF";"Führungsbatterie"
"SLWSVLLPZP";"Troop HQ"
"SLXJLEXNWD";"Platoon HQ"
"SLYGWSSBGI";"2-B-I-RAAA 73"
"SMADMXBTZM";"3-1-5e Dragons"
"SMBTUECEGK";"2-D-15/19RKH"
"SMBVNWZLRD";"3-4-114e Infanterie"
"SMEJKHZKZL";"1-1-3e Dragons"
"SMILLEYYEJ";"2-1-5e Dragons"
"SMJLTZXMIQ";"Platoon HQ"
"SMNQLTINTN";"1-2-19e Chasseurs"
"SMOTQNRALY";"1-B-42 Tkbat"
"SMPLCXWRPP";"2-C-11 GnBat"
"SMQPPIJLMU";"Führung"
"SMULDNYYVV";"Führung"
"SMVQLRNZMK";"Section de Soutien"
"SMZZYJOSSX";"3rd Flight"
"SNBWKOUJPJ";"1-1-153e Infanterie"
"SNCBACDZKZ";"2-D-10th Cav. Bat."
"SNEJZMYDHU";"1-B-9th/12thQDG"
"SNGHFYDYBU";"3-A-1-16th Mech. Inf."
"SNJSFIFUYK";"3-2-4. Aufk. Bat."
"SNKTLHFBAW";"PCE-2-1er REC"
"SNLDEFHKQU";"HQ-E-2-5th Field Art."
"SNMATWHAAI";"2-B-III,/RAR"
"SNMUZXSGKO";"MG-Gruppe"
"SNRENBDXFM";"2-4-294. Panzer"
"SNYJRUKQJF";"1. Batterie"
"SNYLSDAVFS";"2-22CA-33e Génie"
"SODFIFZQIF";"Section PC"
"SOIAXRSEZU";"4-D-1-R22R"
"SOJGNPOECG";"2e Section"
"SOJQBEZFXV";"2. Zug"
"SOJVKIXFZW";"1-A-1-R22R"
"SOKHMCUWWQ";"2-FErsatzkie 2"
"SOKXMWSCHJ";"3. Zug"
"SOLCKDVFQD";"3-C-41 Tkbat"
"SOMOWVUXCI";"Batterie PC"
"SORAQJVSCG";"HQ-4-16th Mech. Inf."
"SOSFBPOKLV";"7-B-III,/Stafford."
"SOTDPWVDHY";"1-3-103. Panzer"
"SOTYYDUNGB";"HQ-A-QOH"
"SOUTLDDUBZ";"2-4-35e Infanterie"
"SOVLMLAVRI";"3-3-91 pappanc"
"SOWHWQCHMC";"HQ-3-37th Armored"
"SOXPQUDGVF";"3-C-QOY"
"SOZFSPIABS";"3-3-JG3"
"SPEANUQDQZ";"3-Field Sq.-4 CER"
"SPEZMCDIUN";"2-A-II,/RAR"
"SPFGCQVYOQ";"3-5e EED"
"SPFXANSSEP";"1-2-102. RakArt.-Bat."
"SPLOHIWXDO";"1-N-4-5th Field Art."
"SPNDISWKJV";"3rd Platoon"
"SPOJJOTFQD";"2-Jura 4/11 Jura"
"SPQFVFPCGO";"3-3-301. Panzer"
"SPQGYJTDMU";"2nd Company"
"SPTSFYBPLK";"HQ-C-IV,/RGJ"
"SPXQABMKUE";"1st Platoon"
"SPYISOWEYZ";"1-D-1-34th Armored"
"SPZVJPYKEX";"3-2-21e RIMa"
"SQATVTOIFM";"B-1CER"
"SQBGMXGHDN";"2-4-281. Panzer"
"SQEPKCBVTI";"Panzer-Gruppe"
"SQEUJRNQDO";"1-O-3-RCR"
"SQLPRETXAQ";"1 bateria"
"SQOLGYVINY";"3-2-4. Pionier"
"SQQHGSVEGF";"3-A-11 GnBat"
"SQUCHSSTHP";"3rd Troop"
"SQVBCDLHKP";"E Squadron"
"SQYACYAGVH";"HQ-P-4-37th Armored"
"SQZHKGYPPF";"BCS-402 Artillerie"
"SRADSGOHKM";"2-A-55th TFS"
"SRAPVYIPQM";"1e Patrouille"
"SRHWTUYLYQ";"Logistics Group"
"SRMVRBCKYF";"Stab-3-105. Artillerie"
"SRPXIRVWZX";"2. Zug"
"SRPXPQGMRQ";"2nd Platoon"
"SRRLNBDJJX";"4e Bataillon Logistique"
"SRUQENQNWF";"Artillerie-Gruppe"
"SRVEKMJSYA";"Stab-PzPionier 300"
"SRXBMCNYTC";"2. Batterie"
"SRXHQAFQTK";"2e Batterie"
"SRZMAQFCZC";"3-D-RSDG"
"SRZOEANQRN";"2. Zug"
"SSAXRNIRBK";"3-2-3e RPIMa"
"SSFFZGCLKQ";"2. Zug"
"SSHPBRFQTM";"Aufkl.-Gruppe"
"SSJDAHKKMK";"2-4-16e Chasseurs"
"SSJECTNZIL";"Platoon HQ"
"SSKXLESSPA";"1-9 Squadron"
"SSNIWPCNLD";"3rd Company"
"SSPZYBCRIC";"2. Zug"
"SSSRYHIQUV";"1-C-1-PPCLI"
"SSTYLYTRBH";"1. Zug"
"SSXSASQLPV";"Logistikgruppe"
"SSYKIOMLFL";"B-5RGC"
"STBDKQNBIH";"pluton ochrony"
"STCJIEGJTE";"1-M-3-RCR"
"STCYOKXXKM";"1-3-3e RCP"
"STFESINIXA";"2-A-46 Painfbat"
"STFXQKWHFM";"1-1-JBG-28"
"STLNEBJDHM";"4th Flight"
"STMFEBYBWW";"4th Platoon"
"STMRRECBBQ";"2-A-I-RAAA 73"
"STREGVKKOR";"Aufkl.-Gruppe"
"STRGNMHUSM";"2-3-108. Sicherungs"
"STUFGFHCPU";"Stab-3-123. Panzer"
"STYLNHGGQO";"2-1-1er RCP"
"SUDNGOTQMX";"1-D-8CH"
"SUJBJHQBBH";"Platoon HQ"
"SUJSUCJPZW";"1. Zug"
"SUMGMTMSBN";"HQ-C-3-PPCLI"
"SUNFMPKKTD";"3 pluton specjalny"
"SUNYMVBSPV";"2nd Troop"
"SURAJCMQXY";"Aufk.-Gruppe"
"SUUMTVHVID";"2-D-4 Para"
"SUUYDDYXSW";"Wallmeistertrupp 221/1"
"SUWDEHMTLC";"3-B-12 Tkbat"
"SUWULECFLN";"ECS-2-1er RHC"
"SUZUIDLMHJ";"2-H-2-34th Armored"
"SVAHWFNRYS";"1-PzPionier 280"
"SVBBBVPOOU";"3rd Platoon"
"SVFBANOHYX";"HQ-D-V,/RGJ"
"SVIBYPFDLA";"3-D-1-16th Mech. Inf."
"SVIYQENBZW";"ECS-8e Hussards"
"SVLJWPNSUL";"2-A-I,/York Vol."
"SVMUEZCRXA";"1-1-53e RA"
"SVRFVZQVJL";"2-2-30e Chasseurs"
"SVRVDTSATN";"Company HQ"
"SVSYJOPWTG";"4th Troop"
"SVUNUPLOHF";"PCE-4-152e Infanterie"
"SWCFXBYKFJ";"3-(2-TerrD)"
"SWCVSPSCAG";"2nd Platoon"
"SWLXAUFDIX";"Stab-2-122. Panzer"
"SWLXKJEBYR";"8-C-I,/Staffordshire"
"SWMKXHUDDD";"1-3-153e Infanterie"
"SWOGPZZDAM";"2-409TFS"
"SWRRNSBTQJ";"3-A-4RTR"
"SWUTMDPNKE";"PCE-2-30e Chasseurs"
"SWUZDETHRY";"2-B-Las Navas"
"SWWPOALJNU";"Batterie PC"
"SXBMBQDMXV";"1-H-2-5th Field Art."
"SXBMPJVOFU";"1-3-304. Panzer"
"SXBRKMGFSM";"2-E-1-4th Cavalry"
"SXFMXCGOFP";"2. Zug"
"SXJZUDSKEK";"3-421TFSTFS"
"SXLRFSZNCD";"BCS-2-13e RA"
"SXLVXCOVHY";"Grwr.-Gruppe"
"SXNIXNFNXN";"Wallmeistertrupp 471/3"
"SXPRWDODWR";"3-IV-9FighterRgt"
"SXXEOSPKBX";"1-1-JBG-37"
"SXXUKNXITU";"dowództwo 1. armii"
"SXXZWILXVT";"1-2-787-y IAP"
"SXYHVWTHNI";"HQ-A-III,/RAR"
"SXZOKTCXNX";"3-2-10. Aufk. Bat."
"SYGJUJAWMI";"1-3-101. Artillerie"
"SYJSNXOZMJ";"1-4-10. Pionier"
"SYMLVIFFUS";"1st Flight"
"SYSQNMLWTE";"3rd Platoon"
"SYVHIDOIFK";"4-4-8e RPIMa"
"SYVHWLPMHQ";"3-B-Farnesio"
"SYXXYXDWWJ";"Stab-3-108. Sicherungs"
"SZETYCNMZK";"2-3-785-y IAP"
"SZFTVQIDAA";"9-C-III,/Stafford."
"SZFYDAABNQ";"2-1-JG2"
"SZGPKKURMG";"Stab-4-123. Panzer"
"SZIAALAOPB";"1-A-I,/RAR"
"SZIAMBDKWA";"3-3-12e RBC"
"SZKJPBKSBZ";"3-C-12 Painfbat"
"SZOSYAQUEM";"1. Zug"
"SZQKGMKBLE";"HQ-D-I,/RAR"
"SZQXHCOYPD";"1-3-401 RA"
"SZTMPRZYPD";"1-11 Pagncie"
"SZUCJMWRRA";"Führungsbatterie"
"SZWTDKMUHY";"KanJPz-Batt."
"SZXVDEZLQT";"Führung"
"TABDGYHUPF";"ATGW Troop"
"TACJWCPNUA";"1-B-11 GACA"
"TADOJCELQL";"Grwr.-Gruppe"
"TAEAGEJXEY";"3-3-113. Panzer"
"TAHVJWRAZM";"HQ-D-1-4th Cavalry"
"TAITMCQBVT";"Protec-3-2e Cuirassiers"
"TAKMJTHIMB";"2-32 Air Def. Bty."
"TALQEKZSJS";"3rd Flight"
"TALVTHQTXI";"1-A-V,/RGJ"
"TAMGDVUXCY";"1-3-1er Chasseurs"
"TAMTJLFABN";"2-D-1st Combat Eng. Btn."
"TANGJMZXGS";"Platoon HQ"
"TASPRETGNE";"3-3-292. Panzer"
"TATAKRXZIH";"K Squadron"
"TATFSWPGAA";"1e Batterie"
"TAXAJXNXLL";"3-4-16e Chasseurs"
"TAYEMGJZJS";"AT-Wpn-3-RCR"
"TBDPIYXRXW";"2e Batterie"
"TBGNDTPKJD";"Squadron HQ"
"TBJJGDNRYK";"2-4-2e RA"
"TBSFVJRAXV";"FRR-Gruppe"
"TBVALCZLCY";"3rd Company"
"TBYQRSXYCJ";"Weapon Platoon"
"TCBERCHQHA";"1-I-11FighterRgt"
"TCDJHBMIGP";"3-D-1RTR"
"TCEPWKUSPE";"1-A-55 Painfbat"
"TCFAFGPHWG";"HQ-B-9th/12thQDG"
"TCIJLIUUYE";"Groupe AT"
"TCKOBBLOJT";"1. Zug"
"TCLFEXPQXA";"2-2-3e Cuirassiers"
"TCOTPODVTZ";"1-128 ADA"
"TCQCSZYNLZ";"Stab-124. Panzer"
"TCSKBJEBSL";"1-B-1RTR"
"TCVWKYQYSC";"Stab-4-563. Panzer"
"TCXUOVLSCX";"26-G-IV,/RGJ"
"TCYBUHFNFR";"Stab-284. Panzer"
"TDALDCOMXB";"1-A-41 Tkbat"
"TDDHITWDXA";"2-A-BHELA I"
"TDDXZCMYEF";"3-4-2e Etranger"
"TDKLYJWSFI";"2-C-17 Painfbat"
"TDLKADLIVI";"2-2-42. RakArt.-Bat."
"TDLQHHUIGD";"2-4-1er RA"
"TDMQGUMVWX";"2-439TFSTFSTFS"
"TDOZXGIHBX";"2-J-3-R22R"
"TDQLKFKOVD";"5-X-VI,/RRF"
"TDRAOAFREP";"Sicherungs-Zug 7323"
"TDUEDAIYNG";"AC-3-170e Infanterie"
"TDUMTTMJPK";"2-1-42e Infanterie"
"TDZVJQDYEQ";"2-2-2e Etranger"
"TEBGQURHLL";"3rd Platoon"
"TEICCILQZQ";"5-B-I,/York Vol."
"TEIDZIJFQJ";"Stab-1-48. Sicherungs"
"TEJBUYLIUR";"2. Zug"
"TEKURAYPLJ";"1-35 Air Def. Bty."
"TELZJTENRX";"5-B-I,/RGJ"
"TEMBXNFVSD";"HQ-C-Las Navas"
"TEUGYXALWH";"3-22CA-33e Génie"
"TEWVOTSCEU";"PCE-3-16e Chasseurs"
"TEWXTKGYLJ";"3-3-20 pappanc"
"TFAORDFGTX";"2-58th Engineers"
"TFIONMJAZI";"Aufk.-Gruppe"
"TFKHKSRVJY";"2-1-108. Sicherungs"
"TFOPMOPGWL";"HQ-B-II-RALCA 62"
"TFPKSOECVJ";"5-B-I,/Green Howards"
"TFQPYVFFKD";"Stab-FErsatzkie 1"
"TFUUPELCEN";"1e Batterie"
"TFUWNUHSGD";"2-3-125. Artillerie"
"TFWQPMPYEU";"4-1-1er Spahis"
"TFYWAANZEI";"BCS-1-68e RA"
"TFZQSATZTR";"2-5-233. GebJäger"
"TGAEBZCDHE";"2-A-22nd TFS"
"TGBSYOUCJM";"13-D-V,/Queen's Rgt."
"TGCHDDBBZF";"BCS-4-61e RA"
"TGCPXGNVFI";"14-D-V,/Queen's Rgt."
"TGDOQJSTAG";"2-1-787-y IAP"
"TGILMGASGO";"2-C-58 Tkbat"
"TGJKLQPXVJ";"HQ-(TerrA)"
"TGKZZOTVLK";"Squadron HQ"
"TGMMRRRAMG";"2-4-224. Panzer"
"TGNQXANFYC";"2-2-19-y Gv. APIB"
"TGOWSJVTLT";"3 komp. czołgów"
"TGUINXESJS";"2-1-73-y IAP"
"TGWKZCBVWZ";"2-2-3e Infanterie"
"TGXURATVTA";"Engineer Recon. Patrol"
"THCURRIYIZ";"2-2-105. Artillerie"
"THKWKDLVFJ";"1-III-1FighterRgt"
"THLYFYHWZS";"3. Zug"
"THPDFPKIOR";"2nd Platoon"
"THSWUXXUOO";"1EHL-11e GHL"
"THTUIBIEKV";"15-V-I,/51st Highland Vol."
"TIANAQHIHR";"2. Zug"
"TIBEENDXUB";"4. Zug"
"TIDCKNQDCD";"HQ-A-I,/Scots Gds."
"TIFUTVZPVF";"1-3-102. RakArt.-Bat."
"TIHVIHHEHG";"Wallmeistertrupp 441/5"
"TILGBUYNPY";"3-3-222. Panzer"
"TILOPMMQDZ";"Stab-5-8. Geb.Aufkl.-Bat."
"TILVROUXZK";"5-1-3e RPIMa"
"TITROSMLGO";"Mörser-Batt."
"TIWXFLJEIM";"PCE-2-35e Infanterie"
"TJDVOGWDSG";"2-16 Field Sq. RE"
"TJGBANAHDH";"CCS-1CC-2e Génie"
"TJIOAAAOIZ";"1-3-562. Panzer"
"TJLKWMLOKX";"1-1-JBG-28"
"TJNJRCVOQT";"3-2-153e Infanterie"
"TJPPKKZEFQ";"PCE-1-3e RCP"
"TJULKLXQEC";"CCS-Det./1er RPIMa"
"TJYQSNHAJP";"ECS-6e RPIMa"
"TJZHZGCSIF";"2-2-112. Panzer"
"TKBIPIXOAQ";"3-bvp"
"TKFMGRCPIC";"2-21CA-13e Génie"
"TKLWXDHDAV";"FRR-Gruppe"
"TKMEJPDHYV";"CCS-CEC4/131RI"
"TKOYRHTEPT";"3-B-43 Tkbat"
"TKOZQSKBYD";"HQ-A-5RDG"
"TKPPKZPOME";"Platoon HQ"
"TKUFOYQGYL";"Wallmeistertrupp 252/1"
"TKUWICYKBU";"3-Z-3-RCHA"
"TKVFHPXYNI";"3 bateria"
"TKYYNTKXUV";"2-B-4 Field Rgt. RHA."
"TKYZMHFWVT";"2 komp. rozp."
"TKZIOENZYY";"3-3-103. Panzer"
"TLARXPVUQW";"HQ-A-1-1st Helo."
"TLDJBPEHMB";"4-A-55 Painfbat"
"TLKNTUGDFU";"1-2-303. Panzer"
"TLKXUZCQVE";"Stab-PzPionier 110"
"TLLRYHFCAO";"3. Zug"
"TLLYRQATMV";"1. Zug"
"TLMWTALITK";"7-B-V,/TLI"
"TLOZCDQAXQ";"3-II-4FighterRgt"
"TLQBUVIJCS";"PALR-Gruppe"
"TLTJNQHTON";"2-C-132 Infbat"
"TLWXOGXWXU";"Logistic-Gruppe"
"TLYCSIDAJP";"3-A-12 Tkbat"
"TLZFVUZDJZ";"1. Feuerzug"
"TMABAXUNCH";"1. Zug"
"TMARZPKFLT";"2-3-291. Panzer"
"TMBJLLZJPM";"2nd Platoon"
"TMBWEBAANK";"1-2-234. GebJäger"
"TMCDQNZYNS";"3-1-559-y APIB"
"TMEALWQRBF";"BCS-2-2e RA"
"TMIFQBHWVW";"3. Zug"
"TMKRLNFIIL";"4th Company"
"TMQRVCCVOY";"1-1-99e Infanterie"
"TMSDKAMGXA";"Stab-4-113. Panzer"
"TMVBDQFBJA";"3-2-108. Sicherungs"
"TMVSHCHGTF";"3rd Company"
"TMXNIIJXUE";"2-A-I-RALCA 62"
"TNBSQWNIZH";"1-bvp"
"TNCIVFGLLB";"1-3-3e Hussards"
"TNEVOMEKVY";"3-2-110e Infanterie"
"TNFIAKIXYW";"2-1-3e Chasseurs"
"TNGFPESWDO";"3rd Platoon"
"TNJHVHWPJC";"1-A-Cantabria"
"TNLZJKJGYU";"Aufklärungs-Zug"
"TNQHUBXPRR";"2-1-296-y APIB"
"TNRNGELUWG";"1-23-100 Field Rgt. RA."
"TNRRWGKXAS";"3-G-2-136th Mech. Inf."
"TNTDJUPDEO";"1. Zug"
"TNYCOGZFWA";"1. Batterie"
"TNYIXOBGBS";"4th Company"
"TOEMKJIIZA";"1-4-110e Infanterie"
"TOEUSZLZQT";"Stab-231. GebJäger"
"TOFOODVERC";"C-4CER"
"TOGTMIUNJE";"1-C-5 Hvy. Rgt. RA."
"TOHUTTQHJP";"3-39 Field Sq. RE"
"TOKAFGQYBU";"2-14 HQ Def. Coy. RPC"
"TOOVAHOUUF";"1-II-4FighterRgt"
"TOTJUZPSFY";"2-A-4 Para"
"TOUZVJCKZH";"2nd Flight"
"TOVHAKTTTK";"Führung"
"TOVINCJOCB";"Führung"
"TOWSLJDLYV";"HQ-L-3-37th Armored"
"TOYMFNPXQC";"1-A-III,/Stafford."
"TOZPBMIMCA";"1-2CCM-32e Génie"
"TPDFIDZPXT";"3-O-3-RCR"
"TPEKOHPTZX";"1-3-1er Cuirassiers"
"TPJNVJQVAY";"Meca-2-GBLA I/14"
"TPJXFBOQHJ";"6 komp. zmech."
"TPSQHBBGTY";"Recon Group"
"TPXPODGMYW";"2-J-3-34th Armored"
"TPZLLHAZZE";"Batterie de Mortiers"
"TQAUFTGWYI";"HQ-D-4RTR"
"TQBBKIQTKA";"1-AT-2-16th Mech. Inf."
"TQCXWWCZLG";"3-B-1RCHA"
"TQDDWJYJUO";"2. Panzerpio.-zug"
"TQERNTQMEW";"2e Section"
"TQFNHYIAIV";"CCS-1CCM-19e Génie"
"TQJXCEWGBY";"4th Company"
"TQMJRNPFGK";"2-A-GACA I/11"
"TQOTQCPUFZ";"1-2-152e Infanterie"
"TQSKWCNEAY";"2-C-1-1st Helo."
"TRAECAMMJL";"4th Troop"
"TRILRAKVXJ";"1-G-2-RCR"
"TRLICCZZFU";"2-3-JG2"
"TRMLCVQNFZ";"1. Zug"
"TRQSEEDVHJ";"2e Batterie"
"TRSBEZHZBO";"MG-Gruppe"
"TRTMAHKFUT";"1-2-305. Artillerie"
"TSAQMZZXKP";"3. Zug"
"TSDFNAEKZL";"3-1-1er REC"
"TSDVDCYWZM";"1-4-9e RCP"
"TSEFBZLPZL";"4-B-I,/RIR"
"TSEFMNCMMU";"Platoon HQ"
"TSMCVGXIYB";"2-C-14 Painfbat"
"TSMGPKWWNF";"1-2-1er RCAM"
"TSMYOLFNJI";"HQ-D-VII,/RAR"
"TSPZGJTUFV";"3-5-8. Geb.Aufkl.-Bat."
"TSQTOZLUOU";"1-3-911-y APIB"
"TSXYQMYCSE";"Stab-SK-4. Pz.Gren."
"TSYMQUHDFF";"3. Zug"
"TTBBQFYOVX";"1-43 Pagncie"
"TTBGONMBIZ";"3-42 Field Sq. RE"
"TTEBUXHCLT";"3-C-103 GnBat"
"TTIQNVKDAD";"CEA-153e Infanterie"
"TTJYMBGPVI";"ECS-1er Cuirassiers"
"TTKSBALYMZ";"1-53 Pagncie"
"TTMQSUZOBW";"2-B-Royal Hussars"
"TTPXDMSTCM";"1e Batterie"
"TTQMNDVXXI";"Aufk.-Gruppe"
"TTQQNBKAJX";"1-2-559-y APIB"
"TTXCVVRJDC";"PCE-1-11e Cuirassiers"
"TTYDLEPUQJ";"2-13e RDP"
"TUADGUIZMM";"Batterie PC"
"TUAXUHMXMG";"6-B-V,/Queen's Rgt."
"TUBJAYLKBR";"Führung"
"TUHWWQRCUA";"3-A-102 Infbat"
"TUKZMWAQOL";"1-2-42. RakArt.-Bat."
"TULAUCRDHI";"3-2-JG1"
"TULMXJYFNE";"1-3-5e Dragons"
"TUNNACBYLI";"1-A-40 Field Rgt. RHA."
"TUSOLMHXJL";"Field Eng. Group"
"TUSWRJHQHE";"3. Zug"
"TUTJPFBBCB";"1-2-8. Geb.Pionier"
"TUWIBEWKCH";"3. Zug"
"TUYEHPJKDS";"3-B-46 Painfbat"
"TUYUGLDWHO";"Section PC"
"TUZPAAARRW";"1-331CC-33e Génie"
"TVBQNXHRIH";"1-1-JBG-77"
"TVDVBNXVEE";"HQ-C-VII,/TLI"
"TVHTPSBWRG";"1-II-28FightBombRgt"
"TVMAWBDXHJ";"3-62e Cie. du Génie"
"TVRJKHVMQU";"HQ-B-3-PPCLI"
"TVRQBBFXXQ";"HQ-A-VII,/TLI"
"TVVGBQEQMG";"2-O-3-37th Armored"
"TVWOSPZONL";"HQ-A-1-16th Mech. Inf."
"TVYKETMHQN";"1-B-12 Tkbat"
"TVYYFBHEVR";"1-2-10 Para"
"TWAGMBOJAU";"2-2-121. Panzer"
"TWBCHXXCGW";"Stab-4-565. Pz.Artillerie"
"TWCLATCCRA";"Reco-Wpn-1-PPCLI"
"TWDFKTVXQP";"1-B-QOH"
"TWDHAJKFFA";"2-1-12e Cuirassiers"
"TWIPYKKHYI";"11-C-III,/Stafford."
"TWJYVILTGW";"2-II-5FighterRgt"
"TWKCHWCYUR";"BCS-4-1er RA"
"TWKJVZZSMU";"3-2-303. Panzer"
"TWNQNNXIWS";"Logistic Group"
"TWPKBULDFH";"Stab-5-282. Panzer"
"TWRTALDCUL";"4-4-8e Hussards"
"TWTBEXCVNJ";"1-4-102. Panzer"
"TWTEXSLAKW";"3-U-4-16th Mech. Inf."
"TWUKBHWDEH";"Stab-3-113. Panzer"
"TWVIVEVGEK";"Logistikgruppe"
"TWWKBNGBUR";"3-4-224. Panzer"
"TWXJIYLKDR";"3-659 Sq. AAC"
"TWYSEHZEAU";"6. Kompanie"
"TWZFAZAPSM";"1-B-Las Navas"
"TXGMXPJZAO";"3. Zug"
"TXJWWCCTWR";"HQ-D-1-PPCLI"
"TXJZMXZKSQ";"1st Platoon"
"TXKSNKGURZ";"2-B-Farnesio"
"TXLIVWUPSM";"2nd Platoon"
"TXOIKXHUJF";"9-3-Res.PzR. 15"
"TXOXWLAKLE";"Logistikgruppe"
"TXSLHSSHMR";"Stab-122. Pz.Gren."
"TXXKXZBKYR";"1-B-15 Para"
"TXZDUNDBFW";"HQ-1-5th Field Art."
"TYACXLUIFY";"3-G-2-R22R"
"TYESIESEMV";"Stab-101. Panzer"
"TYHGXCYSYZ";"1-A-44 Painfbat"
"TYLPOASBRO";"HQ-F-2-5th Field Art."
"TYSLTWQUIX";"1-D-RSDG"
"TYTDVVXMCN";"Aufk.-Gruppe"
"TYTXMMHBEA";"2-2-43e RAMa"
"TYWJHEGUHI";"1. Zug"
"TYXXJWTQYD";"1-5-68e RA"
"TYYIVFQFFD";"3-C-4/7RDG"
"TZAWDKHVJG";"2. Batterie"
"TZDLZNZXLI";"PCE-3-3e Hussards"
"TZFJYUXPFJ";"HQ-(1-TerrC)"
"TZGYHSAOXV";"2-3-101. Panzer"
"TZIMNMYXLM";"Sicherungs-Zug 7254"
"TZNOUPLTZV";"Führungsbatterie"
"TZOQQPUJJE";"Stab-86. Geb.Jäger"
"TZPXELMNRE";"1-2-2e Cuirassiers"
"TZQHJGOGSN";"HQ-C-I-RALCA 62"
"TZVFPSIGQI";"3. Zug"
"TZWMHPPGHS";"7-C-II,/RIR"
"TZWXRMEJQU";"Flammenwerfer-Zug"
"TZYDMWYFQB";"3-3-8e Chasseurs"
"UABICRIAJW";"2-48 krozp"
"UAFIRBQEYI";"2-A-43 Tkbat"
"UAQDPDOCYT";"Führungsbatterie"
"UAQGPIEJVY";"13-D-I,/Green Howards"
"UAXQKJVBHS";"HQ Battery"
"UBDMXZWDMV";"3-3-233. GebJäger"
"UBIZCKFQZL";"PCE-1-126e Infanterie"
"UBPMWXXUJP";"Führung"
"UBSAAXHRCA";"BCS-4-54e RA"
"UBUCEZTBJR";"10-C-V,/TLI"
"UBWLILRRVE";"Protec-2-2e Cuirassiers"
"UCCCXBOWRQ";"PCE-CEA-6e RPIMa"
"UCCQMPHXXA";"3-1-88. Geb.Sicherungs"
"UCKYJGYYAQ";"2-53 Pagncie"
"UCLFMRFMNC";"5-B-V,/Queen's Rgt."
"UCNHOWHBFQ";"1. Batterie"
"UCOLZJTHTG";"1-1-40. PLMB"
"UCSAPOOFGJ";"1-5-223. Panzer"
"UCSIHLQVPX";"1. Batterie"
"UCTCFQZCGR";"1-C-11 Tkbat"
"UCVSBODBQJ";"2-1-25e RA"
"UCXYUNKEOR";"Field Eng. Group"
"UDDOELDYSY";"Aufk.-Gruppe"
"UDDWDTFUAK";"Stab-2-305. Artillerie"
"UDEZGOXHKS";"PCE-4-114e Infanterie"
"UDGRKLJGBE";"14-V-I,/51st Highland Vol."
"UDIHAWZUWH";"9 bateria"
"UDODZMXVVZ";"2. Zug"
"UDRQRUMMJL";"1-4-60e RA"
"UDSMIARAVS";"Aufk.-Gruppe"
"UDSQIHNCNE";"HQ-A-V,/TLI"
"UDVPGYOOGF";"2nd Troop"
"UDYOSTMVVP";"Recon Troop"
"UDZZKXUBOL";"3-SK-1. Gebirgs."
"UEAWCBJHEE";"HQ-B-Santiago"
"UEEPWUHOVV";"Batterie PC"
"UEQGGCLOSF";"Section de Mortiers"
"UERJWSIBMD";"2-C-Santiago"
"UETVICDKCV";"HQ-D-5RDG"
"UETVTYFVRW";"PCE-3-11e Cuirassiers"
"UETZHCYXCG";"1-B-5RDG"
"UEVTYETCYK";"2-II-4FighterRgt"
"UEYIKINYMT";"1-G-2-R22R"
"UFAGKLJBOS";"2-A-12 GACA"
"UFCFXASXDR";"Batterie PC"
"UFEZZGNYRY";"4-D-3-PPCLI"
"UFFGCYIFRA";"1-41 Maresk"
"UFHOSFILHQ";"1-5-41. Artillerie"
"UFKDPRUYYK";"3e Section"
"UFMEAWJTZT";"1-39 Field Sq. RE"
"UFMGVAXBKI";"2-A-1-5th Field Art."
"UFMVKBZOYR";"2-1-24e Chasseurs"
"UFNIVHAQPM";"HQ-C-QOH"
"UFQDKPRGZR";"2-B-Wad Ras"
"UFQJZEWNKW";"1-1-8. PLMB"
"UGALKDWENM";"5 pluton ogniowy"
"UGDHNCXKGN";"2-1-8e Chasseurs"
"UGDZALNBER";"1-B-4 Field Rgt. RHA."
"UGFOMYBVCT";"1-C-1-16th Mech. Inf."
"UGHUSHXVXL";"1-A-GACA II/11"
"UGICLLTISS";"2-2-245. Artillerie"
"UGJQQIDEHO";"2-62e Cie. du Génie"
"UGMOKCIUSM";"HQ-C-III-RAAA 71"
"UGOBQKJLQC";"AA Group"
"UGQQOKIVPN";"4e Pel"
"UGRJKCOQPP";"HQ-A-40 Field Rgt. RHA."
"UGXQLFDKXI";"2-2-20e RA"
"UGXRBERRZP";"3-B-45 Painfbat"
"UGYBCBVTUN";"3-S-4-16th Mech. Inf."
"UGZVQVXCUX";"Führung"
"UHDTJRNHCL";"2-A-1st Engineers"
"UHFHWLFASZ";"PCE-4-126e Infanterie"
"UHHDFYEYJB";"HQ-K-3-34th Armored"
"UHJYNWZYZM";"Logistikgruppe"
"UHKKJUUBJC";"2-3-4e Etranger"
"UHNIVAUUUE";"2-A-V,/RGJ"
"UHRJAAVTUY";"2-4-47e RA"
"UHWUSWXJYK";"2-Huntsman-2RTR"
"UIBNVZODUW";"1-CA-6e REG"
"UIBYHPQIQH";"2-436 Infbevcie Mbl"
"UICOSARUAY";"1-2-222. Panzer"
"UIEECDLRPU";"Groupe PC"
"UIELRPBQSW";"2e Batterie"
"UIEVCNRIWT";"2-Z-1RCHA"
"UIFRAMLPFB";"10-C-VII,/RAR"
"UIFZUZYBOI";"PCE-1-3e Dragons"
"UILJQDDUUI";"3-C-59 Tkbat"
"UILOIGDQYN";"3-B-1-R22R"
"UIMDOBHRZX";"2. Batterie"
"UISXGDINTF";"2-ya Rota"
"UITTTFDLQE";"HQ-León"
"UIVSTNWEFC";"3-ya Rota"
"UIYBMPCNXI";"2-5-102. Panzer"
"UJAVZQFCME";"1-A-132 Infbat"
"UJFCBDRLZS";"4-C-Royal Yeo."
"UJHHBJEFMR";"2-B-DCA 11"
"UJLNDWQWQF";"1-B-11 GnBat"
"UJNMEGEMRV";"2-A-11 GACA"
"UJOKTNUSDT";"7-D-I,/ASH"
"UJPQXJPKWH";"10-C-II,/York Vol."
"UJPQYMWBQY";"sekcja zaop."
"UJQYDOBDDA";"1e Section"
"UJTDESIFYT";"3-C-Royal Yeo."
"UJVLNSLWOE";"Section PC"
"UJVTXOVRFX";"3. Zug"
"UJVVGVFSTR";"Weapon Group"
"UJWSMFVCSE";"2-1-2e REP"
"UJYCAIQZQH";"Section de Mortiers"
"UKACDQUMZZ";"Logistikgruppe"
"UKAWCEONBO";"3 klucz"
"UKCBTQAZHM";"Kom. Rota"
"UKCDREQEKA";"4-1st MP Coy."
"UKCJIQSPUL";"1-41 Paluabt"
"UKDDXLHKRA";"Recon-A-II,/Queen's Rgt."
"UKDQVJHQVO";"3-2-17e RGP"
"UKNAGIWWYU";"1-4-2e RA"
"UKSAPHIURC";"1e Section"
"UKVOLLTKDG";"1-B-Royal Yeo."
"ULAMSEVNBP";"3-3-224. Panzer"
"ULFEFAIBHG";"2-2-291. Panzer"
"ULFJUPFIWY";"HQ-C-VII,/RAR"
"ULKBEICHZQ";"1. Zug"
"ULNXYGGJIU";"1-3-86. Geb.Jäger"
"ULPJVZJRGI";"Recon-C-II,/Queen's Rgt."
"ULQIBQULVF";"2-3-293. Panzer"
"ULSVTNRXYL";"2-1-JBG-37"
"ULTPZASMPL";"1-4-8. Geb.Pionier"
"ULUMMJCUPJ";"3-(3-TerrD)"
"ULUOYOGHMS";"HQ-Brunete"
"UMASCCTWKQ";"3-51 Paluabt"
"UMEYFPTGGF";"Stab-3-232. GebJäger"
"UMGHBOEATV";"2-B-316 Sq."
"UMIQZOXRNX";"4-B-44 Painfbat"
"UMJQVJGGUM";"1-53 Air Def. Bty."
"UMKUXPLPHA";"3-A-132 Infbat"
"UMLMXVDZBK";"Führung"
"UMOYAMFDRL";"1e Section"
"UMPSPQCSEJ";"1. Zug"
"UMTLUOVADA";"Wpn-B-1-16th Mech. Inf."
"UMTXHKPLGQ";"Battery HQ"
"UMXSQNAKQI";"HQ-N-3-RCR"
"UMZQJOHLBL";"BCS-2-43e RAMa"
"UMZZLNHQFO";"2-4-222. Panzer"
"UNALPHBVFO";"FRR-Batterie"
"UNCTAHSBHT";"2-3-111. Panzer"
"UNDIWTWYFH";"1-C-1-1st Helo."
"UNDWJFGQJW";"Aufkl.-Gruppe"
"UNEWCHUCDX";"HQ-H-2-16th Mech. Inf."
"UNFMWWPGNU";"4-B-8CH"
"UNHJDKPJCK";"3e Section"
"UNIXGIXNBX";"3-2-1er Cuirassiers"
"UNKAWDTAJF";"3-E-2-R22R"
"UNLWIAIHWK";"4-150 Provost Coy. RMP"
"UNNNMGHWCP";"1. Zug"
"UNOFEVPDAA";"Stab-3-87. Geb.Jäger"
"UNOVKSFWXE";"Stab-5-8. Geb.Panzer"
"UNXUFFDOAJ";"2-12Zap"
"UOJEHUXXTV";"1-A-52 Tkbat"
"UOOUOZDYJP";"2-2-292. Panzer"
"UOQGUEPLPN";"HQ-F-2-136th Mech. Inf."
"UOQIBLCDIG";"Stab-3-231. GebJäger"
"UOQPWWXYDH";"2-3-24e Chasseurs"
"UORCDREKQU";"3-4-9e RCP"
"UORKIKAWQR";"2-3-303. Panzer"
"UORPXMYQJP";"3rd MP Platoon"
"UOTSRVDJIX";"MLRS Group"
"UOZGNUWFZE";"1-F-1-4th Cavalry"
"UOZUZRAWGV";"Section PC"
"UPABZYSMES";"2-3-35e Infanterie"
"UPAFMPMQCY";"3-A-52 Tkbat"
"UPBFWMAHWD";"2 pluton"
"UPFQUZRYKJ";"2-3-112. Panzer"
"UPJSJFZICR";"2-FErsatz-Bat. 230"
"UPMKMLRHIU";"Stab-41. Artillerie"
"UPMPYTVGPN";"Aufkl.-Zug"
"UPNCFXYZXW";"1-4-304. Panzer"
"UPNFLKDBWC";"2-C-115 Afdltlua"
"UPNKDGWWAM";"4-2-1er RCAM"
"UPSKQCYCBP";"1-1-30e Chasseurs"
"UPSQFTJLZC";"HQ-N-4-5th Field Art."
"UPXCNXOQWF";"2-5-42. RakArt.-Bat."
"UQGBDCQVTY";"2-3-6e REG"
"UQISSSHNVU";"Provost Patrol"
"UQIWKXVQDB";"2-B-I-RALCA 62"
"UQKDEZFBET";"Aufkl.-Gruppe"
"UQKHDFZURO";"2nd Battery"
"UQKLFQHRGL";"Batterie PC"
"UQKLMIDGYQ";"G Squadron"
"UQOBCFBLEP";"1-1-357-y OShAP"
"UQOIJTLYVA";"1-Alsace 3/2"
"UQOKRWWLYC";"2nd Tank Platoon"
"UQOOFMYADI";"Aero platoon"
"UQSAACFAAX";"2-D-42 Tkbat"
"UQTBLBEGHN";"15-D-VII,/TLI"
"UQVEWUQFCR";"4-D-5RDG"
"UQWZRDQSFH";"3-2-42e Infanterie"
"UQXFYFHBTI";"1-4-53e RA"
"UQYEHICLTN";"HQ-C-I,/Scots Gds."
"UQYKTCVOFU";"2 pluton m 82mm"
"UQYPLVDBQY";"Intel Platoon"
"UQZYEAWUGE";"3-3-283. Panzer"
"URETMZABLO";"Wallmesitertrupp 200/1"
"URKIQASTAT";"3rd Troop"
"URKUHMSTLP";"Führung"
"URRIGBWKEP";"HQ-4-10 Para"
"URRIHGGQTU";"Führungsbatterie"
"URVRHIBMAD";"5-1-9e RCP"
"URXQBNSLMY";"HQ-A-II,/RAR"
"URYYXFKICL";"MILAN-IV,/QLR"
"URZCKOXTMV";"3-ya Rota"
"USDCINUSQQ";"2-1-507e RCC"
"USHXWTAVOS";"Führung"
"USIFQHGGGR";"2-C-4 Field Rgt. RHA."
"USIZGHJLGH";"Stab-302. Pz.Gren."
"USJNWTNLCQ";"1-A-I-RALCA 62"
"USKQRGYXYV";"3-AT-2-136th Mech. Inf."
"USMDDLATMR";"2-A-Santiago"
"USNGYAAXOB";"2-C-44 Painfbat"
"USNVRSSIAQ";"BCS-3-24e RA"
"USQCAOSPNA";"1-(3-TerrF)"
"USUJDPSMPX";"FRR-Gruppe"
"USWKXKNUUT";"2-CA-1er RCAM"
"USWWEMDWUW";"3-16 Field Sq. RE"
"UTADJVBOOW";"4-3-16e Chasseurs"
"UTDIWZMYPR";"Platoon HQ"
"UTIKBLSSXW";"8-C-II,/Queen's Rgt."
"UTIKCTNFAW";"1 pluton desantowy"
"UTIUOAQNQM";"1-A-49 Tkbat"
"UTJFAYFLOC";"2-5-292. Panzer"
"UTJMIWIJFM";"3-C-Covadonga"
"UTLOTVKMCN";"2-4-231. Panzer"
"UTNFIPANXD";"1-3-19e Chasseurs"
"UTPTIPORYW";"1e Section"
"UTPVVYUHDN";"2-D-Royal Yeo."
"UTPWHZAYDV";"1-D-58 Tkbat"
"UTRFLOBSMQ";"1-5-222. Panzer"
"UTSKJULHEL";"1-3-283. Panzer"
"UTXGGBETDL";"2-B-59 Tkbat"
"UTYFFSGCKR";"2-1-2e Cuirassiers"
"UTZSGPAFKY";"Air Defence Group"
"UUAQNELBRF";"Aufkl.-Gruppe"
"UUGHDTTHYO";"MG-Gruppe"
"UUIIUJNIBC";"3-D-1-R22R"
"UUNZGWYOGG";"2-B-1-1st Helo."
"UUTZMJGIQI";"1-3-126e Infanterie"
"UUXFRJTCFI";"2e Batterie"
"UVDRNATSWR";"HQ-DCA 11"
"UVEEKYPRJL";"3. Zug"
"UVEKNQWUUV";"3-37 Field Sq. RE"
"UVFHUOFPNK";"2-4-111. Panzer"
"UVFROBXMZJ";"1. Zug"
"UVFWZDSVBI";"2-A-8CH"
"UVHBYJYNVH";"Batterie PC"
"UVJJYUIBJR";"5th Flight"
"UVPSSGINKH";"1-B-52 Tkbat"
"UVPWDCPDLN";"Wallmeistertrupp 244/1"
"UVSLDKFOAD";"3-3-2e Chasseurs"
"UVVUIOBKDE";"3-4-562. Panzer"
"UVVWKLZTOV";"2e Batterie"
"UVWCXTYUMN";"1. Zug"
"UVYFPTJEOS";"3-7 Field Sq. RE"
"UVYOFEAKCD";"3rd Troop"
"UWALJHPTEM";"1-4-8e RPIMa"
"UWCHORCRJR";"2-C-11 GACA"
"UWNSEWAGYT";"2-A-59 Tkbat"
"UWRVKHPEBB";"1-P-4-37th Armored"
"UWYTSPLDCH";"3 pluton szturmowy"
"UWZVSCTCTA";"Artillerie-Gruppe"
"UXGKQKSBLH";"3-1-85-y Gv. IAP"
"UXGUJGZYZK";"HQ-Villaviciosa"
"UXIAYPWVTP";"2-Corse 3/11"
"UXKOPLLXJM";"1-3-33e RA"
"UXKQCWGHYC";"1st Troop"
"UXMEJLILPM";"1st Troop"
"UXMNUKRFTW";"3rd Platoon"
"UXNQTULITP";"2-1-43e RAMa"
"UXQXPQUOCQ";"2-2-17e RGP"
"UXQYEXYYZB";"1-B-314 Sq."
"UXUOZFEMGA";"Recon Group"
"UXVJSYWSIP";"3. Zug"
"UXWGWABTEA";"HQ-C-4 Field Rgt. RHA."
"UXYIOENWWW";"4-G-2-R22R"
"UXZLVRRUUU";"4-B-42 Tkbat"
"UXZUANNXAO";"AC-3-42e Infanterie"
"UYDGCEVGBQ";"4-2-30e Chasseurs"
"UYGPVAOZNQ";"Logistikgruppe"
"UYNRZNNOUK";"3-2-1er RCAM"
"UZAIEPTWIL";"Section de Mortiers"
"UZBLNTJOUN";"2nd Platoon"
"UZGWHRDXCV";"4-K-3-R22R"
"UZHLCDXSAJ";"Aufkl.-Gruppe"
"UZHXACUUIO";"4e Section"
"UZIUVSEFYQ";"2-1-1er Chasseurs"
"UZKJVUMRQT";"2-Reco-8CH"
"UZLXMPXMMU";"2-11 Maresk"
"UZSBJWKCME";"2-1-3e RHC"
"UZSRUADRKX";"4-1-3e Dragons"
"UZVAOGKLUH";"Artillerie-Gruppe"
"VAATZVJNRN";"3. Zug"
"VADILPGVPA";"8. Kompanie"
"VAHWORCWIR";"1. Batterie"
"VAJIWKBBCC";"Provost Patrol"
"VAMOFBYOXE";"3-A-58 Tkbat"
"VAMVYBRZWA";"HQ-A-DCA 11"
"VAOIUVBQVD";"Section AC"
"VAPPGXESLW";"16 komp. czołgów"
"VAQYCDRKDV";"3-2-302. Panzer"
"VAROXPKGDS";"Company HQ"
"VAUGIZTHHK";"4-A-11 Tkbat"
"VAXMSKZMXD";"Stab-4-242. Panzer"
"VAYIPVZTXN";"1-A-Almansa"
"VAYKGWHCFJ";"4-N-4-5th Field Art."
"VBGDPGIZEF";"2-2-12e Cuirassiers"
"VBGRGUXLCT";"1-B-1-R22R"
"VBIFUJBOST";"3-1-19e Chasseurs"
"VBMOOPLIGH";"1-U-4-16th Mech. Inf."
"VBMOWVNFML";"HQ-Y-5-16th Mech. Inf."
"VBNFFQREVY";"3-B-Alcantara"
"VBPHTUBKLY";"1-I-5FighterRgt"
"VBVGPKXNZV";"PCE-4-2e Etranger"
"VBYHDWGSZL";"4-B-58 Tkbat"
"VBYOISHNHE";"Groupe AT"
"VBZVFUDJIR";"4-3-5e Chasseurs"
"VCBLENISWY";"1-5-292. Panzer"
"VCDFNVSVAH";"Squadron HQ"
"VCJTJNDRCU";"HQ-B-Wad Ras"
"VCJVCURIJI";"HQ-O-4-5th Field Art."
"VCPROLMACA";"1-C-46 Painfbat"
"VCQHQXEPXV";"2-2-87. Geb.Jäger"
"VCQJUJWDYI";"1. Zug"
"VCQUXUHSON";"HQ-A-V,/RGJ"
"VCUBHKGAOL";"1-A-GACA I/11"
"VCWMNIQHWP";"BCS-34e Artillerie"
"VCYRLLMCKH";"5-4-3e RPIMa"
"VCZMLEYBON";"3-1-99e Infanterie"
"VDBJUIZRRL";"HQ-14 HQ Def. Coy. RPC"
"VDDRUBZNIG";"1st AT Platoon"
"VDDSIVZQGM";"Sicherungs-Zug 331/1"
"VDIANCKGDY";"Mun.-Gruppe"
"VDKVPDCMEV";"2-D-QOH"
"VDLIDVZQRN";"CCAS-4e Etranger"
"VDOJKAMRAW";"9-C-I,/Green Howards"
"VDPFMQGXNE";"Platoon HQ"
"VDPNFBUADM";"G Squadron"
"VDPNSBLJGZ";"2-ya Rota"
"VDQUCMUAKA";"CCS-62e Cie. du Génie"
"VDRXTWPWSK";"3. Zug"
"VDSHJFQECN";"bateria dowodzenia pułku"
"VDSHPLPLVL";"2-A-3-RCHA"
"VDTRXTTTIC";"3-A-I,/KORB"
"VDWZNGCYCH";"2-2-301. Panzer"
"VEDGBFRVBL";"10-C-I,/PWORY"
"VEEHVZYEHA";"3-436 Infbevcie Mbl"
"VEELCLHUVA";"9-B-I,/ASH"
"VEFOPRRHGC";"HQ-F-IV,/RGJ"
"VEGDVBLMGV";"2-2-559-y APIB"
"VEGSDBJGPD";"3-Z-1RCHA"
"VEKAYLXIKO";"2. Zug"
"VEKNYBJAXK";"1-Res.MSB 15"
"VEMGDNVGOH";"Batterie PC"
"VENUGBIYNG";"CCS-2CC-11e Génie"
"VEPDYOCOHA";"3-2-296-y APIB"
"VESSEYNKUD";"4-3-5e Cuirassiers"
"VESXEHLLRG";"3rd Recon Platoon"
"VEXDCSYXRQ";"2e Section"
"VEXTLVRTOY";"3-C-55 Painfbat"
"VFFMNKFGRR";"1-B-4RTR"
"VFIHHCUNEC";"Stab-292. Pz.Gren."
"VFISTGTGPK";"2-A-III,/TLI"
"VFIZGRZXMC";"3-42 Air Def. Bty."
"VFKFMVKIQJ";"HQ-1-V,/RAR"
"VFKRFIPBZM";"Protec-1-507e RCC"
"VFLPSRQDPK";"7-B-I,/York Vol."
"VFRCOBTIHK";"6-Ost-132 Infbat"
"VFWNWYCFAW";"1-4-293. Panzer"
"VFWTJBAZII";"1-B-8CH"
"VFWTVQPUJF";"2-5-103. Panzer"
"VGGAVBXITJ";"1-1-85-y Gv. IAP"
"VGHWMLRJWW";"SAS Group"
"VGIRAVJWJA";"1-B-I-RALCA 62"
"VGLNXIKEWQ";"Führung"
"VHAAVSZIGH";"3-1-35-y IAP"
"VHBUNCCCPF";"3-3-242. Panzer"
"VHELKEIUZJ";"2-B-1-R22R"
"VHEOZUNGBJ";"PCE-1-16e Chasseurs"
"VHFPEVCWSA";"3-12 Pagncie"
"VHHZREDVNE";"2-3-11-y ORAP"
"VHKMJRRZFW";"4-3-234. GebJäger"
"VHMIYIVNRE";"4-B-41 Tkbat"
"VHMOPXEZAF";"2. Zug"
"VHSPGZLLJO";"2-A-II,/York Vol."
"VHUAJLXWWG";"3-2-101. Panzer"
"VHVWAGNKKK";"Artillerie-Gruppe"
"VHYJRFQMOT";"4th Troop"
"VHYOJINDTB";"3. Zug"
"VIASDOIFLW";"2. Zug"
"VIHPMEYEKD";"1-I-9FighterRgt"
"VIIQVSCOJA";"2-2-4. Aufk. Bat."
"VIJMEKFAEF";"HQ Battery"
"VIKGBXNLME";"Weapon Group"
"VILQWRKNDV";"PCE-2-170e Infanterie"
"VISFXVTEHA";"1-1-2e REP"
"VIVYVOPMUD";"Peloton Radar"
"VIWOQNSPST";"Squadron HQ"
"VJAVQQUOPK";"4-C-41 Painfbat"
"VJBSANOVSL";"PCE-3-1er RCP"
"VJCONDYJYT";"4-4-231. GebJäger"
"VJDRGSBGLX";"1-2CC-11e Génie"
"VJEYPDKRNZ";"PCE-4-24e Chasseurs"
"VJFCRTGYOO";"1-2-4. Pionier"
"VJFNGKVHUC";"2-5-223. Panzer"
"VJJYBFQJUH";"2-1-JG9"
"VJODEOTZNU";"BCS-1-17e RGP"
"VJPWWPRLXJ";"4-1-170e Infanterie"
"VJRUVSCLRH";"9-C-I,/RAR"
"VJUBQWUHNC";"2-3-102. RakArt.-Bat."
"VJUIGHBRFE";"HQ-71 Engineer Rgt. RE (V)"
"VKDOLFXWML";"1-C-13 Painfbat"
"VKEJJQAWKO";"1-1-V,/RAR"
"VKHLFZEUKG";"1-1-4e Cuirassiers"
"VKOWLJRHFY";"2-2-3e Dragons"
"VKPKALBULO";"Pathfinder Group"
"VKQDIZECVV";"8-C-III,/RAR"
"VKRTAWEJLR";"Führungsbatterie"
"VKSLEMUMAB";"pluton WSW"
"VKVNVMKEXO";"3-2-225. Artillerie"
"VKYENQLJDB";" Flak-Batterie"
"VLBMAKNYKX";"Recon-B-I,/RIR"
"VLFSNFJWFY";"1-3-53e RA"
"VLGUIZJQWF";"2e Batterie"
"VLLJXYKWYD";"HQ-O-3-RCR"
"VLMORJAAJY";"1. Zug"
"VLNEMCPQXS";"PCE-1-1er RCAM"
"VLUPLCRKYK";"Stab-2-108. Sicherungs"
"VLZEQHUSEP";"2e Batterie"
"VMDSSXGNRH";"HQ-C-RSDG"
"VMJNQBEIOR";"2-D-QOY"
"VMJNXKBIEG";"1-2-285. Artillerie"
"VMRWKKIYHI";"2-3-302. Panzer"
"VMTGTJKEZD";"2nd Platoon"
"VMUVPIMBKV";"H Squadron"
"VMWCASJBMM";"2-1-88. Geb.Sicherungs"
"VMWKVMXTUN";"CCAS-16e Chasseurs"
"VMWLGHQZKF";"Section PC"
"VMXWQLOEHZ";"Batterie PC"
"VNANHPFPOV";"1. Zug"
"VNATIWKXXF";"3-3-235. GebArt."
"VNBWKUYJFF";"7-C-I,/RGJ"
"VNIRBZXKOS";"Section PC"
"VNNBQYVASP";"2e Batterie"
"VNOMJHJYVT";"HQ-B-I,/Staffordshire"
"VNRRMNGXTD";"2-3-170e Infanterie"
"VNSZQYJCOU";"2-3-968-y Gv. IAP"
"VNTODCCZKM";"3-12Zap"
"VNVOMATWOQ";"Aufk.-Gruppe"
"VNZNFRUVIA";"1. Batterie"
"VOCMFKOYGQ";"Stab"
"VOEECDVDFP";"Stab-234. GebJäger"
"VOGUPHLFAT";"1-B-13 Painfbat"
"VOHBMGKSWK";"Recon Group"
"VOKRFKCRDE";"1-ya Rota"
"VOKTNMTPAF";"3rd Company"
"VOLLQAMQRG";"Mun.-Gruppe"
"VOQWZYFGQT";"3-2CCM-19e Génie"
"VORJYCIURR";"1. Batterie"
"VOSSLGAEGE";"5-2-9e RCP"
"VOVAYNLIZI";"4-1-12e Cuirassiers"
"VOZHAGIJJZ";"Section PC"
"VOZJMFOYTJ";"Recce Troop"
"VPBFFPABIB";"2-2-115. Artillerie"
"VPBGKRJAEG";"2-B-44 Painfbat"
"VPBTBDJMWY";"1-3-282. Panzer"
"VPCPYIKLYA";"Troop HQ"
"VPDIJOYWOM";"U Squadron"
"VPDRIRNKLF";"13-V-I,/51st Highland Vol."
"VPEGHOGCQJ";"Stab-222. Pz.Gren."
"VPFOVJUMJP";"2-C-42 Painfbat"
"VPIRTFGVAY";"1-3-121. Panzer"
"VPJXGBXDCU";"2-4-34e RA"
"VPKKHRIMEW";"3-C-1-1st Helo."
"VPLDKDUFMB";"HQ-A-5 Hvy. Rgt. RA."
"VPLKTXVNZL";"2nd Troop"
"VPMUQWMSWM";"1-5-231. GebJäger"
"VPNCDAKQPE";"3-4-2e Chasseurs"
"VPNSGSMMIL";"4-3-231. GebJäger"
"VPNYDDFRGY";"1st Platoon"
"VPNZPJEDKO";"Logistikgruppe"
"VPOUUGCIDK";"3. Zug"
"VPQBUEQEZJ";"3rd Platoon"
"VPRQJQCQQV";"1-A-II-RALCA 62"
"VPUSIFOUUW";"HQ-2-34th Armored"
"VPWUAHQADV";"2e Batterie"
"VPXOWOSFOM";"2-4-565. Pz.Artillerie"
"VPZSHREVHA";"ECS-2-5e RHC"
"VQAACSXWYC";"5EHAC-2e RHC"
"VQDOLTARXO";"1-3-911-y APIB"
"VQGULYZEJU";"2-5-4. Aufk. Bat."
"VQGZCISPLA";"2-C-1RCHA"
"VQINNLCLWA";"2nd Troop"
"VQMKXXZFRF";"2-ya Rota"
"VQPBEBFOQT";"2-A-VIII,/TLI"
"VQRCBGQDSV";"C-5RGC"
"VQSEWTHUSF";"3-4-243. Panzer"
"VQUMKJWWUF";"CEA-4e Etranger"
"VQVKGCCPGV";"2-3-2e Etranger"
"VQXDHNSXFY";"2-A-10th TFS"
"VQXDJGZZWY";"2-1CC-1er Génie"
"VQZJRMYNRG";"4-C-41 Tkbat"
"VRAAVZVANR";"AC-1-24e Chasseurs"
"VRAYRSMVCB";"Führungsbatterie"
"VRCFHUFPRT";"1-2-6e Dragons"
"VRCNOEHTRZ";"2-4-301. Panzer"
"VRCOJXXGZS";"1-4-122. Panzer"
"VREDDBJROR";"1-2-85-y Gv. IAP"
"VRFOUGSSQU";"1-4-24e Chasseurs"
"VRJQEOEOGP";"2-A-Royal Yeo."
"VRKPDXSQKN";"Batterie PC"
"VRQYDYRQNF";"Company HQ"
"VRRCMZIWZT";"HQ-C-5RDG"
"VRSUOINUGI";"HQ-C-II,/RAR"
"VRWLWPHBBU";"1-B-323 Sq."
"VRWMFHDTUO";"4-1-1er Chasseurs"
"VRXKUYRGZH";"3-I-11FighterRgt"
"VRYIZPJHJW";"1-12Zap"
"VRYJDVAMQY";"2-2-357-y OShAP"
"VSBSQTSTIW";"O Squadron"
"VSCQGXLOSO";"Recon Troop"
"VSFDEMJEXT";"3-654 Sq. AAC"
"VSMRQYRRUE";"4-A-44 Painfbat"
"VSMXPWYPVQ";"3e Section"
"VSQNIHDDWK";"3-B-BHELA I"
"VSQNLICYCE";"Section du Génie"
"VSQSXNSZIR";"3-3-1er Spahis"
"VSSYTKOBZQ";"Groupe AT"
"VSTCWDHXYG";"HQ-111 Provost Coy. RMP"
"VSYOJIMFES";"Stab-3-563. Panzer"
"VSYUBKLHPU";"Logistikgruppe"
"VSZNQYEIUX";"1. Zug-MSK"
"VTBJPXKPPT";"3. (Panzer) Zug"
"VTDZQNPXKV";"3-2-12e Cuirassiers"
"VTGANDNPLT";"1-32 Air Def. Bty."
"VTICFKJKYY";"BCS-1-9e RAMa"
"VTNOQSEKCP";"4-3-2e Chasseurs"
"VTPGAOTLTT";"1-49-27 Field Rgt. RA."
"VTSPNTGPHC";"Stab-3-115. Artillerie"
"VTUCZMJTJR";"Stab-FErsKie."
"VTYTGEXKME";"2-II-1FighterRgt"
"VUABXEFBMP";"Protec-4-6e Dragons"
"VUAZQBBHPP";"2-U-4-16th Mech. Inf."
"VUEYGDFGIU";"Führung"
"VUOLMXZZOR";"2-4-9e RCP"
"VUPYISAYEU";"1-1-2e Cuirassiers"
"VUQHWJCOGK";"2-A-I,/RGJ"
"VUSFAIVHAA";"CCAS-35e Infanterie"
"VUSXODLCLB";"Company HQ"
"VUTQHZMZLC";"1-2-35e RAP"
"VUTSCSLSZE";"1e Section"
"VUUNMKXZUY";"HQ-D-Cantabria"
"VUVDATEMPT";"1-12 Pagncie"
"VUZGRBULJO";"Recon-B-II,/RAR"
"VUZUNNVRWP";"1-4-113. Panzer"
"VVAUZYSITK";"2-1-35-y IAP"
"VVDNDFRRTH";"3-3-3e Chasseurs"
"VVFVBAQDGH";"Stab-3-81. Geb.Artillerie"
"VVJMMYSSLN";"3-C-QOH"
"VVJSISVDMM";"Stab-3-282. Panzer"
"VVKETACDGR";"1-E-2-RCR"
"VVMUVIYOLG";"PCE-4-8e Chasseurs"
"VVNLOLWARD";"HQ-A-GACA II/11"
"VVROXJUSOC";"5-3-8e RPIMa"
"VVWEDDCRSN";"3-I-2-136th Mech. Inf."
"VWCSNPEDQD";"1-2-6e REG"
"VWFOQMCWMU";"3-3-1er REC"
"VWHSYFLFEL";"103 Field Sqn (V)"
"VWIVYZTIRN";"2nd Platoon"
"VWJICNTEZV";"1. Zug"
"VWKTIXWEQL";"Groupe AT"
"VWLHJMYKCE";"Protec-1-3e Cuirassiers"
"VWLOEMWVYW";"Führung"
"VWLZXUYLPG";"1-B-11 Tkbat"
"VWRBZWQKOS";"3. Zug"
"VWRKCNIGZH";"1-C-Wad Ras"
"VWUTLWHZKU";"Artillerie-Gruppe"
"VWWQYUTXDS";"2-115 Provost Coy. RMP"
"VXBZTHDWJM";"HQ-B-Farnesio"
"VXDUBDLGDN";"4e Section"
"VXKBHFSJFX";"2-C-103 GnBat"
"VXNUOSYGTW";"2. Zug"
"VXSCEQARFH";"3-3-1er RCAM"
"VXTYUAYUGC";"2-2-88. Geb.Sicherungs"
"VXUAOXTVZN";"4-2-231. GebJäger"
"VXVKTHJNVN";"AA Group"
"VYAFQDSGAO";"Führung"
"VYECCMDPFU";"3rd Platoon"
"VYEQIVKXGM";"2. Zug"
"VYFOIYNHEI";"3-C-13 Painfbat"
"VYGIGMEKZP";"3. Zug"
"VYGOENRRUS";"3-C-4RTR"
"VYGZQNUHWG";"1-1-11e Cuirassiers"
"VYHCFBPVQN";"Troop HQ"
"VYKYCALILX";"5-2-Res.PzR. 15"
"VYNSOXEUSS";"Stab-PzPionier 290"
"VYPGJATWLX";"Batterie de Mortiers"
"VYTAQKDIRY";"4-C-45 Painfbat"
"VYTJDGYVWM";"Stab-2-8. Geb.Aufkl.-Bat."
"VYUHTWFWHB";"bevocie"
"VYWFAMNVJS";"Artillerie-Gruppe"
"VYWWTHAFZD";"2-2CCM-19e Génie"
"VYZNNZLSEM";"3-F-2-5th Field Art."
"VZESHGRBMV";"MP Groupe"
"VZEVEWGKGQ";"Sicherungs-Zug 352/3"
"VZFJNYXNOO";"2-3-JG1"
"VZLBDSBQPS";"1st Company"
"VZTUCWJNXJ";"4-2-3e Dragons"
"VZWEEEGZWD";"3-B-59 Tkbat"
"VZWJIEMZSH";"2-B-2-5th Field Art."
"VZZCJVDUME";"Logistikgruppe"
"VZZWJKSDZC";"1-2-126e Infanterie"
"WAATBPPFLH";"1 pluton"
"WADCNVWFKI";"HQ-(TerrE)"
"WAETOPAKOB";"1-Reco-8CH"
"WAFVVKXDRM";"PCE-2-126e Infanterie"
"WAGIXDTZWN";"2. Zug"
"WAJNVVRIBR";"HQ-A-1-RCR"
"WAKIQBNMIP";"3rd Platoon"
"WAMXINAGDD";"1-4-2e Chasseurs"
"WANFWQANBF";"4-4-234. GebJäger"
"WAOPLSJAVI";"Section PC"
"WAQCRDSAQP";"3. Batterie"
"WAYCZMDKIX";"1. Zug"
"WBEPHWXKPJ";"4-B-1-PPCLI"
"WBESWFYVOK";"Recon Troop"
"WBGMLGEIFZ";"1-2-1er RHC"
"WBIGTLDUDH";"3-2-41. Artillerie"
"WBKOHUKVAN";"2-B-15/19RKH"
"WBKSTHMPCP";"6-B-I,/PWORY"
"WBSFLYNIMH";"Protec-2-3e Dragons"
"WBSQNZMSVN";"3. Zug"
"WBUKEHLGKU";"3-3-10 Para"
"WBWAUDHYZG";"Section de Mortiers"
"WBYOQOLCLP";"BCS-1-12e RA"
"WBYRRDREJY";"1. Zug"
"WCEQJFZHUH";"1-1-3e Infanterie"
"WCEXUHDWEP";"2. Zug"
"WCEZKZDFVB";"2-PzPionier 220"
"WCJOVLRATV";"2-3-81. Geb.Artillerie"
"WCLKNPRVND";"1. Zug"
"WCNJPKCFNS";"3-5-101. Artillerie"
"WCNOHZJKBE";"15-D-V,/RRF"
"WCQCNXZOJN";"5-4-1er RCP"
"WCQWQDIWHK";"1-4-25e RA"
"WCRBQXSCGG";"2-3-31-y Gv. IAP"
"WCRICNZSXG";"2nd Company"
"WCSLTIRKSG";"2-A-15 Painfbat"
"WCSPMZBEBK";"Sperrenräumzug"
"WCWUAHWFBD";"2-D-Alcantara"
"WDDIGWIESH";"BCS-2-60e RA"
"WDGQGNJDPL";"1-Ajax-2RTR"
"WDHNJQFJNS";"Stab-3-242. Panzer"
"WDIPMRGDBU";"Stab-2-101. Artillerie"
"WDLOYLGLBQ";"3-3-10. Pionier"
"WDMHPHCNUD";"1-1ère CAD"
"WDMTVTRUSO";"HQ-1-10 Para"
"WDNJHNYITA";"2-Z-5-RALC"
"WDOHJGYTHB";"Stab-3-48. Sicherungs"
"WDOPUUNNJG";"HQ-E-2-34th Armored"
"WDPIGGZKSF";"1-5-8. Geb.Panzer"
"WDRHBOXRXI";"HQ-670 Sq. AAC"
"WDRZTWNDZH";"1st Platoon"
"WDSSLEOJDU";"BCS-3-20e RA"
"WDWVLHFUDR";"3-1-2e Etranger"
"WDYIUKSKYO";"2-4-25e RA"
"WEAZTRTKRP";"3-A-Royal Yeo."
"WECEUUECHA";"2-2-JG3"
"WEDKNUZLXX";"9-C-I,/KOSB"
"WEEBXMASFM";"4. Zug"
"WEEOXONVFS";"1-A-1-34th Armored"
"WEMOAISOIT";"Artillerie-Gruppe"
"WENAXLQSAQ";"Recon-B-I,/ASH"
"WEOOXIZXRU";"Engineer Group"
"WEOXQHVYBA";"3-16-4 Para"
"WEPFHGJIKO";"Wpn-F-2-136th Mech. Inf."
"WESHOTSDAV";"1-B-Royal Hussars"
"WETGJALOMX";"2-3-2e Chasseurs"
"WEUALUOZEM";"PCE-2-8e Chasseurs"
"WEVUFDEFPI";"2-4-124. Panzer"
"WEWQRVFYNE";"1-C-42 Painfbat"
"WEZQOKWXNB";"2-4-1er Cuirassiers"
"WFCYZYFBEX";"2-A-I,/KORB"
"WFDCDYHFSV";"AT Group"
"WFJLSQKNTA";"Stab-Geb.Pionier 230"
"WFJOYYBFZG";"2. Zug"
"WFQTPQJCDL";"3. Zug"
"WFQWDLGMCI";"BCS-3-60e RA"
"WFRRCZNWEO";"Provost Patrol"
"WFVLLZMUZX";"1-D-3-PPCLI"
"WFVNFRDPKO";"1. Zug"
"WFVXAENXFR";"1. Zug"
"WFVXMRNCWB";"Führung"
"WFYRSWVCJW";"1-C-5RDG"
"WGAYFJKYNI";"3. Zug"
"WGBGQDABLA";"HQ Flight"
"WGBOQPCBJJ";"1-3-242. Panzer"
"WGDMIUBCZE";"Führung"
"WGFOJIBLMB";"1st Company"
"WGIGZEAWWU";"1-4-231. Panzer"
"WGJGLUOOXC";"2-CA-6e REG"
"WGLIKAPMAH";"Stab-4-302. Panzer"
"WGMLWTRNAR";"1-4-124. Panzer"
"WGTSXJIWQH";"1-7e EED"
"WGUAWOFGAN";"1-4-242. Panzer"
"WGYWWTMRVA";"Section AC"
"WGZLJLVXAG";"Squadron HQ"
"WHCCLTRWLH";"1-3-1er RCAM"
"WHCNSLWNVJ";"2-2-787-y IAP"
"WHIOBCZKOU";"1-3-773-y IAP"
"WHKIMISUAX";"Platoon HQ"
"WHLTIMYHYU";"PCE-3-42e Infanterie"
"WHNWXYRTLQ";"Aufk.-Gruppe"
"WHOHAQOFQF";"1-3-5e Cuirassiers"
"WHSYZUJGDN";"1-C-1-34th Armored"
"WHZPSFSZTQ";"1-C-GACA I/11"
"WIAVDHVTMJ";"1-64e Cie. du Génie"
"WIBQDZLGSZ";"3-A-Covadonga"
"WIFWSUCMBZ";"1-3-112. Panzer"
"WIGGKPXTOS";"2-4-114e Infanterie"
"WIIIAEDAGP";"A Squadron"
"WIJOUXVXKG";"Führung"
"WILRJRLVJG";"2-E-2-34th Armored"
"WINURXFWEI";"2-I-3-R22R"
"WIOJIFEAEV";"Stab-4-104. Panzer"
"WIQOPKUMUU";"3-(2-TerrE)"
"WIUDOLLUIY";"3-2-30e Chasseurs"
"WIUVODAANL";"FRR-Gruppe"
"WIVLOWACAK";"3. Zug"
"WIWVPELGJV";"Führung"
"WIYQPZFCRT";"3-1-6e REG"
"WJKHRFLTXV";"CCAS-30e Chasseurs"
"WJOTLEWDKY";"pluton rozpoznania"
"WJYCRNFWWB";"2. Zug"
"WKDIGMREZU";"Stab-3-104. Panzer"
"WKECLMGPBO";"3-B-102 Infbat"
"WKOSZGKHGT";"2-A-VII,/TLI"
"WKOYIBEJCH";"1-3-JG1"
"WKSBGRFZQX";"3-115 Provost Coy. RMP"
"WKUSZQPKRH";"3-4-282. Panzer"
"WKYXMYNJDQ";"CCS-33e Génie"
"WLDVFGCBKN";"Protec-3-3e Cuirassiers"
"WLFLABSORX";"2. Zug"
"WLHXUMBHRP";"3-J-2-16th Mech. Inf."
"WLKLTXFVWR";"3-670 Sq. AAC"
"WLOCHNPDUY";"3rd Flight"
"WLODRPLMJD";"Stab-5-234. GebJäger"
"WLOTAAIZTH";"BCS-24e RA"
"WLRVUENVIQ";"3-2-2e Cuirassiers"
"WLTSAHRSBJ";"Sicherungs-Zug 8201"
"WLUJPFSZYZ";"HQ-3-R22R"
"WLUPWKZJZH";"1-3-31-y Gv. IAP"
"WLZJZCFJKD";"1. Zug"
"WMAAURZFPH";"2-2CC-11e Génie"
"WMABVZHEEV";"Wallmeistertrupp 322/1"
"WMHYHOPMYT";"1-B-47 Painfbat"
"WMILEWCVLN";"4-3-6e RPIMa"
"WMJVPUYYOY";"3-1-73-y IAP"
"WMRPWPTTTA";"2nd Troop"
"WMVAPAKTUI";"4e section"
"WMWSFLDAJA";"1-1-91 pappanc"
"WMWVSOMGBO";"Platoon HQ"
"WMXACJRHTA";"HQ-C-GACA I/11"
"WMXDQPLQWI";"1. Zug"
"WNBDDJZXKK";"1-B-322 Sq."
"WNBIOMKECP";"BCS-2-403 RA"
"WNDWRSJQGS";"Platoon"
"WNEHXEOOCB";"2e Batterie"
"WNFWPWFTKL";"3-C-3-RCHA"
"WNGOBEZTRU";"3-Huntsman-2RTR"
"WNHZXBBRLL";"PCE-4-9e RCP"
"WNIQBDZHHF";"3-4-8e RPIMa"
"WNISXZAHYZ";"3-A-II,/RAR"
"WNJUCUTPWL";"2-A-León"
"WNNBWTWPZP";"Sicherungs-Zug 7244"
"WNUSQKJODW";"1-52 Pagncie"
"WNUZBSZJJK";"HQ-C-DCA 11"
"WNVJWWLVDM";"1-3-3e RPIMa"
"WNWTHSNBFS";"HQ-3-12e RBC"
"WNXEHTKHMQ";"2-1-559-y APIB"
"WOCCJIIPRD";"Supply Troop"
"WOEEXZNQZU";"3-D-4 Para"
"WOFLADDRZU";"1. Zug"
"WOGHVENXAY";"16 bateria"
"WOIAXQXPUQ";"Ost-B-132 Infbat"
"WOIUAUGFEI";"HQ-A-1-PPCLI"
"WOJFQMTPRA";"3-A-43 Painfbat"
"WOJHSEDZKV";"1-D-1-PPCLI"
"WONBBIQGHE";"3-3-19e Chasseurs"
"WONSWPVGGL";"Führung"
"WOPRGBNYIR";"2nd Company"
"WOSVXTJIGD";"ciestnatres"
"WPBCFWXUJF";"Section AT"
"WPBYJCXOEG";"3rd Troop"
"WPCLLPFPMT";"1-4-2e Etranger"
"WPDHMWHDNP";"Battery HQ"
"WPGHLEJPTX";"Section AC"
"WPHMGNZNMZ";"2-C-III-RAAA 71"
"WPJYDUWGOV";"3-1ère CAD"
"WPLGFYAJGN";"8-C-III,/TLI"
"WPLUEFJUCT";"2-D-RSDG"
"WPMAMNVPQU";"ECS-1er Chasseurs"
"WPMNRGORYP";"1e Section"
"WPNSDLTOVL";"1-2-401 RA"
"WPSPWMMMUV";"2EHLR-2e RHC"
"WPTMCYIZQV";"2-3-10. Aufk. Bat."
"WPVMGTKQQY";"3-A-León"
"WPWDCLQEQN";"P Squadron"
"WPWNLSKMVT";"3-C-102 Infbat"
"WPXIGHBFCI";"Section du Génie"
"WPXJBIHQRY";"2-(3-TerrB)"
"WQAZLTDJQJ";"4-C-11 Tkbat"
"WQCLRNHHKC";"Führung"
"WQCXSRYNHF";"Cavalry scout Platoon"
"WQDDVFNIDI";"2. Zug"
"WQEYILBWOR";"2-A-4 Field Rgt. RHA."
"WQHVALCVUH";"1e Section"
"WQIZREHDJK";"BCS-1-35e RAP"
"WQLVDLTTHD";"1. Zug"
"WQOTZNEVWM";"1. Zug"
"WQOWXSTKAK";"1-E-2-5th Field Art."
"WQPBAXUKAN";"2-1-1er Cuirassiers"
"WQPSCPVIPU";"2-W-5-16th Mech. Inf."
"WQPUGLCWDJ";"4-3-1er REC"
"WQREDIWGFS";"Protec-2-507e RCC"
"WQTAUCFPRG";"3-4-3e Chasseurs"
"WQTEELDEGS";"3-1-JBG 35"
"WQWOADJQEP";"3-B-4RTR"
"WRAVYOSQOH";"4-A-42 Tkbat"
"WRFASWBCXW";"ECS-5e Cuirassiers"
"WRJCASSYYG";"Stab-4-282. Panzer"
"WRMOVPJSUD";"1-(3-TerrE)"
"WRPUSNPUWM";"3-D-Cantabria"
"WRQBVRZGRN";"2-C-9th/12thQDG"
"WRQBXKCFNA";"2-SK-4. Pz.Gren."
"WRSFNSSVXX";"3-B-1-16th Mech. Inf."
"WRSIBGGXBN";"Stab-562. Pz.Gren."
"WRVKGSRVXG";"PCE-4-8e RPIMa"
"WRXBLQRLGH";"Wallmeistertrupp 441/4"
"WRXCIQMMHB";"2e Section"
"WRXJVUOXAR";"3-3-1er RHP"
"WRXOJCMMPM";"Section PC"
"WRZTREHTGH";"3-3-110e Infanterie"
"WRZZZUCCRC";"3-A-41 Tkbat"
"WSAHOLWLGH";"2-N-3-37th Armored"
"WSBECEOJGR";"3-1CC-11e Génie"
"WSBUCVWGPK";"3-1-4e Etranger"
"WSDEWEJDCW";"2nd Troop"
"WSECHHRQLO";"PCE-4-3e Dragons"
"WSFZHJBBOZ";"1-2-231. Panzer"
"WSKUQNUUNU";"3-D-10th Cav. Bat."
"WSMOURMVDQ";"1-3-81. Geb.Artillerie"
"WSPMIKHEZM";"1-3-48. Sicherungs"
"WSRXUACFLP";"2e Section"
"WSSQGDIUMZ";"2-2-13e RA"
"WSVVRBTNKC";"1-4-11e RA"
"WSVXACLOLM";"2-1-JG8"
"WSWSREWFSZ";"HQ-B-III-RAAA 71"
"WTANHHQMFR";"Pionier-Gruppe"
"WTDIQZOFHS";"Grwr.-Gruppe"
"WTEPPDCTOW";"1-4-3e Infanterie"
"WTEZXIICPA";"3. Zug"
"WTGFJLTNUD";"1e Section"
"WTHVDPJZYJ";"Stab-2-8. Geb.Pionier"
"WTIYSGGBYG";"3-3-303. Panzer"
"WTLZDXOYKW";"4-B-Mérida"
"WTRWGJYQYR";"1-42 Paluabt"
"WTSBFHEGNR";"Det. A-42nd ECS"
"WTSJPWEYOS";"Section PC"
"WTSODXBGKI";"Stab-2-86. Geb.Jäger"
"WTWQUMCQDC";"3-1CCM-9e Génie"
"WTXDDOTPGE";"Stab-4-304. Panzer"
"WTXNOBBESS";"3-2-234. GebJäger"
"WTXOLPKLVK";"3-Vosges 2/11"
"WTXRSIQQFI";"5-5 dam"
"WTYTLKPORK";"1-1-40. PLMB"
"WTZLGKLPBM";"AA Group"
"WUBBVJKUIV";"3-A-41 GnBat"
"WUBTXEJPBY";"PCE-1-3e Cuirassiers"
"WUCLECLMQW";"2-2-2e RA"
"WUEXKDJJUG";"Führung"
"WUHLCCKFWQ";"1st Company"
"WUHZFGRSRD";"HQ-Almansa"
"WUMIRKZXBI";"3. Zug"
"WUOVGWBBDH";"Drohnenbatterie 200"
"WUXZZDVUZK";"2-2-5e Dragons"
"WVCKOGHUXZ";"3-2-170e Infanterie"
"WVHQENAISS";"1e Section"
"WVJSVFPPXE";"1e Section"
"WVKHLRBQPB";"Führung"
"WVPQBTORYP";"Section PC"
"WVROMSVAXO";"HQ-49-100 Field Rgt. RA."
"WVROZXOVLG";"1-AT-1-16th Mech. Inf."
"WVTYQRMYRI";"ECS-7e RHC"
"WVXCIVSGJA";"PCE-3-24e Chasseurs"
"WVZSEPMPMM";"1-4-1er Cuirassiers"
"WWBSUDZYGA";"3-1-3e Dragons"
"WWEQKZHQJL";"Stab-4. Pz.Gren."
"WWFJUDBFNP";"1-A-142 Painfbat"
"WWFQGKHZJV";"1-1CCM-19e Génie"
"WWGOGJHZGR";"3-3-153e Infanterie"
"WWIRDCIRNR";"2. Zug"
"WWQOBJSAQQ";"3-Ost-132 Infbat"
"WWSODPVSRR";"1-A-55th TFS"
"WWUBUMMNCG";"Sicherungs-Zug 7343"
"WWWGMJURVS";"2-1-5e RHC"
"WWXQJRLIRX";"1-2CC-2e Génie"
"WWYTEGOCLA";"1st Troop"
"WXBCXOIVFX";"1-B-III,/RAR"
"WXDEXSTULU";"Section PC"
"WXERNRKGCQ";"2-2-6e Dragons"
"WXHANJCXXA";"2e Batterie"
"WXKDCVSRSW";"Mort-Wpn-3-PPCLI"
"WXSAKEFFOI";"3-3-231. Panzer"
"WXUXDIQMDD";"1st Company"
"WXWKTYBTCI";"2-4-8. Geb.Aufkl.-Bat."
"WYDIKKHMHG";"2-A-322 Sq."
"WYHZFJTETQ";"1-1-JBG-77"
"WYJICURKAJ";"3-W-VI,/RRF"
"WYKYWEWVFW";"1-1-8. PLMB"
"WYPIKKALUL";"3-A-42 Painfbat"
"WYRNBJSNKS";"3-3-112. Panzer"
"WYVBORCVXY";"4-A-11 Painfbat"
"WYVDKZOOAT";"2-5-10. Aufk. Bat."
"WYWUHIAMPG";"Weapon Group"
"WYYKPXCDHD";"ECS-2e Cuirassiers"
"WZBCZHVGHX";"HQ-C-GACA II/11"
"WZBJJJQVDX";"4th Troop"
"WZFSBAUGDP";"1e Section"
"WZGZLBOZBK";"2-A-III,/RAR"
"WZHHKORTLC";"HQ-AT-2-136th Mech. Inf."
"WZKZYEESVD";"3-D-1-PPCLI"
"WZLSOARTKP";"Batterie PC"
"WZMOCKEUNN";"1-PzPionier 300"
"WZNIBJGWQW";"2-B-León"
"WZPGYRPFGG";"1st Platoon"
"WZTFWXZESP";"2-3-48. Sicherungs"
"WZTNNZTZSY";"Eng-Wpn-1-PPCLI"
"WZVDZMTEFN";"1-2-291. Panzer"
"WZYZDOFGIB";"3-5-68e RA"
"WZZHKUCTZW";"1-ya Rota"
"WZZLGQFYWN";"1-D-QOY"
"XABPCDARCU";"Stab-3-103. Panzer"
"XACSZYLTOW";"1. Zug"
"XAFENIFCXF";"4-4-6e RPIMa"
"XAIJQABYUG";"1-1-JG2"
"XAKSKLXVKL";"Batterie PC"
"XAKTWKUTPJ";"4-2-234. GebJäger"
"XALFHYWXDP";"Recon Group"
"XANCFZWKFX";"N Squadron"
"XAODXGWQNO";"A-5RGC"
"XAPYTTZWCQ";"3-D-1st Combat Eng. Btn."
"XASNWHPPSX";"HQ-C-I,/Green Howards"
"XAUHMAYWUH";"2nd Platoon"
"XAUYMUWUZL";"1-(3-TerrB)"
"XAXKLLIYHP";"2-D-101 Tkbat"
"XAXQBROEDG";"K Squadron"
"XAZOFLHUND";"2. Zug"
"XBCGEGMQHM";"HQ-A-León"
"XBEEJKGOGX";"HQ-1-RCHA"
"XBGSVFWWER";"3. Zug"
"XBIJJXBFUS";"PCE-1-8e Hussards"
"XBILPCHWPX";"3-C-45 Painfbat"
"XBPQJVNJDM";"Det.-42 Paatcie"
"XBQLAJPOUS";"4th Company"
"XBSLGKSEAR";"2-3-773-y IAP"
"XBTVGXZTJG";"3-3-115. Artillerie"
"XBUPODHKDO";"HQ-Wpn-3-PPCLI"
"XBUXOFYQCC";"2nd Flight"
"XBVWPEDBSL";"4-4-233. GebJäger"
"XBYNQDVEAU";"3-1-4e Cuirassiers"
"XBYUICFEWM";"2-1-48. Sicherungs"
"XCFVRWQSGO";"HQ-B-III,/Stafford."
"XCIIEPEHNO";"1. Zug"
"XCKPJBDNKY";"3-ya Rota"
"XCKVPVWHWQ";"2-C-3-PPCLI"
"XCQNGOPTPP";"3-2-85-y Gv. IAP"
"XCQQYREZHI";"Aufkl.-Gruppe"
"XCWFDGIKPT";"Battery HQ"
"XCYRFYORIF";"15-D-V,/Queen's Rgt."
"XDCAAPDSVU";"Section PC"
"XDDQBEGYHI";"Platoon HQ"
"XDEWBUTCCO";"2-49-103 Field Rgt. RA."
"XDFQRVRCVS";"14-D-VII,/RAR"
"XDISTSQYTX";"HQ-C-León"
"XDOJZSWRKQ";"2-1CC-2e Génie"
"XDROHWZUZI";"Führungsbatterie"
"XDRXYMKPXF";"BCS-2-25e RA"
"XDSVQTPOYC";"ECS-2e Gpe-2e RHC"
"XDTOFAMBFI";"3. Batterie"
"XDWHTEGBJE";"Det.-Paostcie"
"XDXBBFJCAY";"2e Section"
"XECTXQWNCV";"Logistikgruppe"
"XECZASVZIP";"3-(2-TerrC)"
"XEFMCBMVNK";"Troop HQ"
"XEHDOWIELQ";"Aero Weapon Platoon"
"XEMDBFNNDQ";"Squadron HQ"
"XEORDQQCGB";"3rd Platoon"
"XEPKAZLEZN";"PCE-2-24e Chasseurs"
"XEPLGCUZMO";"2-2-302. Panzer"
"XEQJISWAMS";"AC-3-35e Infanterie"
"XERLHZOJDK";"2-2-222. Panzer"
"XERMSNDBGN";"2-43 Pagncie"
"XESLIAGOBD";"3 pluton czolgow"
"XEUHLYGATC";"1-1-61e RA"
"XEVVEYCRIQ";"PALR-Gruppe"
"XEWQENDORO";"HQ-C-III,/TLI"
"XEWUYETXNV";"BCS-2-1er RA"
"XEYBVZSIBN";"4-5 dam"
"XEZIBJQAWL";"1-C-BHELA I"
"XEZXBWFIOV";"3rd LSV Troop"
"XFBWFJPLQS";"1-A-V,/TLI"
"XFCLIOEIVE";"2. Batterie"
"XFEHDKPFVX";"2-D-5RDG"
"XFGLHFHMNZ";"BCS-1-43e RAMa"
"XFMZLUQTIS";"2. Zug"
"XFRJLHDHUG";"2-C-RSDG"
"XFSFRFJCII";"3-1-30e Chasseurs"
"XFUKLHNUHK";"SAM Battery"
"XFUMXUTUVW";"3-2-111. Panzer"
"XFUVRGYVAT";"ATGW-B-9th/12thQDG"
"XFVAPAINEX";"2. Zug-MSK"
"XFXBUPASYC";"4-2-35e Infanterie"
"XFYGTSLBJQ";"PCE-1-2e Cuirassiers"
"XGBFFZZSXF";"Reserve-Batt."
"XGCLBPXQCD";"1. Zug"
"XGCTTNNPZI";"2-3-5e Chasseurs"
"XGLTTAJJJY";"2-4-53e RA"
"XGOUOVTWMB";"HQ-C-8CH"
"XGPPZFJCLC";"CCS-10e Génie"
"XGSMFKUVYX";"Sicherungs-Zug 7344"
"XGUIBMZXGM";"2-B-1-34th Armored"
"XGVGZMKTDF";"AC-2-170e Infanterie"
"XGWEHTTHET";"1-4-123. Panzer"
"XGXMLAVHEB";"Führung"
"XHBCRGKWTA";"14 bateria"
"XHFHCOXFNC";"Logistikgruppe"
"XHJUAXNWIX";"2. Zug"
"XHKNSMZPSH";"(escort)"
"XHKOPIANHG";"1. Batterie"
"XHKXFDXLSP";"Fs-Jäger-Kie B1"
"XHLOLJYZTB";"1-5-233. GebJäger"
"XHZQXCOUQY";"Fla-Gruppe"
"XICRDNVQFX";"1-3-123. Panzer"
"XIDOXLDJHQ";"1-22CA-32e Génie"
"XIGSKTDJPQ";"3-B-11 GnBat"
"XIHSGTZOXO";"1-3-222. Panzer"
"XIKTUHOOQL";"2-2-103. Panzer"
"XIOJQIYGTQ";"3-1-3e RPIMa"
"XIPHZFYZRG";"pluton saperów"
"XIQHLTEDVT";"2-A-I,/51st Highland Vol."
"XITCUKZPIP";"Section PC"
"XIXSLAURJR";"3-3-35e RAP"
"XIZNMYJOXF";"3-116 Provost Coy. RMP"
"XJDMQSATKI";"PCE-1-3e RPIMa"
"XJDWOPQSFJ";"MP Groupe"
"XJHZOCOFBA";"Platoon HQ"
"XJIQFSFCML";"1-A-15th Cav. Bat."
"XJJFBDIPMR";"1. Zug"
"XJMXSRBMCG";"1-1-403 RA"
"XJNZCAIABN";"2-37 Field Sq. RE"
"XJOKCRXEWP";"1-2-833-y IAP"
"XJQLINOGLX";"1-Huntsman-2RTR"
"XJRLPSTARU";"2-F-2-RCR"
"XJSIZVQZPT";"1-C-42 Tkbat"
"XJUFUGJTMZ";"2-2-110e Infanterie"
"XKCRMTQNFY";"2-C-46 Painfbat"
"XKCWCCQZTT";"1-PzPionier 220"
"XKGEEILAVB";"1-C-11 Painfbat"
"XKHPOZPDIS";"3-4-3e Dragons"
"XKJHWHWHAH";"2-4-24e RA"
"XKJMPWGDUR";"Stab-3-295. Artillerie"
"XKMEGPHHYG";"2-B-III-RAAA 71"
"XKMKXUYTRB";"1-J-2-16th Mech. Inf."
"XKRZBYOXGR";"HQ-Z-1RCHA"
"XKYAORMZMH";"1e Section"
"XKYJLYRXTT";"Stab-5-223. Panzer"
"XLDKUMUWNY";"PCE-3-126e Infanterie"
"XLDOFUZAEV";"Stab-3-122. Panzer"
"XLDPYSQBQV";"Security Platoon"
"XLFCHTNKMB";"PCE-2-1er Chasseurs"
"XLFGMRKMCK";"3-D-Royal Yeo."
"XLFPJHCAXH";"BCS-3-34e RA"
"XLLOEGNFRW";"2-Vosges 2/11"
"XLQDTCYWDM";"1-4-231. GebJäger"
"XLTIEUDAYN";"3-A-42 Tkbat"
"XLVSTYIZAI";"1-4-233. GebJäger"
"XLYUFEOMUT";"Sicherungs-Zug 7411"
"XLYXQKDPSH";"1-480th TFS"
"XMBISNFCIG";"3 pluton ochrony"
"XMDWNFLLXZ";"3-3-102. Panzer"
"XMFMNDASLF";"ATGW-C-9th/12thQDG"
"XMGVKHDEDM";"Stab-8. Geb.Pionier"
"XMIVSFWYQO";"Reco-Wpn-3-R22R"
"XMMMXECBPW";"1e Section"
"XMOEYNOQET";"1-1-8. PLMB"
"XNAYMIFRDN";"2-2-1er RA"
"XNBMKRROTR";"3-(1-TerrF)"
"XNGFWLYNQQ";"PCE-CEA-9e RCP"
"XNNQJFJIGN";"2-1-773-y IAP"
"XNQMYUWLES";"Stab-4-241. Panzer"
"XNRFWQOVBZ";"1-37 Field Sq. RE"
"XNRPJRWHTX";"2-B-322 Sq."
"XNRRQVFKYF";"HQ-D-I,/RGJ"
"XNTECHXRCG";"3. Zug"
"XNTUNDJZIX";"Troop HQ"
"XNWYZNHVIX";"2-II-9FighterRgt"
"XOCVYOSHMT";"Stab-4-111. Panzer"
"XOEJTDYJPI";"BCS-2-12e RA"
"XOHMVPKASF";"HQ-I-2-136th Mech. Inf."
"XORBPZBLNV";"HQ-671 Sq. AAC"
"XORLOJZMKD";"Protec-1-5e Cuirassiers"
"XOUHQGPOHU";"4-4-24e Chasseurs"
"XOVUQMPVGH";"Wallmeistertrupp 471/4"
"XOWFHNSVIT";"1. Zug"
"XOXMLVQPKR";"HQ-A-Cantabria"
"XPFCBLXGIC";"Führungsbatterie"
"XPHLPZIKQQ";"1-3-47e RA"
"XPHZJSEKRY";"Platoon HQ"
"XPKPXOEHRS";"2-1-730-y APIB"
"XPNIBMHDLO";"1-I-20FightBombRgt"
"XPQAPSNJUI";"Führung"
"XPTACUBWDZ";"Prévôté aux Armées"
"XPTYVSRHKW";"3-I-1FighterRgt"
"XPVTQVOUMN";"1-4-12e Cuirassiers"
"XPWMPMQZJX";"4-4-1er Cuirassiers"
"XPXKRXSUBS";"2-4-3e RCP"
"XPZKLQLISN";"4-Beo.Bat. 33"
"XQDBZFIQHL";"R Squadron"
"XQGRGROPRK";"9-C-V,/RRF"
"XQHPPTBZBY";"6-B-I,/KOSB"
"XQJNPDSPDG";"E Squadron"
"XQRUYLDWHW";"3-4-92e Infanterie"
"XQSOFXSGFP";"PCE-1-1er Spahis"
"XQUSTPBASN";"6 pluton ogniowy"
"XQWKRCUIFI";"1-4-68e RA"
"XQXJFIADRL";"2. Zug"
"XQXRAHQEEG";"2e Batterie"
"XQZZWWOAWH";"3-1-35e Infanterie"
"XRBABUXLEO";"1-4-283. Panzer"
"XRBGHAKDSL";"3-3-8e Hussards"
"XRBTLLSKCK";"Stab-2-222. Panzer"
"XRDKRXLEGK";"Stab-3-114. Panzer"
"XRFUMCZWAA";"2nd Troop"
"XRNPTTISKS";"2-B-11 Tkbat"
"XRPPQIUDSO";"1-4-61e RA"
"XRYHGUKZQB";"1st Battery"
"XRZYWDXEAH";"1-I-28FightBombRgt"
"XSEOIZGERP";"4-1-5e Chasseurs"
"XSEXFTTKTK";"2-I-2-136th Mech. Inf."
"XSHBYKFMSL";"1st Platoon"
"XSIWHNBJFQ";"Platoon HQ"
"XSIWPADNUM";"2-1-JBG-28"
"XSKEBPKGZV";"3. Zug"
"XSQBUZHFTL";"3. Zug"
"XTBTBRVJBJ";"Panzerjäger-Gruppe"
"XTGGNYXDNC";"1-1-2e Etranger"
"XTHVDTQMVM";"1-B-46 Painfbat"
"XTKPFWGMSV";"3-Res.MSB 15"
"XTKTIZITOT";"3-A-1RTR"
"XTMAXFXHUP";"1-A-47 Painfbat"
"XTQBJETKHQ";"2-B-315 Sq."
"XTQKZPXXWF";"3-W-5-16th Mech. Inf."
"XTQWYQCXWG";"Führung"
"XTXCHXHHSO";"2-A-DCA 11"
"XTZSCNDSVN";"1e Batterie"
"XUDMRYKCVQ";"2-A-102 Infbat"
"XUDTMCYYYB";"HQ-GACA I/11"
"XUFFJCTLYU";"2-E-V,/RGJ"
"XUUGGVUJVL";"3-A-3-PPCLI"
"XUVDQGPWRV";"1-1-GBLA I/14"
"XUVNIGOCKL";"ECS-4e Cuirassiers"
"XUWZDEQCHO";"Grwr.-Gruppe"
"XVBCMWNFMA";"1-3-293. Panzer"
"XVCCQETGJG";"3-3-101. Artillerie"
"XVCDEWIQNF";"Führung"
"XVDXMFBPXN";"3rd Platoon"
"XVEABLTWBE";"3. Zug"
"XVEHUAXGJO";"2-A-313 Sq."
"XVHAHVQZXC";"PCE-4-3e Infanterie"
"XVHEUFZROG";"5-2-3e RPIMa"
"XVHYUPGJKD";"3. Zug"
"XVIXUTIGOI";"Field Eng. Group"
"XVJSPYOPOP";"PCE-3-3e Infanterie"
"XVLDARYGPJ";"3-2-2e Etranger"
"XVPEWTNKUK";"3-1-1er Chasseurs"
"XVVQPVENDQ";"3-B-RSDG"
"XVWZCDJMDJ";"Wpn-G-2-16th Mech. Inf."
"XVZEHVBPIY";"3-4-564. Panzer"
"XWBDJQPQDU";"2-(3-TerrC)"
"XWEJBPRUNB";"PCE-2-1er RHP"
"XWEYCTMJXV";"PALR-Gruppe"
"XWHSMKKSCP";"3-E-2-5th Field Art."
"XWKASZKHOU";"2. Zug"
"XWKBTWHOFM";"3. Zug"
"XWMDPYYTKJ";"BCS-43e RAMa"
"XWNXPGFLRY";"1-2CC-1er Génie"
"XWRARPNWQK";"1st Platoon"
"XWTECYCIFT";"3-2-231. Panzer"
"XWWDHVWQAV";"2-2-10 Para"
"XWYVTNAWBR";"HQ Battery"
"XWZUKLMBPE";"Mun.-Gruppe"
"XXBGUXYIRJ";"BCS-11e Artillerie"
"XXGZJFQWFV";"Stab"
"XXJEOVSAJZ";"14-D-VIII,/TLI"
"XXJTOJSXKI";"2nd Company"
"XXKPMRZLCU";"Battery HQ"
"XXLPZWFLDX";"9-C-III,/TLI"
"XXNQUGBZAR";"HQ-GACA II/11"
"XXNUHQIXMK";"4-4-10. Aufk. Bat."
"XXQOYGDXZC";"3-R-4-16th Mech. Inf."
"XXVYLYDVPP";"1-Cigognes 1/2"
"XXXXJEUGOK";"13-D-V,/RRF"
"XXYTQLNVBW";"1-C-101 Tkbat"
"XXYUDNBZIH";"3-3-152e Infanterie"
"XYACNORJMS";"1-1-11-y ORAP"
"XYATKXKTAF";"2-B-I,/RAR"
"XYEEDFTWNR";"2-2-303. Panzer"
"XYGYEAYTPJ";"3-A-15 Painfbat"
"XYGYHMDILJ";"1-43 Paluabt"
"XYHKSXFPXM";"AC-2-30e Chasseurs"
"XYIIJHFOVP";"3-C-42 Painfbat"
"XYJZEFWCTA";"1-L-3-37th Armored"
"XYKPWCNXAN";"2-3-4. Pionier"
"XYMIOKNDHB";"Platoon HQ"
"XYRATXUUEO";"Stab-4-121. Panzer"
"XYTGWZBMUO";"AA Group"
"XYVFTOHKIE";"3-2-1er RHP"
"XYWTKDHSKF";"HQ-1CER"
"XYZZTDUMXW";"HQ-E-1st Aviation"
"XZDPRNYAXW";"MILAN-IV,/RIR"
"XZGFKYIYWP";"Führung"
"XZHYSKFEYY";"PALR-Gruppe"
"XZNOXACTUZ";"1-3-12e Cuirassiers"
"XZPRGNRLWI";"2. Zug"
"XZQDGYTXRD";"ECS-1er REC"
"XZRMNOPUVV";"2-2-12e RA"
"XZRTPSDORB";"1-1-17e RGP"
"XZYMMATPPZ";"2-3-33-y IAP"
"XZYRHDHJXX";"3-52 Paluabt"
"YAEKLHAAIV";"Stab"
"YAGVQYSHBR";"Führung"
"YAHJNWLHSF";"1-(2-TerrE)"
"YAHSXHGNIN";"1-664 Sq. AAC"
"YAICMZQNBB";"Batterie PC"
"YAIMVNEJNO";"Provost Patrol"
"YAKQBBZHTX";"2-A-1-1st Helo."
"YALWPSXTZX";"3-A-VII,/TLI"
"YALXGDKXVG";"2e Pel"
"YAMEREVOKS";"1-1-170e Infanterie"
"YAMZQPVEBL";"HQ-D-I,/ASH"
"YAPBVAQJMD";"1st Platoon"
"YAPXXDNUGQ";"3-CECA/131RI"
"YAPZLLXFAA";"2-X-5-16th Mech. Inf."
"YAXHEZBPOH";"HQ-A-I,/RIR"
"YBAKWWPNPR";"gevbt"
"YBASVISQYR";"4-B-46 Painfbat"
"YBDUGTZJTQ";"Sicherungs-Zug 7222"
"YBEENDUPJA";"Reco-Wpn-1-R22R"
"YBFWNJTGIY";"9-C-I,/Scots Gds."
"YBGXIFLWZV";"1-2-12e Cuirassiers"
"YBHJLBIMJG";"2nd Platoon"
"YBHLXSSTHA";"HQ-G-IV,/RGJ"
"YBKMFNCCMG";"1-B-1-16th Mech. Inf."
"YBMIPTQATC";"1-B-Cantabria"
"YBPAHAVASY";"2-F-2-136th Mech. Inf."
"YBUGLAPKOI";"3-C-15 Painfbat"
"YBUVWFWVKG";"MP Groupe"
"YBVAFFQOTC";"HQ-D-II,/RIR"
"YCAEOCSOAU";"2-Cyclops-2RTR"
"YCCQDMXYOQ";"CEA-114e Infanterie"
"YCCXIWIHFR";"1st Company"
"YCTGCSBGLS";"1-1-6e REG"
"YCTJXTXJDV";"Logistikgruppe"
"YCTZECULXQ";"2-3-1er RA"
"YCWHTNYECC";"Stab-3-292. Panzer"
"YCYFBYXFRW";"MILAN Platoon"
"YCYILLNSEA";"FRR-Gruppe"
"YCZEYNBKPF";"Dét./6e RA"
"YCZUUKINAL";"3-A-Cantabria"
"YDBSUFFZAO";"PCE-3-92e Infanterie"
"YDDGUAPYUB";"1-A-4 Field Rgt. RHA."
"YDDKDORTNK";"1-2CCM-19e Génie"
"YDGRIBZMQU";"BCS-43e Artillerie"
"YDIDWPZQHE";"ECS-12e Cuirassiers"
"YDIEJINIOW";"3-4-103. Panzer"
"YDJDDSNDZI";"4-A-41 Painfbat"
"YDKVCQPYOT";"PCE-4-170e Infanterie"
"YDLDCQHSKA";"1-2-368-y OShAP"
"YDLHDPAEGE";"3rd Troop"
"YDMPMYEYUS";"1-3-35e Infanterie"
"YDOHXYVANC";"1-B-49 Tkbat"
"YDPVDSAPUX";"1-2-JG9"
"YDTJANHCSO";"HQ-C-II,/RIR"
"YDUFKUHOWR";"2. Zug"
"YDVCCDPAJP";"Eng-Wpn-3-PPCLI"
"YDVKZSEWFO";"2e Section"
"YDZJWNFCDP";"1-1-5e RHC"
"YDZOELWUNT";"Section PC"
"YDZPVYFGTF";"1. Zug"
"YEIWJGYCZV";"PCE-3-8e Chasseurs"
"YEJNIHVBAP";"1-3-91 pappanc"
"YEKPJEESWX";"1. Zug"
"YEKPTIUAHQ";"3-2-8e RPIMa"
"YELQYKEVMT";"KanJPz-Batt."
"YEPXHBGJWV";"Pionier Zug"
"YEQMMCXQIY";"1. Zug"
"YERRNHYUII";"6-B-II,/York Vol."
"YEVTWGGCQG";"2. Zug"
"YEXNCYEOUB";"2-B-15 Painfbat"
"YFAJKLYSUH";"Aufk.-Gruppe"
"YFBYCEZMVG";"2-3-1er Dragons"
"YFBZHZGITS";"2. Zug"
"YFGMRHGQTA";"Supply Troop"
"YFJBVGUOEU";"Peloton de Reco"
"YFKAJFHXPC";"3-C-1RTR"
"YFKRGNWSZN";"3-B-41 GnBat"
"YFLQYRTLIA";"Stab-2-87. Geb.Jäger"
"YFLRUAVPZF";"CCM-1er RCAM"
"YFMRJFITSB";"3-D-Royal Hussars"
"YFSKZLPXYG";"1-B-102 Infbat"
"YFVNDODVHJ";"HQ-1-PPCLI"
"YFWQXHXGAR";"PCE-4-3e Hussards"
"YFXRVUSDSM";"2nd Aero Scout Platoon"
"YGAYPXGHUR";"3-C-Farnesio"
"YGBCOTEDXI";"2-52-45 Field Rgt. RA."
"YGCRROUEIX";"2-B-3-RCHA"
"YGCVDIGLBW";"Batterie PC"
"YGGRYVGXMF";"HQ-128 ADA"
"YGHMEEIAPF";"1,/58Eng"
"YGIOZHJGOT";"AC-1-35e Infanterie"
"YGKDAFXSPQ";"2-3-54e RA"
"YGLUQHQROH";"1e pelnatres"
"YGPVNDDLVQ";"2-2-9e RCP"
"YGSIWBJMZO";"1-16-4 Para"
"YGVINPKFVH";"1-2-JBG 35"
"YGWWLVAXUK";"1-PzPionier 110"
"YHBIVBULJR";"Stab-2-101. Panzer"
"YHBLURHYWA";"3-332CC-33e Génie"
"YHDFVHHLYC";"3-3-231. GebJäger"
"YHDGNJLUEM";"3-2-1er Chasseurs"
"YHDWXFXGNH";"HQ-L-3-34th Armored"
"YHENMIOVEW";"Company HQ"
"YHFCAYMRWT";"Artillerie-Gruppe"
"YHIFJFGZNV";"1-B-81st TFS"
"YHIJZMKLCI";"8-B-I,/ASH"
"YHIMRSYHQE";"3-A-III,/RAR"
"YHKPIHFVKQ";"2-A-55 Painfbat"
"YHLSPCRSUC";"5. Batterie"
"YHLZTDADXW";"3-13e RDP"
"YHMLREAOBH";"HQ-A-3-PPCLI"
"YHNANPMCJH";"3rd Troop"
"YHNMZVGWAP";"2-2-295. Artillerie"
"YHQIMQZGZL";"3-13 Pagncie"
"YHRTGLGKFD";"2-3-1er RCAM"
"YHUNBHYVIV";"Führung"
"YIAJZGOSGN";"4th Company"
"YIAQNIBRAH";"8 bateria"
"YIBFMFYIWZ";"1-B-58 Tkbat"
"YICLCRNFBG";"3-A-103 GnBat"
"YIDKUAZCJF";"1-A-I,/KORB"
"YIDPBOQDLL";"3EHAC-2e RHC"
"YIHTKOTRQP";"1-PzPionier 290"
"YIKDEKLKIX";"Section PC"
"YILHGSAWRK";"2e Batterie"
"YIMFBOYRMX";"PALR-Gruppe"
"YINAGVYYJF";"2-3-8e RPIMa"
"YINLFWDAIX";"HQ-(2-TerrA)"
"YIOKZFQZJZ";"3. Zug"
"YIQAGKXWXR";"2. Ersatz-Kompanie"
"YISMVABBIP";"2-6-103 Field Rgt. RA."
"YIUBKAPZEX";"3e Section"
"YIUEEANRJF";"9-3-V,/RAR"
"YIVDDGQTJS";"2-4-3e Chasseurs"
"YIWZMQXDGP";"14-4-V,/RAR"
"YIYMBGUNAL";"3-A-V,/RRF"
"YIYODMGKYM";"1st Platoon"
"YJAWPKWFNM";"1-(3-TerrC)"
"YJAXNRABHH";"3rd Troop"
"YJBMJYCKSV";"4-O-4-5th Field Art."
"YJDVYSKSKI";"MP Groupe"
"YJFYNHJCQO";"3-SK-10. Panzer"
"YJKGRRWBAX";"2-4-562. Panzer"
"YJMBHYWPOI";"3-1-19-y Gv. APIB"
"YJOJSJLKKS";"PCE-2-5e Chasseurs"
"YJTKIQWVAZ";"2-B-12 GACA"
"YJUWWFBWDQ";"PCE-4-6e Dragons"
"YJXXCPXRCH";"4-A-13 Painfbat"
"YKAXWBMRPK";"2-4-102. RakArt.-Bat."
"YKFYYRMIQY";"Stab-4-4. Pionier"
"YKJCXGSLZM";"1-3-2e Etranger"
"YKLFLIIGMX";"2nd Platoon"
"YKMCZSNVRG";"1-K-3-34th Armored"
"YKPLNLPQOF";"4-C-43 Painfbat"
"YKUXIWZNXC";"1-41 Pagncie"
"YKWIULYGPZ";"1-Ost-132 Infbat"
"YKXZBMHKAW";"3-4-1er Cuirassiers"
"YLAMUIQIHV";"2e Batterie"
"YLBKXHBSCW";"1-A-I,/ASH"
"YLFLMQQWYQ";"4-4-30e Chasseurs"
"YLFTDYDBEM";"3-ya Rota"
"YLGGPTYLAE";"G Squadron"
"YLGNCYOEDX";"1-C-9th/12thQDG"
"YLMEUKNEXN";"Stab-4-293. Panzer"
"YLOHFDPPUX";"1-C-10th TFS"
"YLPVDKTRXA";"Stab-4-233. GebJäger"
"YLWKJRMFDE";"1-1-108. Sicherungs"
"YLXPDQWSGE";"Supply Troop"
"YLYUQFRTEA";"Section AA"
"YLZVMYLGOA";"Stab-4-301. Panzer"
"YMFYSDNFBX";"1st Air Lift Platoon"
"YMGFCIUYOC";"2. Zug"
"YMIPXPSPYQ";"1-5-102. RakArt.-Bat."
"YMODRTPRRV";"1-437 Infbevcie Mbl"
"YMQJKPYNCM";"Stab-3-303. Panzer"
"YMRNFNEWAQ";"2-6-27 Field Rgt. RA."
"YMRPHGLQBJ";"2-C-45 Afdltlua"
"YMTPSUBXRD";"4-A-5RDG"
"YMUZJWYLIF";"2nd Platoon"
"YMWTLQIVXB";"Aufkl.-Gruppe"
"YMXVGOGWRM";"2-2-92e Infanterie"
"YMYQUGJQHR";"2-A-15 Para"
"YMZABVSUQB";"Aufkl.-Gruppe"
"YNFPVVUDMU";"1st Platoon"
"YNHSDCZLEO";"MP Platoon"
"YNOANBPMDE";"4EHAC-7e RHC"
"YNQTIJMUBO";"3-5-41. Artillerie"
"YNSBBQIWVO";"2-C-15/19RKH"
"YNTQJUGNJE";"1-C-115 Afdltlua"
"YNVTLUCVMW";"2-3-562. Panzer"
"YNXTBRXEUW";"1-3-787-y IAP"
"YOBCKNFIRX";"Stab-2-231. Panzer"
"YOCGCJFZAF";"HQ-4CER"
"YOCSPCZMSV";"4-4-3e Hussards"
"YOEXSCBAAY";"1-C-4 Para"
"YOGCMFMKSI";"2nd Troop"
"YOHFHXENEM";"4-B-43 Painfbat"
"YOIHFXIKYG";"2-102 Maresk"
"YOMBRIVOUC";"Platoon HQ"
"YORGIOQNKZ";"Führung"
"YORWXEZLZM";"Section Logistique"
"YOYQKERFFQ";"1-H-2-34th Armored"
"YOZOVGEFTK";"HQ-B-III,/TLI"
"YPBTNTZCTW";"Stab-PzPionier 120"
"YPCBPXXTJA";"Teile-HFS 200"
"YPIDBUKNYN";"2-2-565. Pz.Artillerie"
"YPIGUWMACS";"2-B-Santiago"
"YPIJPANJIR";"2-2-25e RA"
"YPJQSFPQTW";"3-1-730-y APIB"
"YPKCXZLTPM";"1e Batterie"
"YPLPTNUCRR";"1-R-4-37th Armored"
"YPLYSJGFCV";"1-4-152e Infanterie"
"YPOZMMGLHN";"Führung"
"YPYHTVUGMB";"HQ-B-I,/KORB"
"YQCIPGIMQW";"pluton tech. rozp."
"YQECBNALIP";"Logistikgruppe"
"YQFBAKLKJZ";"PCE-3-2e Cuirassiers"
"YQHIZTJUFW";"2-4-30e Chasseurs"
"YQIFCLGPMI";"13-D-VII,/TLI"
"YQLJDIMUAN";"HQ-2-10 Para"
"YQOMHXOEPC";"4-C-12 Tkbat"
"YQPEQUMONC";"9-C-VII,/TLI"
"YQQMQREKXS";"2 bateria"
"YQSMUQHFSH";"2-5-122. Panzer"
"YQWERMAVJJ";"3-B-Santiago"
"YQWYISHGPJ";"2-A-16 Painfbat"
"YRAAOQBEQO";"1. Zug"
"YRDAUHMBGF";"1e Batterie"
"YREKCZKEXW";"2e Section"
"YRGPMJTROC";"PALR-Gruppe"
"YRIWSVWLWS";"Führung"
"YRJEQYHPAE";"3-B-Almansa"
"YRKIOEXXBU";"3-2-14 pappanc"
"YRPIWIZBIJ";"BCS-401 Artillerie"
"YRTPHWFREY";"Stab-5-232. GebJäger"
"YRZGVESPIX";"2e Batterie"
"YSBHWLHCGT";"2e Section"
"YSBUCDSTLL";"2. Zug"
"YSFNHDOELD";"2-Champagne 2/3"
"YSHATJPRPW";"Führung"
"YSOMXPIMVF";"1-2CCM-9e Génie"
"YSPIJBAFOX";"2-A-15/19RKH"
"YSPKFWEQRK";"HQ-49-27 Field Rgt. RA."
"YSRDPGPAZT";"2-2-153e Infanterie"
"YSYSURUOUP";"2e Section"
"YSYUIOJLWP";"2-2-JG7"
"YSYUZLPDKO";"AA Group"
"YSZHWILMAF";"BCS-1-53e RA"
"YTJPINORZF";"Platoon HQ"
"YTNYSIGYWC";"A-1-480th TFS"
"YTNZLJFVTL";"Stab-2-234. GebJäger"
"YTRGJLSOHU";"4-1-8e RPIMa"
"YTTEQAKUDY";"2-2-507e RCC"
"YTTTRYQKGB";"3-3-1er Chasseurs"
"YTTVSTPZTA";"1-C-Royal Yeo."
"YTUZWRXUQR";"3-III-9FighterRgt"
"YTYNUHLFSS";"1-436 Infbevcie Mbl"
"YUAADVNPTJ";"Peloton d'Eclairage"
"YUBDQHQYXB";"CCS-1CCM-32e Génie"
"YUBOXXRRUY";"3. Zug"
"YUFSCNLJZI";"PCE-4-19e Chasseurs"
"YUHKKHLPHI";"Artillerie-Gruppe"
"YUMOJZFCQY";"Pionier-Gruppe"
"YUMQNKKEUM";"Section de Soutien"
"YUNXSTGWUN";"8-C-I,/RAR"
"YUOUWESEIS";"1e Section"
"YUPBFWJVED";"1. Zug"
"YUTGDXDWHU";"3-G-2-5th Field Art."
"YUVDZFPOLX";"3-B-15/19RKH"
"YUVWRJHILW";"3-C-1st Engineers"
"YUWHIEZABX";"2-2-73-y IAP"
"YUXDWXGMHV";"4-B-142 Painfbat"
"YUZUALMTAM";"1-S-4-37th Armored"
"YVAFJHILNI";"Sicherungs-Zug 342/2"
"YVBLREJFSH";"1-A-42ste Sm."
"YVCKQGKVFL";"2-D-4/7RDG"
"YVDSPETJGP";"2-4-54e RA"
"YVGVVYLXXW";"1-2-24e Chasseurs"
"YVIABCHFFD";"3. Zug"
"YVKFIWSNRI";"pluton plot"
"YVKUUJYIMT";"1. Zug"
"YVOHQSCFEA";"1-49-103 Field Rgt. RA."
"YVSHIYJHYM";"HQ Battery"
"YVTUCZVMNB";"BCS-1-34e RA"
"YVWHUBITUY";"HQ-2-5th Field Art."
"YVXKAJGCKZ";"Stab-4-223. Panzer"
"YVYYEOCAOV";"3rd Platoon"
"YVZMAEZZVC";"3. Zug"
"YVZUKJVPVN";"1-D-52 Tkbat"
"YWCLJJSAKR";"3rd Platoon"
"YWEJKXYUHK";"7-B-V,/RRF"
"YWFEVPMWYB";"1-(1-TerrB)"
"YWGGJKYBHF";"3rd Platoon"
"YWHKSCSYUI";"4-4-1er RCP"
"YWITUAGJDK";"Section PC"
"YWNATOSBII";"2-CECA/131RI"
"YWRJSVFRTS";"2-A-V,/TLI"
"YWTYFCHJWG";"1e Section"
"YWVGEVKLWE";"PCE-1-1er REC"
"YWYDFLCMIQ";"3-2-10. Pionier"
"YWYKSKKQIF";"1-A-I,/RIR"
"YXASHCYPVI";"Aufk.-Gruppe"
"YXEOJZIASL";"7 bateria"
"YXEQSFFMNZ";"1. Zug"
"YXKRGDCHFR";"1-116 Provost Coy. RMP"
"YXMFCBDYZU";"4-437 Infbevcie Mbl"
"YXMXHFVTCG";"HQ-C-Santiago"
"YXMXQMMDJJ";"3-4-42e Infanterie"
"YXMYTXDHRG";"PCE-3-1er REC"
"YXNGTSIZFW";"3-B-León"
"YXNXAEUOZJ";"3-2-968-y Gv. IAP"
"YXQXSHCGYK";"Section de Mortiers"
"YXRZSTUCKW";"MG-Gruppe"
"YXSVLKEIXG";"3-3-41. Artillerie"
"YXXMYUPIAI";"4-5-231. GebJäger"
"YYAKMOXBEK";"3-4-6e RPIMa"
"YYCPLZTNTL";"6-B-I,/Green Howards"
"YYDXJBTPSJ";"2-A-I,/ASH"
"YYFJTQCGYK";"3-B-III,/RAR"
"YYFLPTKTBK";"1-5-232. GebJäger"
"YYFULPIMQM";"Sicherungs-Zug 4412/01"
"YYQLEOWTUY";"1-1-968-y Gv. IAP"
"YYVJPTHYBR";"Stab"
"YYWYJGUHHS";"7-B-II,/York Vol."
"YYYIHLFIKP";"Section PC"
"YYZPJABUAY";"1-J-3-R22R"
"YZACTQBNAM";"3-30 Air Def. Bty."
"YZDIMGYTDI";"1-3-11-y ORAP"
"YZGKXLTZIJ";"3. Zug"
"YZKVONGKSW";"Eng-Wpn-3-RCR"
"YZNCNLGPAW";"2-A-17 Painfbat"
"YZNYGIXPQV";"3. Zug"
"YZNYUMZOQH";"1st Platoon"
"YZPNCDWUSE";"PCE-4-1er RCP"
"YZQKUHVHMB";"Fla-Gruppe"
"YZRDZEIPNL";"3-1 Field Sq. RE"
"YZSCNTRAOG";"dowództwo baterii"
"YZWQDYHONJ";"1-4-8e Chasseurs"
"YZXHGJPXKY";"Stab"
"YZYDPJJEWT";"2e Batterie"
"YZZPTWIAYA";"CCS-6e REG"
"ZAAJHSKETC";"Führung"
"ZABAIRURLW";"4. Batterie"
"ZAEIAERANO";"3-21CA-13e Génie"
"ZAFOUXLIYM";"HQ-B-V,/TLI"
"ZAFRQGJCGT";"3rd Battery"
"ZAGECFCXBR";"3e Section"
"ZAGGCMOPFB";"2-3-25e RA"
"ZAHPMKCREX";"3rd Platoon"
"ZAIIQRZGKP";"3-A-I,/RAR"
"ZALENMUUYW";"1-2-JG2"
"ZANIMKJVIX";"Section de Mortiers"
"ZAOTDLDJOR";"2nd Recon Platoon"
"ZAOUAYGWYJ";"1-1-33e RA"
"ZATOFDINRR";"2. Zug"
"ZAUPUNAFOF";"2-4-244. Panzer"
"ZAVFEJYYJE";"AC-1-42e Infanterie"
"ZAVUYUIYJR";"Sicherungs-Zug 333/1"
"ZAWMUXNJSV";"3-B-5-RALC"
"ZBAUVCEXLS";"3-2-87. Geb.Jäger"
"ZBBRAUJNCF";"3-3-12e Cuirassiers"
"ZBCNKPSTLM";"2e section"
"ZBDSEQBPWQ";"2-A-115 Afdltlua"
"ZBFDBTLAEA";"1-2-1er RCP"
"ZBHQONLCDY";"CCS-22CA-33e Génie"
"ZBMUYSXCAN";"5-2-V,/RAR"
"ZBNBUGRORI";"2e Peloton AT"
"ZBOGKSAJGM";"Recon Group"
"ZBSTXZPXCM";"9 komp. czołgów"
"ZBUZJOHMPG";"3-B-4 Para"
"ZBWXRLSSYO";"C-B-81st TFS"
"ZBYQHGHGHN";"4-A-59 Tkbat"
"ZCDAFVAGQD";"Troop HQ"
"ZCDTSWAKZP";"CEA-152e Infanterie"
"ZCEADAXQGW";"1-A-Las Navas"
"ZCFEOZLUJG";"2. Zug"
"ZCFFHUCHHP";"CEA-3e RCP"
"ZCJMIKJSQK";"4-11 Maresk"
"ZCLDTRIDAZ";"4-3-9e RCP"
"ZCNDDSWRTC";"HQ-1-1st Helo."
"ZCRZHLWMIZ";"1e Section"
"ZCSYKBKWGL";"2. Zug"
"ZCTXDSLFHO";"2-A-44 Painfbat"
"ZCTYKYETZK";"MG-Gruppe"
"ZCVRBJMAIL";"1-3-11e Cuirassiers"
"ZCZMKJTAXQ";"1-13 Paluabt"
"ZDFOSLRNRB";"HQ-(3-TerrB)"
"ZDHHCUUDHK";"3-A-8ste Sm."
"ZDHIFIOEAH";"1-4-302. Panzer"
"ZDIUJPEFHZ";"1-2-12e RA"
"ZDLKXXPTCI";"11-C-I,/PWORY"
"ZDMBPDBZHF";"2-1-14 pappanc"
"ZDUDFEQVUE";"1-A-Royal Hussars"
"ZDUUZLZGEF";"Führung"
"ZDWWVCVHCP";"1-A-43 Tkbat"
"ZDZVEAWJZO";"1-G-2-34th Armored"
"ZEBCUBUHQX";"1. Staffel"
"ZEEXXGCYDV";"2nd Company"
"ZEGIXMUEXU";"3-B-41 Tkbat"
"ZEKVCOYWSP";"1-3-3e Dragons"
"ZELFTMFLPX";"Stab-3-233. GebJäger"
"ZELMAMMVZT";"7eHLR-7e RHC"
"ZEMFSRIKZP";"1-2-35e Infanterie"
"ZEOPEMZBSJ";"HQ-B-Royal Yeo."
"ZERFGZNBDS";"1-ya Rota"
"ZETOIUEGJJ";"3-1-JG1"
"ZEUIAYALJQ";"HQ-(1-TerrB)"
"ZEVYMGVGVG";"1e Section"
"ZEWGKHLUUX";"4th Company"
"ZFALGORXAJ";"1-11Zap"
"ZFBDNOGKKL";"PCE-1-3e Chasseurs"
"ZFCRCDTVJA";"1-5-242. Panzer"
"ZFEDWNSBLC";"3. Kette"
"ZFEERODWCS";"4th Troop"
"ZFIPDPIXYJ";"HQ-BHELA I"
"ZFJNJFTTPM";"C Squadron"
"ZFJNTQNMTX";"1-A-103 GnBat"
"ZFKCPWVEMF";"2-1-3e Hussards"
"ZFLCNOFHUL";"3. Zug"
"ZFOFGDZLXC";"Recon Troop"
"ZFOKHUEWQO";"1. Zug"
"ZFPLYIECPG";"2-1-6e RPIMa"
"ZFWGNEJZQK";"4-2-5e Chasseurs"
"ZFXIFYUAHC";"1-2-108. Sicherungs"
"ZFYRTEYQKR";"2-AT-1-16th Mech. Inf."
"ZFYTCTCQTK";"4-3-170e Infanterie"
"ZFZEAFTCAX";"Führungsbatterie"
"ZFZJUNKHNE";"HQ-F-2-16th Mech. Inf."
"ZGDXQKEZYW";"Stab-2-242. Panzer"
"ZGEYBZZWQO";"3-2-4e Cuirassiers"
"ZGFRQDNYOP";"HQ-654 Sq. AAC"
"ZGIYFPNGUV";"HQ-S-4-16th Mech. Inf."
"ZGIZTQPYLW";"ECS-1er RCP"
"ZGJYTBROXB";"1-D-5RDG"
"ZGKQHSDOVW";"2-2-4e Cuirassiers"
"ZGQHSGFGAK";"1. Kie"
"ZGRPSJSCHI";"2nd Platoon"
"ZGUXGVONGN";"2-4-101. Panzer"
"ZGWFRPPUNL";"HQ-Ajax-2RTR"
"ZGWPIPXFGA";"2-52 Pagncie"
"ZHAZHSMZDL";"2-2-35e RAP"
"ZHBBLXAJRH";"2-D-9th/12thQDG"
"ZHBUUHVWRU";"2-421TFSTFS"
"ZHDVOHHDWZ";"1st Troop"
"ZHLFOOTUUI";"10-G-I,/51st Highland Vol."
"ZHMQTPRSHJ";"Aufkl.-Gruppe"
"ZHOGWPNGEX";"2-2-561. Panzer"
"ZHORGPGQRD";"2-51 Paluabt"
"ZHQZKKXUPL";"HQ-C-5 Hvy. Rgt. RA."
"ZHSRTLKENU";"3-1-5e Cuirassiers"
"ZHTCDUNXKI";"2-1-8e Hussards"
"ZHTDNNQGNA";"Sicherungs-Zug 4321/0"
"ZHYQJBAPLG";"1-B-1st Engineers"
"ZHZZNWFBXR";"3. Zug"
"ZIAEMZRLDN";"Company HQ"
"ZICAIINSIP";"3-C-41 Painfbat"
"ZIJENGORRH";"1-C-1RTR"
"ZIMLDYYQRC";"HQ-2-16th Mech. Inf."
"ZIOFXQEHKO";"HQ-C-1-1st Helo."
"ZISMTAUYGO";"AA Group"
"ZJBBPYBMQE";"4-B-3-PPCLI"
"ZJIEGSOPQT";"Aufk.-Gruppe"
"ZJMMYJOIXW";"HQ-B-1-R22R"
"ZJNJXBWOFE";"HQ-U-4-16th Mech. Inf."
"ZJOHOYJQAW";"3-2-114e Infanterie"
"ZJPNZWXINF";"2-4-1er Spahis"
"ZJTFBANWUR";"2nd Platoon"
"ZJWFFZFHFX";"HQ-E-V,/RGJ"
"ZKAYNCBSJT";"1-3-JG2"
"ZKBBDSQNID";"1-(3-TerrD)"
"ZKCAGXBQPZ";"HQ-Las Navas"
"ZKDHULZYEF";"Mort-Wpn-1-PPCLI"
"ZKEIOYVHAF";"HQ-A-I,/Green Howards"
"ZKQBZRBRCS";"3-2-730-y APIB"
"ZKRJWJSXEA";"2. Batterie"
"ZKSCVXHCNK";"Platoon HQ"
"ZKUTLAXFSA";"H Squadron"
"ZLFOMBQFOT";"2-42 Paluabt"
"ZLHNSAVEFE";"ATGWA-9th/12thQDG"
"ZLJKOLCYHT";"Air Defence Group"
"ZLOKCRRZJJ";"Recon-B-I,/RAR"
"ZLVNQMNEMJ";"2-2-114e Infanterie"
"ZLVUKSUJIZ";"N Squadron"
"ZLYJLWBQSB";"1-A-II,/Queen's Rgt."
"ZLZYQWGIYE";"Stab-2-241. Panzer"
"ZMAZTPOEFO";"PCE-2-1er Dragons"
"ZMBSTJIBRQ";"2 pluton czolgow"
"ZMCIIEBJHT";"2-D-Las Navas"
"ZMHBKDYYFS";"HQ-32 Air Def. Bty."
"ZMJGADVLDA";"2-4-3e Hussards"
"ZMQLNMBMPO";"PCE-1ère EED"
"ZMQQBWAIGR";"3e Section"
"ZMRFOCOTZM";"Section de Mortiers"
"ZMUVFADLCG";"1-B-43 Tkbat"
"ZMVSTMEGVL";"1-202 Maresk"
"ZMXOYIRLEQ";"Protec-2-1er Cuirassiers"
"ZMYFQIAKFH";"Panzer_Gruppe"
"ZMYKETJHTH";"1-D-V,/RGJ"
"ZNARBJSVVH";"4-2-9e RCP"
"ZNGYROGIYZ";"3-AT-5-16th Mech. Inf."
"ZNHHBOFQHA";"3-B-I,/KORB"
"ZNNDWWUEPJ";"Det.-11 Paatcie"
"ZNORHISLHP";"Groupe AA"
"ZNORMDRTFA";"Kom. Rota"
"ZNPFSZAWHB";"2nd Platoon"
"ZNQSYGCNCF";"ECS-1er Dragons"
"ZNVHOYQWUH";"2-A-II,/Queen's Rgt."
"ZNWLRMMQFB";"Führung"
"ZNWYGMCPVU";"Company HQ"
"ZNXBJWDPUD";"Stab-B-16. HFR"
"ZODGEUIKAG";"3-3-291. Panzer"
"ZOFZDUIBED";"CCAS-3e RCP"
"ZOPECAYALU";"1. Batterie"
"ZORNWIXAGC";"2. Zug"
"ZORUADWWOZ";"2-2-232. GebJäger"
"ZOSKTCBGRJ";"1. Batterie"
"ZOXNFWDSFN";"3-B-54 Tkbat"
"ZOYYJBZWLG";"1. Batterie"
"ZOZPBJKNJF";"3-3-3e Infanterie"
"ZPBECSYDSU";"3-2-773-y IAP"
"ZPDKKJSIQH";"BCS-2-75e RA"
"ZPJFRWOJHU";"Batterie PC"
"ZPKOOQEPAN";"6-B-I,/Staffordshire"
"ZPMXADKLEQ";"Führung"
"ZPWCQWQGNS";"BCS-4-53e RA"
"ZPWRULONDK";"AT-Wpn-3-R22R"
"ZPYQLYHHQW";"HQ-AT-4-16th Mech. Inf."
"ZQBFSQJWCF";"1-C-5-RALC"
"ZQBOPYAWDA";"2-D-1RTR"
"ZQBTFZLBHC";"3-3-99e Infanterie"
"ZQCAHQRKUM";"1-3-8. Geb.Pionier"
"ZQDNSCNEAI";"Führung"
"ZQFXOKGZSI";"1-A-15 Para"
"ZQJEXFGKTJ";"4-2-1er RCP"
"ZQKIELXHXD";"2-3-8. Geb.Pionier"
"ZQLNVZSSPT";"1. Batterie"
"ZQMGBQVAPT";"2-3-295. Artillerie"
"ZQRJLWKMRH";"GrWfr.-Gruppe"
"ZRHWSSGXFO";"2-7e EED"
"ZRIQCYDBGY";"Troop HQ"
"ZRPRWDHYYJ";"3. Zug"
"ZRRKMQGNSN";"4-1-16e Chasseurs"
"ZRTMECMVXB";"2-23-103 Field Rgt. RA."
"ZSAFDHYHBH";"1-2-242. Panzer"
"ZSDJCMVTPO";"3-2-101. Artillerie"
"ZSETSWGKJX";"HQ-11 GACA"
"ZSGPISJRTV";"6-B-I,/RIR"
"ZSINDFYQMF";"Stab-4-284. Panzer"
"ZSIUMQKXVT";"Field Eng. Group"
"ZSJKWHKXKB";"2-A-QOH"
"ZSMMBDDAFH";"3 pluton saperów"
"ZSMOOJWCGQ";"3-C-9th/12thQDG"
"ZSNKJZRWLI";"2-4-68e RA"
"ZSPCYNRACK";"1-1-5e Cuirassiers"
"ZSQCTNDVLL";"Wallmeistertrupp 471/1"
"ZSROPTJRAV";"Stab-3-231. Panzer"
"ZSUAFJNTDB";"PALR-Gruppe"
"ZSWDGJMEAG";"2-3-368-y OShAP"
"ZSWFPXWHYU";"2-3-223. Panzer"
"ZSYCKLVHGO";"3-A-49 Tkbat"
"ZTAELAACYM";"C-2-480th TFS"
"ZTHNAQCVPX";"2e Section"
"ZTKDKFHRBL";"3-A-11 Painfbat"
"ZTKJJHTKNQ";"3-3-564. Panzer"
"ZTPBUGJUXO";"Feldjäger-Zug"
"ZTPVPPBRAF";"Führung"
"ZTSEUMBNZG";"Détachement du Train"
"ZTWNHGUZKT";"3-B-4/7RDG"
"ZTZGGTMCLR";"1-1-33-y IAP"
"ZUEDJIBUNA";"2-3-281. Panzer"
"ZUEQWYDJKI";"1st Troop"
"ZUKKKJCKZB";"ECS-11e Cuirassiers"
"ZUMQDHTMRV";"2-C-125 Afdltlua"
"ZUMUJYDOTJ";"Protec-1-4e Cuirassiers"
"ZUTZGENVJW";"1-3-20e RA"
"ZUWWZNGTYK";"3-B-5RDG"
"ZVCHOCPPHY";"3-1-JG9"
"ZVDNVTVJWN";"1-C-59 Tkbat"
"ZVEJUKPVYG";"2-39 Field Sq. RE"
"ZVJBWRNDYT";"2-2-101. Panzer"
"ZVPFQUNGRO";"3-4-101. Panzer"
"ZVPOHGCOAL";"Batterie PC"
"ZVQGMYWPBT";"BCS-60e Artillerie"
"ZVREGEYCYM";"PCE-2-6e Dragons"
"ZVUMMRPFAC";"15-D-V,/TLI"
"ZVZYXLXCYM";"3-2-1er RCP"
"ZWCBPASVSY";"3-4-35e Infanterie"
"ZWDCLUBDDM";"3rd Troop"
"ZWFBOSKNBG";"HQ-J-2-16th Mech. Inf."
"ZWGSOXTVBA";"1e Pel"
"ZWGVANVUQI";"HQ-659 Sq. AAC"
"ZWMBOCWNXY";"2-H-2-5th Field Art."
"ZWNLYZCWYJ";"2. Zug"
"ZWOZHKHFKN";"HQ-4-V,/RAR"
"ZWPSIICFJA";"3e Section"
"ZWXWWDZWCU";"1-3-68e RA"
"ZXCONYHEIZ";"2. Zug"
"ZXDUIMWFYW";"AC-2-16e Chasseurs"
"ZXEPGPRICI";"3-3-GBLA I/14"
"ZXGHSAZKHD";"Wallmeistertrupp 441/7"
"ZXKJUQUMGV";"HQ-D-15/19RKH"
"ZXMFCYCEFS";"3-C-16 Painfbat"
"ZXTHGUOKLU";"4th Troop"
"ZXTYQDDZVZ";"2-11Zap"
"ZXWSDQGMSQ";"Section AA"
"ZXXKWONMAZ";"Troop HQ"
"ZXYEGUMZBP";"3. Zug"
"ZXYQURCXII";"1-4-104. Panzer"
"ZXZCFWMRIT";"2-C-BHELA I"
"ZYCGLNBNEE";"3. Zug"
"ZYCQEWCJTR";"1-4-282. Panzer"
"ZYDSFMALIV";"2-730. Mörser-Kie"
"ZYERAYKUOQ";"2-B-1RCHA"
"ZYFSKYZWFX";"3-A-I,/PWORY"
"ZYHYUIQCPT";"Troop HQ"
"ZYMVALJHSC";"2-4-113. Panzer"
"ZYOWLTSCEP";"1-A-48 Painfbat"
"ZYPJTLXAFF";"Recon Group"
"ZYQLBIOKPK";"1-4-103. Panzer"
"ZYQQMYECCU";"HQ-V-I,/51st Highland Vol."
"ZYQSWQMBCL";"Führung"
"ZYTDOXGFQQ";"HQ-C-III,/RAR"
"ZYVXTOQOMC";"11-G-I,/51st Highland Vol."
"ZYWKPCSYOA";"2. Zug"
"ZYYMJFVARZ";"2-3-304. Panzer"
"ZZBZKGJRZC";"BCS-4-12e RA"
"ZZCRANXDEA";"Peloton AA"
"ZZCZEXDIBV";"3-3-42e Infanterie"
"ZZFSUGVTLO";"3-A-43 Tkbat"
"ZZHZCSLOMC";"3-3-24e Chasseurs"
"ZZLLKSMUGY";"PCE-3-6e Dragons"
"ZZNWHJPILX";"2-3-4. Aufk. Bat."
"ZZPOGILFBA";"Stab-2-225. Artillerie"
"ZZYDDIAICE";"Aufk.-Gruppe"
