"TOKEN";"REFTEXT"
"105mmHEAT";"105mm HEAT"
"11mm45ACP";"11,43mm"
"120mmHEAT";"120mm HEAT"
"12_7mm";"12,7mm"
"136mm";"136mm"
"136mmHEAT";"136mm HEAT"
"155mm";"155mm"
"160mm";"160mm"
"220mm";"220mm"
"25mm";"25mm"
"330kg";"330kg"
"35mm";"35mm"
"375kg";"375kg"
"450kg";"450kg"
"454kg";"454kg"
"58mmHEAT";"58mm HEAT"
"64mmHEAT";"64mm HEAT"
"67mmHEAT";"67mm HEAT"
"68mmHEAT";"68mm HEAT"
"70mmHEAT";"70mm HEAT"
"80mmHEAT";"80mm HEAT"
"84mmHEAT";"84mm HEAT"
"85mmHEAT";"85mm HEAT"
"89mmHEAT";"89mm HEAT"
"93mmHEAT";"93mm HEAT"
"AAA";"87mm"
"AAAQTWFGNM";"L44"
"AACWSMBPQV";"SeaCat"
"AAIUHEQSKB";"M548A2 SUPPLY"
"AAJWCTDKBZ";"11 Dywizja Pancerna"
"AALVGAILXQ";"SARH"
"AAM";"AAM"
"AAPDCBSJTJ";"MG-42/59"
"AAUUXHQSWV";"EE-11 URUTU"
"ABADWHZSCK";"2-95-y Gv. Tank. Polk"
"ABBNPXUAHZ";"Kom./12-ya Gv. Tank. Div."
"ABDMLZXLBS";"CH-53G MUN."
"ABESDAGQJQ";"N.G. M901 ITV"
"ABFHGHQSQY";"Electro-Optical Dazzler inflicts a penalty of 10% ECM on all guided missiles targeting the host ground unit."
"ABFHMYOIRT";"3-4. MSP"
"ABHXWSSYYG";"CENTURION Mk.5 AVRE ROMOR"
"ABHXXGGQAH";"FK20-2 20mm"
"ABJNJWUXBR";"1-55 pz"
"ABPPKWWFIM";"GVARDEITSY (Metis)"
"ABQKCQLERY";"79-YA GV. TANK. DIV."
"ABSBQCYNRM";"III./PR-11"
"ABVHMMYNTR";"Mortier 60mm"
"ABVQQMXMNT";"17-YA GV. TD OFFICIAL BATTLEGROUP"
"ABXEWWLNON";"PARA. SULTAN"
"ABXZZKEOVW";"M270 MLRS [HE]"
"ABZJZFFCLY";"CETME 306"
"ABZVLZDSML";"LIGHT RIFLES (RCL)"
"ABZZRTXXNU";"Spetz. Otd. Vertoletniy Polk"
"ACAOGGXXIM";"I./PR-11"
"ACAWDQDZZX";"4 pdes"
"ACCLMCNNMU";"2ste Wing"
"ACCWHHPRFW";"M41"
"ACDTKEFKEU";"1. LUFTLANDE-DIVISION"
"ACEANSDDRU";"2-68-y Gv. MSP"
"ACFBRAIIYM";"MOT. RIFLES"
"ACFMDGCSNP";"20-y Otd. Tank. Bat."
"ACFVABOODA";"BM-27 URAGAN"
"ACOKFUBEAA";"Gunship Plane"
"ACPUWIUFYN";"RAZV. T-64B1"
"ACWGOCTCQU";"3-11th Arm. Cavalry Rgt."
"ADBKNTNLBV";"LAW 80"
"ADDJEPCHQB";"M1A1"
"ADDWFTZCMH";"HSS.820"
"ADEDGBNKSU";"931-y ORAP"
"ADJOTWFDWT";"9M14P Malyutka-P"
"ADKSIEEMKY";"Carl Gustav M2"
"ADLBSHWBFM";"47 Painfbat"
"ADNABMLKBC";"FlaRak-Oerlikon (HE)"
"ADNYMLAFDK";"#US 1st Brigade"
"ADOTINBXUQ";"LIGHT RIFLES (LAW)"
"ADRUAFUAHP";"TOW 2"
"ADSOUOHZPQ";"3-PPCLI"
"ADXCMYZPGH";"BRDM-2 KONKURS"
"AEBIUFAKTA";"M3 ETAS"
"AECLNSXSKA";"Panzer-Bat. 224"
"AEGBBLTKWZ";"AH-1F ATAS"
"AEHIQWSITF";"Mi-24P [AT3]"
"AEINBNGLTE";"152E DIVISION D'INFANTERIE"
"AEOMLGDIKV";"HOCHGEBIRGSJÄGER"
"AEOPMJPYFC";"A wz. 1931/37/85 122mm"
"AEPGKDLZEJ";"T-72AK"
"AEPNPFBPRX";"MARECHAUSSEE"
"AESKREQCRA";"CMDT MARSOUINS"
"AEVGTOAMCA";"UH-1H CO"
"AEXZKCFCSZ";"Barret M82"
"AFAAMDFYAP";"#DDR 8. Panzer-Rgt."
"AFDRIJUSCW";"Kh-58U"
"AFEMZNLWIT";"TANK GUN"
"AFEOBWUAJG";"1-239-y Gv. Tank. Polk"
"AFIOFRYZGO";"TOA-LAG"
"AFJCOTRQIO";"M60"
"AFJDSIVAHJ";"Multiple Rocket Launcher"
"AFJHHKUTVV";"S-61A"
"AFJRXKGQLD";"2A17"
"AFJWXFWHID";"16-ya Gv. IAD"
"AFKFHFCXWT";"35-y IAP"
"AFLMSJGIWC";"3-247-y Gv. MSP"
"AFMGUIIEAD";"Generální štáb ČSLA"
"AFPUXFVNKD";"152mm"
"AFRCYNDJOA";"M1IP ABRAMS CP"
"AFRKTAGWYH";"2-MSR. 9"
"AFSKFYGENE";"25-YA TANK. DIV."
"AFUPSCGVHW";"Infrared"
"AFUXVYLQGF";"M72A3 LAW"
"AFXTUKTMCP";"1-PR-8"
"AFYWPQUBSY";"D-10T2S"
"AFZWMSBFVX";"N.G. M2 BRADLEY IFV"
"AGBQFAGBHU";"Luftwaffe"
"AGEJLNESRU";"I,/Royal Green Jacket"
"AGGXQFNIHU";"M113A3 DRAGON"
"AGKQYWXTMU";"Mi-8MT [RKT 1]"
"AGM_air";"AIR-TO-GROUND MISSILE"
"AGOYWKHFDN";"PARA. ENGINEERS"
"AGQCKLSPTX";"AH-64A APACHE"
"AGUPJGPAJY";"FLA-MG ZPU-4"
"AGWQLEKBYS";"CM.170 MAGISTER"
"AHABEXABNX";"USAF SECURITY PATROL"
"AHDJQGBNVN";"AS.11"
"AHEXZYLYSQ";"Konkurs-M"
"AHJPOIPHBW";"50 pułk zmech."
"AHKSXTETYU";"CRV-7 FAT"
"AHMSXHUILV";"BMP-1P (Konkurs)"
"AHNTSVVWQQ";"#RFA  7. Artillerie-Regiment"
"AHNVRDFHNY";"NG Aviation Brigade"
"AHOANQGINT";"OH-58C CMD"
"AHRBWOLUIL";"1-30-y Gv. Tank. Polk"
"AHRDCEQTFS";"20-y otd. Razvedka Bat."
"AHUFFYISOA";"ASpide 1.A"
"AHVCVOILJF";"402 Rgt. d'Artillerie"
"AHWBWDIMAP";"MiG-23MLD [AA2]"
"AIGXQLTONK";"1 Field Rgt. RHA"
"AIGXXYSOTK";"USMC LAV-L"
"AIITRYYOBF";"7 BRYG. ART. ARMAT"
"AIKNEWCKVN";"Esc. de Chasse 2/3 Champagne"
"AILWOSUNPQ";"PUMA ORCHIDEE"
"AIMABJTUXN";"48-ya MSD"
"AIMXKTZUUE";"L4A4"
"AIWZAGRWYJ";"FlaRak-Bat. 35"
"AIZEQKRKMQ";"DSh. AFGANTSY"
"AJBSLWGETS";"SDRA 8"
"AJHTNBGUSH";"Su-7BKŁ [HE]"
"AJJMVVKDUM";"DSh. SAPERI KOM."
"AJKQDPWROU";"216. Protitankový Pluk"
"AJLQBJRPNP";"M3P"
"AJLYKXQOGW";"CN-105 F1"
"AJMCQNBLDE";"Geb.Sich.-Bat. 88"
"AJMHVBCZHE";"1-23 Baa"
"AJSCHOOPDI";"OA-10A"
"AJSWBANTOA";"11TH ARM. CAVALRY REGT."
"AJVJHHKJOS";"3-670-y Art. Polk"
"AJWXIFAQSE";"250kg"
"AJZGBZYDQL";"Recon units"
"AKARAWTEKC";"I./AR 11"
"AKGGHMYQRW";"A-7D CORSAIR II"
"AKHYWDOXPE";"4-3rd Field Artillery Rgt."
"AKJZFEFBDM";"94mm HEAT"
"AKMTGSYWRY";"#FR 1e Brigade"
"AKQDOCIEDU";"2-PR-8"
"AKQFFHAKKU";"AUVERLAND A3"
"AKQQRURYNR";"s.Jäger-Bat. 522"
"AKQVWDMUOM";"1-6-34-ya Artilleri. Div."
"AKSEXBWRFV";"TELEOKA"
"AKTGYZPMMN";"2-153-y Tank. Polk"
"AKWMCPTQAT";"#SOV 30-ya Gv. MSD"
"AKXPHVOVGV";"Mi-24P [AT1]"
"AKYYYWAHWV";"F-8P CRUSADER [AA2]"
"AKZHVRMBJU";"JÄGER (PzF)"
"ALARNSNHJW";"Bofors L/60"
"ALBKAPAUKL";"This unit is equipped for electronic warfare, specialized in detecting or jamming enemy electronic devices, radar or signals."
"ALGTOSSQJM";"M3 BRADLEY CFV"
"ALHPTMHHOD";"3 GGW"
"ALKFQZOOCZ";"II./MSR. 22"
"ALKPBXLQQU";"23mm"
"ALLLZKRAJP";"S-53"
"ALOZJLFFIW";"CN-105 L/57"
"ALPNUWBDCU";"M38A1C M40A1"
"ALPXELOHYX";"DESANT. MOR. IGLA"
"ALQOHGHFXP";"#FR 1ère Division Blindée"
"ALVEDFDRFQ";"MNAD"
"ALWAYIBMIS";"M1008 CUCV SUPPLY"
"ALWPCGMBSP";"JAGUAR 2"
"ALXZMLVUCG";"TU-143"
"ALZBLDVZPO";"GUARDS"
"ALZWVJWACC";"Faktoriya"
"AMASYORJLT";"25. MOT.-SCHÜTZEN-REGIMENT"
"AMAXUWWFSR";"M56 105mm"
"AMCKUQERYQ";"S-8KOM"
"AMGJNIXTWY";"3-57y GvMRD"
"AMHHORWQVK";"Jäger-Bat. 126"
"AMIROHSLAO";"AT GROUP"
"AMJTVUIMKK";"DANA"
"AMNVWRRRNO";"G3A3"
"AMQFXFYFWC";"KrAZ-260 (supply)"
"ANAOREKCJU";"MOR. RAZV. T-55AMD"
"ANIIELXLXU";"CLKA"
"ANIOMUAMCW";"MARINEPIONIER"
"ANLKTNVUHZ";"Panzer-Bat. 304"
"ANLVVDRSHL";"#RFA VBK 44"
"ANOCRSJMZP";"M110A2"
"ANPPTKTCFL";"üsMGSPz"
"ANRQMAYVUS";"W-3RR PROCJON"
"ANRXEKBTDA";"GR.-MG 30mm"
"ANXWOTDCFT";"#SOV 117-y Gv. MSP"
"AOBHAGRXZY";"EM-3e DB"
"AOBQXDQNAU";"#DDR  4. Panzer-Rgt."
"AOEDPQJPAX";"5. Stíhací Letecké Pluk"
"AOEHCYMAPL";"DAF YHZ-2300 VRACHT"
"AOGFTLIBWR";"322. Kanónová Dělostř. Brigáda"
"AOGIWTGQOU";"PALR MILAN 1"
"AOKOIQFIOW";"896-y Zen. Art. Polk"
"AORQXDFYXN";"AVL-100"
"AOSEDOIQMG";"1ste Karabiniers-W."
"APBQJLNXZR";"1 gb 51 pz"
"APBSJPZCMZ";"AMX-10 RC SPAHIS"
"APC";"Armored Personnel Carrier"
"APCPSZEYBI";"2-47. DP"
"APDSZLWQLY";"2-1. TP"
"APNHOFRVSA";"VELITEL POHRANIČNÍKŮ"
"APOBVKZTNZ";"ZPU-4"
"APOTDIOQJK";"10 pułk zmech."
"APSOULRRPI";"LRS"
"APULYVEFXM";"WESSEX HC.2"
"APWHVTICZW";"42nd Field Art. Group"
"APYBNNJIAC";"#RFA PzGrenadier-Brigade 11"
"APYUTPTBWE";"ALOUETTE III"
"AQCDISWEEA";"4de Pantserinfanteriebrigade"
"AQDLNLWTIW";"M119 105mm"
"AQGIKGLSPI";"AIRMOBILE SCOUTS"
"AQGIYBPDWI";"UNIMOG S404"
"AQLYVYIHLV";"3-MSR. 28"
"AQMSRANMEO";"3-26-y Tank. Polk"
"AQNOHCKCBQ";"TORNADO IDS [MW1]"
"AQQDJDWSHM";"4-Air Defence Rgt."
"AQSUDZPOIE";"409TFS"
"AQUDTEDJGF";"17-y otd. Gv. Razvedka Bat."
"ARAAVINTVS";"USMC AERO-RIFLEMEN"
"ARDAQLIWOF";"2A72"
"ARDXKSHFIO";"AIRLIFT units can be transported by helicopters featuring the AIRLIFTER trait."
"AREQSWFXOZ";"3-MSR. 2"
"ARGPWMWYIP";"RCA Farnesio"
"ARUWMRHZOS";"Mi-2URP"
"ARYVBFPHLZ";"HR.15"
"ARZDNMYCBF";"7,62mm"
"ARZXNCXWES";"AERO-RIFLES"
"ARZYZEUPHM";"#RFA  2. Panzer-Brigade"
"ASCLPQWUCF";"T-80BK"
"ASCTTIHICG";"Jäger-Bat. 351"
"ASGSZQMRWI";"HSS.804 x3"
"ASIXEZZPUC";"PzArt.-Lehr-Bat. 95"
"ASLYRKTTFT";"Type 63"
"ASNXDABRRI";"#CZ 15. Tankový Pluk"
"ASNXXHWTZY";"M72A3 LAW"
"ASTRZUIEKM";"4-14th Field Artillery Rgt."
"ASVSZZFSXM";"421TFS"
"ASXUVXPHEC";"1-221-y otd. Tank. Polk"
"ASYDABDYLS";"MILAN 1"
"ASYIJSXBNR";"M68A1"
"ASZEECLHWI";"#CZ 6. Motostřelecký Pluk"
"ATBGTTBOOP";"PKM 7,62mm"
"ATIJODDPQO";"PUMA PC"
"ATNHPRZBUA";"8. MOT.-SCHÜTZEN-DIVISION"
"ATOBOXCCCA";"USMC M60A1"
"ATRSJNNSTW";"3-1. TP"
"ATRWRPYAAX";"2-17. TP"
"ATVCNDPGYW";"M113 TUA"
"ATVFFBXGHR";"3-37 pa"
"ATWUBYUYAD";"HS 3-14 HA CH (supply)"
"ATZWDQSGLU";"9 ACC"
"AUAGASKMME";"L1A1 SLR"
"AUBZYRMSFQ";"RAF Wildenrath"
"AUHZNAMAIM";"28-y Korpus"
"AULMUXAGJS";"1er Cuirassiers"
"AULZGZNGFS";"ENGINEERS (FLASH)"
"AUNIBWUORN";"N.G. AH-1E Cobra"
"AURNOXUABU";"GAMA GOAT"
"AUWTEZSSWQ";"T-55AM2"
"AUXDJZLFZH";"MOTOSTRELKI (Metis)"
"AUZQMXVNXD";"1-JaboG 34"
"AUZXMJPIPI";"VBK 43"
"AVADEJZTGN";"Bofors L/70+"
"AVBROAADIC";"MiG-29 9.13"
"AVECFAUIAO";"3-33-y Tank. Polk"
"AVMYDCHIWT";"3-36 pz"
"AVNLSBUWRA";"MiG-21MF [AA]"
"AVOOYYZYCC";"The Queen's Own Hussars"
"AVQFEIEAFN";"PEGASO 3046 GAI BO1"
"AVVKXFJGYJ";"4-7th Cavalry Sq."
"AVWSBJWOHY";"SPW-50PK"
"AVXRSEIXOD";"Esc. de Chasse 3/2 Alsace"
"AVZSKMSVJJ";"CERBERE 76T2 20mm CPA"
"AWAHZETGFU";"HSS.630"
"AWBIYRISUB";"Ataka"
"AWDHJZIYNZ";"FUSILIER (RL-83)"
"AWEGMAKKKK";"3-MSR. 34"
"AWFBZXLLBJ";"Mig-23ML [UPK]"
"AWINESUMIZ";"82ND AIRBORNE DIVISION"
"AWIWEKVAIJ";"Napalmbombe 200"
"AWOBLGGOGY";"DPM"
"AWOIUKAHLW";"Fliegerhorstgruppen"
"AWPMDFADLP";" ROZP. BWP-1 "
"AWQBHAVGCB";"350ste Smaldeel"
"AWQFXCMCUG";"M50/63"
"AWQRWPHHGJ";"40L70 BOFI-L"
"AWUUHSJIKQ";"#US  1st Brigade"
"AWWVIEIQKI";"BEDFORD TM SUPPLY"
"AWXLXVTEED";"MARINES M2HB 12,7mm M63"
"AWZLLXFHCI";"#BEL 9ste Wing"
"AXAIYZVLZL";"3M9M1"
"AXCMIJPHEH";"2S1 GOŹDZIK"
"AXGXNKCDFQ";"C6"
"AXJSSNYKIL";"Token inexistant KRMQACEQWU dans SERIOUS_Localisation_Unites"
"AXJVOHLXHJ";"1-47-y Gv. Tank. Polk"
"AXKUOHLDNS";"91-y Inzhenerno-Sapornyy Polk"
"AXKVXWZJCS";"2-15. TP"
"AXMFNDZZYM";"SICHERUNGS"
"AXNMBLVBYK";"AIM-9L"
"AXUCEPYFGX";"Mi-8PPA"
"AXWQXMNMYQ";"RAPIER FSB1"
"AXXAJYRSJC";"SPz BMP-2"
"AXXOOHWQNG";"SEA KING Mk.48"
"AYBGFCLHKR";"Panzer-Lehr-Bat. 94"
"AYFYMMOJWL";"PARA. M2HB 12,7mm"
"AYHDTFWXIG";"This vehicle is designed to tow heavy equipment, such as artillery, on the battlefield.  Prime movers range from jeeps and heavy trucks to dedicated artillery tractors."
"AYIXPSLCJI";"MiG-21bis [AA2]"
"AYJONPOBIT";"Air Combat Value"
"AYQBZBOJLZ";"StG 942"
"AYQCTBAHER";"GENDARMES"
"AYRHDRPHGK";"HSF"
"AYRQRMNAWN";"2-170-y Gv. MSP"
"AYRYJXRJAN";"Jäger-Bat. 731"
"AYSGUOHVLF";"MIRAGE F1 CT [LGB]"
"AYSVVGTMSJ";"D-30"
"AYVUFSWQPV";"3-27 pz"
"AYVZNNKUNS";"Fagot"
"AYWOZJLILB";"4-322. KDBr"
"AYYEXEKALK";"AMX-30EM2 MANDO"
"AYYFCURSKV";"3-6. MSP"
"AYYOIYKCVF";"kbk AKM"
"AZCAYKEDIE";"ZSU-57-2"
"AZHTLMUIBE";"#RFA  9. Panzer-Lehr-brigade"
"AZHWZCSBGK";"UAZ-469 KPV"
"AZLEVXCNHI";"Gr.Wfr. 2S12 120mm"
"AZMSQPHHAN";"Jäger-Bat. 641"
"AZMYQYGHBG";"2-6. DP"
"AZOQDXWRJB";"DESANT. PLAMYA 30mm"
"AZOUWBUTKS";"S-24"
"AZPGHXQUQG";"773-y IAP"
"AZSMLZYRTG";"41 Painfbat"
"AZUUMDKVLC";"MT-12 Rapira 100mm"
"AZZCODQNFN";"20. MOT.-SCHÜTZEN-DIVISION"
"AZZUSLJWXI";"#US  3rd Infantry Div."
"Attacker";"BREAKTHROUGH - ATTACKER"
"B2";"PANZER B2(f)"
"BABJKBKYAG";"368-Y OCHAP"
"BABQINDBVH";"11. PLRP"
"BACEHWIRLX";"#US  72nd Field Artillery Brig."
"BAHLYMAFMD";"2ND ARM. CAVALRY REGT."
"BAOKCCLVWA";"L65/120"
"BAPEFRPLHH";"7e Blindee (Ally)"
"BARXEWGQRV";"GRENZER"
"BASZNBWSHJ";"L7A2"
"BAUAWSBGFV";"3-104. MSP"
"BAUDRTEJYI";"L7"
"BAWVOQSEFQ";"1-241-y Gv. MSP"
"BBAZGMOIJX";"#RFA  33. Panzer-Brigade"
"BBDDKKWNZB";"MOR. RAZVEDKA"
"BBESQIKHRT";"Escadre de Chasse 11"
"BBGZELWXDV";"Konkurs"
"BBHCKHRGFA";"MiG-23ML [AA2]"
"BBJUOPUDJW";"T-55AM"
"BBKBNBVBOL";"M2HB 12,7mm M63"
"BBQBDWUTJX";"MEDIUM MACHINE GUN"
"BBSAOYFJLI";"M43"
"BBYWJZBZJU";"2-70th Armored Bat."
"BBZGBCCNXQ";"LEOPARD 1A1A1"
"BCDKHVLUEI";"HQ-4th Armoured Div."
"BCECFLAJVP";"5. PLRP"
"BCEIRFSQBG";"PzArt.-Bat. 215"
"BCFSIRPXKP";"AIM-9L"
"BCHKCBMUMD";"14de Linie"
"BCIWIRCVLN";"LFP-54"
"BCJTMYGGCG";"VAB RASIT"
"BCKEMQPEEW";"S-8KOM"
"BCMOGMTUQN";"PSZH-F"
"BCMSMQVLPE";"FlaRak-Gruppe 43"
"BCOBGWUHGN";"Flugabwehr-Rgt. 200"
"BCQRVVEIBP";"Panzer-Bat. 24"
"BCSLBVNXON";"#RFA  32. Panzergrenadier-Brigade"
"BDBGCFEBCF";"#FR 11e Div. Parachutiste"
"BDECROSEDP";"8de Lansiers"
"BDEUDZTJCA";"T-72M-E2  INSTRUKT."
"BDHNCQBQOV";"N.G. M151A2 I-TOW"
"BDPDEDLPVU";"M-63 PLAMEN"
"BDUATMPNTH";"Kom./15-ya Gv. Tank. Div."
"BDUSIIVBJY";"MARINEPIONIER FÜH."
"BDUYPJLETE";"MT-LB STRELA-10M3"
"BDYMMVNDPQ";"1-8. TP"
"BDZHXVNXCH";"#BEL  COMRECCE"
"BEEDFVXRGO";"PRÁM-S"
"BEGLGQZKJN";"308th Cannon Art. Brig."
"BEGNJMRWDP";"S-60"
"BEGVNHDVYI";"3-64th Armored Bat."
"BEHVOMXOYJ";"#SOV 115-y otd. Tank. Polk"
"BEHVOTONRS";"ACM-52"
"BEKNBGQZUF";"M44A1"
"BELRVEDPKT";"STINGER MARINER"
"BEMTBGTJZR";"AH-64A APACHE [ATGM]"
"BEOPGTESSZ";"Pz.Gren.-Bat. 101"
"BEPTJMRWLH";"PzGrenadier-Bat. 51"
"BERDTBHNZD";"1-58th Mech. Infantry Bat."
"BERHQPQPHU";"This unit is equipped with radio direction-finding systems. Enemy radio signals are intercepted and used to triangulate the approximate position of the enemy unit.  "
"BETVYSVOTB";"3-24 Bm"
"BEUPSEPVHJ";"2-77th Field Artillery Rgt."
"BEWQHTIUUV";"4-7 Bah"
"BFAXTEPGBB";"Panzer-Bat. 354"
"BFCFNEMWNZ";"Dépôt de munition"
"BFCNXFWRBY";"M-240"
"BFGEBPUKMF";"STARSTREAK LML"
"BFGJWMXMMO";"M115"
"BFGQYFOYCG";"DESANT. 2B9 VASILEK"
"BFHCIUHWQJ";"12. PANZERDIVISION"
"BFIIQLYFYH";"II./MSR. 16"
"BFIYGCIITO";"303-ya Gv. Artilleri. Brigada (-)"
"BFJEKTSVNL";"Panzer-Bat. 324"
"BFJQSFCDMQ";"Kom. 8-y Gv. Armii"
"BFMMTTTZXB";"RAF Laarbruch"
"BFMTKMUMTD";"27-GV.MTSK. OFFICIAL BATTLEGROUP"
"BFQPKKNMLG";"EM-12e DBL"
"BFQQJSXJWJ";"2-MSR. 32"
"BFWAYRHQNE";"OKHRANA"
"BFWRDYPXZS";"9e RAMa"
"BGANMGCHQZ";"PMZ"
"BGGNUOZIAN";"T-55AM MERIDA"
"BGHQMTCHZK";"OT-64C"
"BGIPDWUZNN";"336-YA O.G. BRIGADA MORSKOY PEKHOTY"
"BGJCUOPZQO";"VÝS. PTŘS FAGOT"
"BGKHTMZYRF";"Anti-Aircraft (AA) guns are designed to take out low-flying airborne targets. They are frequently emplaced in dual or even quadruple quick-traversing mounts with high rates of fire and elevation. Older models might lack guidance systems, limiting their use, while more advanced systems feature rangefinders, targeting computers and radar."
"BGKQWCFSDP";"130TH ENGINEER BRIGADE"
"BGKUESYGBX";"T-64BK"
"BGPZGJBSGN";"PaK K-52 85mm"
"BGSZOTEXKH";"19. MOTOSTRELECKE DIVIZE TEST"
"BGTDNRYIPH";"81st Tac. Fighter Sq."
"BGWEKLGCXX";"Type 60"
"BGWSAINBLP";"8th Canadian Hussars"
"BGYAZJVSTQ";"SD-100"
"BGYRIZVYJI";"GAZ-66 SNAB."
"BGZSZWUZOT";"OTDELENIE PODDERZHKI"
"BHALIAPYVX";"Type 60"
"BHEMODXOTX";"CENTURION Mk.5/1"
"BHGYSMJWHV";"1V119 REOSTAT"
"BHHDFFEOQK";"MIRAGE 2000C RDI"
"BHLOEJKNIW";"525th Tac. Fighter Sq."
"BHMSCBDQDA";"No. 17/31 Squadron"
"BHTPTWDFFG";"1-585-y Art. Polk"
"BHZJSYQRLF";"#up{AVERAGE}"
"BIDXNJSGPX";"Feldjäger-Bat. 742"
"BIEGGDXKZZ";"1-14. TP"
"BIHXAJRCJA";"TERRITORIALKOMMANDO SÜD"
"BINHREGTEN";"#CZ 104. Motostřelecký Pluk"
"BIQPQQKFVM";"1-96-y Art. Polk"
"BITCOFMASC";"#US  2nd Brigade"
"BITJAEVRZC";"VOPOS"
"BIUCNXPARH";"DRUZYNA PPANC."
"BIWUYYMXDT";"1-375-y Tank. Polk"
"BJADEMCCJI";"RAZVEDKA"
"BJAYTQSHTD";"454kg"
"BJBBCSKWUS";"Mi-2RO "
"BJDEVDCPXN";"FA-15"
"BJDUIBCFVY";"7 (Para) Rgt. RHA"
"BJDXYYKNIU";"NSVT x2"
"BJERYCGQQU";"RAZV. BMP-2D"
"BJLCHNUSPY";"3-75. ThdBr"
"BJNZNMAZSM";"VAB RASIT LEGION"
"BJPRTYYUXG";"II./PR-4"
"BJPWFGVBEE";"AMX-30 B CMDT"
"BJRIBMGVIX";"3-239-y Gv. Tank. Polk"
"BJZOKPPSDW";"Su-17M4 [AT2]"
"BKBCLGAHJM";"23-y Gv. Otd. Tank. Bat."
"BKHNVVNQZH";"HQ-CENTAG"
"BKHOHZDYEP";"GEB. AUFKLÄRER"
"BKKBGGBUOP";"M134 Minigun x2"
"BKKEFZZJUL";"Su-25 [NPLM]"
"BKNTRGJEBT";"BRDM-2 MALUTKA-P"
"BKOLBMRIQL";"MiG-29A [AA1]"
"BKPYRQQIFW";"BMR C/C MILAN"
"BKQFEPTBLZ";"1ST CAN. DIV. OFFICIAL BATTLEGROUP"
"BKUCRAESPS";"Mi-24D [AT]"
"BKXHTQNNHX";"A-10A [HE]"
"BKZPJZFOKN";"2-322-y MSP"
"BLDBZMRWCI";"III./MSR. 42"
"BLHYCOFGDO";"M1 MOD"
"BLQSXRTGGF";" RT PRŮZKUMNÍCI"
"BLRMETPYPX";"6-y otd. Razvedka Bat."
"BLSURILPLC";"2S7M MALKA"
"BLTCCHOZOP";"M2HB 12,7mm"
"BLXZGUSGHQ";"7,62mm"
"BMELJKMRKB";"#RFA Geb.Artillerie-Rgt. 8"
"BMFMIPVPUJ";"SFL-H 2S1 122mm"
"BMGCJEXULQ";"1er RHC"
"BMIDZYRXLW";"MOR. OTDELENIE PODDERZHKI"
"BMJBJDYDLE";"INZH. RAZVEDKA"
"BMKDRHFIFY";"COMMANDO CMG"
"BMMTBEJABD";"M242 Bushmaster BSV"
"BMNRJAXIHJ";"GV. IGLA"
"BMQJOXODMC";"105mm"
"BMSDOLALYN";"1-3rd Aviation Rgt."
"BMSFCGSONA";"NIEB. BERETY PT-76B"
"BMSYWJPOLE";"Vz.18/47N"
"BMTMRSNLII";"9th Engineer Bat."
"BMYKUDUXYS";"DESANT. DRUZYNA PPANC."
"BNETWJPDIK";"MiG-23MLA [AA]"
"BNGCDPDXPE";"#RFA  12. Panzerdivision"
"BNIWDKFWOE";"3-47-y Gv. Tank. Polk"
"BNIZNBIMDJ";"II,/AR-1"
"BNJHRAEBDU";"BMR-PP"
"BNKOCGWPVU";"AIRBORNE"
"BNKQKIVYZY";"Bantam"
"BNKSZLBREU";"1-244-y Gv. Tank. Polk"
"BNKZBOAJKN";"#BEL  7e Brigade d'Infanterie Blindée"
"BNONKTPZGF";"PARA. L1A1 12,7mm"
"BNQGQYRKIR";"2-3rd Attack Helo. Bat."
"BNRNDHTQIS";"II./MSR. 18"
"BNRSBPMKOR";"1-13 pz"
"BNSDNXSPFK";"BANDEIRANTE"
"BNUNMBCORZ";"PRÉVÔTÉ"
"BNWESQTSSO";"3-33. TP"
"BNZGDRSCCK";"YPR-765 PRI"
"BNZPDHCIAO";"AIM-9H"
"BOFTUPEWBA";"RANGERS (DRAGON)"
"BOHEATJWGD";"SPADOCHRONIARZE (METIS)"
"BOJCKZHIGK";"AH-1W SUPERCOBRA [SEAD]"
"BOMMTABPZG";"Gv m/75"
"BOOOFDTXXP";"HAUBITS M/50 105mm"
"BOOQRWIEXA";"SAXON"
"BOUNCE1";"BOUNCE"
"BOUNCE6";"Firing computer reset"
"BPCQDIABSJ";"17th Field Artillery Brig."
"BPCUSAKUIM";"1. Armáda"
"BPCVUWSSAW";"2A46-2"
"BPFZBTPTYX";"Stab-10. Panzerdiv."
"BPHFKTCWYP";"Su-25K [CLU]"
"BPHLLPDKZO";"234-y Otd. Bat. Okhrany"
"BPKQOYUOTF";"SDRA 8"
"BPNGZABMWI";"#NL 1e Legerkorps"
"BPNHAEUTWM";"MECH. FUSILEROS"
"BPRNATBCVK";"3-1054-y Art. Polk"
"BPTENRWJCF";"STINGER"
"BPTJAYDPUX";"Kampfgruppe von Jagow"
"BPVVKTKQJC";"6. PzBrig"
"BPWHSGAWKA";"MOR. T-55AMD"
"BPXOFDBAOP";"M1047 LAV"
"BQDKWIKUYZ";"ZPU-4"
"BQEOKGFQRX";"73mm"
"BQIHDJBTXV";"4-8th Mech. Infantry Bat."
"BQJCIIGIDK";"#DDR 1. Mot.-Schützen-Rgt."
"BQJQXPWHSZ";"N.G. ENGINEERS LDR."
"BQMNILJYYJ";"7 Brygada artylerii haubic"
"BQOTWELXQT";"2A36 Giatsint-B 152mm"
"BQPLRKXUXV";"M219 x2"
"BQRFNSFVNL";"WACHSCHÜTZEN (STOSS)"
"BQTTVTRPKI";"1 Luftland TEST"
"BQXKOGZJOB";"17e Brigade Blindée"
"BQYMRPEJCY";"T-72M1"
"BQYVCAJWQW";"1-36. DP"
"BRAUCUMIMB";"III./PR-14"
"BRECOXZJBB";"165mm"
"BRFWUEGMRN";"33rd Armoured Brigade"
"BRGVFIWEIT";"L4A4"
"BRGXCWBHWM";"BEUTE M151"
"BRIAIYLXZJ";"MFRW BM-21-1 [NPLM]"
"BRIMGLZFAN";"#NL 1 Lka"
"BRIRPZHSRX";"1-79-y Gv. Tank. Polk"
"BRIXYXQAIT";"JÄGER"
"BRKNTRMLOU";"57 Tkbat"
"BRLPOCJOET";"M108A2"
"BRMAVKUVAM";"ZiS-2"
"BRMDLHONKV";"#UK  20th Armoured Brigade"
"BRPJBSIWMD";"DSh. (Metis)"
"BRRYOMHXGN";"1-10th Special Forces Group"
"BRTDTTIRQX";"2-37 pa"
"BRUJGAAJMP";"A rotary cannon is a multi-barrelled weapon capable of firing a large quantity of projectiles extremely fast. Rotary cannons encompass a variety of calibers, firing systems and number of barrels, and can also be known as Gatling or miniguns.

This type of quick-firing weapon projects a destructive hail of fire onto a target. A rotary cannon is a common armament on helicopters and aircraft, useful against ground and aerial targets, or in an anti-tank role."
"BRXFUPCHPW";"BERLIN CMD. OFFICIAL BATTLEGROUP"
"BRXLRGVNJB";"#NATO  NORTHAG"
"BRZIURMUHR";"M wz.37 82mm"
"BSAWNQBSVO";"Mk 84"
"BSCHVXJKJX";"#DDR 13. Mot.-Schützen-Rgt."
"BSEHYECWLL";"M256"
"BSHIYMRHLH";"2A20"
"BSJQUPPKET";"T-72M-E2"
"BSKBAZAHZA";"ROCKET"
"BSMXQSODPS";"D-10T2S"
"BSNLPYQGKY";"AMELI"
"BSWVAIMKUS";"MAG x2"
"BSXAGDQTQO";"Mi-2T"
"BTBNOQLWKM";"1-23-y Tank. Polk"
"BTBRQZPXQY";"2e Gidsen"
"BTEUXEWGGQ";"25 br"
"BTFXRUPCKU";"HARRIER GR.3 [CLU]"
"BTGCRAFYGD";"Field Supply Point"
"BTGFRWPXNW";"27mm"
"BTHGTWFWRY";"27-YA GV. MOTOSTRELK. DIV."
"BTJPSARFMP";"FUCHS M40A1"
"BTMJHETUOU";"9. PANZERDIVISION"
"BTMQHWYRUB";"DESANT. SPETSRAZVEDKA"
"BTNQUBAFPU";"2-174-y Gv. MSP"
"BTODFACACR";"10th Engineer Bat."
"BTPRMRJEOC";"#CZ 4. Motostřelecký Pluk"
"BTRFSAENGT";"1-504th PIR"
"BTSTSSGEKN";"CANBERRA B(I).82 [HE]"
"BTTUSJCYJQ";"WASP 58"
"BTUAEVYFDL";"MORSKAYA PEKHOTA"
"BUAUVKNENZ";"11-y Razvedka Bat."
"BUCYBNIEML";"10 Dywizja Zmechanizowana"
"BUDEFKZPMQ";"2S12"
"BUDWSDGXXG";"PIECHOTA ZMECH."
"BUEVNPHETW";"POGRANVOISKA KGB"
"BUHNPWECSN";"L118 105mm"
"BUIJHLZNIN";"Res. Mot.-Schützenbat. 13"
"BULXVROMXO";"Sicherungs-Bat. 108"
"BUMNBOTIBN";"ØSTRE LANDKOM.  OFFICIAL BATTLEGROUP"
"BUOJKTWVBK";"Pionier-Bat. 740"
"BUQKATRXNN";"3RD ARMORED DIVISION"
"BUVHFWDFLI";"13 Painfbat"
"BUVHOMCBXW";"287-y Zen. Art. Polk"
"BUYTRAWJCH";"Military Police"
"BUZUQOHZYL";"Raketenartillerielehr-Bat. 112"
"BVABHHGCXR";"48 Painfbat"
"BVDEAZQMMR";"2-138-y otd. Tank. Polk"
"BVGZQHARAE";"F-4E PHANTOM II [CLU]"
"BVMJTZRQND";"5. PANZERDIV. OFFICIAL BATTLEGROUP"
"BVOEXDKTPQ";"#SOV 210-y MSP"
"BVQQTSMKVD";"REZ. ZWIADOWCY"
"BVTIDKVIKG";"#SOV 10-ya Gv. Tank. Div."
"BVUTBLUIFJ";"VKK 442"
"BVVWZIIIHT";"Aufk.-Bataillon 1"
"BVWIURIPDV";"#SOV 9-ya Tank. Div."
"BVXUYKVFRN";"DHS Mi-24D"
"BVYPEUXRME";"II./PR-14"
"BVZUJZQPRM";"Forward HQ (2nd ArmDiv)"
"BWAKYABEBL";"AIR-TO-GROUND ROCKETS"
"BWAOCXQXOA";"2-944-y Gv. Art. Polk"
"BWCATBZYMJ";"PARA. MAG 7,62mm"
"BWCXIAFHNO";"PANSERINFANTERIFØRER"
"BWDLOLEUVL";"DESANT. PKM 7,62mm"
"BWDLXSNVGZ";"CN 90 F4"
"BWDSJWJXUP";"1-197-y Gv. Tank. Polk"
"BWEPKOFQKW";"Jäger-Bat. 631"
"BWJDJOJKAN";"Aufk.-Bataillon 10"
"BWMVTBRLWJ";"REZERVISTI"
"BWNFYSJGUN";"CF-188 [AA]"
"BWOSPRVTGE";"C.15 [AT]"
"BWRDKDQXET";"Mk 82"
"BWVDZIMIMQ";"Although UAV doesn't have ECM, they are very hard to target effectively by enemy fire. Also, the operator being safe on the ground, an UAV doesn't suffer from stress nor evacuate automatically."
"BWYAAINWNB";"STRZAŁA-2M"
"BWZJSSSAFR";"2-23 pcz"
"BXDDAAOSPU";"DESANT. ZU-23-2"
"BXGTCBKSMP";"59 Tkbat"
"BXIVXTJSFH";"Kokon"
"BXKTALOAQP";"LEOPARD 1A5(BE)"
"BXLDJKXPSB";"Res. Mot.-Schützenbat. 33"
"BXRIWACKSF";"MIRAGE F1C-200"
"BXRXQEOWWO";"MIM-72G"
"BXUUWTLHZA";"HS 3-14 HA CH"
"BXVPWMVULZ";"Panzer-Bat. 63"
"BYCLQGEMWP";"C-3464 ABAS."
"BYDUTVAXXI";"Pz.Kan. 61"
"BYDZXPVCJK";"PATROUILLES"
"BYEJPUVTEN";"Type 56"
"BYGCWMBGRX";"833-y IAP"
"BYIDYPTVVX";"M/255 MILITÆRPOLITI"
"BYJJBERHPE";"HA.15"
"BYJZWRQEEO";"M72A3 LAW"
"BYMUWYYAHC";"MG/62"
"BYNRYFOWIU";"#SOV 100-y Tank. Polk"
"BYPYOYGIFJ";"#RFA  63. Heimatschutz-Brig."
"BYQIIEPKDR";" 3RD ARMORED DIVISION"
"BYRLCKHYZA";"DSh. KOM."
"BYSBJWYIKW";"MiG-27M [HE]"
"BYUMZLIEVS";"Esc. de Chasse 1/2 Cigognes"
"BYWHTUHHIT";"This unit represents an army's crème de la crème: highly trained professionals, well-equipped and with more combat veterancy than regular troops."
"BYWPHLDPPY";"DELTA"
"BYXZRQBVSL";"Type 59-1"
"BYYMDTERDZ";"FALLSCHIRMJÄGER B1"
"BYZKEVTRRS";"Sprengbombe 200"
"BZFGOYLFQS";"#NL 101 Infanteriebrigade"
"BZKHDELOCK";"F-4F [HE2]"
"BZLFXSXAFE";"122mm"
"BZNAAEPHBT";"PzArtillerie-Bat. 125"
"BZPENPQYMB";"PARA-COMMANDO"
"BZPIHSWMOF";"COMMANDOS"
"BZRKWOSOYH";"AANF1 x2"
"BZSMGWUSTA";"SEP/VLK"
"BZSYBVHXYN";"Panzer-Bat. 61"
"BZTVLUEWCM";"RPO Rys x4"
"BZWHZEYGPD";"L7A3"
"BZWOHBZPPG";"1-18. TP"
"BZYPZCYIIU";"559-y APIB"
"BZYVIWSPLF";"PzGrenadier-Bat. 13"
"BZZGDKFYEH";"1-61 brop"
"Body_FFlag";"False Flag units are dedicated special military troops covertly dressed in civilian clothes or even enemy uniforms. Using this ruse during infiltration or special operations is a risky tactic, creating surprise and confusion, but might breach the laws of war."
"Bomb";"HE Bomb"
"CACPFAMJCU";"240mm"
"CADXVCTOKR";"PARA. SPARTAN"
"CAGGAFIKVC";"3-12. MSP"
"CAHPLMPOBY";"Escadron Blindé"
"CAJUCIFHGO";"82nd AB. OFFICIAL BATTLEGROUP"
"CANCYTPFBM";"CMDT LEGION."
"CAPUQIFHNN";"BERLIET GBC 8KT"
"CAUNHZUXHK";"#SOV 295-y Gv. MSP"
"CAWOIOVAND";"M48A2GA2"
"CAZFQLPOMX";"Hovea m/49"
"CBAOXGYXCV";"GATLING"
"CBAZWMBOPC";"M249"
"CBBYUVOTJA";"NS-23"
"CBCLGJASPE";"JPK 90"
"CBEPFMBPNU";"1089-y otd. Zen.-Rak. Bat."
"CBEXPUYNKX";"1-37 pa"
"CBIBBJXPMH";"M1025 HUMVEE M2HB"
"CBITWWQBDH";"FAMAS"
"CBIVNPIPFV";"FALLSCHIRMJÄGER"
"CBKVZPPTZF";"2-119-y Otd. Tank. Polk"
"CBLWXXCVBA";"L44"
"CBNCXXUXGK";"#SOV  44-y Gv. Tank. Polk"
"CBUFCMRJVO";"PIONIER FÜH."
"CBYVMEVYWM";"SONDERWAGEN 4"
"CCCTKMMOEY";"JAGUAR [RKT2]"
"CCFEBELCQX";"DESANT. PPK FAGOT"
"CCIZFSJCSL";"M109A1"
"CCJHOHKXWZ";"Sicherungs-Bat. 48"
"CCMGSQMYXI";"Su-22M4K [AT2]"
"CCMHEMQRVL";"135mm"
"CCNBXIKRCW";"ESR-GVP"
"CCNDMWONKO";"GACA II/11"
"CCPBHITAXM";"HSS.804 x3"
"CCXTFHDPCW";"AR-70"
"CCYZVFZIEZ";"Radar"
"CDFQTJJCGI";"IV./Artillerie-Brigade 40"
"CDGVVFXPIS";"ASTROS II [CLU]"
"CDOEMFZSYO";"M35 SUPPLY"
"CDOZBHTGQI";"3-3. DP"
"CDUCNWKZOU";"MECH. RIFLES"
"CDZGXQGWBC";"Kom./79-ya Gv. Tank. Div."
"CEDJUVPUMH";"Jäger-Rgt. 93"
"CEECUVLRUU";"MAV"
"CEGHUVHDBE";"1ste Bataljon Parachutisten"
"CEHDSAPLJN";"PATROUILLES PROV."
"CEHLEMHADD";"H D-30 122mm"
"CEKXUNXUHJ";"1-9. MSP"
"CEMRSGPRIA";"547th Engineer Bat."
"CEPYVCCORK";"Panzer-Bat. 243"
"CEQABIFDEY";"#RFA VBK 41"
"CEQKTMARIY";"SAS"
"CEQXYXPZPT";"Tarasnice T-21"
"CEUCOMDOCE";"III./MSR. 17"
"CEVARUUAHB";"GAZ-66"
"CEWXYGYIFS";"73 pułk czołgów"
"CEWZIEXABC";"2-283-y Gv. MSP"
"CEXCLKBVWO";"A wz. 1931/37/85 122mm"
"CFBSXCEFIR";"2-505th PIR"
"CFCGJNYLHZ";"1-Royal 22e Rgt."
"CFCJOBPSGP";"M38A1 VERK."
"CFFAXPSZGT";"Jäger-Bat. 843"
"CFFBAPKIXJ";"#DDR 34. Mot.-Schützen-Rgt."
"CFGDGILIWS";"SICHERUNGS"
"CFGRZAXEKZ";"HEIMAT-JÄGER"
"CFIORGPAAM";"72.5mm HEAT"
"CFKCAJDOLN";"AGS-17 30mm PLOMIEN"
"CFQLEPQNWQ";"#US  1st Brigade"
"CFSDLAFGUM";"#SOV 239-y Gv. Tank. Polk"
"CFTMXUHLSQ";"3-59 pz"
"CFVIWSMAFT";"2S23 NONA-SVK 120mm"
"CFWFKYPPKE";"Panzer-Bat. 33"
"CGAPCTQNFO";"MILAN 2"
"CGGGXVDQOW";"Feldjäger-Bat. 740"
"CGGLIDJGRD";"M-30 122mm"
"CGIFFEKCUY";"14 Afdva"
"CGIXNXPACN";"SAPERI KOM."
"CGJKPFGTOI";"#RFA  1. Panzerdivision"
"CGKHBPREDZ";"REZ. IS-2M"
"CGLTXUDSGK";"Panzer-Bat. 211"
"CGMJHRXKOU";"M693 F1"
"CGOIENWGDD";"AK-63F"
"CGQGYBNGUO";"1-MSR. 9"
"CGRBBHWZEZ";"Aufk.-Bataillon 11"
"CGTAWHRFYG";"PANZER 68"
"CGTPVSMERB";"2K12 KUB-M3"
"CGZGYWTWUC";"FFAR"
"CHBUYZYPSC";"6TH INFANTRY DIVISION (LIGHT)"
"CHCBSOJVCK";"51 Afdva"
"CHCTQLTFAV";"KPz. T-54AM"
"CHFNMQCTPE";"T-62MD"
"CHGYGNBRNG";"DESANT. SAPERI KOM."
"CHJMMGAZGL";"RESERVISTEN"
"CHKALGFITQ";"DESANT. USILENNIE"
"CHKNDEFHOZ";"ROVER PREVOTE"
"CHKSNFWOEZ";"BERLINER GRUPPIERUNG"
"CHLIPPPZKG";"22 Air Defence Rgt. RA"
"CHMPQYIPPU";"MB-240GD"
"CHMRJEPGFK";"PARA. AANF1 7,62mm"
"CHOSCNEZWP";"M-240 240mm [HE Cluster]"
"CHPOCHCCEK";"XM-477 SLAMMER"
"CHQTJLNQVD";"Mi-2URP SALAMANDRA"
"CHRNBOZXLK";"280mm"
"CHSBOQPHAG";"TRM-2000 TARASQUE LEGION"
"CHTYSQJGSZ";"PLRK KUB-M3"
"CHUGSTYGOZ";"AGM-45B Shrike"
"CHVJQTAYDS";"11E DIVISION PARACHUTISTE"
"CHVZJZGUDQ";"2S4 TYULPAN"
"CHXEQYJRNV";"#CZ 332. KDBr"
"CHXNQHZWOL";"Panzer-Bat. 294"
"CIBEACLEIW";"MARDER 1A3"
"CICSKOHCZU";"BGL-400"
"CIDSPLGZML";"3-17-y Gv. Tank. Polk"
"CIEPODBNHP";"CAV. TROOPERS LDR."
"CIGKTUYCZT";"MOR. SAPERI (RPO)"
"CIKSWOWQRH";"LEOPARD 2A3"
"CILPNVCGNJ";"ZMOT. ZWIAD"
"CIOCMWMBJA";"DOW. DESANT. KOMANDOSI"
"CIPIGVTPBP";"PTS-M ZAOP."
"CIQIGHVTOQ";"AIRMOBILE PIONEERS"
"CISOZFOUBO";"4TH ARM. DIV. OFFICIAL BATTLEGROUP"
"CITCFSIPOU";"HK21"
"CIUMFWNSUQ";"R-33"
"CJDNWWFSZQ";"Hydra MK40"
"CJFTSAWOKR";"FAL"
"CJGCRTDXKG";"VKK 324"
"CJJHTCQBXK";"PzArtillerie-Bat. 15"
"CJKRQXNDMD";"MARSOUINS ECLAIREURS"
"CJOICEPDNA";"GURKHA RIFLES"
"CJOIEGNKDR";"MAG"
"CJSNDIJSMM";"OT-62A"
"CJYCWMEAEA";"L23A1"
"CJYKVHYVXF";"BRF-1000"
"CKCDDQSLFM";"VKK 413"
"CKDRXWNFUO";"35TH INFANTRY DIVISION (MECH.)"
"CKEJBOPNPO";"M110A2G"
"CKETXTUSYC";"MORTAR"
"CKGSBFWDZL";"FLAK ZU-23-2 23mm"
"CKNLVPUQNZ";"REZ. T-10M"
"CKPBPAZFEH";"MAG 7,62mm"
"CKPZGCMLYI";"CH-135"
"CKQPAPSLYD";"LUCHS A1"
"CKSNLMFGUL";"2-221-y otd. Tank. Polk"
"CKTQPATQLX";"HQ-XVII. Airborne Corps"
"CKUFXVFYJJ";"DSh. MOT. RAZVEDKA"
"CKXXBXMNXT";"M1025 HUMVEE M2HB"
"CKYVSBETXA";"42 PAINFBAT"
"CKYXOWNHUA";"Teruel-2"
"CKZCDXRBEC";"PEGASO 3055 ABAS."
"CLABVOCPQS";"JG-2"
"CLBSQAABHG";"357-Y OCHAP"
"CLCDIQBCOY";"3-9 pz"
"CLFOCJLIHB";"6TH INFANTRY DIVISION (LIGHT)"
"CLKCYDQYYF";"K-1 CHETAK"
"CLKXZNOGJV";"Mk 84"
"CLMDGSOVRR";"FV721 FOX"
"CLNRPYBUAI";"MÉLYSÉGI FELDERITÕ"
"CLNZGQFCOU";"N.G. M2 BRADLEY IFV"
"CLPWWKCZRB";"M115 203mm"
"CLQVCRJXXO";"RECONOCIMIENTO"
"CLRVGOWCLQ";"CHINOOK HC.1 SUPPLY"
"CLSRRHXAEH";"3-3rd Field Artillery Rgt."
"CLVEVNGKJP";"Pionier-Bat. 7"
"CLVPWDMTZT";"MPR M/67"
"CLWOPTEBNE";"Type 56"
"CLXMBITBAY";"20. Stíhací Bomb. pluk"
"CLXVLKDDVT";"I-TOW"
"CLYLJXPBFA";"PHANTOM F.3 [AA]"
"CL_DEFVAL";"-"
"CMAUDRKJSW";"M198 155mm"
"CMDXIIGLNR";"Kh-29D"
"CMEODGSPXG";"19. MOTOSTRELECKE DIVIZE"
"CMFLVHNVRL";"RANGERS"
"CMITPBUQTN";"Grom"
"CMJGSNBUKT";"CAV. TROOPERS (DRAGON)"
"CMQOBJISNO";"ILTIS M2HB"
"CMRYTCZCZZ";"4-8th Arm. Cavalry Sq."
"CMSAOFUBKF";"2S1M MORSKI GOŹDZIK"
"CMSIADPTBF";"83 prplot"
"CMTIBXQFDZ";"M-46"
"CMUYESJGTE";"BL.755"
"CNBRRMKEOY";"RECOILLESS RIFLE"
"CNEQNNINQP";"#NL 51 Pantserbrigade"
"CNETMNSUDP";"30e Chasseurs"
"CNGVHWPPRV";"T-64B1V"
"CNHLRECLZC";"2-1-y Gv. Tank. Polk"
"CNLQQRQQHY";"1069-y Zen. Art. Polk"
"CNOMLIOMPK";"VKK 344"
"CNPKJJSYZU";"6 pułk zmech."
"CNVYNBMUKT";"Jäger-Bat. 37"
"CNVYTUGLCN";"N.G. M60 7,62mm"
"CNXMCXMEAO";"KOMEND. USILENNAYA"
"CNXSPFJQJU";"2A29"
"CNYIDREOLE";"M113 LML"
"CNZDARUMNL";"21 Engineer Rgt. RE"
"CNZJHGJZIX";"GeWa-4"
"COAHQBLIIN";"4-87-y Art. Polk"
"COBHYHAZNB";"145-Y OTD. TANK. POLK"
"COBTUEBJOK";"CENTRAL ARMY GROUP"
"COCTCGEKVB";"GENIE PARACHUTISTE"
"COCUIJLWPM";"2. MOTOSTRELECKA DIVIZE"
"CODMEOMHDV";"DIVMOB"
"COEFLTISTE";"UZP-72"
"COERASTWXW";"WD-43"
"COFZKIOBLM";"91st Tac. Fighter Sq."
"COIDWSSUKB";"1-67-y Gv. Tank. Polk"
"COMXELQIDT";"A109BA HTPT."
"COULHYOQKT";"SNIPER"
"COVAGXACGN";"#FR 14e Div. Légère Blindée "
"COYSYRQGZJ";"SNAR-10"
"COZBYIDXCF";"DOW. NIEB. BERETY SAPERZY"
"CPFZEPTLPJ";"RBK-500"
"CPGMFLKQMN";"UH-1N DAS SCOUT"
"CPJLEJMNSC";"3e Cuirassiers"
"CPJLNEIEYW";"S-61A"
"CPPZATABGU";"#RFA Flugabwehr-Kdo. 1"
"CPRBESCKOI";"SAW FALO"
"CPRBQAODRU";"BMAN"
"CPRTHEUFUC";"SG-43"
"CPSQIYZAFZ";"C3"
"CPTBJPPZNN";"KRAKA M40A1"
"CPWIMTAFLD";"SNIPER"
"CPXODVMHZX";"JÄGER FÜH."
"CPYQOJKQKO";"22nd Tac. Fighter Sq."
"CQAFHWUHME";"D-56T"
"CQANHOBQYF";"3-1st Field Artillery Rgt."
"CQASETUQFB";"GUNNERS"
"CQBZNPQTFI";"35TH INFANTRY DIVISION (MECH.)"
"CQDFSINJOM";"1-MSR. 28"
"CQDTZUGAHD";"439TFS"
"CQFSZHADIL";"V,/The Light Infantry"
"CQLCIGLHSA";"BMR-PP VCZ"
"CQOSEGKPBX";"MiG-21SMT [AA]"
"CQQDJZBFJC";"UNIMOG U1350L PARA."
"CQRQSBWFJV";"JÆGERE"
"CQVJPYKITS";"#SOV 60-y MSP"
"CQYCULPSLZ";"PULEMETCHIKI"
"CRDOBBHPGY";"2-217. PTP"
"CREZDFEHXA";"M201 PC"
"CRITIC1";"AMMO EXPLOSION"
"CRITIC10";"TRACKS BROKEN"
"CRITIC103";"ENGINE FIRE"
"CRITIC104";"FUEL TANK FIRE"
"CRITIC106";"PILOT INJURED"
"CRITIC107";"FIRING COMPUTER FAILURE"
"CRITIC109";"G-LOCK"
"CRITIC111";"ENGINE FLAMEOUT"
"CRITIC112";"PILOT PANICKED"
"CRITIC114";"HUD FAILURE"
"CRITIC115";"HYDRAULIC FLUID FIRE"
"CRITIC116";"AIR INTAKE DAMAGED"
"CRITIC117";"ENGINE OVERHEATING"
"CRITIC121";"WING DAMAGED"
"CRITIC122";"COMPRESSOR STALL"
"CRITIC123";"TURBINE ENGINE FAILURE"
"CRITIC124";"FUEL TANK LEAKING"
"CRITIC125";"AILERON DAMAGE"
"CRITIC126";"JET ENGINE INGESTION"
"CRITIC127";"TAIL DAMAGED"
"CRITIC128";"RUDDER DAMAGED"
"CRITIC129";"ELEVATOR DAMAGED"
"CRITIC13";"TURRET STUCK"
"CRITIC130";"TAIL ROTOR DAMAGED"
"CRITIC131";"MAIN ROTOR DAMAGED"
"CRITIC132";"TURBINE FIRE"
"CRITIC133";"WEAPON SYSTEM FAILURE"
"CRITIC134";"CREW INJURED"
"CRITIC2";"FUEL EXPLOSION"
"CRITIC20";"ENGINE INCENDIARY"
"CRITIC21";"SPALLING"
"CRITIC23";"CREW PANICKED"
"CRITIC3";"HULL BREACH"
"CRITIC5";"BAILED OUT!"
"CRITIC6";"TRANSMISSION DAMAGED"
"CRITIC8";"ENGINE DAMAGED"
"CRITIC9";"ENGINE DESTROYED"
"CRJLZQHQRZ";"TOW 2"
"CRPNGZSTQE";"1-65. MSP"
"CRPTVFNSSI";"LEGION. TIREUR D'ELITE"
"CRRLUNWTUB";"ALPHA JET A [HE]"
"CRUMETCIRV";"2-JaboG 33"
"CRUYREPWFR";"76-YA GV VOZDUSHNO-DESANTNAYA DIVIZIYA"
"CRWNHVFKIN";"AMX-10 PC"
"CRXWHXDPIU";"42e Infanterie"
"CRYATYEDAJ";"42 Painfbat"
"CRYXRQVTBJ";"An anti-tank guided missile (ATGM) is designed to destroy armored vehicles. ATGMs range from crew-served weapons operated by a small team to vehicle-mounded and even long-range advanced models on a helicopter or close air support aircraft. Older generation missiles need to be actively guided onto the target, while more modern variants home in automatically.

ATGMs are very effective weapons against any kind of vehicle, as long as the line of sight is maintained."
"CSDDTKXJEM";"Command Squad"
"CSDQNPGNLB";"N.G. I-TOW"
"CSFEKQZPYO";"MAN Z311 Mi.50"
"CSGVOVRHGE";"24e Chasseurs"
"CSILCDKFNB";"PARUSNIKI"
"CSJFZOCUOL";"LANDWEHR FÜH."
"CSLMEUDQTA";"2K12 KUB-M3"
"CSMLIEINKN";"MiG-23BN [AT]"
"CSOFVJJNXE";"UNIMOG S404"
"CSQXXUOORM";"FAL Scope "
"CSSPJURFHB";"Artillerie-Bat. 525"
"CSUKPTRVAR";"Leader units grant +1 Veterancy level to all nearby units. Classified as Command units, they can also capture Command Zones. "
"CSXZBJSTEY";"AH-1F HOG"
"CSXZJNPETD";"3-11. TP"
"CSZRAKUAIB";"OBÚS 155/23 M114"
"CTCWQYWNPH";"REZ. B-4M 203mm"
"CTDCNWACSW";"MiG-23BN [AT]"
"CTEEZLFDWA";"CH-135 [RKT]"
"CTIZOVRJLS";"Tarasnice T-21"
"CTNHLJMNMI";"M38A1 TOW"
"CTNKCIBQGF";"M106A1"
"CTOUSJOBMX";"R-24MR"
"CTQTJVIQEL";"M60E3"
"CTRNNJLBIQ";"M60"
"CTTEGAZBQP";"3-49 pz"
"CTTMXGGFKO";"DESANT. D-30 122mm"
"CTWTDRZHFN";"Type 56"
"CTXUECWKGU";"Jäger-Rgt. 82"
"CTYMXUOZSO";"Sicherungs-Bat. 118"
"CTYZQMENLP";"66-y Gv. Zen. Art. Polk"
"CUAIDGCGUQ";"BK90/L40"
"CUBCPEXHQI";"Geb.Jäger-Bat. 234"
"CUBUGLAUBX";"#UK RAF Bruggen"
"CUCGBGHAQY";"F-4F [RKT2]"
"CUDBYLTQFW";"STRZAŁA-2M"
"CUEWTCIFNK";"10. MOT.-SCHÜTZEN-DIVISION"
"CUNHLUUGLM";"LSV MILAN"
"CUPVXZXXOC";"2-PR-21"
"CUTTLKTPYT";"GeWa-8"
"CUVYCAIFIX";"303. TANKOVA DIVIZE"
"CUYIMYLVZV";"ML-20"
"CUYMUECWSZ";"3-50 pz"
"CVDCLMHJAA";"#FR 2e Corps d'Armée"
"CVEJUTWJEY";"II./PR-11"
"CVGUBZFAUS";"wz. 43/52"
"CVJXTSDRVX";"BS-3"
"CVKSNAOEVQ";"Geb.Jäger-Bat. 232"
"CVMXFLJZWO";"DOW. SAPERZY"
"CVNFVKACEI";"P4 ANF1 LEGION"
"CVNSHZPXDX";"BTR-70 KOMENDATURA"
"CVSQQAYTUD";"ILTIS"
"CVSRBVQTAS";"#DDR 5. Artillerie-Brig."
"CVUFVQTJJK";"A-109A [RKT]"
"CVYJPXMNJJ";"DSh. PLAMYA 30mm"
"CVYVYLYCVC";"M119"
"CVZUFGULPX";"12 Dywizja Zmechanizowana"
"CWAIGNVANX";"68mm"
"CWBCQJBMHY";"2A60"
"CWCBKHZYXJ";"NR-23 x3"
"CWDGYQVLLC";"Sniper units gain an extra level of Stealth, plus a +500% damage boost and Accuracy bonus when not moving. The unit must remain still for at least 10 seconds for this effect to trigger."
"CWFYFWPSMP";"TOW-2"
"CWHWNKWQNU";"2ste Smaldeel"
"CWLVKMNMRF";"SVO"
"CWMAEGWBOY";"LEOPARD 1A1A2"
"CWPSFLXNLC";"PAL BB 77 KAWEST"
"CWSHQEZXJG";"Airborne"
"CWTDSTPJKT";"Type 59-1"
"CWVVYQTJXU";"M6"
"CWYAPLUYLZ";"Sicherungs-Bat. 4301"
"CWYNGSKRIO";"#RFA  VBK 33"
"CWZPFGMHSE";"#SOV 360-y Tank. Polk"
"CXBPSPNWQT";"REZ. T-55U"
"CXCRBGXKQG";"NORTHAG"
"CXCYUDGLOZ";"T-64A Obr. 84"
"CXDFMXNOHN";"T-80U"
"CXDGFMYOBX";"I-HAWK"
"CXDSWGGXUF";"FH M1A2 (A2) 105mm"
"CXFUYRFZWP";"MILAN 1"
"CXGMAJPZYV";"BMP-1P (Fagot)"
"CXHCWYDAIT";"#SOV 27-ya Gv. MSD"
"CXHGUBAJDG";"2-MSR. 29"
"CXHHDPXXVR";"AAVP-7"
"CXHXCKLPOL";"#NL 102 Vagp"
"CXIVDNCGMA";"AERO-TOW-2"
"CXKPSEQNOD";"APILAS"
"CXLHCJRDZJ";"493rd Tac. Fighter Sq."
"CXNHGTNRHO";"2ND INF. DIV."
"CXNZJNJRUP";"12e Rgt. d'Artillerie"
"CXOLPZKDDB";"57-YA GV. STRELK. DIV."
"CXRQZNZYVC";"1 BE Corps"
"CXRROXCADH";"2-1054-y Art. Polk"
"CXSHJUGXCA";"#US  3rd Brigade"
"CXUXCRMRMZ";"3-9 pa"
"CXVXJCQQYU";"AB FIRE TEAM (AT-4)"
"CXXYUCXANU";"55-y otd. Tank. Bat."
"CYDYFRFBCN";"CENTURION Mk.3 HJV"
"CYERCEXXVA";"4-128-y Art. Polk"
"CYFZSMWESQ";"1-33 pa"
"CYKIEXSNOK";"M1 81mm"
"CYKMFTMZCM";"4de Linie"
"CYKNHSXMWP";"RAZVEDKA"
"CYLSBPRBSI";"M55 Maxson"
"CYNQQHTUAA";"Su-7BKL [HE]"
"CYPBCTKPVR";"DOW. PIECHOTA ZMECH."
"CYPMHYOIWA";"HM-3 COUGAR"
"CYUDIUOCPZ";"#SOV 48-ya MSD"
"CYVHEDTMNO";"30-ya Gv. MSD"
"CYWUOHDAHJ";"1 Luftlande"
"CYWVEYXFSH";"DESANT. FAGOT"
"CYWWNNMWWP";"140mm"
"CYXTQJGAAQ";"Escadre de Chasse 2"
"CYYBEACSLI";"M274 MULE I-TOW"
"CZAPYYTEFR";"3-29-y Gv. MSP"
"CZBZXSZLWO";"1-1st Attack Helo. Bat."
"CZMBGCUTSD";"127mm HEAT"
"CZMROXMMAN";"6e Dragons"
"CZNROQDCEY";"PZ.BEF. LEOPARD  2A1"
"CZOHUXQNCE";"KORPUS DESANTOWY"
"CZOVVLJBIA";"AML-90 RESERVE"
"CZPIYHECLO";"Su-24M [CLU2]"
"CZQPSPLWVI";"M240B"
"CZSQNXGGTS";"17TH AIRBORNE CORPS"
"CZTEVHABHY";"AIRBORNE SCOUTS"
"CZUVVVUEVS";"#RFA  14. Panzer-Brigade"
"CZVKARQGZY";"ENGINEERS LDR."
"CZYGFCFMEU";"Velitelství a štáb 1. TD"
"CZZISJGYRY";"STEYR 680 M-55"
"Command";"Command Vehicle"
"DAATBXUQUG";"DRUZYNA PPANC."
"DAAZIOYAEQ";"T-54B"
"DABPVABSEQ";"II,/AR-8"
"DABSSLYSSJ";"BUCCANEER S.2B [LGB]"
"DACRWSYRGX";"P4 PC PARA."
"DADVASFFRW";"D-48 85mm"
"DAFBTYJCLJ";"M1A1(HA) ABRAMS CP"
"DAFHUDFSFT";"Mw. 72"
"DAGDJGMPRS";"1 gb 25 pz"
"DAKACOTBYP";"FLA-RAK. STRELA-10M"
"DAKTMXHSEC";"RAZV. BMD-3"
"DANQOMKOVM";"178-y otd. Vertolotnyy Polk"
"DAPXJRPPFO";"1-17. Dovm"
"DAQAZBFJVU";"HTM16"
"DASDBRBLLO";"899-y otd. Desant. Bat."
"DAZGOFBJNR";"EC-90"
"DBEKGIMFMD";"GACA I/11"
"DBFCDCUZCS";"4. Tanková Divize"
"DBFDOHWQAR";"Hydra 70"
"DBHFYCCPBS";"2A29"
"DBKYMNZATR";"MiG-27K [AT1]"
"DBLFBJNJMP";"5 BRYG. ART. ARMAT"
"DBQHKRLUPB";"#CZ 10. Tankový Pluk"
"DBQHWXUVNN";"Zuni"
"DBQITIULTK";"Malyutka-M"
"DBRYSLKAFC";"15 DYW. ZMEC . OFFICIAL BATTLEGROUP"
"DBSAZYACBG";"2-24 pcz"
"DBSTXIWJOG";"12 bcz"
"DBVUQAKZIP";"F-16A [AT]"
"DBXQVRQECV";"FÜPZ. T-72MK"
"DBYNGRSHOC";"1E DIVISIE"
"DBYXVPLRAA";"M197"
"DBZYPQIPCP";"#DDR 43. Mot.-Schützen-Rgt."
"DCAZZAUBYF";"Token inexistant PQIVENMWSO dans SERIOUS_Localisation_Unites"
"DCBLAXXVZM";"#SOV 21-ya MSD"
"DCCWTOBFRU";"I,/Royal Anglian Rgt."
"DCDKFQRGZK";"ZSU-23-4M2 AFGHANSKII"
"DCELUBMUHA";"URAL-4320 SNAB."
"DCGHOEOJJL";"E-44"
"DCHNXJIZGH";"REZ. BTR-152K"
"DCIRUSVNPU";"DESANT. SAPERZY"
"DCIXMZRHIW";"CN-105 F1"
"DCKCCLOCRR";"RESERV. ECLAIREURS"
"DCLAWKODMD";"Pz.Gren.-Bat. 221"
"DCOMUMGDKL";"M998T ISC M2HB"
"DCPLBIYTNN";"16DE PANTSERDIVISION"
"DCRBOMEPVD";"#SOV 94-ya Gv. MSD"
"DCSPSPPECR";"MOR. ZSU-23-4M3 BIRYUSA"
"DCTVEIFAID";"9K33M3 OSA-AKM"
"DCVLQHBXWL";"TORNADO IDS [SEAD]"
"DCWTIRVUER";"AMX-10 P"
"DCYKEDXANC";"1-YA GV. MOTOSTRELK. DIV."
"DDAKOJQKVD";"TU-22 [HE]"
"DDANKNMMJV";"No. 9/14 Squadron"
"DDDIGEJHJV";"Panzer-Bat. 281"
"DDFEWPAUXK";"An unguided or “dumb” bomb is an explosive employed by aircraft or helicopters against enemy ground units.
Simple and destructive, unguided bombs are also known as gravity bombs. A disadvantage is that bombs dropped as a payload need to have the user fly over a target, and a rather inaccurate. Unguided bombs can come in many shapes and sizes, from small bomblets to bunker busters targeting hardened targets. "
"DDHWHTLNJH";"Aufklärungs-Bat. 4"
"DDJERGMZBW";"Sicherungs-Bat. 128"
"DDJYXSYDSR";"DANA"
"DDTYLNZQAF";"3-221-y otd. Tank. Polk"
"DDUFJRCDTS";"MG m/85"
"DDWOSKDULP";"I./Queen's Lancashire Rgt."
"DDWVAZJBLB";"RECCE"
"DDYIBVMKVZ";"III,/AR-20"
"DEBEZAAINC";"89mm"
"DEEHQWCJEY";"3-68. MSP"
"DEEOWNNDSC";"T-72"
"DEFHISWTLF";"T-72B"
"DEGDEUGXHG";"2A36"
"DEHWUWMIWE";"TRTKDO SÜD OFFICIAL BATTLEGROUP"
"DEJQWXEREI";"The Royal Hussars"
"DEMQCSIIUO";"AUFKLÄRER"
"DEORUZWYVD";"41 Afdva"
"DEPREC";"_DEPREC"
"DEQFLVKAXY";"Type 54 12,7mm"
"DEVIBJWZNN";"3-211-y Gv. Tank. Polk"
"DEVROKPQCM";"DESANT. FAGOT"
"DEWPIQOJKT";"KOM. POGRANVOISK KGB"
"DEYLZMLGTO";"HOT-2"
"DEYZXXUEZF";"Vz. 53/59"
"DFAMNSIWHC";"2A18"
"DFCJHJCSFY";"2-216. PTp"
"DFEHOQSKNS";"M2 BRADLEY CP"
"DFEQGLNICU";"F-104G [HE]"
"DFHBGEUXHW";"12-YA GV. TANK. DIV."
"DFICUPIEQK";"BIMZ Las Navas"
"DFLKKZNIAU";"USMC M2HB 12,7mm M63"
"DFMCEHFZLW";"CN-105 F1"
"DFOUANWCDJ";"1. TANKOVA DIVIZE"
"DFWIFVDNZS";"HQ-1st Armoured Div."
"DFWUYUKNOR";"LYNX AH.7 FITOW"
"DFXVHCOHSI";"3-585-y Art. Polk"
"DGDKJJRDQY";"Jäger-Bat. 642"
"DGDOUOVBXB";"MG-3 7,62mm"
"DGFWCIVLZE";"UAZ-3151 KPV"
"DGIFBMUMMB";"BRDM-1 PSNR-1"
"DGIKOPFXFD";"DD-15 DZ"
"DGKCXOSSIM";"Su-17M4 [RKT2]"
"DGKPRUQHAX";"Fagot-M"
"DGNTZKHCFA";"#RFA  1. Panzer-Brigade"
"DGPQCPUOKD";"N.G. M109A2"
"DGTIZSWXBM";"S-13"
"DGUDRKZDUK";"Mortars are indirect-fire crew-served infantry weapons capable of lobbing shells in high trajectories across medium distances.
Mortars come in various calibers, from 50mm to 120mm to the occasional massive 240mm. Caliber size determines their range, how easily they can be transported, rate of fire, and destructive power. Some larger units are vehicle-mounted on dedicated carriers, allowing quick displacement after shooting. Capable of firing off different types of rounds, from high-explosive to smoke or illumination, mortars provide indispensable organic fire support on the battlefield."
"DGUURLVDNS";"24TH INFANTRY DIVISION (MECH.)"
"DGVHKXYWKN";"Blues & Royals"
"DGVXWJHNLX";"M-46"
"DGWBKFGYSA";"M2"
"DGZWORDCXN";"#UK 2nd ATAF"
"DHGODKNXYU";"Flugabwehr-Rgt. 240"
"DHIPZOAUST";"Staf-5 Divisie"
"DHOCWEFOZM";"12. PLRP"
"DHPCXIPJOW";"1. LUFTLANDE-DIVISION"
"DHUEGMAUNS";"P4 MILAN LEGION"
"DHXDOPOVXG";"SUPER ETENDARD [HE]"
"DHXLKINBJI";"3-71. KDBr"
"DHXMVYQSBW";"RPO A"
"DHYWLBVQEB";"#SOV 275-y Gv. MSP"
"DIALENBETF";"M63"
"DIBZMOOMFR";"27-YA GV. MOTOSTRELK. DIV."
"DIDKXPCIFL";"27 GMRD"
"DIFJRFWOPG";"72,5mm"
"DIHDDULMFR";"AERO-SAPEURS"
"DIOSAQYULZ";"1-YA GV. MOTOSTRELK. DIV."
"DIQPBCCOTP";"Su-25K [HE]"
"DIQVSQDDRY";"3-505th PIR"
"DISNFRKTFI";"OT PTRK MALJUTKA"
"DITASCPTJI";"T-64AM RAZV."
"DITNVZZTGG";"#RFA 1. Luftlande-Division"
"DIWUMFIXSF";"Kom./20-ya Gv. MSD"
"DIXNPRBWBX";"BRDM-1"
"DIXXFXQOSN";"2-41 pz"
"DIXXRUPJEM";"SAMP T200"
"DIYIMVVDDO";"Redeye"
"DIYVSUJTZC";"7 BRYG. DESANTOWA"
"DJHQJNPOBE";"#CZ 216. protitankový pluk"
"DJIVCIHOCG";"83 pz"
"DJJTJTODZZ";"Teritoriální Prapor"
"DJJXZAZLEW";"PHANTOM FGR.2 [HE]"
"DJLRFBXXCY";"T-55A"
"DJMDXGMXSR";"S-8KOM"
"DJMHMUNBJL";"2-MSR. 35"
"DJOTUZDKRK";"FV601 SALADIN"
"DJRDGZDMJR";"2-240-y MSP"
"DJTHNBUUPN";"#DDR 11. Panzer-Rgt."
"DJVBAUMLCS";"M32A1 (APFSDS)"
"DJWANPDZOJ";"13e Rgt. d'Artillerie"
"DJXFPDOXUS";"M135"
"DKCHAOPGKW";"17e Brigade Blindée"
"DKGYYKNGAG";"LRAC 73"
"DKIBWXCXZV";"#US 2nd Brigade"
"DKJXECIELM";"#NL CLKA"
"DKMLFOQVAP";"Fs-SPRENGTAUCHER"
"DKNDUESXMW";"AH-1W SUPERCOBRA [AT]"
"DKPPZCVMCA";"KrAZ-255B"
"DKSCRTRLEI";"HEIMAT-AUFKLÄRER"
"DKSIRMTYFO";"Mi-8MTPI"
"DKTTHVJBAC";"SAPERI KOM."
"DKVFRWUQVV";"ShH 2S1 122mm"
"DKWZNZELXZ";"Fs-UAZ-469 SPG-9"
"DKXMPLHWRQ";"PZ.GREN. FÜH."
"DKXSQATHIN";"1-280-y Gv. MSP"
"DLAIYULMFE";"BERLIET GBU 15 LOG."
"DLEJDNJWNZ";"Mortars are indirect-fire crew-served infantry weapons capable of lobbing shells in high trajectories across medium distances.
Mortars come in various calibers, from 50mm to 120mm to the occasional massive 240mm. Caliber size determines their range, how easily they can be transported, rate of fire, and destructive power. Some larger units are vehicle-mounted on dedicated carriers, allowing quick displacement after shooting. Capable of firing off different types of rounds, from high-explosive to smoke or illumination, mortars provide indispensable organic fire support on the battlefield."
"DLFZZFCUPK";"Jäger-Bat. 27"
"DLKOVOZFTL";"M2A2 BRADLEY CP"
"DLNMGCGOXJ";"1-27th Field Artillery Rgt."
"DLONYSLJQP";"Panzer-Bat. 123"
"DLQNIKRRDU";"CENTURION Mk.5/1"
"DLTMJZLEKV";"LO-1800"
"DLUJXFHHLH";"901-y Zen. Rak. Polk"
"DLZQMRTGPI";"CAA 20/120 BITUBO "
"DMBULEGFNN";"T-72A Obr. 79"
"DMHOBINVGS";"PARA. L16 81mm"
"DMJOPDRYUO";"A-19 122mm"
"DMJVBEMICM";"S-24"
"DMKHDTFDUN";"MAG 7,62mm"
"DMLTYEILDJ";"4 Brygada Saperów"
"DMPKIATYWQ";"3-914-y Art. Polk"
"DMSLWJQDYR";"85mm"
"DMSMTOSJYQ";"MIRAGE 5BA [RKT]"
"DMTHDNYLYU";"Mi-24V [RKT2]"
"DMTQBQGHVR";"2S19 MSTA-S"
"DMVNVGMMKN";"TRM-2000 LOG."
"DMXEBLBGXM";"Mi-8T"
"DMYNRGJLAS";"#RFA  36. Panzer-Brigade"
"DMZRVMDQQG";"M40A1 RCL"
"DNABNXVADF";"DESANT. KONKURS"
"DNBTVISQJI";"CH-136"
"DNDZMUGFCJ";"Sicherungs-Bat. 18"
"DNEPCESTOI";"288-ya Gv. Artilleri. Brigada"
"DNFQMSMCTY";"AGM-65B Maverick"
"DNJOYKFFWA";"Su-27S [AA1]"
"DNKNVDUUFE";"1ST CAVALRY OFFICIAL BATTLEGROUP"
"DNLMBTAJCI";"This unit is made up of former soldiers, National Guardsmen, or other types of reservists with previous military experience. Depending on age, they possess a degree of training and general familiarity with an army’s weapons, tactics, and equipment."
"DNMQLSSQPI";"M274 MULE M2HB"
"DNQXBMIGUZ";"2-10. MSP"
"DNRVRBZGHY";"3-MSR. 33"
"DNSJIDATTX";"17-YA GV. TANK. DIV."
"DNZLCAJJBE";"Prime movers are transport units capable of carrying towed units such as artillery or air defense systems. They might also be used to transport infantry, weapon teams and crew-served weapons."
"DNZRNNXCJD";"2-56-y Gv. Tank. Polk"
"DOCSWWXCDT";"19e Rgt. d'Artillerie"
"DOEAUTZCNT";"MCLOS"
"DOFDHKGIET";"MARECHAUSSEE"
"DOFSVFQIFF";"Fallschirm.-Bat. 254"
"DOHRXUDMYN";"A Gatling gun is a multi-barrelled automatic rotary cannon capable of shooting a massive quantity of rounds extremely fast.
Using an electronic firing mechanism, a modern Gatling gun (also known as minigun) can fire so quickly it is in danger of running out of ammunition within seconds. Gatling guns are often cumbersome weapons and are relegated to be used on aircraft or stable land platforms. They can be employed as a close-in defensive system to saturate a target area by throwing a hail of fire, an anti-aircraft gun, or even an airborne anti-tank weapon able to punch through the weak top plating of many armored vehicles."
"DOIOQPVSTP";"Pallad-D wz.83"
"DOMNCWCSET";"Teritoriální Prapor"
"DOSYVGHHEC";"#DDR  23. Mot.-Schützen-Rgt."
"DOVCLRRXYO";"23ste Smaldeel"
"DOVFEYAGBN";"A rocket is an unguided warhead-equipped projectile powered by a rocket engine. Amongst other things, it differs from missiles by the lack of active guidance systems.

Artillery units equipped with rockets compensate for a lack of accuracy with the ability to quickly saturate and destroy an area with a large number of rockets."
"DOVSFKMMCO";"F-111F [CLU]"
"DOXFRWXQZK";"GRENADE LAUNCHER"
"DPBXJDJOUH";"#FR 4e Division Aéromobile"
"DPDBAHJBPJ";"T-55AM1K"
"DPGDEIBGCN";"P4 MILAN"
"DPKGYGOKYC";"3-322. KDBr"
"DPPBVOODHU";"#SOV 248-y Gv. MSP"
"DPRKVUNVHL";"3-28 pcz"
"DPVCUWJCVR";"M30"
"DPWKOGVBLR";"INFANTERI"
"DPXVSKXFEI";"Su-22M4 [NPLM]"
"DPYSHFASNH";"Type 62-85TC"
"DPZFNAINUO";"check unités"
"DQDZJWIHZJ";"MP5A3"
"DQIJBQIWPW";"2-41-y MSP"
"DQNPZKCRDD";"MILITÄRSTREIFEN"
"DQPAVSADOO";"VIII,/The Light Infantry (V)"
"DQSFLBGQXF";"LEGION. 53T2 20mm"
"DQSIIPKQFH";"A Gatling gun is a multi-barrelled automatic rotary cannon capable of shooting a massive quantity of rounds extremely fast.
Using an electronic firing mechanism, a modern Gatling gun (also known as minigun) can fire so quickly it is in danger of running out of ammunition within seconds. Gatling guns are often cumbersome weapons and are relegated to be used on aircraft or stable land platforms. They can be employed as a close-in defensive system to saturate a target area by throwing a hail of fire, an anti-aircraft gun, or even an airborne anti-tank weapon able to punch through the weak top plating of many armored vehicles."
"DQUYKZOYVL";"F 35 WDNS [AA]"
"DQWQWFWMIN";"HEIMAT. KANJPZ"
"DRDPVNDROF";"Type 56"
"DREEUCVVTI";"ZAPADORES"
"DRINYNWKXQ";"3-22 pa"
"DRKWUSHPSG";"REZ. T-10MK"
"DRMDGXQFLA";"4-67th Armored Bat."
"DRNJAVYWZZ";"Airlift"
"DRQGJKSPMW";"106mm"
"DRRIAEXMOV";"HRU.15"
"DRRNGFWLVA";"F-8P CRUSADER [AA1]"
"DRSPHZMLFJ";"35 pułk czołgów"
"DRSYSPJLGL";"3-7th Cavalry Sq."
"DRUUTWCUTU";"A grenade launcher can lob projectiles across short distances. These are crew-served weapons, sometimes mounted on vehicles. Certain models use semi- or even fully automatic fire mechanisms.

Grenade launchers can be both used in a direct fire or indirect fire role as a rapid mortar-like weapon. They are effective against enemy infantry."
"DRWWVBIHEG";"PULEMETCHIKI"
"DRYIHDCTPI";"2 dar"
"DSBKUZZXTK";"21e RIMa"
"DSCOQBSCCN";"Recon"
"DSFEPHPBZJ";"RALCA I/62"
"DSFJKKSXVE";"MO-81-61-C 81mm"
"DSGHCCLQMB";"20. Motostřelecká Divize"
"DSHMLRLGUM";"185. PLRO"
"DSHWMBVPBU";"CH-136 MINI-TAT"
"DSHZMVPFXK";"TOA CARGA"
"DSIBQNICZF";"Kom./9-ya Tank. Div."
"DSISALYWOT";"MECH. RIFLES (LAW)"
"DSJLMQLATT";"M1008 CUCV"
"DSMWVNZUZW";"URAL-4320"
"DSOHUGSISS";"3-8. TP"
"DSUQNQVPOI";"RECOILLESS RIFLE"
"DSVAUOTTUV";"3-288-y Gv. MSP"
"DSWOIZJJLV";"8. PLMB"
"DSWZYYQEKQ";"Su-22M4P [SEAD]"
"DSXSIOQXPM";"WACHSCHÜTZEN"
"DSXUQALVDP";"OT-65"
"DTEXNFFJFR";"Pallad-D"
"DTFAPFYDKO";"1-117-y Art. Polk"
"DTFIWUJSEK";"GSh-6-30"
"DTJGLPXJCZ";"PIONEERS"
"DTNMQBUQTC";"10de Pantserinfanteriebrigade"
"DTOCEYRBVI";"Fs.-WOLF"
"DTOWMOPLKD";"GIAT F1"
"DTQGONDKUN";"923-y Otd. Zen. Rak. Bat."
"DTUEMIXLEF";"GV. SPG-9"
"DTUTEFIODS";"Barret M82"
"DTVSYPZQUV";"TOP KSM-65 100mm"
"DTXAMMOWFE";"5 GGW"
"DTZUTDFOET";"BMD-1K"
"DUAXJDUNWD";"DSh. IGLA"
"DUBDAMROWU";"Mi-24W"
"DUHOQDJXQL";"#RFA  VBK 22"
"DUKVTQVJKR";"AUFKL.Pz BRM-1K"
"DUROVPFRMS";"OTDELENIE PODDERZHKI"
"DURQGNYVHO";"3-27 pcz"
"DUSWQRGOFW";"90mm"
"DUUEZBMIHQ";"C6"
"DUVJOVGCKS";"Panzer-Bat. 84"
"DUVWCIBOSE";"#FR 1e Corps d'Armée"
"DUWANATRIS";"4 ACC"
"DUWTISHHYI";"ALPINI"
"DUXFKIQAHA";"UAZ-469 SPG-9"
"DUYUZBSOUV";"MTW M113A1G"
"DUYWPKRIES";"PzGrenadier-Bat. 352"
"DVBOFOHIXN";"2-319th Field Art."
"DVBXUSUJGU";"34e Rgt. d'Artillerie"
"DVIMMANEAT";"2-49. DP"
"DVIVDDWSXF";"M201 106SR"
"DVKSUZNODX";"PROVINCIAUX"
"DVOBWUQUVW";"28-y otd. Tank. Bat."
"DVODPWBUTW";"Laser Designator units grant an Accuracy bonus to Guided Munitions while the target is kept within line of sight."
"DVOWQBFLMH";"SNIPER"
"DVPCHEQJIG";"VBK 32"
"DVQVPNIGPN";"This unit is specifically trained and equipped for operations in mountains and other rugged terrain. Their logistical footprint is lighter, with mountain warfare units frequently employing specialized vehicles and weapons."
"DVSQESDWNO";"OH-6"
"DVTYRLQWGA";"#CZ 217. Protitankový Pluk"
"DVUAMGKBXK";"6-YA OG MOTOSTRELK. BRIG."
"DVYOMOYEHE";"PzGrenadier-Bat. 42"
"DWBQAIGDXJ";"Pionier-Bat. 742"
"DWEOYFPKWB";"1-63-y Gv. Tank. Polk"
"DWHTFDEKTP";"FV510 WARRIOR APPLIQUE"
"DWIBIJFRAL";"187. PLRO"
"DWLFAVMKGH";"AGM-122 Sidearm"
"DWNETNLBRU";"5de Linie"
"DWPDWBCEFI";"M vz.52 82mm"
"DWROEOLSAH";"PARA. M1 81mm"
"DWRZFRXTIY";"FERRET SWINGFIRE"
"DWSIGTXKUR";"Pz.Gren.-Bat. 112"
"DWTZKOBUJB";"4-914-y Art. Polk"
"DWUBSSSYHK";"SAPERZY ZWIADOWCY"
"DWYBANLVHC";"VAB PC"
"DWZPPYPFAC";"MOR. PT-76B"
"DXCBAJABTD";"128 prplot"
"DXDVKCXEDF";"1-56-y Gv. Tank. Polk"
"DXEAUGGNXH";"Pz.Kan. 61"
"DXEXHXHFAO";"BMP-2K"
"DXGOPCKINI";"M108A2"
"DXJITYJVZT";"CN 90 F3"
"DXKFNWMLIP";"MNAD OFFICIAL BATTLEGROUP"
"DXLGMORJAP";"58 Tkbat"
"DXOJRAKHKF";"BM-21-1 GRAD"
"DXQANQXVGH";"M29 81mm"
"DXQTREBCRD";"Type 65"
"DXRRDCMFTQ";"485-y Otd. Vertoletniy Polk"
"DXRUKLAZUG";"T-80BVK"
"DXRZSUFGRN";"3-67th Armored Bat."
"DXSUOXJJXP";"KPV 14,5mm"
"DXUQFLOVUX";"Pionierkommando 2"
"DYBCZVLKWP";"41 da"
"DYBETHJSZK";"19e Chasseurs"
"DYBIDTVTEY";"3-PR-22"
"DYCXHURQMX";"PKT"
"DYDOVXYFNC";"T-64R"
"DYDXERZARY";"30mm"
"DYJHESKHRI";"OBÚS 105/26 REINOSA"
"DYJVEUAGFP";"PKM"
"DYKDCAQATF";"20 Dywizja Pancerna"
"DYNRBYIDMK";"2-28-y Gv. Tank. Polk"
"DYWANQFOQP";"127mm"
"DYWXTLDKWR";"120mm"
"DYYKESRSNH";"PzGrenadier-Bat. 332"
"DZBYJBXASG";"GURKHA RIFLES LDR."
"DZBZPLSQTQ";"AT-26 XAVANTE [HE]"
"DZDYKPYPZY";"RM vz.70/85"
"DZEZKHXAXZ";"GAZ-66B ZAOP."
"DZHBDVIFBY";"3-61-y Gv. Tank. Polk"
"DZHJMSOOJX";"RESERVISTES (LRAC)"
"DZIULIBMZA";"III./PR-17"
"DZNRZHMWRY";"(reco)"
"DZTTOSCXCV";"1. MOT.-SCHÜTZEN-DIVISION"
"DZVNXKQOCY";"Su-22M4 [HE]"
"EABNCKRVXM";"MARINEPIONIER (Flam.)"
"EABZJNLULG";"GDF-002"
"EAEODEHFWL";"Panzer-Bat. 361"
"EAFKWUVFKS";"Hydra 70"
"EAHAVYVMDY";"303. TANK. DIV. OFFICIAL BATTLEGROUP"
"EAHJTPNGYF";"L7A3"
"EAHMWNJHHG";"403 Rgt. d'Artillerie"
"EAHNFCIBPG";"INFANTERIFØRER"
"EAHWBCLHKZ";"BEDFORD MJ2P"
"EAJYROBSXU";"6-1st Field Artillery Rgt."
"EAMPZUCIZK";"VAB T20/13"
"EAOVGVRCQA";"AB M252 81mm"
"EAQBYVOCOX";"VKK 471"
"EARLQFYVMA";"KS-19"
"EATQPMXDPZ";"10-y Razvedka Bat."
"EAXEUNBMDE";"CN 90 F3"
"EAYHSDCLCO";"KH vz.37 152mm"
"EAZFDGDONO";"FN 4RM/62F ABC"
"EAZTAOIGWT";"BPzV SVATAVA"
"EBECBWLJER";"1. LVD"
"EBGUHMZGJJ";"3-744-y Art. Polk"
"EBIGVCONRK";"#RFA  VBK 25"
"EBJYGQZVSD";"MORT. PESADO M2 120mm"
"EBKQBGCEHE";"LASER GUIDED BOMB"
"EBKSFYPDOX";"N.G. AH-1E COBRA"
"EBMIAYFDRH";"GREEN BERETS (ODA)"
"EBMITSDCGZ";"FUSILEROS MANDO"
"EBMNBKJIWP";"VAB MEPHISTO LEGION"
"EBQNXMTUJH";"M201 RASURA"
"EBRPFAPXZY";"6E DIVISION BLINDEE"
"EBSJRMHQID";"2-62-y Gv. Tank. Polk"
"EBTCBUMCNE";"237th Engineer Bat."
"EBTITPCGZO";"Fs-Gr.Wfr. M-43 82mm"
"EBYNMBXWYF";"USMC M109A3"
"EBYWILXMBO";"400kg"
"EBZXPUKMTQ";"1-JaboG 33"
"ECBELZCQMJ";"LVK M/60 40mm"
"ECGMWQOEZA";"8TH INFANTRY DIVISION (MECH.)"
"ECHOCRUPAP";"ANTI-AIRCRAFT GUN"
"ECHVWYFSFM";"M113A1-B-SCB"
"ECKLITJEAT";"MECH. RIFLES (C6)"
"ECLXTRWQSK";"112-y Razvedka Bat."
"ECMEUFNUCF";"MPi-KMS-72"
"ECPYYRDZVV";"217. Protitankový Pluk"
"ECQYKLVHMO";"MECH. FUSILEROS MANDO"
"ECVAKBDJSG";"AERO-M2HB 12,7mm"
"ECYEKYITXJ";"76mm"
"EDALYXUMOS";"#SOV  244-y Gv. MSP"
"EDCFMQAIOT";"PARA. GROUPE ANTICHAR"
"EDCQERZRHH";"6-YA OG MOTOSTRELK. BRIG."
"EDDDSQXJDF";"Mrs. 120mm Tampella"
"EDGVMVBWED";"#NL 101 Luagp"
"EDHNQLWFLW";"4th Royal Tank Rgt."
"EDKSESFKOW";"4TH ARMOURED DIVISION"
"EDQLAONOLE";"119-ya Ind. Tank. Polk"
"EDQWQUTORJ";"M48A2GA2"
"EDSEHFDWYU";"4450th Tactical Group"
"EDTQOHWAKC";"#RFA  Flugabwehr-Kdo. 1"
"EDUXNFFRJV";"122-JROF-L"
"EDWGPYPSTZ";"FUSILEROS (M65)"
"EDWHEFIVZR";"T-72"
"EDZAETDNRP";"MiG-21bis [HE]"
"EEDUALOYSR";"Strela-2M"
"EEGCTFSYFJ";"FALLSCHIRMJÄGER"
"EEIGDJNUOQ";"3-68 pcz"
"EEKQUTQLXJ";"CHASSEURS-PARAS"
"EEMKEFIPPM";"RBU-6000"
"EENIZELYKB";"M2HB M63"
"EENMDTCOJJ";"FLA-RAK. STRELA-2M"
"EEOZNJEUHH";"UAZ-3151 SNAB."
"EEQCIAVDDZ";"Rh105"
"EERQGMIMID";"RM wz.70/85"
"EEWWCJNQPV";"RB-24B"
"EEXPHQAIIQ";"AS.12"
"EFBZOPCCEE";"I./MSR. 14"
"EFEYPHGGMX";"LLR F1"
"EFFQSWKXHR";"901-y otd. Desant. Bat."
"EFFSOFCOVX";"2-17-y Gv. Tank. Polk"
"EFKUOIWYHS";"ZiS-3"
"EFLYCMULWB";"Feldartillerie-Bat. 11"
"EFOGZNLWDO";"Mi-8TV [RKT 1]"
"EFPJFMKBXG";"STEYR 680"
"EFQEMCRFYC";"I./MSR. 43"
"EFUVCPEICD";"FASTA-4"
"EFZKLQAYPC";"TOA-PM-81"
"EFZPDEUKFP";"I,/AR-1"
"EGAHUJHMNV";"2A21"
"EGGKLRNDTK";"ECLAIREURS"
"EGHFHSLGCF";"FALLSCHIRM.-PKM 7,62mm"
"EGHHQHKPHO";"Howitzers are artillery guns capable of indirect fire across long distances. They take time to prepare and shoot. Towed or self-propelled units are available, as well as a variety of calibers, indicative of max range and shell power."
"EGKAQZRJSD";"REZERVISTI (SVD)"
"EGKDLLRGQX";"Mw. 72"
"EGMCSUAQEM";"RAPIER FSB2 DARKFIRE"
"EGPMWBVWWT";"T20-13"
"EGPXSAYCXO";"20 DYWIZJA PANCERNA"
"EGSMRQFWAT";"DLWP"
"EGSQEVCXIX";"3-6. DP"
"EGYWVNTJSH";"Bofors L/70"
"EHDQBOOBLI";"M20 SuperBaz"
"EHDXDDWVCP";"PZ.BEF. LEOPARD 1A1A1"
"EHFAIBYHJF";"BLU-82 ""Daisy Cutter"""
"EHGPGAACDW";"Minimi Para"
"EHJLOAVAXE";"3-sMSR. 25"
"EHMDGAYXHS";"Anti-Aircraft units are designed to combat aircraft and helicopters. They use anti-aircraft guns, guided missiles, or a combination of both. Sensors, such as radar or infrared, provide target tracking and guidance. Air defense units, including MANPAD teams, are typically optimized for either short-, medium- or long range."
"EHPGHKMUTX";"F-16A [AA]"
"EHQIPKCEKX";"CM.170 MAGISTER [AT]"
"EHRPKPGBNI";"TERRIERS GUN GROUP"
"EHUJNNZXOY";"VKK 251"
"EHUXOPZKLQ";"FAB-250"
"EHVYVFAQMB";"#RFA  52. Heimatschutz-Brig."
"EICNAAHZEI";"Hydra 70"
"EIDJSQOOIJ";"GROUPE ANTICHAR"
"EIFQWKHWYF";"#UK  7th Armoured Brigade"
"EIGJCEZBOL";"Blowpipe"
"EIGRLDFAEC";"UAZ-469"
"EIITAZBQTW";"FAL"
"EILGBJABHL";"20mm"
"EIPLTIFKJC";"CENTURION Mk.13"
"EISIZBMNUX";"M41"
"EISXNGMBFW";"#SOV 7-y Gv. Tank. Polk"
"EIVNAHOCNY";"MiG-29A [AA2]"
"EIWZFZZDWB";"3-724-y Gv. Art. Polk"
"EIYDAGPDKL";"SPW-60PB"
"EIYJQXSNDN";"A Gatling gun is a multi-barrelled automatic rotary cannon capable of shooting a massive quantity of rounds extremely fast.
Using an electronic firing mechanism, a modern Gatling gun (also known as minigun) can fire so quickly it is in danger of running out of ammunition within seconds. Gatling guns are often cumbersome weapons and are relegated to be used on aircraft or stable land platforms. They can be employed as a close-in defensive system to saturate a target area by throwing a hail of fire, an anti-aircraft gun, or even an airborne anti-tank weapon able to punch through the weak top plating of many armored vehicles."
"EJATKPMNGY";"Su-22M4 [RKT2]"
"EJCLKWOKDJ";"PANSERINFANTERI"
"EJFQBQSFVI";"SAMP T25"
"EJGCYAHXTU";"Vz.59"
"EJGPHYZPET";"3-361. DP"
"EJGUWZNWTR";"1st Canadian Division"
"EJIRWXHJIR";"Su-17M4 [HE/CLU]"
"EJKVCCXIMP";"5-6th Air Cavalry Sq."
"EJOAGSXZCG";"MAN Z311 HSS.630-3"
"EJRFFZLPLC";"T-72K"
"EJRHDYWFFW";"3-240-y  MSP"
"EJSVUWUHYN";"M20 SuperBaz"
"EJVINZUHAB";"Guided Munitions can be bombs or shells, fired directly or indirectly, which receive an Accuracy bonus on laser-designated targets."
"EJYBCLPRAR";"A-6E INTRUDER"
"EJZETSKQNG";"357-y OShAP"
"EKHBCECRGK";"L23A1"
"EKHLXQCJCH";"DSh. KONKURS"
"EKHOVCJBHW";"SPzA1FüA"
"EKHZQZPLWT";" M1008 CUCV M60"
"EKKNAVTTWM";"VKK 311"
"EKLAMHOJAT";"ZWIAD. UAZ-469 KPV"
"EKLDFHPFDI";"14. Tanková Divize"
"EKSIQUUPGF";"M901 ITV"
"EKSPQFZMNP";"vz.52"
"EKUHWNEBDZ";"Geb.-Art.-Bat. 81"
"EKZORLDYAP";"M561 SUPPLY GOAT"
"ELBASQLCSN";"USMC L.A.I. SCOUTS"
"ELDFELQHJU";"MARINES (Dragon)"
"ELGALDSPZX";"SS-60"
"ELHWVVDEAK";"HQ-3rd Armoured Div."
"ELMHGEZSIT";"MILITÄRSTREIFEN"
"ELMVKFMLOH";"REZ. M wz. 1951 240mm"
"ELQCEHRLCT";"90kg"
"ELWECTGOHB";"Token inexistant LZTJKYFJFO dans SERIOUS_Localisation_Unites"
"ELWLUQLCLJ";"PARA. L16 81mm [CLU]"
"ELWPSYWEEF";"T-55AS"
"ELXGQCPERN";"#SOV 2-ya Gv. Tank. Armiya"
"EMBGDQYNFQ";"FIRLING 12,7mm"
"EMCDQRFBPV";"BMD-1"
"EMCNRZFLZM";"N.G. M60A3 (TTS) ERA"
"EMCTLSPSCS";"5-y Zen.-Rak. Brig."
"EMDHFKEBVY";"Sicherungs-Bat. 4451"
"EMDMBCMHDJ";"MO-81-61C"
"EMFEARNMQP";"UH-1N"
"EMMVJVCWVI";"2-70-y Gv. Tank. Polk"
"EMNEUHSUIY";"1-9 pa"
"EMNQTTTYTY";"40. PLMB"
"EMSLYQXIIG";"SKYGUARD SWE 35mm"
"EMTJZGOINC";"T815 MUN."
"EMWRLJXZXG";"94-YA GV. STRELK. DIV."
"EMYEHKLKYO";"KPZ. T-34/85M"
"EMYYCRMQWY";"T-72A Obr. 79"
"ENCKULZGYH";"USMC M1025 HUMVEE M2HB"
"ENFBAVRYEA";"SVD"
"ENFPMTUFHJ";"152e Infanterie"
"ENFUZFRZJE";"II. Korps"
"ENGIPDHTAB";"M110A2"
"ENGONVZYEG";"Colt Commando"
"ENGQSIWHOP";"DANA"
"ENGXHHYZEM";"1-MSR. 1"
"ENKSNPIBRS";"F-111E [CLU]"
"ENOENDTOWI";"4e Chasseurs à Cheval"
"ENQFOACWCY";"M32A1"
"ENTOBYEOQX";"M1025 HUMVEE M2HB"
"ENVTXAPIKO";"5e Cuirassiers"
"ENWOTYGKWE";"EM-14e DBL"
"ENXLLJAOYW";"AIRBORNE GUNNERS"
"ENYGKSPQVA";"T-72M1"
"ENZJIPOUHA";"M36"
"EOADIWDGRO";"CENTURION Mk.5/2"
"EOAFOZJJZK";"DTM"
"EODTHKAKVD";"422-y otd. Zen.-Rak. Bat."
"EODYKHOORX";"CHALLENGER MK.3"
"EOEGCXHSIG";"M1919A4"
"EOEXEVWFKY";"80mm"
"EOFGRIGVYK";"100mm"
"EOJBIIMAAH";"2-59 pz"
"EONOCHKEKZ";"F-16C [AA]"
"EOQJZQQKCB";"UNIMOG U1350L"
"EOSLHGXVSB";"#SOV 33-y Tank. Polk"
"EOTHPQNCQU";"L5A1"
"EOVILAAMSO";"MPi-AK 74N"
"EOVKRRAMBN";"Mi-17MT [RKT 3]"
"EOVVHDSZPX";"URAL-375D"
"EOWHICNVPA";"Geb.Panzer-Bat. 8"
"EOXTTBGRFB";"1-111th Attack Helo. Bat. (NG)"
"EOYTHZQPZA";"2A15"
"EOZHUGTRFT";"MIRAGE 5 F [NPLM]"
"EOZJZHQIYM";"Electro-optical"
"EPDXWQICJB";"HEIMAT-JÄGER"
"EPEMIJQTUE";"II,/AR-19"
"EPFHFALITZ";"MG-51"
"EPFHOVYCLZ";"NSV 12,7mm"
"EPFWMECZIP";"5.56mm"
"EPFYKJUDJS";"DSh. NSV 12,7mm"
"EPHTVWXLMD";"T-55AK"
"EPJXBKIZCM";"94th Engineer Bat."
"EPNNOJERFE";"S-53"
"EPNVAMFVPA";"FV432 WOMBAT"
"EPPNIIEJHC";"BTR-70 AGS"
"EPPZWJCOLM";"M-43"
"EPTCYEWXNW";"#up{VERY HIGH}"
"EPXSENFNWC";"TCM-20"
"EQADPNULIM";"84-y otd. Razvedka Bat."
"EQASTBEBQW";"FR-19"
"EQAXAPJZQZ";"#US 1st Infantry Division (Mech.)"
"EQCEAMZAYY";"PARA. SCORPION"
"EQEHTEQBVH";"HEIMAT-JÄGER"
"EQGPZDDPPY";"N.G. OH-58A"
"EQIJISUUXM";"Mi-17 [RKT 3]"
"EQJNLVYMVL";"TK SUD"
"EQMLHXVNPQ";"I./AR-3"
"EQRKOEWRWL";"Kom./39-ya Gv. MSD"
"EQTBSMIQJJ";"JAGUAR [HE]"
"EQTOVWSYGC";"20 DIV. PANCERNA"
"EQVANCEUBN";"3-41st Infantry Rgt."
"EQWHSFBFWU";"MiG-29A [AA]"
"EQXDBXAADN";"368-y OShAP"
"EQYLCKGFHP";"Command Vehicle"
"EQYUTSARPL";"114e Infanterie"
"ERBCFGVDUK";"#SOV Northern Group of Forces"
"ERFWVIMJRI";"134 Afdva"
"ERJHJDAIXJ";"#RFA  Territorialkommando Nord"
"ERNSYDGBUW";"1-944-y Gv. Art. Polk"
"ERQHJQHDGC";"USMC CATFAE"
"ESAQKOKQAM";"4. Stíhací Letecké Pluk"
"ESGVHRWUCP";"7TH ENGINEER BRIGADE"
"ESKPIAWQGE";"PzGrenadier-Bat. 11"
"ESLFRVBVUN";"BMP-2"
"ESNPZXMNOJ";"MP PATROL"
"ESUYAADOCP";"14 pappanc"
"ESVBTBOYWO";"3-28 pz"
"ESVLJCXLVZ";"ZU-23-2"
"ESYABMOZJU";"T-55AMK"
"ESZCCWKILN";"#US 4th ATAF"
"ETCJQTKOED";"chasseur"
"ETDPPSMYTR";"T-72M-E3"
"ETEBSCIGSM";"PLRK KRUG"
"ETEFWHZWJZ";"JG-9"
"ETETUEUKTJ";"PzArtillerie-Bat. 205"
"ETFBWQYHMJ";"JAGUAR [NPLM]"
"ETJIAVSQGI";"#CZ 75. ThDBr"
"ETKSWJEJYV";"1-204-y Gv. MSP"
"ETPKVPUVIQ";"24e RA"
"ETQPLKDOOA";"SF2 110mm"
"ETQWJOWNVX";"R-3R"
"ETSBXIEFMQ";"TKA MODEL 1939 85mm"
"ETTKPELYDH";"RB-24B"
"ETWXUOGKHG";"#SOV 125-ya ADIB"
"EUBFZGPGSF";"AT-4"
"EUBVMWIPKF";"MECH. FUSILEROS"
"EUCCDCWAWN";"REZ. SAPERI (LPO)"
"EUCKWLPKPE";"M1025 HUMVEE M2HB"
"EUDHFKLNMV";"Gepárd M1"
"EUGYTHQBNA";"ESCORTE PC"
"EUQUXKDWZK";"35TH INFANTRY DIVISION (MECH.)"
"EUROIXZVMK";"FV107 SCIMITAR SPYGLASS"
"EURRCMQTVF";"MK-20 Rockeye II"
"EUSTISJNDP";"4. PPR"
"EUURNGVQIC";"154 Afdva"
"EUVPKZFISA";"LEOPARD 2A4(B)"
"EVANNPMFIW";"2-6th Mech. Infantry Bat."
"EVCMESGHLS";"4-27th Field Artillery Rgt."
"EVGZYBGHCC";"911-y APIB"
"EVHVZBAMLI";"HVAR"
"EVIBHABNUA";"AB ILTIS TOW"
"EVIEPNWFQD";"3-325th PIR"
"EVIFZGPEHG";"JAGUAR [HE]"
"EVIPITVECG";"PzGrenadier-Bat. 312"
"EVJBIDRBJA";"2-44-y Gv. Tank. Polk"
"EVJFJYDIXI";"221-Y OTD. TANK. POLK"
"EVLSSRPCMB";"JAGUAR [SEAD2]"
"EVLTHGXGQM";"BAW-485 ZAOP."
"EVMAJDUEBS";"16th Engineer Bat."
"EVMFJOVVIK";"M2"
"EVMIDXSFCG";"MH-47D CHINOOK"
"EVPKXSIHSW";"Heeresflieger-Rgt. 16"
"EVRTHJUBXN";"Sh M 2S4 TULIPÁN"
"EVTAGXNEPV";"1-MSR17"
"EVUHPOWJRQ";"BLOWPIPE"
"EVYIVPZVOJ";"SemAct radar"
"EWAIRCEINO";"#DDR 19. Panzer-Rgt."
"EWDZYWGWDH";"Token inexistant YINGLZSRLH dans SERIOUS_Localisation_Unites"
"EWHAZBPHIT";"1-6. DP"
"EWKNDNQHXI";"M2HB 12,7mm"
"EWLLDMDMFA";"T-55A"
"EWNVKQCQNV";"AIR-TO-GROUND ROCKETS"
"EWOIOHQJJT";"4E DIVISIE"
"EWPCMOOLZX";"LVS"
"EWVBNSLVXG";"PUMA KANGOUROU"
"EWZJJYXJNS";"26 dar"
"EWZMBYRGOK";"MARINES ENGINEERS LDR."
"EXBCFNVHOI";"II,/The Queen's Rgt."
"EXCRZDJXFD";"#UK  6th Armoured Brigade"
"EXEFNUFAYO";"5 DYWIZJA ZMECH."
"EXERDSUJJN";"STRIM-65"
"EXGVXBZNYP";"Aufklärungs-Bat. 3"
"EXJTQZXBNX";"#medium{smoke launcher}"
"EXMDVBCGAZ";"117/118 Afdva"
"EXOFQTEUVF";"251. Plrp"
"EXPLEVEL0";"Regular"
"EXPLEVEL1";"Veteran"
"EXPLEVEL2";"Elite"
"EXPLEVEL3";"Super Elite"
"EXQDOWMNAA";"C.14A [HE]"
"EXRVLEJDNE";"Pionier-Bat. 340"
"EXSKICGHVD";"2-28 pz"
"EXUHFEMNOA";"Teile/Pionier-Regiment 3"
"EXWZDFHBRM";"RAZV. BMP-1P"
"EXXLKUVWCR";"2-243-y Gv. MSP"
"EYADCOEDRX";"Mi-24D [AT]"
"EYBIRRVWLK";"STRELA-2M"
"EYCCSRCVJQ";"4-18th Field Artillery Rgt."
"EYCWPHWHBK";"LuAZ-967M FAGOT"
"EYDBMEKQBR";"Mi-4A"
"EYFJFJBTDU";"336-y Otd. Vertoletniy Polk"
"EYIZVISIGI";"#RFA 5. Artillerie-Regiment"
"EYKCGOHKBG";"BERLIN COMMAND"
"EYLWOOXAPX";"F 35 WDNS [HE]"
"EYMUPEXBQF";"MiG-27K [AT2]"
"EYNCBNQCKB";"M185"
"EYNUUVRUNT";"1-23 pcz"
"EYOWOOTHHX";"R-24R"
"EYPMSOCEBO";"#SOV 400-y MSP"
"EYQZGDQWNO";"AERO-ENGINEERS"
"EYSRZUZSRI";"AIM-9P"
"EYZQIHRUXO";"BEDFORD MJ"
"EYZYYQAXLY";"N.G. RIFLES (LAW)"
"EZEVCDEEWN";"MiG-23ML [AA]"
"EZGKDXVNEH";"L13A1 "
"EZGUCUEKLE";"313th Tac. Fighter Sq."
"EZHQBLQBEA";"Model 30-11"
"EZHUXHAFSZ";"FH-70"
"EZMLHTGFVL";"#CZ 13. Tankový Pluk"
"EZOKSHWMQB";"2A46-1"
"EZPQIERZBS";"ASSAULT PIONEERS (Carl.G)"
"EZQIDHUCBW";"DSh. SPG-9"
"EZSNDKXGCH";"17th Engineer Bat."
"EZSTBIPTDR";"1-PR-1"
"EZTUABCJVU";"9K121 Vikhr"
"EZWUTCAYVX";"BO-105 CB MINIGUN"
"EZXCQNTEEO";"M20"
"EZYNIQMBKS";"#RFA  3. Artillerie-Regiment"
"Ext_FFlag";"False Flag units are easily mistaken for neutral or even friendly troops in the heat of battle. In combat, the threat level for a False Flag unit is lower than any other unit. This means they will always be targeted last by enemy forces."
"FAGRPBRKFK";"AERO-RIFLES (AT-4)"
"FAIGAZVONH";"F-111F [HE]"
"FAIR01";"Aircraft: Fighter"
"FAIR02";"Aircraft: Electronic Warfare"
"FAIR03";"Aircraft: Multirole"
"FAIR04";"Aircraft: Recon"
"FAIR05";"Aircraft: Ground Support:"
"FAJTUZFVCZ";"PARA. MILAN 2"
"FAKXXBQKLA";"M-240"
"FAUT01";"Supply"
"FAUT02";"Recon"
"FAUT03";"Air Defense"
"FAUT04";"Artillery Observer"
"FAUT05";"Artillery: MLRS"
"FAUT06";"Artillery: Howitzer"
"FAUT07";"Artillery: Mortar"
"FAUT08";"Tank"
"FAUT09";"Transport: IFV"
"FAUT10";"Transport: APC"
"FAUT11";"Transport: Softsking"
"FAUT12";"Anti-Tank: Vehicle"
"FAUT13";"Anti-Tank: Gun"
"FAUT14";"Fire Support"
"FAVZZGVELS";"vz.61 Škorpion"
"FBALQJOGIQ";"FLAMMENWERFER 42/55"
"FBAPLIAEOO";"This unit is equipped with a Counter-Battery Radar, designed to detect incoming artillery projectiles. Tracking their trajectories, it can locate the enemy weapon system’s ground position."
"FBFOWLPIBS";"Bomblets"
"FBGQZSRZXA";"JÄGER FÜH."
"FBGVFFTZXT";"AB Mk.19 40mm"
"FBKUZZVVQQ";"31-YA TANK. DIV."
"FBNLRMLPSK";"DA-DLWP"
"FBOJVVUDTZ";"AK-74"
"FBOZALOPKR";"HK21"
"FBQIDKOWTQ";"35-GV.DSHB OFFICIAL BATTLEGROUP"
"FBRWAHBOQS";"#FR CA1CA"
"FBSWAUVCRP";"M201A1"
"FBTBJRTPCK";"II./AR-7"
"FBTTAUJYIK";"M240"
"FBUAYHIBHP";"#CZ 12. Motostřelecký Pluk"
"FBVQTNKGDN";"A transport unit's primary mission is to swiftly carry infantry and other units across the battlefield. Transport vehicles come in a variety of sizes, from fast jeeps and trucks to armed APCs, IFVs or even helicopters. Some transports act as prime movers, towing artillery and air defense systems."
"FBWAOMHKKU";"1098-y otd. Zen.-Rak. Bat."
"FBXZORVGKR";"REZ. T-34/85M"
"FBZDPVYZSM";"3-87-y Art. Polk"
"FCBJFOQSMA";"M-240"
"FCGDJFXUKO";"M113A1"
"FCIEBEGVTW";"3-35th Armored Bat."
"FCMD01";"Command: Tank"
"FCMD02";"Command: Vehicle"
"FCMD03";"Command: Infantry"
"FCMD04";"Command: Helicopter"
"FCMDHDUUTO";"This transport vehicle is designed to move infantry units, including recon and weapon teams. "
"FCMDKFKHPY";"Pz.Kan. 61"
"FCOHWPXWDE";"31-YA GV. TD OFFICIAL BATTLEGROUP"
"FCWRSTELXH";"Mountaineer"
"FCYGQQXGDB";"#TCH 34. Stíhací Bomb. Letecká Divize"
"FCZBARMXSE";"1-7 Bah"
"FDEHXKQKCJ";"CBU-72"
"FDFMWFKKOY";"LEOPARD 1A4"
"FDKKWUCITO";"Pionier-Bat. 741"
"FDMCMZVIUH";"VKK 431"
"FDNFASOZGI";"UNIMOG U1350L LOG."
"FECWZUIRGI";"M106A2 MORTAR"
"FEDDLRDOEW";"Fs-FK20-2 20mm"
"FEEXJVACQX";"FV102 STRIKER"
"FEMMHQKSLF";"1-15-y Gv. Tank. Polk"
"FEODPPMDXP";"DOW. NIEBIESKIE BERETY"
"FEOFZUGCIH";"PRAM"
"FEOWXBHQJE";"#RFA  26. Luftlandebrigade"
"FERDWAMBKP";"1-6th Mech. Infantry Bat."
"FESTKWBRQT";"PIECHOTA "
"FFCLQNNZAO";"Panzer-Bat. 74"
"FFCTWGMKOZ";"N.G. M60A1 RISE"
"FFENGVKVSY";"AH-1T SEACOBRA [RKT2]"
"FFIOYDIIYB";"AS.11"
"FFJOKCJRXA";"AIRBORNE LDR."
"FFJVIWDBPZ";"FALLSCHIRM. AUFK."
"FFLXDWNIBO";"A-6E INTRUDER [SEAD]"
"FFMTOYKEJQ";"GAZELLE LISSE"
"FFMYWTNUEL";"DINOPS"
"FFRHFWIDXP";"CBU-72"
"FFSGXLNWRT";"CMDT FUSILIERS"
"FFXMDZQVPY";"2-PR-1"
"FFYVHXAZAZ";"D-1"
"FFZYBPEVUC";"N.G. M48A5 ACAV"
"FGBFJZRGBV";"2-12. MSP"
"FGBOFZUMNF";"Mi-8MT [RKT 2]"
"FGCHGURRII";"RPG-7VR"
"FGFQAIUNMN";"1. Stíhací Letecké Pluk"
"FGHTKFQOTP";"LEOPARD 1A1A2"
"FGJTZXLJVU";"N.G. M901 ITV"
"FGKLRTQMSA";"SS.11"
"FGQFEPWLDG";"MLVW SUPPLY"
"FGQOPQZNWC";"II./MSR. 7"
"FGUBVNEQKH";"AIRMOBILE GUN GROUP"
"FGVAXLSTJV";"6de Artillerie"
"FGXHUVKXRA";"MPi-AKS 74N"
"FGYDQGQMLK";"LO-1800 ZPU-2"
"FGZRNHBZWG";"439-y otd. Vertolotnyy Polk"
"FHEL01";"Helicopter: Transport"
"FHEL02";"Helicopter: Gunship"
"FHEL03";"Helicopter: Anti-Tank"
"FHEL04";"Helicopter: Anti-Aircraft"
"FHFZEGBXLW";"F-111E [HE]"
"FHGHTHRXHW";"JRROF"
"FHHTZYWIPP";"1-68 pcz"
"FHILFVEKSD";"#DDR  4. MSD"
"FHJIPIEJXI";"DESANT. LuAZ-967M"
"FHLLZYDBKV";"L21A1 RARDEN"
"FHMJZPUDWV";"M-240 (3F2 Gagara)"
"FHPSFVSOSD";"#RFA 4. Pz.Gren.-Division"
"FHQEDISCUJ";"10 br"
"FHRSSZUVTM";"DShKM"
"FIAQOUSIWG";"MG3S"
"FICEJGYDUQ";"(Crimean Defence Force)"
"FIDWVAJGHK";"99e Infanterie"
"FIDZLDPPLO";"LEOPARD C1"
"FIEMKRMPDX";"CH-47C CHINOOK"
"FIEYLFVBDN";"A-7D CORSAIR II [HE]"
"FIFQEADZRH";"1-15. TP"
"FIFWYJHTGW";"3-63. MSP"
"FIHQPQMIKK";"M198"
"FIJJGECVMS";"AMX-10 P MILAN"
"FINF01";"Infantry: Rifles"
"FINF02";"Infantry: Anti-Aircraft"
"FINF03";"Infantry: Anti-Tank"
"FINF04";"Infantry: Assaut"
"FINF05";"Infantry: HMG"
"FINOOYGRFL";"A-7D CORSAIR II [CLU]"
"FIQBSCAMRQ";"MOT. RAZVEDKA"
"FIQDKYOYSH";"Pz.Gren.-Bat. 111"
"FIQMEQMUTK";"TANK GUN"
"FIRCMRJLTY";"Colt Commando"
"FISKEJVBBF";"PM-63 RAK"
"FISTHXAXCT";"171. PLRP"
"FJCOWPOMZU";"Geb.Jäger-Bat. 87"
"FJCRHIOGOU";"21-y Otd. Ognemetniy Bat."
"FJDHKYYUHE";"M2HB 12,7mm M63"
"FJESUSRQLH";"M41C CAXIAS"
"FJFDPOBXCY";"CHIEFTAIN MK. 11"
"FJJDCSJCNE";"Model 30-11"
"FJLPBERWSS";"Panzer-Bat. 334"
"FJMYKIXCQG";"KPz. T-72S"
"FJOZCWAHGT";"M621"
"FJPGXBJJHP";"2nd ATAF"
"FJRHPYEODE";"FV510 WARRIOR"
"FJRYNDDRYJ";"1-36 pa"
"FJSSFWDQFW";"M150A1"
"FJUHCAHHGZ";"ARMBRUST"
"FJVDWQMQTR";"NF-5A [RKT]"
"FJWHNVXCUU";"F-18 [AA1]"
"FJYKJBEVGW";"M256"
"FJYLNRUTGL";"PZ.GRENADIER"
"FKCGJKVASJ";"Aufklärungs-Bat. 2"
"FKGVYRVZIK";"GV. PULEMETCHIKI"
"FKODPDHTST";"ZiS-3 76,2mm"
"FKRGEUYHOI";"FV432"
"FKXDCYUQXX";"HQ-82nd AB"
"FKYHPGLRCQ";"1-841-y Art. Polk"
"FKYQUGDTTW";"C.14B [AA]"
"FLAKMDRFWX";"1-15th Mech. Infantry Bat."
"FLAOVJBRAZ";"Pz.Gren.-Bat. 242"
"FLARKOAOYS";"III,/AR-19"
"FLATTBBUOQ";"N.G. M1 ABRAMS"
"FLAXNEBGVH";"GBU-12"
"FLHJNKBUWG";"USMC SECURITY"
"FLIGQGONAI";"HQ-I British Corps"
"FLIMDKGAKO";"Bofors AC130"
"FLJZTYYJUJ";"Igla-V"
"FLKWCZCSNP";"Su-17M4 [CLU]"
"FLOTCMWGPU";"Skyflash"
"FLQPPKVRCM";"TU-22KDP [HE]"
"FLZPKTCMPR";"HR.15"
"FMBEZQMQMN";"AEROMOBILES"
"FMCNICOQBM";"Panzer-Bat. 83"
"FMCTHBSXYK";"ML-20S"
"FMDWQLQRIM";"AH-1F HOG"
"FMFINMBFXR";"Pz.Gren.-Bat. 292"
"FMGVSMMXTG";"M1025 HUMVEE CP"
"FMMQQGWUHR";"T-62M"
"FMPJJNRQZR";"MARSOUINS M2HB 12,7mm"
"FMSSHFWGSV";"Panzer-Bat. 524"
"FMVFOPSRJL";"A-12.7"
"FMVT01";"AA"
"FMVVXCCNRF";"AMX-10 RC"
"FMXKRJNSYC";"#US  8th Infantry Div."
"FMZPBDLBJB";"DESANT. UAZ-3151 SNAB."
"FNABTUEHJS";"Flugabwehr-Rgt. 330"
"FNAFLIYGHI";"BRP-250"
"FNDBQOWKLF";"2A20"
"FNDEHHDUNN";"Dépôt de munition"
"FNKTCLWRIN";"A-7D CORSAIR II"
"FNLDCHDYDN";"4-12th Field Artillery Rgt."
"FNLLFEJDGY";"F-16A [CLU]"
"FNLTZZIJHQ";"A-19"
"FNMSQGEPRC";"USMCR AAVP-7"
"FNPXTBEHJU";"793rd MP Battalion"
"FNRTDEWQIW";"3e RPIMa"
"FNSIMJKQLR";"N.G. AH-1F TOWCOBRA"
"FNTSCTFQIG";"BM-14M"
"FNVLDFBGDJ";"1-62-y Gv. Tank. Polk"
"FNXVEFFBRX";"1er Artillerie"
"FOBFRA";"Dépôt de munition"
"FOBGER";"Felddepot"
"FOBNL";"Munitiedepot"
"FOBQZRPWXQ";"PUNTO DE ABASTECIMIENTO"
"FOBSMBCIDP";"MILAN 2"
"FOBSOV";"Sklad Snabzheniya"
"FOBUSUK";"Field Supply Point"
"FOEHEVHOFI";"HARRIER GR.3 [RKT2]"
"FOFSOPRCPI";"81-y otd. Razvedka Bat."
"FOKRPICVFM";"#BEL 3ste Wing"
"FOMRBIEDNQ";"1. Luftlande-Division"
"FOMUKMMLNY";"C.12 [HE]"
"FONKCFBSWU";"BTR-70"
"FOSDNTTRUQ";"Strela-2M"
"FOSHMZJIFS";"2-145-y otd. Tank. Polk"
"FOUMNVZCJZ";"HONKER RYS"
"FOVTZBUCUS";"Feldartillerie-Bat. 71"
"FOWVGFBVEH";"26th Field Rgt., RE"
"FOWWAHLVMF";"RAF Bruggen"
"FOYBIJVVMP";"L85A1"
"FOYJDGIRXZ";"Kh-25 MPU"
"FOZZQUYGFW";"EM-5e DB"
"FPAGDGQXLD";"USMC AAVC-7A1"
"FPAGUORCSH";"3-2. TP"
"FPAJPWGMER";"3-45-y Gv. Tank. Polk"
"FPFQOTUJGD";"M113A1"
"FPIETNUZSV";"2-64th Armored Bat."
"FPKRVEDLCX";"LEOPARD 1A5(BE) PC"
"FPMXNFPKHK";"F-4F [RKT]"
"FPODEKCOAL";"4-159th Aviation Rgt."
"FPQLBBUPJX";"#US  17th Field Artillery Brig."
"FPTCWRLCEV";"3-332. KDBr"
"FPUDXJHFBG";"CH-47C CHINOOK"
"FPVBLJYFBI";"ACTIVE PROTECTION SYSTEM"
"FPVDUPYIFO";"Militia"
"FPVMZXCBHR";"CH-135"
"FPVTINHMIX";"BEZPEČNOSTNÍ ODDÍL"
"FPXQEWRFUQ";"F-16A [CLU]"
"FQAQJUEKSA";"M102"
"FQAVUEQSAZ";"SPADOCHRONIARZE (PKM)"
"FQCSEJATVQ";"FAB-500"
"FQEREYHQJI";"R-40TD1"
"FQGWMVHKZE";"SPW-60PUM"
"FQGYRKLUGU";"M-46 130mm"
"FQHKTFIGHK";"ROVER YEOMAN"
"FQJJNIABQV";"GV. KONKURS"
"FQMBYQBVBV";"1-74. RMBr"
"FQNQRWSTPW";"II./PR-16"
"FQNSWMGYJH";"CH-53G"
"FQPNHLZZKR";"I-TOW"
"FQQQINLJKT";"#UK  11th Armoured Brigade"
"FQTOXYRUIS";"91 pappanc"
"FQVQPCDBOS";"M240 D"
"FQWDKTINEZ";"T813"
"FRABJZURBD";"2A36"
"FRBNTAEVHH";"A long range semi active missile, operated from a very long distance."
"FRDBRFQWZF";"AMX-30RE1"
"FREDRXOMPL";"968-y IAP"
"FREQBLDMTX";"TOW"
"FRFDICYAEC";"C5"
"FRFTLVWPIR";"BDX 81mm"
"FRGLSOWZWS";"ØSTRE LANDKOMMANDO"
"FRKFCSJQSJ";"VKK 243"
"FRKMIGYSZV";"T-72M1"
"FRMAOGHIDR";"GSh-23L x3"
"FROFYKQLDU";"M-110A2"
"FROLTBMMWX";"M2A1-7"
"FRORTHETMQ";"BM-24M"
"FRQHPAFNBI";"W-3W SOKOŁ [RKT]"
"FRSAEHFPOZ";"Panzer-Bat. 23"
"FRVKPGUSUE";"KOMENDATURA"
"FRVTTYDZUG";"SPW-40P2(K)"
"FRWWKDIDND";"ROVER YEOMAN"
"FRXHTCHOCO";"39-GV.MTSK OFFICIAL BATTLEGROUP"
"FSAJGCENQC";"M2A1 BRADLEY CP"
"FSBZVYFDCE";"54 Tkbat"
"FSDUZRZVNL";"DD-8 DZ"
"FSFTIIPQGX";"SPW-50PK"
"FSMDSBBTFH";"PATHFINDERS"
"FSMZRCQJTS";"P4 ANF1"
"FSNJSFRQHV";"213mm"
"FSNXRCIWDO";"L7A3"
"FSOFHQPDDH";"CAÑÓN 122/45 RUSO .31"
"FSQWUMDOBO";"LO-1800 FASTA-4"
"FSTIXCDKOZ";"I (Br.) Corps Engineers"
"FSTQXJCOKC";"Su-24M [NPLM]"
"FSTYXEPODO";"132 Infbat"
"FSVJFFBOHE";"Fallschirm-Bat. 262"
"FSWBRJXSRF";"MiG-25RBF [HE]"
"FSWLBWRVCS";"TB 100"
"FSXAAYARUI";"2-172-y Gv. MSP"
"FSZXQDZFDJ";"SMAW"
"FTASMGHFYV";"#US 3rd Air Force"
"FTBWDYULLT";"CFMP"
"FTEZHHUCFA";"#RFA Gebirgsbrigade 23"
"FTNWLNRSXV";"SKOT-2"
"FTOULNBXQP";"MiG-21MF [NPLM]"
"FTR01";"IsCommander"
"FTR02";"IsReco"
"FTR03";"IsSF"
"FTR04";"IsPara"
"FTR05";"Transport"
"FTR06";"Softskin"
"FTR07";"Unarmed"
"FTRAHMBIVC";"11. Stíhací Letecké Pluk"
"FTSDRSSHAN";"RT SHPz"
"FTTFDEKYPR";"UH-1N DAS [RKT]"
"FTVRWGRMFW";"LÉGIONNAIRES-PARAS"
"FTWBHKTBXZ";"GUARDS SNIPER"
"FTZMZQGNXM";"27-YA GV. MOTOSTRELK. DIV."
"FUBCIOAZQV";"MT-12 upgrade"
"FUCVOGQOWH";"Howitzer"
"FUDUBNXRHD";"5-77th Armored Bat."
"FUEGLVUDYG";"85 pz"
"FUHRUIXMXS";"NS-23"
"FUIINKXPMQ";"Strela-2M"
"FUJCURVUVT";"PARA. ENGINEERS (CarlG)"
"FUQCRZJUJQ";"A medium machine gun is capable of automatic fire at medium ranges. Belt-fed machine guns are light enough to be carried by an individual soldier, but most often needs a small crew to be operated effectively. Medium machine guns are commonly mounted on vehicles including as a coaxial weapon.

The medium machine gun is an effective weapon against infantry across short- to medium ranges."
"FURSUIWGLB";"PANZERFAUST 3"
"FUSUSSGDHX";"#UK  Parachute Rgt. Group"
"FUUYEAWDCE";"CF-116 [CLU]"
"FUWGHQYVOX";"677-y Otd. Zen. Rak. Bat."
"FUWWGJOIOG";"DSh. 2B14 82mm"
"FUYMSLGESC";"4E DIVISIE"
"FUYNKNKEUQ";"M30 107mm"
"FVBOFHEDQI";"SCOUTS"
"FVCIKEPMNZ";"MOR. T-55AMK"
"FVETQMKNEF";"9e RCP"
"FVEULXNYUV";"NF-5A [AA]"
"FVGLODQTJQ";"GREN.-VOLTIGEURS (FR-F1)"
"FVJJHXKJME";"595-y Razvedka Bat."
"FVKROOSDDV";"L42"
"FVLSLTUGMY";"Fallschirm-Bat. 261"
"FVSWPOBCSR";"CMDT GREN.-VOLTIGEURS"
"FVUTSALYDC";"9M333"
"FVVWZFYQBF";"54 Afdva"
"FVWCHOWEDQ";"#SOV 239-y MSP"
"FVWWJFOSHG";"II./AR 17"
"FVXRHDRPBA";"BTR-40B"
"FVXWTHWCVC";"4-41st Field Artillery Rgt."
"FWACUZDMOF";"ČSLA"
"FWBRRHVUJN";"VBL RECO"
"FWEIJWNFYV";"Electro-optical Dazzler"
"FWEKKFGSBO";"D-10T2S"
"FWGAITSLBW";"Gr.Wfr. M43 120mm"
"FWHFPHNWKS";"M26"
"FWJPLTUGHE";"MOTOSTRELKI (RPG-22)"
"FWJULMBWQP";"T-64AK Obr. 83"
"FWOKIILJSN";"L7A3"
"FWP01";"Napalm"
"FWP02";"Cluster"
"FWP20";"Infantry"
"FWPJWFQRGX";"M21"
"FWRWYYMEFT";"BTR-152S"
"FWRXZAZDDX";"1-1. DP"
"FWSKZFVRBJ";"MOTOSTRELKI (BMP)"
"FWWBORSLAJ";"L33"
"FWXVNOHBPU";"Su-25 [AT]"
"FWYDGVFPHK";"PARA-COMMANDO (RL)"
"FXAZWNSWAD";"T-72BK"
"FXDRWIKVUX";"#POL 2 Armia"
"FXDSXOQHMU";"PEACEKEEPER"
"FXIEEZIILK";"Stab-4. Pz.Gren.-Div."
"FXKKFVWLAM";"NSV 12,7mm"
"FXLUVIFOBO";"CH-53E SEA STALLION"
"FXMNIFSUBD";"2-68 pcz"
"FXMURIZNPF";"USMC M1025 HUMVEE AGL"
"FXNQRHJPDA";"#SOV 41-y MSP"
"FXOTADQGPW";"31ste Smaldeel"
"FXOYVDJVXX";"PzGrenadier-Bat. 53"
"FXPXGOLYUZ";"EH-60A QUICK FIX II"
"FXSBNXEPBE";"HQ-1ere Division d'Infanterie"
"FXVEOLAXQG";"PRIZIVNIKI"
"FXZFGJWQHN";"PIONIER (CarlG)"
"FYBVFFZMVJ";"3rd Field Rgt. RA"
"FYENPYALTF";"2-120-y Gv. MSP"
"FYEPXQNCPI";"PATROUILLE PARA-CMDO."
"FYHCZXYVQB";"1-120-y Gv. MSP"
"FYJJCVFIUT";"2S7 PIWONIA"
"FYNXJRKFCS";"125 Afdltlua"
"FYPZJTCVGF";"G3A4"
"FYQSTSZWPR";"MiG-23MF [AT]"
"FYUMFOLYOQ";"CRV-7"
"FYVQZGCUJR";"9M117"
"FYZETRXSJI";"Anti-Air (AA) guns are weapons designed to take out fast-moving airborne targets.
These types of guns are frequently emplaced in quick traversing turrets with a high rate of fire and elevation. In this way, with more advanced systems using targeting computers and radar, they can track and shoot at aircraft and helicopters at a moment’s notice. AA guns are often found in dual or even quadruple mounts. In addition, these guns are frequently used for great effect in a direct-fire role against lightly armored ground targets.  "
"FZASMFHSBP";"PzGrenadier-Bat. 362"
"FZGRMUGLMY";"28 pułk czołgów"
"FZIGMHFLJZ";"GAU-2B/A"
"FZNTWYXYOM";"2A37"
"FZOKMKMJHV";"PUMA HET"
"FZOLLUXQXS";"UAZ-469 AGS-17"
"FZPDSJDTOP";"2-229th Attack Helo. Bat."
"FZQDEFDXPF";"KPZ. T-34/85M"
"FZSSSJZRIE";"Pionier-Bat. 5"
"FZTSGXHQER";"#SOV 170-y Gv. MSP"
"FZTSPKAKIY";"ROVER MILAN  (Berlin)"
"FZTTVPRTDM";"(reco) BMP-1P(C)"
"FZUTPEJENN";"Mi-8MTA"
"FZYIPBSROI";"5-18th Mech. Infantry Bat."
"FZYZAVVYTB";"9K330 TOR"
"Flame";"FLAMETHROWER"
"FlameDes";"A flamethrower is a destructive weapon projecting a controllable jet of flames. Using liquid fuels or other incendiary mixtures such as napalm, flamethrowers can be vehicle-mounted or man-portable. 

Although they have a very short range, flamethrowers are highly effective against infantry, even behind cover."
"GAAWXJSLQL";"M1008 CUCV MP"
"GAFYKHWDVX";"11-Y ORAP"
"GAKRKOBOPD";"#UK  15 Infantry Brigade"
"GALWRZJJEQ";"Fallschirm.-Bat. 262"
"GAMCVTSWLG";"Bloodhound"
"GANKMEFIZZ";"ZIL-157 SNAB."
"GARWNSXRNK";"VKK 222"
"GASLZRBGHF";"KRAKA TOW"
"GAVYIYPSXS";"LEOPARD C1 CP"
"GAWRQONTYA";"KH vz.18/47N 152mm"
"GAXSQVIFTD";"T-55AM1K"
"GAYIRKIQVT";"A-109A HIRUNDO"
"GBAFHBTYTI";"MOT.-SCHÜTZEN FÜH."
"GBEIMUVUFT";"GUARDS"
"GBFFBCIDFY";"M/85"
"GBFQVMCWJU";"Heavily-armed helicopter"
"GBFWCTJNIP";"4-7th Field Artillery Rgt."
"GBGAGJNBPW";"Mk 82"
"GBGBUWVHNE";"The Royal Yeomanry"
"GBNPZXMYUR";"MOT.-SCHÜTZEN (s.MG)"
"GBOWSKCJQT";"BTR-60PUM"
"GBPLFTKGMZ";"W50 LA/A"
"GBQPRYEOAE";"1-36 pz"
"GBSJSVGXEG";"MILAN"
"GBXCRBBHZN";"3-79. MSP"
"GBXVIJBDTF";"TOA-VCZ"
"GCAOLDXDWR";"MARINES (AT-4)"
"GCCUEIHHKG";"126-ya IAD"
"GCGDOHYSPM";"Mi-2US ADDER"
"GCGVXMHJEK";"#SOV 353-y Gv. Tank. Polk"
"GCINNOHWKQ";"Panzer-Bat. 291"
"GCLEVKKGZI";"MiG-29S"
"GCOZBJCCFF";"3rd Arm/Cavalry Recon Group"
"GCPMTPFHQX";"ML-20"
"GCQELASUUK";"CT-133 SILVER STAR [RKT]"
"GCQKXEFPDO";"M113A1-B"
"GCQZSNGHSW";"AB M1025 HUMVEE TOW"
"GCVRYSXYNZ";"FV432 COMMAND"
"GCXZNUOXNK";"PzGrenadier-Bat. 72"
"GCZNJZWZXI";"MAN KAT 6x6"
"GDCRQKMGXF";"2A21"
"GDDFRNWOFL";"3-44th ADA"
"GDDLFCMDGE";"M813A1 SUPPLY"
"GDECFLEZQI";"CH-47C SUPPLY"
"GDPMCGDQYZ";"MiG-31 [AA2]"
"GDTPDSKXCI";"Esc. de Chasse 3/11 Corse"
"GDUXCDNYTN";"3e Bataillon Parachutiste"
"GDXKUQTPHM";"VBK 20"
"GDZDHKXZGC";"MD-2"
"GEEWFWTUTL";"AANF1 7,62mm"
"GEFBTMRHWG";"[SHOCK#trait_SHOCK] [PARA#trait_PARA] "
"GEHMSVIEHC";"INGENIØR"
"GEIOJRJUNF";"2-64. TP"
"GEJCOXHKJG";"107/108 Afdva"
"GEJQTUPJLR";"ALOUETTE II"
"GEKKGVXETN";"#CZ 71. KDBr"
"GEOKXHSJLK";"3-333-y MSP"
"GEOVZDBVBT";"Special Forces"
"GEPAINRAOW";"FRR-8"
"GEQRWBOAOB";"AB M1025 HUMVEE AGL"
"GETCEMTEXN";"RAZVEDKA"
"GETVYKFIZY";"1-16 pa"
"GEWKQOCEYW";"75 prplot"
"GEYEXTFOLS";"Tampella"
"GFCDWHXWCY";"9K38 Igla-N"
"GFGBAARGRY";"336-Y.G.BR.M.P. OFFICIAL BATTLEGROUP"
"GFGCODEPDU";"MT-12"
"GFKMTBVWQB";"2-670-y Art. Polk"
"GFNUITUCTT";"YPR-765 PRV"
"GFOCGQLFWZ";"673-y otd. Zen.-Rak. Bat."
"GFPIIZPGWH";"#CZ 67. Motostřelecký Pluk"
"GFPOVZIUSB";"Malyutka-M"
"GFQWVQQMOF";"DESANTNIKI"
"GFRRRCMPNH";"COMMANDOS DE L'AIR"
"GFSLQQCBAK";"R-330T TARAN"
"GFTUKJDEOT";"1-237-y Tank. Polk"
"GFVXXKIHKF";"ATO-54"
"GFWNXDRICX";"Escadre de Chasse 3"
"GFZYSJTMQK";"TRF1"
"GGCMOWMBPX";"TOA-PM-120"
"GGEFVCFREY";"LEOPARD 2A4(C)"
"GGJCEUOFXK";"16 br"
"GGKYGZQTEG";"L7A3"
"GGMGMNUOSV";"M101 105mm"
"GGSLNBFHEX";"SNIPER RIFLE"
"GGSXJPQQHB";"FAL"
"GGUQIREIWT";"GRIZZLY CP"
"GGUYVLGVCX";"Ground Surveillance Radar units receive a +1 Optics level when not moving."
"GGXXIFAVGF";"DAF YA-4400"
"GHBUQBKXUA";"1-6 pz"
"GHCLPNTROY";"3-11 pz"
"GHCXUAITJS";"ERC-90 SAGAIE"
"GHFVOYWFSU";"Res. Mot.-Schützenbat. 43"
"GHIXPHTPNX";"I./MSR. 13"
"GHNAICDKEH";"M29 81mm"
"GHQNKQJJNK";"1-41st Infantry Rgt."
"GHTAXOCZQL";"LARO"
"GHVPUBTTQB";"3de Linie"
"GHWFJOJVAI";"PT-76B"
"GHWSJWIOPT";"RESERVISTES"
"GHYMQKZAYZ";"Su-7BKŁ [HE]"
"GHZKLGAEAE";"3-29-y Gv. Tank. Polk"
"GHZUTLOIZT";"1-75 pz"
"GIDPRVDYNR";"BTR-60PB"
"GIEZRYAKVY";"9M117"
"GIJCBPHKYU";"AMX-30EM1"
"GIJGJEPZGT";"MOR. OTDELENIE PODDERZHKI"
"GILNRDFPMA";"BRDM-2 STRELA-1"
"GILTMXTTQD";"USMC Mk.19 40mm"
"GINEUORKPC";"RESERVISTES"
"GIRNYMXRRE";"BM-24M"
"GIRTMPJTLJ";"GREEN BERETS"
"GISLRKYQAT";"A-19"
"GIUDKCQGEX";"#CZ 19. Motostřelecká Divize"
"GIWDPIMXKI";"Stab.-1. MSD"
"GIWEOMABSS";"Teritoriální Prapor"
"GIXMUPKTNG";"M113A1 DOZER"
"GIYRFLGJXE";"AMX-13 VCG F1"
"GIZJVXGLTH";"45 Field Rgt. RA"
"GJBFTLDATS";"AH-1W SUPERCOBRA [AT]"
"GJFWKKLFSP";"1-8 Bah"
"GJHFCZGGRB";"2-244-y Gv. MSP"
"GJIVKSDYZS";"N.G. ENGINEERS (M67)"
"GJJPMPNJNU";"DB-7 DDdes"
"GJKDBHMCEN";"T-62MV"
"GJKMDBDKZK";"DESANT. SNAJPER"
"GJKXWLAGPM";"ATMP MILAN"
"GJONSQJWIG";"MIRAGE III E [AT]"
"GJPCTNKLBZ";"DECKUNGSGRUPPE"
"GJSNLWDGDR";"AGM-65E Maverick"
"GJTATOXEWM";"L11A5"
"GJXNWFIDRH";"86-y otd. Tank. Bat."
"GKBLUEOPUG";"#DDR 9. PzD"
"GKESZLUTXP";"V3S"
"GKFLMOGKFQ";"421TFS"
"GKGKVOWLLI";"TMG M/50 12,7mm"
"GKOUWMLVWS";"Igla"
"GKPQWKKPZK";"I,/Royal Irish Rangers"
"GKSQUEBHOA";"challenge 11 ACR"
"GKSSJLCNLS";"1er Rgt. d'Artillerie"
"GKUVRUDXNW";"T815 MUN."
"GKVKDPJRZL";"Sicherungs-Bat. 4432"
"GLCHUFJCAE";"2-YA GV. MOTOSTRELK. DIV."
"GLCJZUHTEL";"Mk.5 Incendiary"
"GLCZEVUTIJ";"ØSTRE LANDSDELSKOMMAND"
"GLEPREONRL";"3-243-y Gv. MSP"
"GLGEEBMBGJ";"1-28-y Gv. Tank. Polk"
"GLIGKLOZZT";"264kg"
"GLIHWWCESI";"F-16A [AA1]"
"GLOBCNVQEK";"5e RALC"
"GLPCGKHAGP";"Su-22M4 [NPLM]"
"GLPROVHJGF";"CVR(T) STRIKER"
"GLPZNUXNZV";"1000kg"
"GLUDUBWHXC";"#DDR 15. Panzer-Rgt."
"GLVGFHXELM";"1-744-y Art. Polk"
"GLVQKASIWS";"3-275-y Gv. MSP"
"GLVWPWJDUA";"BO-105 PAH-1A1"
"GLZVUWJPDZ";"FlaRak-Bat. 36"
"GMEAMNTOCF";"CHEVROL CHEVRETTE PM"
"GMESKVNKCY";"#SOV 53-ya. Zen. Rak. Brigada"
"GMEZVXTAMY";"BME-330 C"
"GMHKFXKBNB";"M126"
"GMJECVYZVR";"Velitelství a štáb 13. TD"
"GMLQQSLCAX";"HQ-NORTHAG"
"GMMEULKJQS";"ZÁSOBOVACÍ T813"
"GMOKTYCSXJ";"PARA. FV105 SULTAN"
"GMOOBGVHCL";"FlaRak-Gruppe 42"
"GMOVZCGEIH";"BM59-TA"
"GMRKWLNWXW";"#RFA VBK 43"
"GMSVVBVNTM";"#BEL 1ste Wing"
"GMUBTEYDAR";"LehrPz T-72"
"GMULELFSWX";"ODAB-500PM"
"GMVRCNIUFC";"4-y Gv. Razvedka Bat."
"GNCKODYAFU";"SNIPER SAS"
"GNGOLUBGKI";"286-y Zen. Rak. Polk"
"GNIFXKTHNO";"9 TD"
"GNMPCDEVUB";"USMCR AAVP-7A1 WEGS"
"GNOEOVZIJC";"L7A1"
"GNOSBZVIXZ";"BWP-1"
"GNOULDGFIU";"SPW-152A ZPU-2"
"GNSJNMEFJT";"3-MSR. 29"
"GNSPHTHQAB";"LARO"
"GNTKMVQKGO";"1 Regiment AAC"
"GNWAMPYREC";"M55 75"
"GNZXZPTABP";"ATO-54"
"GOBTHMUEXB";"LEOPARD 1 DK"
"GOCYYSBJAJ";"VAB RECO"
"GOHLOJAZQD";"#CZ 55. Motostřelecký Pluk"
"GOMSACYMBS";"MNAD"
"GOOEGYDUTP";"100mm HEAT"
"GOUYKHYXFB";"2-51-y Gv. Tank. Polk"
"GOXLFPUHQX";"2-YA GV. MOTOSTRELK. DIV."
"GOYSWQVKZE";"URAL-4320 ZPU-4"
"GOZTBGYTSL";"MK-77"
"GPETQPLYQS";"MiG-27K [LGB1]"
"GPFACVPVNW";"125mm"
"GPGDZAFZEB";"6800kg"
"GPHAFYSFQC";"1-49. DP"
"GPKBBTQEVG";"T-55AMS MERIDA"
"GPNIXTMLGI";"Aufk.-Bataillon 9"
"GPPWECJXYL";"1-47. DP"
"GPWYRTEKKK";"PzGrenadier-Bat. 82"
"GQGYEISFZE";"3-Royal Canadian Rgt."
"GQHDRYRYZH";"F-15C EAGLE [AA2]"
"GQHGRPMFRT";"M-30"
"GQLAHAUNQF";"Feldartillerie-Bat. 121"
"GQOMDRTMRU";"HS Mk.V"
"GQPQRAFLDI";"Line"
"GQPRSBMQUP";"TORNADO GR.1 [CLU]"
"GQQEHPVWNF";"7,/115-y otd. Tank. Polk"
"GQUCGOCIMG";"M1040 FAV"
"GQUHTWOJGC";"KS-19"
"GQXLQBYQAX";"9M55K5"
"GQXUYULQCB";"11 Tkbat"
"GQZEJGRFAK";"2e Cuirassiers"
"GRCWTGUSTP";"CN-105 F1"
"GRDKJKSWDX";"T-34/85M"
"GRGBDRYTKO";"UNIMOG S404"
"GRIXIPPHOU";"27-YA GV. MOTOSTRELK. DIV."
"GRJBFYQFRM";"MW-1 KB44"
"GRKNWDXKXI";"13. tanková divize"
"GRLGBHATHJ";"Mi-2T"
"GRMJOZGBNX";"AKMS"
"GRNPBWQUVH";"KPVT"
"GRQPLASXQR";"526-y Otd. Zen. Rak. Bat."
"GRTNXIVLPA";"TOP M-43 76,2mm"
"GRWQKTCNQX";"D-30"
"GRZIQBGQGQ";"Jäger-Bat. 712"
"GRZSIGUNIY";"60e Rgt. d'Artillerie"
"GSBIYBJLMY";"FAL"
"GSHEDDHURZ";"RPK"
"GSJNHUIYCT";"3ste Wing"
"GSJPMSOYRZ";"CHIEFTAIN MK. 1/4"
"GSOHQTSLLY";"GEBIRGSJÄGER FÜH."
"GSQHTZMARI";"ALPINI GUASTATORI"
"GSTTAMYEQN";"ADATS"
"GSTZPNINTG";"EM-4e DAM"
"GSXHYQXRIH";"M47E2"
"GSXXTTUETX";"AIM-54 Phoenix"
"GTAHLPQSHT";"#ESP Brigada Acorazada 12"
"GTAVNFKFHP";"AH-1W SUPERCOBRA [AT]"
"GTBHIHTZAL";"F-111E [HE]"
"GTDCYFQWGR";"FRR-17"
"GTFCQRBLSB";"1-5 pz"
"GTKHRNPJUC";"UK Vz.59"
"GTQGBWZKHZ";"244 Afdva"
"GTTSDXHUJS";"2-11 pz"
"GTTZBOGNHM";"PARA. M101 105mm"
"GTVDVDUOHA";"VIB"
"GTVNJNQBMI";"2A36"
"GTVZTGDTWN";"ROVER WOMBAT"
"GTZMNCZKEE";"ALOUETTE III"
"GTZOKXIAOY";"238-y otd. Vertolotnyy Polk"
"GUBDCOXOJE";"MiG-23MLD [AA1]"
"GUCKZLWCRO";"This recon unit is equipped with a portable Ground Surveillance Radar, detecting targets beyond visual range. Once deployed, it needs to remain stationary to function."
"GUDMZCWNOE";"B-11"
"GUFKTDEUDC";"BAW-485"
"GUFTQLBODW";"T-55A"
"GUIHINFIES";"FIRE TEAM (LAW)"
"GULGXMUGGT";"A.109HA-2"
"GULNKRORCZ";"Carl Gustav M2"
"GUNPOVZTCC";"GEB. SCHARFSCHÜTZE"
"GUQDRYXBFW";"T-72B1 Obr. 84"
"GUQUYPXNMN";"HEAVY MACHINE GUN"
"GURMIZNFUM";"Mi-24P [AA]"
"GURQWANHLM";"SNIPER (M82)"
"GURYHOMCRY";"JYSKE DIVISION OFFICIAL BATTLEGROUP"
"GUUELEYSEC";"1-724-y Gv. Art. Polk"
"GUUFLVAQLE";"kbk AKMS"
"GUVPKNSFEA";"240mm"
"GUWQSALBOZ";"AIM-9L(i)"
"GVAFFOSAKJ";"DSh. PULEMETCHIKI"
"GVBVCGWYYL";"AIRBORNE ENGINEERS"
"GVGMMSYWCC";"1185-y otd. Desant. Bat."
"GVKTGGDEWI";"19. MOTOSTRELECKE DIVIZE"
"GVMWHXMHGU";"I./Royal Rgt. of Fusiliers"
"GVQCRFUAOZ";"#RFA  73. Heimatschutz-Brig."
"GVRTXWTSXD";"M-108"
"GVSUAECMHM";"SEP/ELK"
"GVWXIKSWWN";"519-y Otd. Zen. Rak. Bat."
"GVZGFSNAMD";"RALCA II/62"
"GWECBXZFHB";"3-302-y Gv. MSP"
"GWERMIMSPM";"M47"
"GWEURNCXIL";"2-96-y Art. Polk"
"GWHKWPIMCE";"#US 4th (Aviation) Brigade"
"GWHTQVXRKM";"Air Defense"
"GWJRTCPXVK";"PARA. GUN GROUP"
"GWLJBZLLUR";"9M33M3"
"GWMUGGFPRZ";"Electronic Warfare aircraft have powerful Electronic Counter Measures (ECM) equipment which they project in an area of effect. Within this range, any enemy air defense radar is disrupted, with the target unit's weapons losing 20% Accuracy. The Electronic Warfare aircraft also has SEAD-level of Air Optics, allowing them to spot enemy units equipped with radar from afar."
"GWNXQAXDUV";"PTS-2"
"GWRNITVDHR";"N.G. M728 CEV"
"GWWYWGALIT";"7-6th Mech. Infantry Bat."
"GXBUHJPXEF";"Pz.Kan. 61"
"GXCTESPTZX";"ALOUETTE II PC"
"GXIJGWRFEM";"I,/The Green Horwards"
"GXJBWRADYP";"Unguided air-to-ground rockets are fired from aircraft and helicopters at ground targets.
A common weapon, rockets normally lack an active guidance system, separating them from missiles. A simple and easy-to-use weapon - though not very accurate - rockets are convenient in a short-range or area saturation role. Carrying various types of warheads, rockets are frequently fired from rocket pods in devastating salvoes. "
"GXJKQMQNKU";"2-36. DP"
"GXJMRVHXOO";"MFRW RM-70M [NPLM]"
"GXLCMHRNQH";"M16A2"
"GXNLSRUAKG";"C.14A [HE/CLU]"
"GXSSPUTXSJ";"LUFTSTURM-JÄGER"
"GXTUSODCCT";"1 Brygada Saperów"
"GXVOSABVJZ";"PZR KUB-M3"
"GXVZANBEUY";"3RD INFANTRY DIVISION"
"GXWAXUMLFI";"A-10A [RKT]"
"GXXHELBYEE";"YPR-765 PRAT"
"GXYVXIQXVW";"SPW PSH"
"GYBHUOUTOD";"#DDR 29. Mot.-Schützen-Rgt."
"GYFEDUSQGR";"Kom./207-ya MSD"
"GYPOTPNSDB";"3rd Armoured Division"
"GYQZLKPCXT";"T-64BV"
"GYRPBPCKNG";"SGMB"
"GYSKBPOUPJ";"2e Chasseurs"
"GYTEAVAREE";"2-237-y Tank. Polk"
"GZCUNBYSJD";"Panzer-Bat. 311"
"GZELJWKNKM";"667-y otd. Zen.-Rak. Bat."
"GZIRYXVNAQ";"#NL 4e Divisie"
"GZLGDVETLB";"510th Tac. Fighter Sq."
"GZMTMDBYHT";"#SOV 168-y Gv. MSP"
"GZOJSZLAJM";"PPLRK IGLA"
"GZOMFMKNGP";"#DDR  7. Panzerdivision"
"GZOTVZSZAM";"Mi-8T ZAOP."
"GZPALNGOYC";"LEOPARD 1 DK"
"GZPEGOUCYY";"#SOV 46-y Zen.-Rak. Brig."
"GZUJVESEXF";"8.6mm"
"GZVQUYSAGO";"3-16-y Gv. Tank. Polk"
"GrenSMK";"Smoke grenade"
"GrenSOV";"RDG 33"
"GrenUS";"Mk.2 Grenade"
"Grenade";"Explosives"
"HAAXMEIALA";"DESANTNIKI (BMD)"
"HABIBUZCHJ";"2-MSR. 3"
"HABTQWXJKV";"9M117"
"HAICSNUMDK";"3e RCP"
"HAINDEIBFY";"GACA ATP XII"
"HALSKQEVOY";"E-44"
"HANDQQBIWU";"Panzer-Bat. 34"
"HAPIVYHVCS";"1-MSR. 32"
"HAQNKPSWJP";"#SOV 55-y Gv. Tank. Polk"
"HARAXTYDGA";"MPi 81"
"HASBHNNBYW";"REZ. MAKSIM 7,62mm"
"HATUJCWMAV";"MOT. RIFLES (CarlG)"
"HATVFNEETM";"L1A1 12,7mm"
"HAUDUVJUHB";"HEIMAT-JÄGER"
"HAWGZNZOIC";"Kannone 1948/73"
"HAXNFGIIRI";"25 dar"
"HAZUTDBIVA";"MiG-25RBF [HE]"
"HBCFCBUCQE";"REZ. 2B14 82mm"
"HBDTLOOCFQ";"PzGrenadier-Bat. 323"
"HBECOFYDPI";"MiG-23P [AA]"
"HBFZKAGDFL";"Su-24M [SEAD]"
"HBJNCPCXQE";"1-20. TP"
"HBKVFOADXE";"Su-22M4P [SEAD]"
"HBLOGNOHVD";"Su-25K [RKT]"
"HBNUINTDLL";"LIGHT RIFLES (LAW)"
"HBOFOYIZLI";"3. div. protivzdušné obrany"
"HBOMXSXIYI";"CH-136"
"HBYNRMCOJI";"DSh POGRANVOISKA KGB"
"HBZXRINZCI";"Ka-50 AKULA [AA]"
"HCABMXOJGT";"SPz 63/73"
"HCBIYFVGXV";"MO-81-61C"
"HCEYQEJOTG";"MARINES (LAW)"
"HCFPUMJVVQ";"MT-LBu"
"HCGEERBCDF";"MOR. BRDM-2 STRELA-1"
"HCHUHTBIYJ";"Vehicle"
"HCHYGOJSST";"JÄGER (CarlG)"
"HCLTYSZFOY";"Sicherungs-Bat. 28"
"HCNKWQSIJT";"The standard weapon for a large number of frontline soldiers, the battle rifle is effective against enemy troops at intermediate ranges.
Heavy and powerful, battle rifles are very accurate and deadly when the shooter is immobile, but quite less than an assault rifle on the move, especially since it uses smaller magazines. Most assault rifles can be modified with accessories such as scopes, foregrips, night vision devices, or single-shot grenade launchers."
"HCPLCTXCHC";"Mk.3M-A1"
"HCUYKKACCT";"PaK D-44 85mm"
"HCYDSUJAFH";"AUVERLAND ANF1"
"HCYYPSFGOA";"AV-8B HARRIER II [RKT]"
"HDBCLNPLID";"Aspide 1.A"
"HDBXTINOHE";"C-90CR"
"HDCXNUNGIY";"FUZILEIROS"
"HDGSCRZWNC";"Bidons spéciaux"
"HDJXZZLXPD";"Su-15TM [AA2]"
"HDKOQEHCJN";"HM-3 COUGAR"
"HDOWAKNQNK";"CHINOOK HC.1"
"HDPEQOQKBX";"M35 SUPPLY"
"HDPGHPSFLE";"M109A2"
"HDQPSYLNXS";"2ND INFANTRY DIVISION"
"HDRSCYUFRV";"SPz BMP-1P(D)"
"HDSGRGVEZW";"#SOV 288-y Gv. MSP"
"HDUNJBXEON";"Mi-14PL"
"HDVZGBPYOU";"LEOPARD 1V"
"HDWFLFGHNW";"F 35 WDNS [RKT]"
"HDWKSKWHQT";"3-319th Field Art."
"HDZECGFPGR";"ALARM"
"HEAFRSSEJL";"MFG BOFORS 40L70G"
"HEFQFWZCJE";"PzGrenadier-Bat. 192"
"HEFRKMJXZB";"24TH INFANTRY DIVISION (MECH.)"
"HEFSOSEAGJ";"PZ.GRENADIER (CarlG)"
"HEKYMTBRBF";"VPB GR.-MG 30mm"
"HELEEEWWHS";"1ST CAVALRY DIVISION"
"HENLGLHHAL";"3-3rd Attack Helo. Bat."
"HENQIQMGMR";"1st Royal Tank Rgt."
"HENWCUXLTN";"FlaRak-Bat. 34"
"HESIEMSOLD";" M1008 CUCV AGL"
"HEWSNUTIYY";"MNAD"
"HEXLCZCEKY";"F-111F [LGB2]"
"HFDYJGVXLK";"SPAHIS"
"HFGKKWWJDX";"PIONIER (Flam.)"
"HFMCQDUSQA";"17. MOT.-SCHÜTZEN-DIVISION"
"HFPUEYYLWJ";"210th Field Artillery Brig."
"HFQFUMFNPM";"BWP-2"
"HFQJIOKJHG";"294-y ORAP"
"HFSIDMHYQJ";"3-37 pz"
"HFSKEQIYIF";"CENTURION Mk.5/2"
"HFVMTIDTKF";"TRACKED RAPIER"
"HFVNREOUFF";"SNEB"
"HFYMGWDAEP";"340kg"
"HGAUZMNKNM";"BMR-PC"
"HGAVKPVDVL";"#RFA  I. Korps"
"HGCUNCZPPL";"MIRAGE IV [HE]"
"HGDCPBVKWS";"23 Brygada artylerii armat"
"HGDVQNTZRP";"M43 120mm"
"HGEDJUSXQE";"#NL 101 Vagp"
"HGFBDYPFYR";"Mi-24V [RKT]"
"HGGLVRDUTJ";"F-14A TOMCAT [AA]"
"HGIIPZBLIZ";"VELITEL STŘELCŮ"
"HGKISXPUEB";"F-104G [AT]"
"HGLOCHPOWM";"Panzer-Lehr-Bat. 213"
"HGPGDUUVOQ";"7-YA GV. TANK. DIV."
"HGQEITXRLI";"LEGION. MILAN 2"
"HGQPDPGGLB";"Mi-8MT GRUZOVOI"
"HGRWTNZYMJ";"2-117-y Gv. MSP"
"HGTLIRAAYA";"RCLA Santiago"
"HGUSBWTDMB";"8 Brygada artylerii haubic"
"HGVNIVVCTQ";"M113A1 KSN"
"HGYVSAUCIQ";"CHIEFTAIN MK. 9"
"HGZLEWELYV";"FV103 SPARTAN"
"HGZURXFLTT";"MT-LB SNAB."
"HHAJRVECJX";"FUSILIERS"
"HHHTNBWMHE";"DIVISION ACORAZADA 'BRUNETE'"
"HHICQWQLBH";"RPG-27"
"HHJOAYIDFL";"MORSK. BRDM-2 STRELA-1"
"HHORUFBNQE";"ROVER RMP"
"HHPZKQXUBF";"GBU-27"
"HHQCJJZLLP";"AGM-65D Maverick"
"HHSUYRJKEA";"3-73 pcz"
"HHSYRLLZLC";"Type 54"
"HHUGAYSCFV";"MO-81-61C"
"HHYAUDURND";"1-67th Armored Bat."
"HIAQOFBAUJ";"1-3. DP"
"HICGPFBOCE";"DESANT. MOR. 2S12 120mm"
"HICQRFDZVX";"PKM 7,62mm"
"HIDFEZYDOV";"MD JUPITER MUN."
"HIDHCFQITV";"Artillerie-Bat. 545"
"HIEFMUCUBB";"SANTANA MANDO"
"HIJNGDVVOO";"Token inexistant IVOQGNOYZG dans SERIOUS_Localisation_Unites"
"HIKHLYMCGU";"AS.30L"
"HIMGUDXXCO";"TRABANT MILITÄRSTREIFE"
"HINQLXQGMR";"3-204-y Gv. MSP"
"HIOJWYCKZX";"BRDM-2"
"HIPYAUFBUI";"M1038 HUMVEE"
"HIQWVAEJEE";"#SOV  70-y Gv. Tank. Polk"
"HISBEL16PD";"The 16e Pantserdivisie, or 16th Armored Division, was one of the two original formations of the Belgian Army’s I (BE) Corps, forward deployed in NORTHAG from 1951. While Belgium never wavered in its commitment to NATO, for most of the Cold War, its underfunded bilingual armed forces were regarded as one of the least powerful in the alliance. By the end of the 1980s, however, serious efforts were made to modernize and introduce new weaponry in the Belgian Armed Forces.

Close to a mechanized infantry formation, the 16e Pantserdivisie is reinforced with well-trained reconnaissance troops. It also includes Luxembourg's diminutive contribution to NATO: a light infantry battalion equipped with American-made materiel. One of the most recent Belgian acquisitions is the AIFV armored vehicle family, transporting Mech. Fusiliers infantry. Armor support takes the form of the Leopard 1 (BE), including the rare Leopard 1A5 (BE). The division’s recon forces are prolific users of the CRV(T) family of vehicles, from Spartan to Scimitar light tanks, backed by ESR special forces available as 6-man recon or 2-man sniper teams. A handful A.109HA helicopters have been pressed into active service, which, together with the Gepard 2B SPAAGs, Épervier UAVs, Mistral AA MANPADS, and the Belgian Air Force’s F-16A with HE and Cluster payloads, constitute some of the most advanced equipment of the Belgian Army."
"HISBELDIMO";"The Division Mobilisation was the Belgian Army’s umbrella designation for various interior troops called upon to reinforce I (BE) Corps in West Germany in case of conflict. If an enemy breakthrough or airborne assaults threatened Belgian territory directly, this NATO rear-area formation would also provide local security for key sites and army assets. Division Mobilisation included a collection of Territorial regiments, regular light infantry, plus Gendarmerie military police and its armored squadron, plus shadowy stay-behind special forces. Older stockpiled equipment from weapon depots, as well as heavy anti-air units, would also fall under the division’s command.

The Division Mobilisation, while fielding older weaponry, is a mechanized battlegroup at heart. This includes the light M41 tank, the heavier M47 main battle tank, M75 APC and command vehicle, BDX wheeled APCs, plus FN 4RM 62F Gendarmerie armored vehicles. Chasseurs Ardennais light infantry will deploy side-by-side with False Flag-traited SDRA8 saboteur squads. Artillery ranges from the World War II-era Long Tom 155mm and M1 8-inch 203mm howitzers to slightly more modern M108A2 105mm and M55 203mm self-propelled units. Potent anti-air cover is provided by HSS.630-3 triple 20mm and Bofors M/54 57mm heavy AA guns, and I-Hawk SAM."
"HISCAN1ID";"The 1st Canadian Division had a distinguished combat record spanning both World Wars, though it was mostly inactive during the Cold War. Reactivation came in 1988, when the formation was used to consolidate the Canadian land forces based in Lahr, southern West Germany. The overarching Canadian Forces Europe, including the 1st Canadian Air Division, was to be placed under French command of SOUTHAG in case of war.

The 1st Canadian Division counts on two infantry brigades, the heavy 4 Canadian Mechanized Brigade-Group, and the much lighter 5e Groupe-Brigade Mécanisé du Canada. Infantry follow their parent brigade in strength and mobility, from Mech. Rifles, Tank Hunters, CFMP military police, or Reserve squads with Canadian-designated small arms. They deploy in either tracked M113 or wheeled Grizzly APCs, including a rare Grizzly CP escort. Canada’s main battle tank in the late Cold War is the Leopard C1, a Leopard 1A3 upgraded with more accurate fire-control systems. Another interesting unit is the Cougar, acting as a fire support vehicle. The fast CL-89 drone provides valuable eyes in the sky, while the unique ADATS fires dual-ATGM and AA missiles. The Royal Canadian Air Force fields the state-of-the-art CF-18 (F-18) in a variety of different load-outs, backed by CF-5A, Silver Star MK.3AT trainers, and EF-101B Electric Voodoo EW planes."
"HISCZ19MD";"The Czechoslovak People’s Army 19. Motostřelecká Divize, or 19th Motor Rifle Division, was created in 1958 in Plzeň, its home base for the duration of the Cold War. The ČSLA’s motorized rifle division, much like other Warsaw Pact allies, was structured along the Soviet Army lines. In the event of war, reorganizations would see the 19th Motorized lose one of its infantry regiments but, in turn, gain the famous 22nd Airborne Brigade and a helicopter regiment. 

The 19. Motostřelecká Divize features a strong core of logistical and command units, from the T813 heavy supply truck to the OT-62/R4MT command APC. They serve the capable but limited number of Motostřelci mechanized infantry, backed by a handful of elite airborne Výsadkáři special forces, including weapon teams equipped with recoilless rifles, Igla AA, and Konkurs ATGMs. Supporting arms, such as artillery with its domestically-made Dana self-propelled howitzers, the 120mm mortar-carrying Prám-S and the long-range SHK 2S7, can deploy side-by-side with T-72M1 tanks, advanced T-55AM1s, OT PTRK Konkurs tank destroyers, and PLRK Kub mobile SAMs. Several other potent units round out the divisional arsenal, including the dual-Jammer and SIGINT-traited Mi-17Z2 helicopter, MiG-29 air defense fighters, the Su-25 ground attack aircraft in large numbers, and the Mi-24V gunship in various configurations."
"HISCZ1TD";"The 1. Tanková Divize, or 1st Tank Division, was formed in 1958 by the Československá ľudová armáda or Czechoslovak People’s Army (ČSLA). The ČSLA’s political allegiance to the socialist cause was seriously questioned after the Prague Spring of 1968, with low morale and strict Soviet oversight still felt by the late 1980s. However, thanks to Czechoslovakia’s well-established industrial base, its armed forces were considered one of the best-equipped in the Warsaw Pact, from small arms to IFVs and aircraft. 

The 1. Tanková Divize, as part of the ČSLA’s 1st Army, was to be used as a well-trained exploitation force. The division’s mechanized troops rely heavily on the capable T-72M, including the T-72S, and the BMP-2, both produced domestically under license. Regular Motostřelci infantry and Ženist combat engineers can also deploy in BVP-1 and OT-64 APCs (Polish-made SKOT). The division’s artillery forces are well-equipped, ranging from M Vz.52 82mm mortars, self-propelled SH M 2S4 Tulipan 240mm mortars, and an SVO demining vehicle with its massive, 240mm short-range mine-clearing rockets. Recon is another category that shines, with units such as SHPZ recon special forces, BPVZ Svatava radar-recon, and the Tu-143 recon drone. The Československé letectvo, or Czechoslovak Air Force, deploys either the MiG-23BN with a variety of ground strike payloads or MiG-23MLA in an air defense role."
"HISCZ2MD";"The Czechoslovakian 2. Motostřelecká Divize, or 2nd Motorized Rifle Division, was part of the frontline 1st Army located on the southern frontier of the communist country. Guarding the tri-border area of Czechoslovakia, West Germany, and Austria, border guards form an integral part of this Warsaw Pact battlegroup. In case of war, the formation would have been one of the more capable units of the ČSLA, though it would rely heavily on territorial battalions to shore up any enemy breakthrough or flanking attempts. 

As a mechanized division, the 2. Motostřelecká Divize fields not only plentiful OT-64 APCs, but also lavishly equipped with modernized T-55AM2 tanks, including the ATGM-wielding AM2B variant, while also being in the process of upgrading its tank regiment to the capable T-72M1. Older T-54Bs round out the battlegroup’s armor force, which will fight side-by-side with regular Motostřelci and reservists, larger Pohraničníci border guards featuring the Mountaineer trait, and various infantry scouts.  Several potent units can be deployed from the division’s arsenal, such as the R-330T Taran MT-LB-based SIGINT vehicle, the light M-46 130mm howitzers and RM-70 Cluster-equipped multiple rocket launchers, sourced from army corps detachments. The older SU-7BKL “bomb truck” ground attack aircraft will be covered by more modern Su-22M4, MiG-21MA, and MiG-23MLA as air superiority fighters."
"HISCZ303TD";"The Czechoslovakian 303. Tanková Divize, or 303rd Tank Division, was planned to be activated during war in a rear-area home defense role. The division’s cadre would come from training personnel, rounded out by reservists and territorial militia, with equipment drawn from secondary storage sites. A sprinkling of modern vehicles and weaponry would give the 303rd Tank Division a boost in combat power.

The battlegroup counts on numerous infantry, fielding weaponry of varying quality and age. They can deploy en masse, from Lidové milice to large Záložníci reservist squads in OT-65VP and OT-810/R2 half-tracks, amongst others. While an armored formation in name, the division’s large tank force mainly consists of older vehicles, including T-34/85M and SD-100 tank destroyers, backed by slightly less venerable T-54Bs, and a handful of T-72M-E2. Other vintage equipment includes KH Vz.18/47N 152mm howitzers, PTK Vz.52 85mm anti-tank guns, and the Mi-4 helicopter. One of the division’s strong points are its AA defenses, ranging from the massive PLRK Krug SAM to an array of towed AA guns, such as the large PLK KS-30 130mm. Air cover is potent, with a mix of lighter L-39 jet trainers pressed into close air support service to the ubiquitous MiG-21MF and the Su-22M4 in ground-strike roles. "
"HISDKJyske";"The Royal Danish Army’s largest and one of the few standing formations during the Cold War was the Jyske Division, or Jutland Division. Raised in 1951 and headquartered in Frederica, the Hæren formation was part of Western Command and was to be transferred to NATO’s LANDJUT in case of war.
The small Danish army would rely on the Jyske Division to guard the Jutland peninsula from enemy invasion, including supporting its West German allies in Schleswig-Holstein.
Likely slow to mobilize, the Jyske Division in the late 1980s amounted to three mechanized brigades and one artillery brigade, plus several independent battalions.

The Jyske Division deploys the capable Panserinfanteri mechanized infantry, Ingeniører combat engineers, and motorized Infanteri Pnæv squads, supported by heavily armed Jægere special forces. Transports available include Bedford M2JP trucks, M113A1, and Laro jeeps.
Second-generation Leopard 1 DK main battle tanks, plus the upgraded Leopard 1A5-DK, provide armor support, further backed by older Centurion Mk.V with their original 20-pounder tank guns, and modernized M41-DK1 recon tanks.
Other noteworthy units are the M113A2 PNMK, a Danish-modified APC with the Oerlikon 25mm autocannon, the PVH Fennec helicopter, and the Home Guard’s SEP/VLK long-range recon squads.
The Royal Danish Air Force protects the skies with both the F-16A in a variety of load-outs, and the iconic Swedish-made Saab 35 Draken."
"HISDKOstre";"The Østre Landsdelskommand, or Eastern Command, encompassed all units earmarked for the defense of the Danish Isles, specifically Zealand (home to Copenhagen) and the remote Bornholms garrison.
The independent Zealand Brigades and Zealand Battlegroups formed the nucleus of the formation’s fighting power, supplemented by a large contingent of Danish Hjemmeværnet, or Home Guard. Comparable to other reserve arms, this latter land-branch of the Danish Armed Forces was highly motivated and trained, stood up to oppose any kind of enemy invasion during the Cold War.‌

The Østre Landsdelskommand is a reserve formation which can deploy plentiful infantry, from regular Infanteri to more numerous 12-man Home Guard squads and Danish Navy’s frogmen, the Frømænd.
Armored vehicles are notably old and include Centurion Mk. V/2 DK, M41-DK1 light tanks, and even HJV M/10, which are re-used World War II-era M10c Achilles tank destroyers.Air defenses are formidable, from the LRKT Hamlet MANPAD teams to I-Hawk and Bedford Firling 12,7mm gun trucks. The Danish Navy deploys the S-61A helicopter, either as a radar recon or supply unit.
The Flyvevåbnet, or Royal Danish Air Force, provides potent air cover with its fleet of Saab F-35 Draken, in air superiority and close air support roles. The U.S. Marine Corps also comes to the aid of its NATO allies with its F/A-18A in fighter and SEAD loadouts."
"HISDZNMXRJ";"2A26"
"HISFR11DP";"The French 11e Division Parachutiste was created in 1971 by regrouping various fast-reaction and paratrooper forces. While French divisions were generally smaller than comparable NATO formations, this Cold War battlegroup was the exception, featuring no less than seven airborne infantry regiments. It formed half of France’s quick Force Terrestre d’Intervention, deploying to Chad, Zaïre, and Lebanon. In the event of war, the 11e Division Parachutiste would rapidly deploy to the most pressing NATO sectors in West Germany.

The 11e Division Parachutiste counts on strong, fast-moving infantry, with plenty of units featuring the Airborne trait. These include veteran Chasseurs-Paras and Sapeurs-Paras, elite Legionnaires-Paras, plus supporting weapon teams and vehicles. A second wave is composed of Aeromobiles in Puma helicopters and Reservistes infantry. French materiel clearly focuses on mobility, with examples such as the VBL armored car, the light ERC-90 Sagaie wheeled tank, the recon AML-90, and the VLRA Milan. The Gazelle Celtic in anti-air configuration, Puma medium helicopters in supply and command roles, and the Puma Pirate as a gunship make up the division’s helicopter force. The Armée de l’Air provides formidable air cover, from ground-attack planes such as the Mirage 5F and Jaguar in a variety of configurations to SEAD and cluster bombers. Fighters include Mirage 2000C RDI and Mirage F1C-200, plus the advanced F1 CT variant with laser-guided bombs."
"HISFR152DI";"The French 152e Division d’Infanterie was a reserve formation based near Plateau d’Albion in southeastern France. Its Cold War mission was simple: to protect the critically important French nuclear arsenal and missile silos at Base Aérienne 200 from any prospective enemy incursion, sabotage, or air assault. Formed in 1979 as a training unit with a cadre of professional soldiers as part of the 5e Division Militaire, additional reservist units would be attached in case of conflict. This includes two Régiment d’Infanterie de Marine, or naval infantry regiments, rounded out by regular infantry, armored cavalry, and combat engineers.

The 152e Division d’Infanterie counts on Base Aérienne 200’s own defenses to boost its firepower, including heavy Commandos de l’Air security special forces, a smattering of Reserviste squads, backed by Marsouins naval infantry and the VIB APC available in a range of configurations. The AML-90 armored cars can be deployed en masse, while anti-air forces are likewise potent, from the Cerbere twin 20mm guns to the formidable Crotale SAM. Air cover is very capable, from nimble Alpha Jet Es to older Fouga Magister, with additional French Aéronavale Naval Aviation F-8P Crusader and Super Etendard fighter-bombers providing key close air support."
"HISFR5DB";"The French 5e Division Blindée fought with distinction in World War II. Afterward, the armored division remained stationed in West Germany. While France officially withdrew from NATO’s integrated command in the 1960s, its forces remained closely aligned with the military alliance. The 5e Division Blindée was a mobile tank division, with French doctrine emphasizing speed over armor. At the first sign of war, the division as part of a French vanguard, would rapidly deploy to reinforce SOUTHAG-based West Germans and Americans.

The 5e Division Blindée includes the AMX-30B2, the French main battle tank of the era, and, while lightly armored, it is fast with a powerful tank gun. One of the latest variants was the AMX-30B2 Brenus with ERA reactive armor. Mechanized infantry are available as 8-man Chasseurs squads in AMX-10P IFVs or 10-man Grenadier-Voltigeurs in VAB APCs, backed by Commandos special forces. ATGM carriers firing long-range HOT 2 missiles can be deployed as the VAB Mephisto and AMX-10 HOT. The 5e Division Blindée fields strong supporting arms, from quick recon AMX-10RC Surblindé to the advanced AMX AuF1 155mm self-propelled artillery, anti-air TRM-2000 Tarasque gun trucks, and radar-controlled AMX-13 DCA. Air assets include Mirage 5 F and Jaguar ground attack planes, while Mirage III E fighters and more modern Mirage F1C-200 contest the skies for air superiority."
"HISFR6DLB";"The French 6e Division Légère Blindée, or 6th Light Armoured Division, traced its origins to a World War I cavalry division, also seeing action in World War II. During the Cold War, the formation was reorganized several times, before becoming famous as the late-1980s armored first of the Forces d'Action Rapide, France's counter-operational maneuver corps. Due to its very light organization and arsenal, and great emphasis on battlefield mobility, the division’s ability to deploy on very short notice was unrivaled in the French Army.

The 6e Division Légère Blindée is an extremely fast battlegroup, forgoing tracked vehicles or other cumbersome units for additional speed. It can also count on a large number of Légion Etrangère infantry, the Foreign Legion, deployable with extra veterancy in regular, command, Sapeurs, ATGM, and weapon teams. They are further represented with several unique vehicles from Legion. Mo-120-RT61 120mm mortar, VAB PM-81 Legion self-propelled mortar, AMX-10RC SB Legion, and P4 Milan jeeps, amongst others. The predominance of mobility leads to an eclectic mix of units, such as the Gazelle CP command helicopter and the Berliet GBU 15 supply truck, with a particularly cutting-edge weapon being the TRF-1 155mm towed artillery gun. Recon is likewise a divisional strong suit, from Spahis recon squads to AMX-10RC Legion recon armored vehicles to the SA.330B Puma Orchidee recon helicopter."
"HISFRDdR";"The French Division du Rhin was one of the shortest-lived formations to exist at the end of the Cold War. This division consolidated several rear-area and second-echelon troops in the French First Army, including reinforcements from the 7e Division Blindée and West German territorial troops. As part of SOUTHAG, it had one key mission: to protect the transfer of multiple divisions from France to southern West Germany in case of war, defending and organizing traffic around the critical Rhine bridges.

The Division du Rhin is made up of plentiful combat engineers and their equipment, as well as supporting infantry, including Reservistes, plus a powerful umbrella of anti-air units. They are backed by Sapeurs, weapon teams, Gendarmes Mobiles - transportable in police-blue Traffic Gendarmerie or VBRG armored cars - and West German Jäger squads. Vehicles and weaponry are noticeably of older origins, from M47 Dozer and AMX-13 tanks, the AMX-13 T75 featuring the venerable SS.11 missile, to F3 Automoteur 155mm self-propelled artillery and M55 Maxson quad AA. A sprinkling of advanced units can deploy, including LRM multiple rocket launchers and several aircraft, such as Alpha Jet Es, Mirage III Es with anti-tank and SEAD payloads, Mirage 2000C RDM in air defense roles, and Mirage 5 F fighter-bombers."
"HISNL4D";"The Royal Netherlands Army’s 4e Divisie was part of the I (NL) Corps, guarding the northernmost sector of NORTHAG, including the exposed Covering Force Area near the Inner German Border. Due to political considerations, Dutch war plans saw the bulk of the Corps’ units based in the Netherlands. An optimistically planned mobilization during conflict would likely not have been as rapid as envisioned, with Dutch forces in West Germany having to fend for themselves for much longer than anticipated.

The 4e Divisie’s mainstay is the state-of-the-art Leopard 2A4, giving the mechanized infantry division a serious boost in armored firepower. Older Leopard 2A1 and Leopard 1NL variants are also available. The same AIFV series of APCs and IVFs as found in the Belgian Army, designated the YPR-765 in Landmacht service, can deploy, from the convolutedly-named PRRDR radar recon, to command, supply, cargo, and a TOW-2 equipped YPR-765-PRAT. Mechanized infantry comes as Pantserinfanterie and Genie combat engineers, with Natres reservists filling out the ranks. Recon is potent and includes Verkenners recon and Korps Commandotroepen special forces squads, the 25mm autocannon-fielding M113 C&V, and the Cheetah PRLT, which is a Dutch variant of the Gepard SPAAG. The Royal Netherlands Air Force was one of the first NATO partners to field the F-16, which is backed in the sky by the older NF-5A Freedom Fighter in a variety of roles."
"HISNLCLKA";"The Dutch Commando LegerKorpsAchtergebied, or simply CKLA, stood for Rear Area Command, a war-activated command to be created as part of the I (NL) Corps fighting in NORTHAG. It would have been used to secure the immediate rear of the main Dutch divisions close to the Inner German Border. The main component of this Landmacht formation was the 101. Infanteriebrigade, supported by the VerkBat 105 recon battalion. The infantry, mostly recently called up mobilized reservists with near-regular training and equipment levels, would safeguard strategic rear-area assets, from long-range anti-air units to heavy artillery guns.

The CKLA’s arsenal features a host of capable units, from DAF YHZ-2300 Vracht heavy supply trucks, Beveiling security troops, military police’s M113 C&V KMAR APCs, to the iconic YP-408 wheeled armored vehicle series available in a variety of configurations, including YP-408 PWCO command, YP-408 PWRDR radar recon, and YP-408 PWAT tank destroyer. Older-generation Leopard 1V main battle tanks fight side-by-side with a handful of the heavy-hitting Leopard 2A4(B). Supporting arms range from cluster-equipped M270 MLRS, modernized M114/39 155m towed guns, or self-propelled M110A2 heavy artillery. Much like its ground forces, air cover is varied, from Dutch F-16A in air defense roles, American F-16C used for close air support, NF-F5A fighter-bombers, plus F-4E and F-4G Phantoms in both air superiority and SEAD roles."
"HISPOL15DM";"The Polish People’s Army’s 15 Dywizja Zmechanizowana, or 15th Mechanized Infantry Division, was earmarked for any planned offensive on the Danish Isles. Acting as a follow-up second-echelon wave to the first assault corps, the formation would be ferried to hostile shores in order to mop up any remaining opposition. Most of the division’s manpower was made up of reservist forces, with a sprinkling of regular soldiers.
The 24th Mortar Brigade would beef up the formation’s organic artillery with older, but still potent systems. Additional support in any wartime invasion across the Baltic Sea would come from East Germany’s naval infantry and Soviet air power.

The 15 Dywizja Zmechanizowana counts on numerous Rezerwiści squads, deployable in Topas-2A or LO-1800 transports, as well as reserve Rez. Zwiadowcy scout teams. Nationale Volksarmee’s “armored sailors,” the Panzermatrosen, can also deploy with SPW-70 APCs, landing on hostile shores alongside Polish Formoza special forces squads.
Artillery is plentiful, from M43 160mm to super-heavy M240 240mm mortars, plus A-19 122mm towed guns, and BM-14M and BM-24M multiple rocket launchers. Older-generation tanks include the upgraded T-55U and the slightly more venerable T-55A and T-55AS with mine-clearing rockets.
Three different Warsaw Pact air forces fly top cover, from Polish Su-7BKL with Napalm and unarmed Electronic Warfare variants, East German MiG-21bis in air defense roles, and highly capable Soviet Su-27S air superiority fighters."
"HISPOL20PD";"The 20 ""Warszawska"" Dywizja Pancerna, or 20th “Warsaw” Tank Division, was created in 1951 in Szczecinek, being turned into a full-fledged armored formation in 1955. The division took on the traditions of the 1st Warsaw Cavalry Brigade in 1967 and, as such, received the distinguishing name ""Warszawska.” It was the sole armored division of the northernmost Polish 1st Army, directed to attack either Denmark or Hamburg in conjunction with the East German 5th Army.

The 20 ""Warszawska"" Dywizja Pancerna featured one of the few BWP-2 (Polish service name for the BMP-2) battalions in the Polish People’s Army, with the IFV bringing to battle the Piechota mechanized infantry squads. The armored spearhead of the division is formed by T-55 and T-72 tanks, including the domestically upgraded T-72M2 Wilk, further supported by the very capable, wheeled AHS WZ.77 Dana 152mm self-propelled artillery. A ground radar-equipped special forces Rozp. Specjalne (GSR) team can deploy in either Polish-made Honker jeeps or BRDM-1 armored cars. Rotorcraft are few and far between, but do include the diminutive Mi-2 in Mi-2US recon and Mi-2URP Salamandra light anti-tank helicopter with Malyutka missiles. The Polish People's Air Force, or Ludowe Lotnictwo Polskie, takes to the skies with the MiG-21 in an air defense or close air support role, backed by the Su-22M4 with either a rocket or anti-tank payload."
"HISPOL4DM";"The 4 Dywizja Zmechanizowana, or 4th Mechanized Infantry Division, was originally formed in Ukraine by Polish communist forces in 1944. After World War II, the force was integrated into the new Polish People’s Army, or Ludowe Wojsko Polskie (LWP), and later reorganized as the 4th Mechanized ""Pomeranian"" Division. During the Cold War, the formation maintained full combat readiness, and in case of war, was destined to become part of the mobilized Polish 2nd Army, to see action against NORTHAG.

The Polish 4th Mechanized Infantry Division shares many similarities with its East German cousins in terms of equipment and organization, with the first-generation T-55 main battle tank as its workhorse, and the BWP-1 (BMP-1 in Polish service) as its primary IFV. Despite the Soviet-imposed uniformity, the LWP did field numerous domestic-made weapons and vehicles. Piechota, Komandosi, and Saperzy infantry either deploy with RPG-7VM or the indigenous RPG-76 Komar. The Czechoslovakian-Polish Skot is one of the main wheeled APCs, while the Star-266 is the first choice as a truck and prime mover. The upgraded T-55AM Merida, with its highly accurate fire-control system, is another example of a successful Polish design. Furthermore, Poland developed many variants of the lighter Mi-2 helicopter, including the W-3W Sokol."
"HISPOLKD";"The Korpus Desantowy was an amalgamation of Polish forces envisioned to spearhead the invasion of the outlying Danish islands in case of war, through a combined airborne and amphibious landing. The first phase of this Polish People’s Army assault was given to a mix of highly trained paratroopers of the 6 Brygada Powietrznodesantowa, or the 6th Airborne Brigade, and full combat-readiness naval infantry from 7 Brygadę Desantowa, the 7th Sea Landing Brigade. These would be backed by a follow-up wave from the 15 Dywizja Zmechanizowan, or 15th Mechanized Infantry Division.

The Korpus Desantowy is supported by the Polish People’s Navy with heavy PTS-M Zaop tracked amphibious supply vehicles, as well as the Mi-6 Zaop helicopter, and the TOPAS R-3M command unit. Infantry is the battlegroup’s strong suit, ranging from well-armed Spadochroniarze paratroopers, Desant. Saperzy squads, to Niebieski Berety naval infantry in a host of different variants, including one fielding flamethrowers. Support vehicles include TOPAS APCs mounting a SPG-9 recoilless rifle, ASU-85 light airborne tank destroyer, self-propelled 2S1M Morski Gozdzi, and the W-3RR Procjon recon helicopter. As befits an air assault formation, helicopter support is plentiful, from Mi-24D gunships to the W-3W Sokol. Polish air cover is likewise capable, with the MiG-21 9.12 and SU-22M4 available with various payloads, including SEAD, rocket, and napalm."
"HISRDA20MD";"The Nationale Volksarmee’s 20. Motorisierte Schützendivision, or 20th Motorized Infantry Division, was on paper a mobilization division with older equipment and a largely reservist core. However, its tank regiment was to be formed from a T-72 training unit, giving this East German division a uniquely heavy punch.
As part of the 5. Armee, this motorized infantry division was to secure NATO’s Covering Force Area on the left flank of the northernmost Warsaw Pact spearhead against JUTLAND command. To clear enemy delaying forces in the region, the East German division was reinforced with several powerful independent units, among them additional Soviet heavy armor.

The 20. Motorisierte Schützendivision deploys a sizable force of Reservisten infantry squads with older weapons and turretless Res. BTR-60PA APCs. They are reinforced by VPB police and Forward Deployed Funkaufklärer in DHS Mi-24D. Artillery is plentiful, including the BM-21 Grad and SPW-50PK (MRF) mine-clearing vehicles. The formation’s main armored workhorses are the older KPZ T-55 and T-54AM tanks, supported by the more capable KPZ. T-72 in limited numbers.
The Soviet Army brings heavy-hitting tanks with the T-64A Obr. 83 and the rarer T-64AM. The formation has access to numerous anti-air defense units, such as the older KuB-M1, Shilka SPAAAG, and MT-LB Strela 10M, but is clearly deficient in helicopter gunships and air support.
Only the East German Luftstreitkräfte flies a limited number of Su-22M4 strike aircraft, MiG-21bis, and the MiG-23 in air superiority roles."
"HISRDA4MD";"The East German 4. Motorisierte Schützendivision was created in the 1950s as part of the new communist Nationale Volksarmee. Stationed in Gotha and Erfurt, opposite Fulda, the well-trained and politically reliable East Germans would be heavily involved in any Warsaw Pact offensive across the Inner German Border. In wartime, the mechanized infantry formation, taking part in the first attacks on NATO territory, was to be reinforced by the NVA’s elite airborne troops, the Luftsturmregiment 40. 

The 4th Motorized uses either domestic equipment or export versions of Soviet Army materiel. This means older tanks, such as the T-55, upgraded T-55AM2 and T-55AM2B with its 9M117 Bastion gun-tube-fired guided missile. Infantry is a mix of cheap and resilient Motorisierte Schützen, Panzerjäger, and Pioneer squads, deployable in trucks, BTR-50PK and SPW-70 APCs, or SPZ BMP-1 IFVs. Elite East German paratroopers provide a handful of Airborne-capable Fallschirmjäger squads and the unique and secretive Fs-Einsatzgruppe and Fs-Sprengtaucher recon units. These saboteur squads, dressed as NATO troops, can perform False Flag operations. Helicopter forces are highly capable, with the Mi-8 and Mi-24 available in a range of rocket-pod, anti-tank, or gunship variants.
The East German Luftstreitkräfte fields older and cheaper MiG-21Bis, bolstered by MiG-23BN strike aircraft and MiG-23MF fighter-bombers. This air force is supplemented by more modern MiG-29A and Su-22M4P SEAD aircraft."
"HISRDA7PzD";"The 7. Panzerdivision was formed in 1956 with the birth of the communist Nationale Volksarmee. Like other East German formations, this armored division was modeled along Soviet Army lines, but dependent on domestic or export-variant equipment, some of it sourced from neighboring Warsaw Pact nations. In war, the 7th Armored Division would likely attack across the Inner German Border in a southwestern direction.

The 7th Armored counts on well-trained soldiers but has to make do with older, less sophisticated weaponry. The core of the formation’s firepower is clustered around the basic T-72 “mobilization tank”, backed by the more capable T-72M and T-72M1. First-generation T-55A plus T-55AK command tanks, and SPW-40P2 Konkurs ATGM carriers complement this armored fist. Supporting infantry are limited in number, ranging from Pioneer combat engineers with flamethrowers, PKM, and automatic grenade launcher weapon teams to Motorisierte Schützen deployable in either SPW-70 APCs or BMP-1 IFVs.
Czechoslovakian-made vehicles, including the heavy T813 supply truck and MFRW RM-70 rocket launcher, can also be deployed. Recon forces range from Aufkl.Pz. BRM-1s, Spezialaufklärer squads, and nimble Mi-2 helicopters.
The East German air force brings a mix of older MiG-21Bis and more modern MiG-23MF in either close air support or air defense roles. The capable Su-22M4 strike aircraft also takes to the sky."
"HISRDA9PzD";"The 9. Panzerdivision was the cream of the crop of the Nationale Volksarmee, well trained and lavishly equipped. Much like the rest of the communist East German army, the division was created at its inception in 1956. Being based in Eggesin, it was earmarked for duty in the 5th Army, which was to face NORTHAG in case of war. The armored division was not only the sole NVA formation completely outfitted with the T-72, but also the solitary user of the BMP-2 in East German service.

The 9. Panzerdivision’s tanks are all variants of the T-72, available in significant numbers, including the KPz T-72M1, the T-72MUV2, and the most recent main Soviet export variant, the T-72S. Mechanized infantry ride to battle in BMPs, such as the regular SPz BMP-1, plus a new variant equipped to fire the Konkurs ATGM, as well as the more capable but rarer SPz BMP-2, transporting a Motorisierte Schützen squad fielding the state-of-the-art RPG-27. Some other notable units include the heavy T813 supply truck, which also forms the basis of the RM-70/85 napalm-firing MLRS, the Schimmwagen MAV amphibious jeep, and the GF Shturm-S Kokon-firing tank destroyer. The East German Luftstreitkräfte provides ample ground support to the division, with a mix of Su-22M4 fighter-bombers and MiG-23 fighters."
"HISRDABerl";"The Berliner Gruppierung, or Berlin Grouping, was an amalgamated battlegroup centered on the East German 1. Motorisierte Schützendivision. Arrayed around West Berlin, this force is supported by artillery and combat engineers, border guards, military police, and special forces. In wartime, it was tasked with eliminating the NATO enclave deep behind the lines as part of Unternehmen Zentrum (Operation Center).

The Berliner Gruppiering specializes in high-intensity urban warfare and has a well-equipped logistical train, from MT-LBs to Mi-8T supply helicopters. Infantry range from Motorisierte Schützen with Strela MANPADs to KdA militia, Pionier squads with AGI incendiary rocket launchers, and elite Stasi Wachschutzen. The division contains a wide range of older equipment, from T-55A tanks to the timeless T-34/85 and light ZiS-2 57mm AT gun. Artillery is well represented, from 120mm mortars to SFL-H 2S1 122mm and D-20 152mm howitzers. Not letting any piece of equipment go to waste, the dual-purpose World War II-era ZiS-3 and M-30 towed guns get a second lease of life. Anti-air defenses are formidable with plentiful Fla-Sfl 23-4 Shilka and long-range 2K12 Kub. Air focuses on ground support aircraft fitted out with rocket and napalm payloads. These include the capable Su-22M4, MiG-21Bis light bomber, and the cheap L-39ZO trainer. Not close to the front, fighter cover is limited to MiG-23ML fighters."
"HISRDAKdA";"The Kampfgruppen der Arbeiterklasse Bezirk Erfurt, or Erfurt District’s Combat Group of the Working Class, was an East German reserve force made up of citizen soldiers and paramilitary units. This defensive formation, equipped with an arsenal of mothballed materiel, was to be used to secure the Warsaw Pact’s rear and protect vital military sites and friendly heavy corps assets such as artillery and anti-air units.

K.d.A. Bezirk Erfurt calls on especially large KdA militia squads, fielding older small arms, with additional Sicherungs, Militarstreifen, and Soviet Zagradotryad military police, as well as Reservisten deployable in BTR-152 and BTR-50 APCs. The divisional logistical base is generous, including the heavy M-26 supply helicopter. Artillery is likewise well-regarded, from M-46 130mm howitzers to the super-heavy 2S7M Malka. Various MLRS systems can also unleash their devastating rocket payloads, such as the venerable heavy BM-24M, the BM-21 with its Napalm warheads, and the Cluster-equipped BM-30 Smerch. Anti-air units include the ZSU-57-2 SPAAG and long-range 9K37 Buk-M1. With much of the division’s equipment being older-generation, or even obsolete, armored forces have to make do with T-54Bs and a smattering of T-62s, PT-76s, including a recon version, and museum-worthy T-34/85M tanks. Fixed-wing air support is divided between Soviet and East German air forces, from rocket-wielding MiG-21bis to anti-tank MiG-27M, the SEAD Su-24MP, and MiG-23MF fighters."
"HISRDARug";"The Rügener Gruppierung, or Rügener Grouping, took its name from Rügen Island, on the East German Baltic Coast, the location of the main communist Volksmarine naval base. To defend this critically important site, a substantial Nationale Volksarmee garrison was in place, the Besondere Gruppierung II (Special Grouping II). In war, the formation was to be bolstered by reservists, troops in training, and allied Polish units. The amalgamated battlegroup was also to secure the nearby Sassnitz ferry port, through which much of the USSR's strategic military supply entered East Germany. 

The mixed East German and Polish Rügener Gruppierung contains various mobilized detachments and formations under a single unified command. These include East German Marinepionier squads backed by Reservisten, Vopos militia, and Polish Piechota Zmech. infantry deployable in STAR-266 trucks or TOPAS-2A APCs. Supporting combat arms are plentiful, including the short-range mine-clearing SPW-50PK(MRF) MRLS, the SPW-40P recon armored car, large amphibious Schwimmwagen PTS-M tracked supply vehicle, towed PAK K-52 85mm, East German scout-engineer recon diver squads, and even elite KSK special forces. Other supporting units include the Mi-8TB helicopter and its rare Mi-14PL anti-ship variant, the Flak KS-19M2 100mm AA gun, Fasta-4 SAM, and the massive 2K11M3 Krug-M3. Air cover is likewise potent, from the nimble Polish LiM-6M to the MiG-23BN [KMGU] with its anti-personnel cluster bombs."
"HISRFA1LLD";"The West German 1. Luftlandedivision, or the 1st Air Landing Division, was raised in 1956, a year after the Bundeswehr’s founding. The initial deployment saw the formation’s use as a strategic reserve dispersed among the three main West German corps. At the tail end of the Cold War, the Bundeswehr consolidated most of the division in the Bavarian south, bolstered by the Gebirgsjägerbrigade 23 and territorial troops of the well-armed Heimatschutzbrigade 56.

The 1. Luftlandedivision contains a well-trained cadre of Airborne- and Mountaineer-traited infantry, from Forward Deployable Fallschirmjäger to Gebirgsjäger and elite Hochgebirgsjäger, backed by various helicopters and Airliftable transports. They excel at fighting in rough terrain. This expertise is extended to recon units, with large Gebirgsjäger Aufklärer and Jagdkommando troops deploying side-by-side with Fallschirmjäger B1 commandos. Vehicles range from Marder 1A1 IFVs, a rare Leopard 1A1A2, and Aufkl. Leopard 1A5 recon tank, and the reservist-manned M48A2GA2. The light Italian-made FS-M56 105mm howitzer, designed explicitly for mountainous warfare, can also be deployed, as well as the fast CL-289 recon drone and truck-mounted Unimog S404 FK-20 anti-air. Located near the Wehrtechnische Dienststelle 61, the Bundeswehr's technical center for aircraft improvement, a variety of exotic testbed planes can be used, from F-4F with laser-guided bombs, Tornado IDS in SEAD variant, the HFB-320/ECM electronic warfare aircraft, to the nimble Alpha Jet A KWS with anti-tank missiles."
"HISRFA2PzG";"The 2. Panzergrenadier-Division was one of the Bundeswehr’s founding formations in 1956. As part of the West German III Corps, the mechanized infantry division served in the northern reaches of CENTAG. Based in Kassel, it constituted a vital link between NATO’s strategic commands. In war, additional support would come from a Belgian recon regiment and RAF air cover.

The 2. Panzergrenadier-Division relies on mechanized infantry fighting in close cooperation with tanks. Some of the most modern West German armored vehicles are available to support the Panzergrenadier squads, from the Marder IFV to the Leopard 2A3 main battle tank. Airborne infantry can Forward Deploy as lightly equipped Fallschirmjäger squads, recon, and weapon teams. Belgian recon units include Eclaireurs scouts and British-made CVR(T) vehicle series, such as the Scimitar light tank, Spartan APC, and Striker ATGM carrier. Artillery and anti-air units are powerful and plentiful, including the LARS 2 MLRS, towed I-Hawk, and Gepard 1A1 SPAAGs. The skies above are protected by a mix of Luftwaffe, Belgian Air Force, and RAF Germany planes. The West Germans field Phantom F-4F and Tornado strike aircraft in various configurations, the Belgians F-16 fighters and Mirage 5BA tactical bombers, while the British provide Harrier GR.3, as well as their Tornado F.3 and GR.1 in air superiority and SEAD variants."
"HISRFA5PzD";"The Bundeswehr’s 5. Panzerdivision was assigned to III Corps, located in the north of CENTAG. As part of the founding of the new West German army in 1956, the armored division was based in Hesse. In war, the division’s panzers would have played an important role in containing Warsaw Pact forces before counterattacking the communists in the region north of Fulda.

The 5. Panzerdivision’s tank arsenal is formidable and includes not only a large contingent of older Leopard 1A1A1 and Leopard 1A5, but also the Jaguar 1 and 2 ATGM carriers, the modern Leopard 2A3, and its most heavily armored and advanced variant, the Leopard 2A4. The West German formation counts on Panzergrenadier mechanized infantry, as well as Sicherungs and Jäger squads, deployable in soft-skin vehicles, Marder IFVs, and M113A1Gs. Recon contains Alouette II helicopters and Fernspaher special forces. Artillery features both towed and self-propelled options, such as Panzermorser mortar carriers, MARS rocket artillery, and FH155-1 howitzers. The Gepard 1A1, along with the Roland 2 and 3 SAM systems, provides a deadly anti-air shield. In the skies above, the Luftwaffe fields the F-4F in anti-tank, rocket, tactical bomber, and air superiority roles. The modern Tornado IDS strike aircraft, in various close air support variants, can also be deployed, including one with the destructive anti-infantry cluster MW-1 dispenser."
"HISRFA6PzG";"The West German 6. Panzergrenadier-Division's primary task was to defend the Schleswig-Holstein region of West Germany as part of NATO’s LANDJUT, on the border with Denmark.
To help resist for as long as possible, allowing additional NATO reinforcements to deploy to this theater, the 6. Panzergrenadier was one of the largest Bundeswehr formations, heavily reinforced by Heimatschutzbrigade 51, a territorial army brigade, a helicopter regiment, and even Bundesmarine units from local naval bases.

The 6. Panzergrenadier is a hybrid division sitting between a mechanized and armored Bundeswehr formation, but lacking some of the most modern or heavy-hitting equipment. The battlegroup’s Panzergrenadier, some of which were trained for air assaults, as well as Heimat. Jäger squads are numerous. However, only older variants of the Leopard 1, including the 1A1A2 and 1A2A1, can be deployed.Other noteworthy units include the CL-89 UAV, the Bofors L/70 MFG, and the FRR Roland MFG anti-air SAM.
West German Navy support is plentiful, bringing a slew of naval infantry units, from assault engineer Strandmeister, to Marinesicherungs squads and Kampfschwimmer special forces.
The West German Navy’s air branch, the Marineﬂiegergeschwader, brings Sea King helicopters and the Do-28D-2 unarmed recon plane. They likewise lend a much-needed hand with their Tornado MFG in Cluster and SEAD loadouts. and F-104G MFG in fighter-bomber roles can also take to the skies. Danish F-16A provide key air cover for their West German allies."
"HISRFATKS";"Territorialkommando Süd, meaning Territorial Command South, covered a host of West German rear-area and reserve troops stationed in CENTAG and SOUTHAG. A handful of allied NATO units supported this division-sized battlegroup. These second-line forces would be first responders to sabotage or airborne operations, or used as a last-ditch effort to contain Warsaw Pact breakthroughs.

Territorialkommando Süd has an excellent logistical base with its MAN Kat 6x6, UH-1D and CH-53G helicopter supply units. Cheap and numerous are its infantry, from Jäger squads to Heimatschützen, Feldjäger military police, and MILAN ATGMs with their MTW M113A1G MILAN transports. NATO support comes as elite American Green Berets, French heliborne Aeromobiles squads, recon AMX-10 RC, and Gazelle helicopters. Territorialkommando Süd has to make do with West German tank reserves, chiefly the old M48A2CGA1 and A2 variants, plus Kanonenjagdpanzer. Artillery contains the Hs.30 Panzermorser and the long-range M110A2 203mm howitzer. Much more powerful is the division’s anti-air defenses, ranging from towed Flak L/70 Bofors 40mm and I-Hawk to the self-propelled Roland 2 and 3 SAMs. The divisional air cover is best described as a flying circus of older Luftwaffe aircraft, from museum-worthy GINA G.91R/3 to Alpha Jet trainers and reserve F-104Gs, with a few more capable French Mirage 2000C RDI fighters and American F-111F LGB variants in support."
"HISSO119OG";"The Soviet 119-y Odtelniy Tankoviy Polk, or 119th Independent Tank Regiment, was stationed in Bad Langensalza, East Germany. This type of second-echelon formation served as an exploitation force, projected to advance deep into NATO’s operational rear once a breakthrough had been achieved. In the case of a Fulda Gap offensive, this armored spearhead of the Soviet 8th Guards Army was to form the core of a small Operational Maneuver Group with an engineer brigade and recon regiment attached.

The battlegroup calls on the most fearsome and advanced of the Soviet main battle tanks: the heavily armored T-80UD and the earlier T-80U. The T-80BVK command tanks provide local leadership, while TO-55 flamethrower tanks and Rapira towed anti-tank guns add extra firepower. The very destructive TOS-1 Buratino short-range thermobaric rocket launcher can also deploy. The Soviet armored force might be formidable, but its supporting arms - from logistics to infantry - are limited. Infantry consists of a handful of Spetsnaz special forces and Saperi combat engineers. Artillery and anti-air units are likewise constrained, with only a few self-propelled 2S1 Gvozdika and towed 2A65 Msta-B 152mm howitzers, 2K22 Tugunska SPAAGs, and MT-LB Strela-10 SAM units. Helicopter and air forces are capable, with a good deal of Mi-24V attack helicopters backed by MiG-29 and Su-27S fighters, and Su-24M strike aircraft with various loadouts."
"HISSO157";"The Soviet 157-ya Motostrelkovaya Diviziya, or 157th Motor Rifle Division, was based in the Crimea, protecting the vitally important Black Sea Fleet bases near Sevastopol. A mobilization division with only a limited cadre of professional soldiers during peacetime, the defensive formation was first raised in 1969. As part of the Soviet Army’s 32nd Army Corps, the division’s reservists would have absorbed nearby training units, as well as Soviet Navy assets, in times of armed conflict.

The 157th fields a small force of regular Motostrelki squads, supported in significant numbers by Rezervisiti relying on older BTR-152K and BTR-40 APCs. Fielding a museum-worthy quantity of older small arms are the truck-borne Partizani squads, backed by some equally ancient IS-2M tanks taken out of mothballs. Slightly more modern armor are T-54B and T-55As, but most of the support arms stem from World War II, including BS-3 100mm anti-tank guns, D-1 152mm howitzers, BM-24M MLRS, and the super-heavy B-4M 203mm and Br-5M 280mm artillery behemoths. Naval and coastal defense units include K-1 recon helicopters, the state-of-the-art A222 Bereg 130mm self-propelled artillery, and the KSM-65 100mm towed anti-tank gun. Air support comes in the form of the older Su-15TM interceptor and the T-10K, a navalised Su-27K flown by Soviet Navy pilots."
"HISSO17TDG";"The 17-ya Gvardeyskaya Tankovaya Diviziya, or 17th Guards Tank Division, was, despite its renowned “Guard” designation, a low-readiness mobilization division based in the Ukrainian SSR. With only a skeleton crew, this second-echelon division would rapidly muster its reserve forces upon war. The 17th Guards would likely be directed into nearby Czechoslovakia, scooping up a host of army-level attachments before entering the fray. 

The 17th Guards Tank Division concentrates all of the remaining early-production T-64R main battle tanks, further backed by a sizable contingent of World War II-era ISU-152K self-propelled guns and even more numerous T-10M, the ultimate specimen of the post-war Iosef Stalin-series of heavy tanks. A handful of regular Motostrelki squads are supplemented by Rezervisti and Pogranvoiska KGB border guards, including recon variants, deployed near the USSR’s internal frontier with Czechoslovakia. Several East German and Polish pieces of equipment have also found their way into this battlegroup, such as the reservist-manned ML-20 152mm howitzers, the BM-14M MRLS, the self-propelled 2S7M Malka, and the 2S4 Tyulpan super-heavy 240mm mortar, plus the ZSU-23-4M1 Shilka SPAAG. The division’s air cover is provided by the MiG-23ML and the longer-range MLA variant, with an all-out air-fleet of Su-17M4 providing close air support, including with Thermobaric and combined HE and CLU payloads. "
"HISSO25TD";"The Soviet Army’s 25-ya Tankovaya Diviziya, or the 25th Tank Division, saw the light after World War II’s conclusion, being destined for garrison duty in Soviet-occupied Germany. Based in East German Vogelsang, near the Polish border, the armored division was part of the 20th Guards Combined Army. As a powerful follow-up force, it would have been used to exploit any communist breakthrough into the North German Plains. 

The 25th Tank Division, unlike any other Soviet Army formation, is not only fully equipped with state-of-the-art T-64 main battle tanks but also features four instead of three tank regiments. The unusual lack of an infantry regiment means that only a limited number of Motostrelki and Saperi squads will be available. The battlegroup’s tank force is formidable, with a whole arsenal of T-64B, B1, and older T-64A Obr. 83, with variants differing in fire control systems, ERA, armor, or the ability to fire anti-tank guided missiles. The T-64B1 Razv. can be deployed as a potent recon tank, with the Schmel-1 UAV watching from the sky above. Some heavy self-propelled artillery, courtesy of the 34th Artillery Division, can deploy, including the long-range 2S5 Giatsint-S and the brand-new 2S19 Msta-S."
"HISSO27G";"The 27-ya Gvardeyskaya Motostrelkovaya Diviziya, or the 27th Guards Motor Rifle Division, was earmarked in 1989 to be the next-generation Soviet Army formation. Designated a testbed for the “Division ‘90” concept, a number of cutting-edge weaponry was introduced by the Group of Soviet Forces Germany. However, looming conflict in Europe limited the round of experimentation to this single modernized combined-arms division.

The 27th Guards has access to some of the latest hardware to be deployed in the Soviet Army. Motostrelki and Saperi squads feature new camouflage uniforms, RPG-26 and RPG-27 rocket launchers, while Spetsrazvedka recon squads, Otdelenie Podderzhki tank hunters, and Konkurs-M ATGM teams can also deploy. The state-of-the-art BMP-3 is available as an IFV, supported by T-80BV armor. The wheeled BRDM-2 Konkurs-M and the hard-hitting but short-range towed 2A45M Sprut-B provide additional anti-tank firepower. Artillery is modern, from the 2S12 120mm mortar to the wheeled 2S23 Nona-SVK, towed 2A36 Giatsint-B 152mm howitzer, and precision-guided artillery shells of the upgraded 2S3M1 Akatsiya. Anti-air is likewise potent, including the Strela-10M3 and 9K330 Tor systems. The Soviet Air Forces deploy the Su-17M4 attack aircraft, MiG-23MLD and MiG-29 fighters, and the next-generation close-support plane, the T-8M, bristling with Vikhr anti-tank missiles."
"HISSO2G";"The Soviet 2-ya Tamanskaya Gvardeyskaya Motostrelkovaya Diviziya, or 2nd Guards Tamanskaya Motorized Rifle Division, was a prestigious formation protecting the capital of the USSR. Beginning its life as the 127th Rifle Division in 1940, the unit saw extensive action during the Great Patriotic War, becoming one of the most famous and decorated formations in the Red Army, even attaining the Guards and Tamanskaya honorifics. In the late Cold War, the Moscow-based division was highly trained and lavishly equipped. Officers were handpicked for their loyalty, as this formation was envisioned not only to guard against foreign attacks but also domestic threats, including rebellions. 

The 2nd Guards can call upon some of the latest models of tanks and air superiority fighters available to the Soviet Army, with its Gvardeitsy infantry squads fielding their own type of uniform and small arms. As a mechanized infantry division, it follows the standard communist template of motorized Motostrelki squads backed by a sizable main battle tank contingent. Armor includes the T-72A Obr. 83 main battle tank and a handful of the state-of-the-art T-80U obr. 1989 with Kontakt-5 ERA. Other special units include SIGINT-capable R-330 RAMA trucks, recon Razv BTR-80 APCs, while patrolling the capital’s skies are the ground-strike MiG-23P aircraft, Su-15TM interceptors, and advanced MiG-29 9.13 fighters."
"HISSO31TD";"The Soviet 31-ya Tankovaya Diviziya, or the 31st Tank Division, was the direct successor to the World War II-era 31st Tank Corps of the Red Army, a formation that ended the war in Czechoslovakia. Reorganized and reformed, the division was stationed in nearby Hungary before taking part in the Warsaw Pact’s intervention during the Prague Spring of 1968. Afterwards, the tank division remained in eastern Czechoslovakia for the duration of the Cold War, subordinated to the Soviet Central Group of Forces. 

The 31st Tank Division can deploy a wide array of capable Soviet Army units, from the massive Mi-22 command helicopter to a large number of the sprawling T-72 tank family, with the T-72A obr. 79 being the mainstay, to the 9A51 Prima, a heavier variant of the Grad-based MRLS system. The battlegroup can also count on a large contingent of Czechoslovakian troops to bolster its ranks in the field, including Střelci infantry and ATGM weapon teams, RM Vz.51 130mm MLRS, H D-30 122mm howitzers, and self-propelled Ještěrka twin 30mm SPAAG. A curious recon unit is the BMAN, a rocket-wielding spotting vehicle featuring one of the few advanced Electro-Optical Dazzler systems in Soviet service."
"HISSO35VDV";"The 35-ya Gvardeyskaya Desantno-Shturmovaya Brigada, or the 35th Guards Air Assault Brigade, traced its origins to the late 1940s. Part of the VDV (Soviet Airborne Forces), it was trained and specifically equipped for air assaults. Briefly deployed to Afghanistan, the formation was transferred to East Germany, where it became the 35th Guards Air Assault Brigade. In wartime, the VDV would attack key strategic points or conduct operations behind enemy lines.

The 35th Guards Air Assault features a mix of trained Desantniki, veteran Afgantsy, and Spetsnaz squads with Forward Deployment and follow-up infantry deploying in Mi-2 and Mi-8T helicopters. Uniquely for an air assault formation, it is highly mechanized, relying on the heavily armed but lightly armored BMD and BRT-series, also sporting the Airborne trait. These include the BMD-1 and -2, anti-tank BRT-RD Robot, anti-air BTR-D Skrezhet, and recon 1V119 Reostat. Tanks are non-existent, with most of the supporting arms made up of light and specialized units, ranging from 2B9 Vasilek automatic mortar and self-propelled 2S9 Nona, to the BM-21V Grad-V MRLS, towed ZU-23-2 23mm, and D-44 85mm anti-tank guns. Heliborne support is substantial, from the recon Mi-24K to the advanced but rare Ka-50 attack helicopter. Air cover comprises the MiG-27 bomber in various loadouts, the MiG-25BM SEAD and MiG-25RBF bombers, and the MiG-23ML and MiG-29 fighters."
"HISSO39G";"The Soviet 39-ya Gvardeyskaya Motostrelkovaya Diviziya, or the 39th Guards Motorized Rifle Division, began its illustrious career in Stalingrad’s Red October steelworks in 1942, ending victorious at Berlin’s Brandenburg Gate in 1945. A permanent readiness division based in East Germany, it was part of the Soviet 8th Guards Army. In war, this well-equipped division was to spearhead the Warsaw Pact’s offensive through the Fulda Gap.

As a motorized rifle division, the 39th Guards was to break through heavily defended sectors during combined-arms operations. Regular Motorstrelki infantry and Saperi assault squads deploy with a variety of weapons and vehicles, including RPG-7V and RPG-22 anti-tank rockets, short-range Metis ATGMs, wheeled BTR-60s, or tracked BMP-1 and BMP-2 IFVs. A sizable number of T-80B and T-80BV provide armored back-up, further supported by long-range MT-LB Shturm-S ATGM carriers. Radzveka scouts, deploying alongside East German Grenzer border troops and recon helicopters, provide battlefield intel. The 2S3M Akatsiya and BM-27 Uragan MLRS, plus the 9K33M3 OSA-AKM and 2K12 Kub SAM systems, are some of the self-propelled artillery and anti-air units available. Helicopter support is powerful with Mi-8 and well-armed Mi-24 gunships. Air cover is likewise potent, from the slow-flying but armored Su-25 to Su-24 strike aircraft, East German Su-22M4 and MiG-23MF tactical bombers, MiG-27K equipped with laser-guided bombs, and MiG-23MLD and Su-27S fighters."
"HISSO56VDV";"The Soviet 56-ya Otdel’naya Gvardeyskaya Desantno-Shturmovaya Brigada, or 56th Separate Guards Air Assault Brigade, had a history that was closely tied to the Soviet-Afghan War of the 1980s. The particular VDV battlegroup was created from several independent units, and only two months after its inception, it took part in the initial invasion of Afghanistan. In time, the Soviet brigade became closer to a mechanized infantry formation, using BMP-2s and additional firepower of T-62 tanks. With conflict in Europe on the horizon, the experienced 56th Separate Guards Air Assault Brigade was transferred to East Germany, to be an integral part of the Warsaw Pact’s offensive plans against NATO.

The 56th Separate Guards Air Assault Brigade fields some of the most battle-hardened airborne veterans of the Soviet Army, backed by a series of unique battlefield-modified vehicles. These range from Spetsnaz GRU (Stinger) special forces equipped with looted NATO weapons to lightly armed Okhrana squads with RPO Rys and RPG-16 rocket launchers. Improvised units include the ZSU-23-4M2 (PSNR), an anti-air SPAAG converted for ground surveillance, the LuAZ amphibious jeeps, a variety of wheeled BTR-70 and tracked GM-TU vehicles, and the super-heavy towed M-240 mortar. In the skies above, the Mi-8PPA jamming helicopter and Mi-24P gunships are joined by the MiG-27, which provides potent anti-tank air support."
"HISSO6GOB";"The Soviet 6-ya Gvardeyskaya Motostrelkovaya Brigada, or 6th Guards Separate Motor Rifle Brigade, was the Warsaw Pact counterpart to the NATO garrisons stationed in West Berlin. Formed after the Berlin Crisis of 1962, it protected the communist East Berlin, providing military police and ceremonial troops. However, in times of conflict, reinforced for the Warsaw Pact’s offensive Unternehmen Zentrum plans, the formation would spearhead the assault on the city from within its tight urban confines.

The 6th Guards battlegroup counts on a host of experienced infantry, mostly Soviet Motostrelki and Saperi squads, Komendatura military police, backed by East German Vopos militia and Motorisierte Schützen in BMPs. Several special forces and paratrooper squads are also available, including East German Luftsturm-Jäger squads transportable in armed Mi-2 and Mi-8 helicopters, and the KGB’s elite Spetsgruppa “A” saboteur squads with their False Flag trait and civilian attire. The capable T-64 tanks, including the upgraded T-64B variant, provide some much-needed armor support, while artillery forces can deploy the long-range 2S5 Giantsint-S and powerful BM-27 Urugan MRLS. This far from the front, patrolling the skies against enemy intruders and bombers rests on the shoulders of the Soviet Air Defence Forces’ long-range MiG-31M interceptor. Other aircraft include the L-39ZO trainer, which also doubles up as a light bomber. "
"HISSO76VDV";"The Soviet 76-ya Gvardiyska Vozdushno-Desantnaya Diviziya, or 76th Guards Airborne Division, traced its lineage back to the Red Army’s 157th Rifle Division of World War II. The parent division fought with distinction in various epic battles, from Stalingrad to Kursk, Operation Bagration, and the Battle of Berlin. After the war, it was reformed as a Soviet airborne division, part of the VDV, specifically equipped for air assault missions. With World War III looming in Europe, the well-trained division would have had the unenviable task of destroying the French nuclear weapons in a high-risk Warsaw Pact mission deep in enemy territory. 

The 76th Guards Airborne Division counts on a significant proportion of its troops going to battle in light but highly advanced equipment, including the state-of-the-art BMD-3 armored vehicle in both tank and recon roles. Earlier generations of the BMD are also available, such as the BTR-D, ready to transport Desantniki, Desant. Sapery and large Desant. Usilennie VDV infantry squads. Other specialized units featured are the Desant. Gaz-66B SNAB supply truck, LuAZ Korrektirovschik artillery command unit, LuAZ 2F62 Zenitchik AA units, and Schmel-1 UAV for remote aerial recon. The Soviet Air Forces provide long-range aviation support in the form of newly equipped SU-24M, including one variant with powerful thermobaric bombs, and the fast MiG-31 air defense fighter."
"HISSO79G";"The Soviet 79-ya Gvardeyskaya Tankovaya Diviziya, or the 79th Guards Tank Division, was forged in the flames of Stalingrad, before fighting its way through the Crimea, Poland, East Prussia, and ultimately Berlin. Remaining in East Germany, the unit was reorganized as a tank division in 1965. A high-readiness formation, the 79th was one of the best-equipped and trained in the Group of Soviet Forces in Germany. In case of conflict, as part of the 8th Guards Army, it was planned to exploit any breakthrough in the Fulda Gap.

The 79th Guards calls on the mobility and firepower of the latest series of Soviet main battle tanks. As such, it fields the T-80BV with reactive armor, including a distinct variant with a supercharged engine, backed by earlier T-80Bs. Limited Motostrelki squads in wheeled APCs, BMP-1s, or BMP-2s IFVs provide infantry support. Recon forces include Spetznas G.R.U. and Razdvedka scout squads deployable in BMP-2s or rocket-armed helicopters. Self-propelled anti-air defenses are heavily employed, ranging from Strela-10M and heavy long-range Buk-M1 to state-of-the-art 2K22 Tunguska SPAAGs. The Soviet Air Forces are out for war, flying everything from the Su-25 in a variety of close-air support loadouts, to Su-24M tactical bombers, MiG-27K SEAD planes, and MiG-23ML and MiG-29 fighters for air superiority missions."
"HISSOV1G";"The Soviet 1-ya Gvardeyskaya Proletarskaya Motostrelkovaya Diviziya, or the 1st Guards Proletarian Motorized Infantry Division, was one of the longest-serving formations of the Soviet Army.
First formed in 1926 from various independent and training battalions in the Moscow region, it was destroyed and reformed at least once during World War II.
It ended in 1945 near Königsberg, East Prussia, having attained the esteemed Guards status.

Based in the Kaliningrad Oblast as part of the Baltic Military District, the reduced combat-ready division’s role would have been to be mobilized quickly and used as a second echelon of any strategic war offensive.
Rushed to the front, and reinforced by several anti-tank formations, the division would have arrived in the East German Magdeburg area just in time to repel NATO’s surprise counter-attack.

The 1st Guards Proletarian Division was among the first Soviet Army divisions to receive early versions of the T-72, though these were never upgraded during the Cold War. As such, the division features the up-armored T-72 Ural-1 and the T-72AV fitted with ERA. The radar-guided towed MT-12R Ruta 100mm anti-tank gun can also deploy, as well as the advanced long-range MT-LB Ataka ATGM tank destroyer./nOther noteworthy units include the R-330T Taran SIGINT vehicle, the rare Pero UAV, MiG-25PD interceptors, and the retro-looking YaK-28PP Electronic Warfare airplane.  "
"HISSOV336";"The Soviet 336-ya Otdel’naya Gvardeyskaya Brigada Morskoy Pekhoty, or the 336th Separate Guards Naval Infantry Brigade, was one of the Soviet Navy’s elite amphibious assault formations. The Soviet marines earned their “Black Death” nickname for their black uniforms and their stubbornness in World War II combat.
The small Baltic Fleet formation, based in Kaliningrad since 1963, required mobilization to attain full war strength. The Soviet Navy deployed specialized variants of standard armored vehicles, including amphibious ones. The Soviet naval infantrymen of the 336th Guards Naval Infantry would most likely see action against the Nordic countries, specifically Denmark, in an effort to secure the crucial Baltic Straits.

The 336th Guards Naval Infantry deploys an arsenal of specialized vehicles, chiefly to support the Morpekhi naval infantry squads, some of which are trained in air assault, and come in a variety of different sizes, including Rezervisti, Komroti command, and Spetsnaz. Specialized naval infantry weaponry include the Mor. 2S9-1 Sviristelka with additional ammo, Mi-14PL recon helicopters, BM-21-1 Grad on a Zil-131 chassis, and the amphibious PTS-2 supply barge.
The Soviet Navy also deployed the advanced T-55AMD main battle tanks with the Drodz active protection system, further backed by long-range T-55AM with Bastion ATGMs. The heavy Tu-22 in a carpet bomber role and the Tu-22KDP electronic warfare variant can be flown as air support."
"HISSOV94";"The 94-ya Gvardeyskaya Motostrelkovaya Diviziya, or the 94th Guards Motorized Rifle Division, was based on the very northern edge of the Group of Soviet Forces in Germany, overlooking the East German shores of the Baltic Sea. Tasked with driving northwest across the West German frontier region into Denmark and creating a springboard for the subsequent 1st Polish Army to attack Jutland, this division was heavily reinforced for breakthrough attacks and equipped with some of the best the Soviet Army could muster.
One of the first to convert to the potent T-64 main battle tank, the 94th Guards’ equipment and organisation started to show its age by 1989. 

The 94th Guards Motorized Rifle Division deploys numerous Motostrelki mechanized infantry and Saperi combat engineers, along with unarmed Potok-2 command IFVs, PTS-2 amphibious carriers, and UR-67 mine-clearing vehicles. Earlier variants of the capable T-64 make up the division’s armored fist, such as the T-64A Obr. 81, T-64A Obr. 84, and T-64AV with reactive armor.
Other noteworthy units found with the 94th Guards are the MT-12R Ruta anti-tank gun with radar guidance, the IRM Jouk, an amphibious engineering BMP, as well as the Tu-143 Reys UAV and lightly armed Mi-8TARK recon units."
"HISSPA1DM";"The Spanish División Mecanizada «Brunete» n.º 1, or Armoured Division No. 1 ""Brunete"", was created by the Franco regime in 1943, and named after an important Nationalist-won battle of the Spanish Civil War. When a newly democratic Spain joined NATO in 1982, the tank division was considered one of the best-armed of the Ejército de Tierra. In case of hostilities, it was to quickly reinforce SOUTHAG in West Germany. 

The Armoured Division No. 1 ""Brunete"" is a small formation with only two brigades, fielding a mix of domestic, French, and American equipment. The main battle tank is a Spanish AMX-30 variant with a light coaxial machine gun. Infantry come as Fusileros or Zapadores squads, deployable in Pegaso trucks, Santana PA jeeps, tracked TOA (M113), or the 6x6 wheeled BMR APC family. Part of the Brigada de Caballería “Jarama” I regiment is attached, bringing excellent recon forces, from Francotiradores snipers to wheeled VEC-25 and VEC-90 armored vehicles, plus the recon AMX-30EMI tank. Anti-air includes AMX-30RE SPAAG, Apside Toledo towed SAMs, and various gun platforms. The Ejército del Aire provides excellent air support with three types of aircraft: the C.12 (American F-4C) used in a ground attack role; the C.14A (French Mirage F1) as a bomber and fighter; and the C.15 (American F-18) in AT or air defense roles."
"HISSPA2DM";"The Spanish División Mecanizada «Guzmán el Bueno» n.º 2, or Mechanised Division No.2 ""Guzmán el Bueno"", was one of the largest formations in the Spanish Army during the closing years of the Cold War. Based in southern Andalucia and named after a Spanish noble and hero during medieval times, it was envisioned to either deploy rapidly against potentially belligerent African nations or support NATO allies if conflict arose in West Germany. Mechanized by name, but motorized by nature, the battlegroup would be further reinforced by a variety of corps assets upon its call to action. 

The ""Guzmán el Bueno"" relies on smaller, infantry squads transported in a wide array of BMR APC variants, further supported by the light M47E2 and the more capable M48A5E2 tanks. Guerilleros recon special forces can deploy ahead of the main infantry, consisting of Fusileros and Zapadores squads. Additional corps assets include units such as the World War II-vintage Cañón 122/45 (Ruso .31), the L-10D3 300mm MLRS, Teleoka Electronic Warfare ground vehicles, and heavy C-3464 logistic trucks. UH-1H Mamee helicopter gunships provide local air cover, while the Ejército del Aire operates export variants of the Mirage III (C.11 in Spanish service) and Mirage F1 (C.14) in a variety of close air support and air defense roles."
"HISUK1AD";"The British 1st Armoured Division’s insignia was a testament to its tapestried military history, combining the rhinoceros of its World War II namesake and the red-bordered triangle of the 1st Division. Permanently stationed near the Inner German Border, the late Cold War-era “heavy” 1st Armoured Division was part of the British Army of the Rhine. The NORTHAG-based tank and anti-tank forces, together with airborne reserves from the British Isles, would contain and then counter any Warsaw Pact offensive.

The 1st Armoured Division fields an extensive arsenal of British armored vehicles, from FV432 Command to Warrior IFVs, bringing Armoured Rifles and Gun Group mechanized infantry squads. Several Forward Deployed-capable Terriers Paras and weapon teams are also available. Tank forces include the modern Challenger I Mk.2 and Mk.3, backed by older Chieftain Mk.9 and Mk. 11s. Long-range ATGM carriers, the FV438 Swingfire and FV102 Striker, can also be fielded. FV101 Scorpion and the FV721 Fox, supported by Scout, Sniper, and elite 4-man SAS Patrol squads, make up its recon forces. Supporting arms include the self-propelled FV432 Mortar and FV433 Abbot 105mm howitzer and the anti-air Tracked Rapier. RAF Germany brings close air support Harriers and Jaguar GR.1s, as well as Tornado F.3 air defense and Tornado GR.1 strike aircraft."
"HISUK2ID";"The British 2nd Infantry Division had a checkered past, reformed and reconstituted various times throughout its almost two hundred years of existence. In 1983, a reorganization incorporated a light airmobile component. While assigned to the British Army on the Rhine, the 2nd Infantry Division was actually based in the United Kingdom. Earmarked for immediate deployment in case of conflict, the formation would reinforce NORTHAG and bolster the British I Corps as quickly as possible.

The 2nd Infantry Division favors mobility over armor. Infantry is a strong point, from rapid Airmobile troops and Airmobile Pioneers to numerous territorial reservist Terrier squads and weapon teams. Elite SAS commandos fielding AT-4 rocket launchers and Stinger AA missiles can wreak havoc behind enemy lines, while Motorized Airmobiles in Saxon APCs provide additional ground support, as do a few Armoured Rifles squads in Warrior IFVs.

A handful of Challenger I tanks, seconded from strategic reserves, are available. The only self-propelled artillery piece is the M107A2 175mm gun. Anti-air defenses range from Blowpipe and Javelin MANPAD teams to towed and Tracked Rapier units.
Gazelle and Lynx in various payload loadouts provide treetop-skimming helicopter support, while RAF Harrier and Jaguar in ground attack roles, Phantom F.3 fighters, and Tornado GR.1 strike aircraft protect the skies above."
"HISUK4AD";"The 4th Armoured Division boasted an illustrious military career, having taken part in notable conflicts ranging from the Battle of Waterloo to the Boer Wars, World Wars I and II. In the late 1970s, after a series of convoluted reorganizations, the 4th Armoured Division was designated a NORTHAG frontline formation in West Germany, as part of the British Army of the Rhine.

The 4th Armoured Division forms a missing link in the British Army of the late 1980s, in effect a mechanized infantry division fielding older armored equipment. Only second-generation Chieftain main battle tanks, including Mk. 6/2 and Mk.11 variants, are available. Likewise, the formation’s plentiful Assault Pioneers, Rifles, and Motorised Rifles squads ride to battle in softskins, FV432 armored vehicles, or light but fast Saxons APCs. The FV432 is further employed in command, cargo, anti-air SCAT, MILAN, and Wombat versions. Notable units include the venerable AEC Militant Mk.3 heavy supply truck, demolition charges-firing Centurion Mk.5 AVRE ROMOR courtesy of the Royal Engineer Armoured Squadron, radar-equipped Lynx AH.7 Chancellor and rocket-firing Gazelle AH.1 helicopters. The Royal Air Force deploys Jaguars and Phantoms with various loadouts, including the Jaguar GR.1A with HE bombs and overwing air-to-air missiles, and Phantom FGR.2 fighter-bombers with HE and Cluster payloads."
"HISUKBerl";"Berlin Command was composed of the various Allied garrisons present in the Cold War’s iconic West Berlin. The U.S. Berlin Brigade, the British Berlin Infantry Brigade, and the French Forces Françaises à Berlin were to provide military deterrence. Encircled on all sides, the multinational Berlin Command was hopelessly outnumbered and outgunned. Still, these local NATO forces, specialized in urban combat, aimed to make any Warsaw Pact attack on the city an extremely costly affair.

Berlin Command calls on a wide array of military police, infantry, assault troops, and combat engineers. Forces range from American elite PSSE-B recon squads to British ad-hoc RAF Rifles. The FV432 Rarden, with its 30mm autocannon, serves as a repurposed fire support vehicle. The French field the light 53T2 20mm for local AA, and the towed American M198 howitzer provides field artillery. Treaty-bound, the West Germans could only deploy police forces, such as SEK assault squads and Fr. Polizei-Reserve. Heavier armor includes the American M728 CEV and M1IP Abrams, the British Chieftain Mk.10, with its striking urban camouflage, and French AMX-13/90 and AMX-30Bs. Air assets are as varied as the ground units, including smuggled-in RAF Harrier jump jets and state-of-the-art F-117A Nighthawk stealth bombers with LGB capability. The large, high-speed French Mirage IV conducts SEAD and carpet-bombing missions."
"HISUKHDR";"The United Kingdom’s Home Defence Region London covered the British Army and Territorial units assigned to London during the Cold War. Acting as a capital garrison of sorts, it contained a hodgepodge of defensive units, with the nucleus formed by the Guards battalions of the 56th (London) Infantry Brigade. The formation was further backed by various reservist regiments, including detachments engaged in Northern Ireland, War Materiel Reserve, ceremonial artillery, training units, and even elite SAS counter-terror squads. 

The Home Defence Region London deploys a wide-ranging mix of personnel and equipment, from Guards squads in their redcoats and bearskins, airborne Territorial troops, to Rifles Patrol sections redeploying from Northern Ireland, and grey-clad SAS special forces. The FV1613 Humber armored car is available in great numbers and in various configurations, supported by Centurion Mk.13 tanks, heavy Chinook HC.1B helicopters, Bedford TM supply trucks, World War II-era QF 25-pdr 88mm artillery, L5 105mm guns, to several prototypes of the state-of-the-art AS.90 155mm self-propelled gun. Anti-air and air cover is formidable, from the modern Starstreak LML to the heavy Bloodhound Mk.2 SAM. A  handful of A.109A helicopters captured from the Argentinians during the Falklands War see renewed service, together with ancient Canberra bombers, Hawk T.1A trainers, Phantom FGR.2 in air defense roles, and Harrier GR.5 attack aircraft."
"HISUKMNAD";"NATO’s MultiNational Airborne Division, or MNAD, was a late Cold War suggestion for a NORTHAG quick reaction force that never advanced beyond its proposal on paper. The limited strategic reserves of each of the national Corps were considered a risk in case of a communist offensive. With World War III on the horizon, the MNAD would see a fast-tracked revival, combining a variety of light units of the Belgian, Dutch, and West German detachments under unified British command. 

The flexible MNAD relies on the elite fighting forces of the British 5 Airborne Brigade, the West German 27. Luftlandebrigade, and the Belgian Para-Commando Regiment. Paratrooper squads, from West German Fs.-Jäger to British Paras and Belgian Para-Commando wield the Airborne and Shock traits and some of their respective armies’ best small arms. Other renowned infantry featured are the famous Ghurkas and the Dutch Mariniers naval infantry. Battlefield mobility is a premium, which results in almost non-existent armor, but plenty of Airlift-capable units. These include the ATMP vehicles, L16 81mm mortar with Cluster munition, Kraka with TOWs, West German Wiesel tankettes, and even the rapid LSV M2HB buggy. Its helicopter force is powerful from Scout AH.1 Helarm, Agusta A109BA HTPT, to large CH-53G and Chinook HC.1 transports. Air is likewise well supplied with Buccaneer bombers, Mirage 5BA fighter-bombers, and F-16A air superiority fighters."
"HISUS101AB";"The renowned U.S. 101st Airborne Division (Air Assault) was first raised in World War II as a paratrooper formation, jumping famously into combat during D-Day, Market Garden, and seeing action during the Battle of the Bulge. The 101st Airborne also took part in the Vietnam War, followed by a deep reorganization that resulted in an airmobile division with close integration of helicopters and air assault-capable infantry. The late Cold War saw only limited deployment of the “Screaming Eagles”, even as part of the US Army’s quick reaction force, the XVIII Airborne Corps.

The 101st Airborne is organized as a light infantry division, but with levels of training and standards above regular U.S. Army formations, as well as substantially more helicopters, including the 160th Special Operations Aviation Regiment (Airborne), the U.S. special forces’ helicopter wing. A handful of M11P Abrams tanks will come courtesy of the 194th Armored Brigade. The light combat formation fields a wide range of specialized equipment, from Aero-Rifles squads, Green Berets (ODA), elite Delta operators, to the quirky 6x6 Gama Goat and M274 Mule transports. Air support includes the heavily armed MH-47D Chinook, nimble AH-6H Little Bird, MH-60A DAPs, and AH-64A Apache ATAS helicopters, as well as EF-11A Raven Electronic Warfare planes and F-15C Eagles for air superiority."
"HISUS11ACR";"The U.S. 11th Armored Cavalry Regiment “Blackhorse” was CENTAG’s tripwire, a screening force situated directly on the Inner German Border. With the outbreak of war, the regiment’s squadrons were to be reinforced with a few West German and American battalions, intent on holding back the Warsaw Pact for as long as possible. Manning outposts such as the famous OP Alpha, U.S. 11th Armored Cavalry Regiment “Blackhorse’s” wartime mission near the Fulda Gap would be near-sacrificial, with life expectancy counted in hours.

The 11th Armored Cavalry Regiment’s recon units are top-notch, from LRS special forces and M1025 Humvee AGL to West German radar-equipped Green Archer and light Bundesgrenzschutz border guards. One of the most impressive is the M1A1 ACAV recon tank. Much like its logistical train and supporting arms, the regiment’s mechanized infantry is expensive to deploy but includes Engineers and Dismounted Troopers. The cavalry’s armor is well represented, with M1A1 Abrams bringing their heavy tank guns to bear. Attack helicopters can likewise be deployed cheaply but are limited to the older AH-1F Cobra and the AH-1F C-Nite with TOW-2 missiles. Flying top cover is the F-16 Fighting Falcon in various loadouts, including the F-16CG with laser-guided bombs, while the fearsome A-10 Thunderbolt provides devastating close air support. "
"HISUS1CAV";"The U.S. 1st Cavalry Division was formed in 1921 as a horse cavalry unit and saw action in the Pacific Theatre during World War II, and later in the Korean War.
Remaining in East Asia, the formation was reformed into an air assault division and saw further service in Vietnam, including famously at the Battle of Ia Drang. In the late 1980s, the 1st Cavalry Division was based in the continental United States as a test-bed formation.

The division was to be ferried to a war-engulfed Europe as part of REFORGER, using local POMCUS depots with ready-to-roll equipment.
The formation’s hurried deployment in NATO’s Magdeburg Counterstrike, without its usual National Guard brigade, would see the division take temporary command of the British 4th Armoured Brigade to bolster its battlefield presence.

The 1st Cavalry Division, although a “light” American armored division, deploys some unique weapon systems. These include the M2 Bradley IFV in various configurations, such as the anti-air M2 Bradley BSFV, M3 Bradley CFV recon vehicles, the M3 ETAS with its electro-optical recon mast, as well as Cav. Troopers fireteams, the M109A2 (GLCP) firing laser-guided shells, the CQM-121A Pave Tiger Electronic Warfare drone, and the up-armored M1 MOD main battle tank./nThe British contribution, among others, includes Challenger Mk.2 tanks, Stolly supply vehicles, and Warrior IFVs with dismounted Rifles squads."
"HISUS24ID";"Formed during World War II to fight in the Pacific, the U.S. 24th Infantry Division (Mechanized) saw further action in the Korean War. Shuffled between Europe and the United States during the Cold War, the mechanized formation was reactivated in the late ‘70s. Not earmarked as a REFORGER division, deployment to Europe for this battlegroup in case of war would have been a lengthy affair.

A mechanized division with some of the latest equipment available, the reservist National Guard will make up about a third of the 24th Infantry Division’s strength. Less experienced, fielding older small arms, vehicles, and weaponry, these American units with the Reservist traits are still capable enough when used in numbers. National Guard units include infantry squads either with Dragon or LAW anti-tank weapons in M2 Bradleys, M60 machine gun and Stinger MANPAD weapon teams, 105mm-equipped M1 Abrams, I-Tow mounted on jeeps, M109A2 self-propelled howitzers, and even A-64A Apache attack helicopters. Regular units featured are the tracked M548A2 supply, M1IP Abrams, as well as large Military Police combat squads. Protecting the skies above, one of the most advanced jet fighters flies air cover in two variants: the F-15C Eagle air superiority fighter and the F-15E Strike Eagle with laser-guided bombs."
"HISUS2MAR";"The United States Marine Corps’ 2nd Marine Division was founded in the 1930s before famously seeing action in the Pacific Theatre of World War II, island-hopping through hard-fought victories at Guadalcanal, Tarawa, Saipan, Tinian, and Okinawa. During the Cold War, the 2nd Marine Division deployed to Lebanon in the early 1980s and to Panama for Operation Just Cause in 1989.
With the outbreak of World War III in Europe, the 2nd Marine Division was to be hurriedly ferried to Denmark in an effort to shore up the defenses of NATO’s JUTLAND command.

The 2nd Marine Division contains an arsenal of light or amphibious vehicles, underpinning the formation’s expeditionary role. This includes the LARC-60 Cargo barge, the wheeled LAV family - ranging from command, APC, and IFV to mortar carriers - as well as the AAVP-7A1 series of tracked amphibious vehicles, including a specialized mine-clearing variant, the CATFAE.
The Marines are organized into large 13-man rifle squads, backed by elite Force Recon special forces. Carrying a dual anti-air and rocket payload, the OV-10 Bronco recon plane works in tandem with the AH-1W Super Cobra, providing immediate close air support.
The USMC also fields its own organic aircraft in the form of AV-8B Harriers in various variants, plus the U.S. Navy’s poster boy of the 1980s, the formidable F-14A Tomcat air superiority fighter. "
"HISUS35ID";"The U.S. 35th Infantry Division (Mechanized) could count on a long service record, having seen action in World War I and II. The distinctive blue cross-in-circle insignia of the formation gave rise to the “Santa Fe Division” nickname. Re-established as a mechanized infantry division in the early 1980s, with plentiful armored battalions, it acted as the missing link between the U.S. Army’s mechanized and tank divisions. The formation’s core fighting forces were further supplemented by Kansas, Missouri, Nebraska, Colorado, and Kentucky National Guard units.

The 35th Infantry Division is a true National Guard formation, with many of its N.G. units featuring the Reservist trait, from infantry to vehicles. Quite a few of the division’s weapons are old enough to have seen action during the Vietnam War. These include the small arms fielded by Rifles and Engineer squads, as well as the M60A1 main battle tank in a multitude of variants, such as the improved RISE, ERA reactive armor, and an ACAV recon version. Support includes the military police M1025 Humvee MP, the heavy M813A1 supply truck, as well as the UH-1M Gunship and the slow-moving A-37B Dragonfly available in recon and close air support variants. A special unit is the experimental XM1058 US-Roland SAM, providing air cover side-by-side with the venerable M42A1 Duster SPAAG."
"HISUS3AD";"The U.S. 3rd Armored Division “Spearhead” counted on a distinguished World War II career, seeing combat from Normandy all the way to VE-Day in Germany. Reactivated in the mid-1950s, one of its most famous soldiers was Elvis Presley, serving with the formation in West Germany. Part of CENTAG, the division was headquartered in and around Frankfurt. In times of conflict, as the V Corps’ heavy tank force, the 3rd Armored Division would deploy rapidly to the front, countering any Warsaw Pact incursion through the Fulda Gap.

The 3rd Armored Division relies on its tank and anti-tank units to dominate the battlefield, fielding not only the advanced M1A1 Abrams but also the M1A1(HA), one of NATO’s most heavily armored tanks. The long-range TOW-2 ATGM is present, either as part of the M901A1 ITV or as a dismounted weapon team. While infantry can only deploy as half-sized fireteams, they come in the capable Bradley IFV. Supporting units include recon M981 FISTV, heavy-duty HEMTT transports, and the M270 MRLS with Cluster warheads. Air power is another strong point: the AH-64A Apache is a potent attack helicopter, while the F-111E and F-4E Phantom II are available in various close-air support loadouts. Air superiority can be handsomely achieved with the state-of-the-art F-15C. "
"HISUS6LID";"The U.S. 6th Infantry Division (Light) saw action in World War II before going dormant during most of the Cold War. Reactivation in 1986 saw it designated the U.S. Army’s primary Arctic Warfare division, tasked with the defense of Alaska, including key American military bases. If the far-flung Aleutian Islands were to come under attack, the division was also envisioned to take the fight across the “Ice Curtain” into the Soviet Far East. Limited in armored vehicles, the 6th Infantry Division combined various infantry, paratrooper, Navy, Air Force, and National Guard units.

The 6th Infantry Division’s core is made up of Light Rifles and Airborne Rifles squads with a variety of loadouts. Other U.S. Army equipment includes the heavy-lift CH-54B Tarhe helicopters, M119 105mm howitzers, and Vietnam War-era AH-1S Cobras. The National Guard is represented by Alaskan Scouts, the N.G. M48A5 ACAV recon tank, and the A-7D Corsair II attack aircraft. The U.S. Air Force, protecting its vital bases in the region, not only provides the recon OA-10A Thunderbolt but also USAF Security infantry squads with Peacekeeper wheeled APCs. In the same vein, the U.S. Navy fields the A-6E Intruder and EA-6B Prowler, plus USMC Security guarding naval facilities with Dragon 300 APCs, while the renowned Navy Seals provide special forces back-up."
"HISUS82AB";"The illustrious U.S. 82nd Airborne Division cemented its warfighting reputation with several World War II combat jumps, including the famous drops on D-Day, as well as action during Market Garden and the Battle of the Bulge. Post-war, the paratroopers formed part of the XVIII Airborne Corps’ strategic reserve and deployed to the Dominican Republic, Vietnam, and, later, Grenada in 1983. As a quick reaction force, the airborne formation would move rapidly from the continental United States to West Germany in case of hostilities.

The 82nd Airborne Division will be able to Forward Deploy most of its infantry, crew-served weapons, and vehicles, giving it a significant advantage early on in battle. Highly mobile units are the division’s hallmark, from CH-47C supply helicopters to AB M1025 TOW units, Airborne squads with AT-4s, wheeled armored reconnaissance M1047, and the M551 TTS Sheridan tank. Anti-air units include AA M998 Avengers and towed M167 Vulcan 20mm. Helicopter support is prominent, from the Zuni rocket-equipped AH-1 Heavy Hog and anti-air AH-1 ATAS to the nimble AH-6 Little Bird and modern AH-64A Apache. Air support encompasses the A-10A Thunderbolt, the potent F-15C and F-4E Phantom II in air defense roles, backed by F-16C and F-111F tactical bombers."
"HISUS8ID";"The U.S. 8th Infantry Division (Mechanized) saw extensive action in Europe during World War II, including taking part in the infamous Battle of Hürtgen Forest in late 1944. Reactivated in the mid-50s, the formation was headquartered in Bad Kreuznach, with subordinate brigades scattered west of Frankfurt. In the event of war, the division would have deployed either to protect Frankfurt or to join V Corps’ counterattacks against the invading Warsaw Pact.

The 8th Infantry Division counts on the excellent Mechanized Infantry in their M113 APCs, short-range Dragon ATGM-equipped soldiers, Aero Rifles with their UH-60A Black Hawk helicopter transports, and Ranger squads. Other infantry include a variety of Combat Engineers, Gunner squads, I-TOW, and TOW-2 ATGM teams. Tanks are still present, though limited in number and more expensive to deploy. These are the older M60A3 (TTS), early M1 Abrams with 105mm tank guns, and a handful of M1A1s. Artillery is potent, ranging from the M125 mortar carrier to the heavy M110A2 203mm self-propelled howitzer. The U.S. Air Force provides the modern F-16 Fighting Falcon in various loadouts for air cover. The improved F-111F makes its mark as a tactical bomber, including fielding a variant equipped with precision laser-guided bombs. "
"HISUS9Mot";"The 9th Infantry (Motorized) Division’s rich military history covered both World Wars and the Vietnam War. However, its uniqueness came to the forefront in 1981 when it became a special testbed formation for the U.S. Army. The 9th Infantry was envisioned to be light enough to deploy rapidly, but still deal with the heaviest threats. To accomplish this, it turned to an arsenal of highly advanced equipment, earning its nickname as the “Toys 'R' Us Division.” The battlegroup, with a heavy National Guard mechanized brigade, was destined to be deployed to Denmark, but with war on the horizon, would see itself redeploy into NORTHAG. 

The 9th Infantry (Motorized) Division fields two new vehicle families, one being the CUCV utility truck, the other the HMMWV or Humvee. Both are used by the division’s Light Infantry and National Guard infantry in a great variety of roles, from the M1008 CUCV Supply to the M998T Interim Squad Carrier and the recon M1025 Humvee G/VLLD. A smorgasbord of exotic units includes the M198 155mm (CLGP) with Copperhead guided ammo, the M60A1 AVLM mine-clearing vehicle, the M1008 CUCV GLH with ground-launched Hellfire missiles, the JOH-58 recon helo, the towed anti-air XM895 T-CHAP, the MQM-10 Aquila UAV, and two-person Sniper teams fielding the iconic M82 anti-materiel sniper rifle."
"HITWPCPNLB";"F-104G [AA]"
"HIWYMHJACN";"HARRIER GR.5 [HE]"
"HJBDBQRGTS";"SEA KING Mk.48"
"HJBECMSWKU";"Mi-24K"
"HJCXZUCELZ";"MFRW BM-21-1 [HE]"
"HJFAENQHCY";"PC-7Ö"
"HJGWVKMTQP";"9 br"
"HJMNSPKKCT";"9M22S"
"HJPUOFQMXD";"10 bdes"
"HJQGNDYOTC";"F-16A [AA]"
"HJSAPJSNRJ";"VKK 321"
"HJUUXSFLYB";"40 dar"
"HJVBVNGGAW";"1-1. TP"
"HKCVPAHNIJ";"3-11. MSP"
"HKECURNZUQ";"1-51. MSP"
"HKFNCASJRP";"4-229th Attack Helo. Bat."
"HKGELOTAJT";"REZ. PM-43 120mm"
"HKGVMJRDSY";"III./AR 11"
"HKIQYHXAQO";"CMDT CHASSEURS ARDENNAIS"
"HKIZENKRYF";"ZÁSOBOVACÍ T805"
"HKMDOEDPKI";"Stab-II. Korps"
"HKPJSUXVHJ";"Jäger-Bat. 531"
"HKQRLEJVQX";"20 GMRD"
"HKRBNLSHMT";"No. 2/15 Squadron"
"HKTKAQTTYM";"DESANT. MOR. KOMROTI"
"HKVQXVUZXW";"REZ. T-34/85M DOW."
"HKWPCXGRQP";"2-244-y Gv. Tank. Polk"
"HLBCOJEHEZ";"PIONIER FÜH."
"HLDFYGDXFH";"Mi-24P [AT1]"
"HLFBCHRWDK";"46 paplot"
"HLFNAMUUYD";"Escadre de Chasse 2"
"HLJDAUKDTD";"M3A2 BRAT"
"HLKJXDHWOF";"CVR(T) SPARTAN"
"HLNDNMVPLP";"2e Carabiniers"
"HLTLQPBBVT";"M63 120mm"
"HLWIIJGOLY";"M151"
"HMAPJZIOAC";"Fs-PALR MILAN 2"
"HMEXBJNLUT";"MARSOUINS INSTRUCT."
"HMFGGTZAAX";"HM-55S"
"HMHERAJHKG";"FV103 SPARTAN ZB-298"
"HMLNKOBPUE";"A Gatling gun is a multi-barrelled automatic rotary cannon capable of shooting a massive quantity of rounds extremely fast.
Using an electronic firing mechanism, a modern Gatling gun (also known as minigun) can fire so quickly it is in danger of running out of ammunition within seconds. Gatling guns are often cumbersome weapons and are relegated to be used on aircraft or stable land platforms. They can be employed as a close-in defensive system to saturate a target area by throwing a hail of fire, an anti-aircraft gun, or even an airborne anti-tank weapon able to punch through the weak top plating of many armored vehicles."
"HMLPODUZWB";"MAN KAT 6x6"
"HMMKZICMXI";"3-10. MSP"
"HMNGALJGAU";"M1A1 ABRAMS"
"HMPDALADMU";"Mi-2URN"
"HMRIHHWDWC";"28. Stíhací Bomb. pluk"
"HMSDSNIOAH";"Recon units can deploy ahead of the main force. This gives them a head start. This ability is only available during a battle's initial deployment phase."
"HMULKLUAIO";"#DDR 2. Mot.-Schützen-Rgt."
"HMUQXSDQBD";"2-1st Field Artillery Rgt."
"HMVXUFIJTA";"3. Motostřelecká Divize"
"HNAZTOFAMS";"BS-3"
"HNBICIECDO";"2-65. MSP"
"HNDNZGYMNN";"BMP-2K"
"HNDTBGHYGH";"1. TANKOVA DIVIZE"
"HNHZUTJDRS";"N.G. M113A1"
"HNILSJNPVD";"WACH. PANZERJÄGER"
"HNJRLHEOXC";"CN 90 F1"
"HNLWOITNGN";"#SOV  8-ya Gv. Armiya"
"HNPYRMPCQB";"ALPHA JET E [HE]"
"HNQCLHNGMF";"1-170-y Gv. MSP"
"HNRQXDBUOQ";"Su-22M4 [HE2]"
"HNRXMIUKRW";"vz. 53"
"HNSABQXFUS";"2-197-y Gv. Tank. Polk"
"HNTUMNXBLN";"2-6. MSP"
"HNUVKSYCSV";"227kg"
"HNVPJAYHUW";"Jammer"
"HNWPOOMFTT";"FÜPZ. PT-76B"
"HNXAACUGZZ";"L16 Merlin"
"HNXDWUSPQU";"Folgore"
"HNZNXXZOEE";"MO-120-RT61"
"HNZXEYTQEC";"Su-25K [HE]"
"HOBJWSNMQI";"Feldartillerielehr-Bat. 51"
"HODATRZFPR";"FAL"
"HOEKMONNHN";"M125 MORTAR"
"HOIFEWQVZG";"USAF SECURITY"
"HOKLPYWVIZ";"SPW FUG"
"HOLZWQKVRK";"Electro-optical m."
"HOPJUAENSM";"VAB MILAN LEGION"
"HOQFWWSOGZ";"RAZVEDKA SAPERI"
"HOQOMUBNPC";"Su-22M4 Seria 30 [AT]"
"HOTIMADFQW";"1-265-y Gv. MSP"
"HOTXQSQNZD";"Yak-28PP [EW]"
"HOUSUTBFMX";"L4A4"
"HOVSLMGDMN";"76-YA GV VOZDUSHNO-DESANTNAYA DIV."
"HOWZPIVARK";"L11A5"
"HOXFZSGNVI";"N.G. FIRE TEAM (LAW)"
"HPACTNNZUM";"3e Infanterie"
"HPDCPSSROQ";"Type 56"
"HPHAWATGSP";"GEB. JAGDKOMMANDO"
"HPHNILGFYS";"VKK 354"
"HPHRBPNVTU";"USMC SECURITY"
"HPMIKNFHKN";"Python 3"
"HPNSMGFMQT";"MT-LB MUN."
"HPOEKVVFFI";"BLOWPIPE"
"HPTOQNGJYT";"203mm"
"HPUDOVRSTA";"#CZ 17. dělostřelecký oddíl vm"
"HPYENREAPM";"L1A1 SLR"
"HPYRXBMKXB";"3-841-y Art. Polk"
"HQDDSTSYMB";"ALOUETTE III"
"HQHMUKLTQH";"CHIEFTAIN MK. 6/2"
"HQRKJFRKJQ";"PARA. MILAN  1"
"HQSKTIWTVD";"Reserve-PzR 15"
"HRAWIJWYKV";"8ste Smaldeel"
"HREPBFQXEG";"#SOV 145-y otd. Tank. Polk"
"HRIUTBDTYO";"MiG-21bis [CLU]"
"HRJICHANKA";"BO-105M"
"HRKASCHPDG";"35 pdes"
"HRMLYKZLFC";"M68A1"
"HRMVXYUHNH";"Minimi Para"
"HRSFDHHKXN";"GV. FAGOT"
"HRYMQIJPQD";"M60"
"HSAOLGQDUE";"1-75. ThdBr"
"HSAZKKPAOD";"1-210-y MSP"
"HSFMADAPDE";"AUFKLÄRER"
"HSFTFMAEUC";"BMP-2AG"
"HSHVQSBONM";"3-3. MSP"
"HSMLDWOADR";"GUARDS L16 81mm"
"HSQNSLSYKC";"(NORHERN GROUP OF FORCES)"
"HSQWKIHCWI";"JBG-77"
"HSRQMGKHBI";"M60A1 AVLM"
"HSULNUGORT";"PIONIERS (RL-83)"
"HSVLXTLUZF";"DESANT. UAZ-469 ZAOP."
"HTBXPGHBCU";"DESANT. IGLA"
"HTINUHTFZK";"1-36th Field Artillery Rgt."
"HTJLTHAMNZ";"1st Canadian Division"
"HTKGBBJYEJ";"N.G. CAV. SCOUTS (LAW)"
"HTKUWXXXGR";"MiG-23MLA [AA]"
"HTLTFSUCVR";"#RFA 12. Artillerie-Regiment"
"HTPFTVATNF";"AMX AuF1"
"HTRTZNUWGW";"ATMP LML"
"HTTRUITSXF";"MARINES (AT-4)"
"HTUHHKQEGW";"#RFA Artillerie-Regiment 4"
"HTVAAEQMJV";"SPETSRAZVEDKA"
"HTVCPLEEEP";"#US  130th Engineer Brig."
"HTXKTCYTUO";"3rd Heeresflieger-Kdo"
"HTYZTYQXPF";"N.G. CAV. SCOUTS (DRAGON)"
"HUBURYVJTM";"F-16A [HE]"
"HUEAKLQYGH";"OT-65VP"
"HUKIIYOENR";"EE-11 URUTU"
"HULRDNTADM";"CH-136"
"HUNCBXDUPE";"#FR 2e Brigade"
"HUOCQCQAKT";"ROZP. SPECJALNE (GSR)"
"HUSOTKTUJT";"900th Air assault"
"HUTMUOSXND";"TOA"
"HUWJRVICMR";"73-y IAP"
"HUXWOFWLSQ";"8 pułk czołgów"
"HUYIIPVEJD";"OH-6"
"HUYMOXUOCQ";"ILTIS Aufk."
"HUYNTNWMDY";"#FR CA2CA"
"HUYSXUVIUW";"POGRANVOISKA KGB"
"HVACVEVJLT";"Fs.-WOLF AUFK."
"HVDKZSUNLF";"AIM-9P"
"HVDWVZGSLA";"NIEB. BERETY SAPERZY"
"HVHMZBXFPS";"HQ-2nd Infantry Div."
"HVKRKYCPIX";"Mk.19 40mm"
"HVLMOJUDNV";"BL.755"
"HVMBAZIQAL";"USAF SECURITY"
"HVMLMNDLMB";"T-80UK"
"HVMMXOCKJI";"GRENADIER"
"HVOSFXRAZL";"27-YA GV. MOTOSTRELK. DIV."
"HVPNQTBLKA";"DShK"
"HVQWCUDGAK";"5 Brygada Saperów"
"HVTIECLPHD";"10de Pantserinfanteriebrigade"
"HVTJRMZRHU";"Mk.5 Incendiary"
"HVTWDGQTBJ";"83mm"
"HVVSTNQCAB";"TANK HUNTERS"
"HVWPWZYUMW";"(WESTERN GROUP OF FORCES)"
"HVZBITEPWJ";"T-62MD1"
"HWAVYQVEYD";"AGS-17"
"HWCKRNBHGQ";"16DE PANTSERDIVISIE"
"HWDKAJIZBU";"2-67th Armored Bat."
"HWHVGINGAD";"N.G. CAV. SCOUTS (LAW)"
"HWLGCFXLTH";"FlaRak-Bat. 33"
"HWMCONPNSE";"3-65-y Gv. Tank. Polk"
"HWMEMCKMOW";"#DDR  10. MSD"
"HWOEDTYMCJ";"M35"
"HWSARFVDYX";"URAL-4320 MUN."
"HWTQZUJTHD";"SAXON CP"
"HWXOIYJUUG";"III./MSR. 14"
"HWXRBEKTYO";"BIMZ Cantabria"
"HWXSQGCJAY";"#CZ 11. Tankový Pluk"
"HXCMTXHYSE";"TANK GUN"
"HXDESARIUF";"SEAD"
"HXIDKDJMKG";"2-22 pa"
"HXMVRULQPK";"#FR 6e Div. Légère Blindée "
"HXODZNQUVG";"41 Tkbat"
"HXUQBJFLJN";"8e Hussards"
"HXXBJQAEOV";"RAAA III/71"
"HXXKRWZDMH";"11th ACR OFFICIAL BATTLEGROUP"
"HXXNEAJADW";"ZAPADORES MANDO"
"HXYOJAADDH";"Panzer-Bat. 341"
"HXYULEMTPH";"1-52-y Gv. Art. Polk"
"HYFFKJIDVC";"Shock"
"HYGDCYTJBU";"Bevrijding Bataljon"
"HYHWKQGSOP";"RPS-6 VEKTOR"
"HYJNDEDFRO";"Uzi"
"HYMIOYCVIC";"SAAB 105Ö [RKT1]"
"HYQVLTKZBD";"FASTA-4"
"HYSHHKZXPR";"SG-43"
"HYUWZSIKYW";"MORTAR"
"HYWJHTLBWO";"2-2 pa"
"HZAWTLPDWU";"C.12 [RKT]"
"HZCVMOHNDF";"#UK  33rd Armoured Brigade"
"HZDHBWTORC";"GUV-8700-9A669"
"HZEFDDCMZM";"CAVALRY TROOPERS (LAW)"
"HZFHDVBEKR";"18TH ENGINEER BRIGADE"
"HZFLGBRSRP";"PARA. ROVER MILAN"
"HZFYUAXHWA";"Velitelství a štáb 14. TD"
"HZGKAFAZCK";"HOT-1"
"HZHHFAMSJX";"F-16C [NPLM]"
"HZIFEPSGWV";"KPz. T-55AM2"
"HZIPFAEFTY";"Jäger-Bat. 632"
"HZTCGWCPYT";"TU-22PD-7 [EW]"
"HZTSKUHHBI";"7,5mm"
"HZXAYUXQGP";"443-y Otd. Sapery Bat."
"HZXKVCCOIF";"35TH INFANTRY DIVISION (MECH.)"
"HZZIUQDOYO";"BAW-485"
"IAEJOKAMBF";"L9A1"
"IAHNKUZGMU";"I,/Staffordshire"
"IAIQEUQEOX";"AMX-30E"
"IAJXFATIYH";"MiG-21MA"
"IALFEIMLEV";"KPz. T-72M1"
"IAMNHIYCNR";"3-23. TP"
"IAOKGTBNCT";"M68A1"
"IAOMEMEULP";"30 Res. Dywizja Zmech."
"IAOSDQHZIX";"M29 81mm"
"IAQCIDWWAN";"34-ya (Art.) Div."
"IAQRFYKRJS";"MH-60A DAP"
"IAVHDHAEOA";"HU.10 CARGA"
"IAXPOUQQTN";"3-18. TP"
"IAZCETWBDS";"MECH. RIFLES LDR."
"IBCFODQQCX";"SANTANA"
"IBFKQLHHLN";"USMC M60A1"
"IBFWGPGVSS";"2-MSR. 27"
"IBGZPSANQL";"D-921"
"IBJJVYKMFI";"I-HAWK"
"IBJQBSTJRN";"6. PZ.GRENADIER-DIVISION"
"IBLWJFVPAZ";"This unit excels in gathering intelligence and spotting targets. Some recon units are masters in observing the enemy undetected. Others actively scout the battlefield, using rapid mobility and light weapons to report back on enemy resistance."
"IBMRKVGPWM";"Kannone 1948/73"
"IBNYUGGVGI";"79GvTD"
"IBPMWOJPDH";"PzGrenadier-Bat. 12"
"IBQUKJCGGX";"M-240 240mm"
"IBRODFZZPN";"RPS-6 VEKTOR"
"IBUKEJOTEB";"KOMANDOSI"
"IBXZLDFBZW";"Mi-2URPG GNIEWOSZ"
"IBZDSXSLJF";"S-125 NEVA"
"ICANBZRZZE";"AIM-7E"
"ICDGCIAQJZ";"Su-7BKŁ [HE]"
"ICEMVFKSOP";"FAGOT"
"ICIATBRUZQ";"MG/62"
"ICKNGGWXJB";"VÝS. AGS-17"
"ICOQHSCNTS";"Aufk.-Bataillon 7"
"ICSSKHLOMP";"USAF SECURITY"
"ICVMIXTRRH";"HQ-1CD"
"ICVYUCUJGP";"MG74"
"IDADXAUEHZ";"(290th Cannon Art. Brig.)"
"IDCEFUWERR";"2-Royal Canadian Rgt."
"IDGCSWBJZX";"2-55 pz"
"IDGDTUWQWJ";"DESANT. SAPERI (RPO)"
"IDHWTNUFKT";"UNIMOG S404 MUN."
"IDICNZQQRP";"3rd Arm/Mech-Inf Group"
"IDILCBEOSM";"M32A1"
"IDJWXTMIIA";"Feldartillerie-Bat. 111"
"IDLTSWLSID";"Fla-SFL 23-4 SHILKA"
"IDLUHTYSLE";"61 Brygada Artylerii Wojsk OPL"
"IDMQDWTBHU";"Su-7BKŁ [RKT]"
"IDPERIEKFC";"MORTER M/50 120mm"
"IDRIQKKRPN";"C.15 [AA]"
"IEBXUBGRWF";"4-332. KDBr"
"IECAYKIFPF";"LÁMA"
"IECMLNOSTK";"FRR-11"
"IEEGEHYXCP";"CH-136"
"IEFTADHGTV";"AAVP-7A1"
"IEIMEBEHZK";"ADEN 25 x2"
"IEJLXHKEBF";"wz.88 Tantal"
"IEMWQTFWZY";"T-80BV"
"IEPYWXPFHT";"Su-24M [AT2]"
"IEQFXXIRLN";"D-1 152mm"
"IESIIXMLKF";"Z70-B"
"IEXWQDOVFM";"UH-1H HUEY"
"IEZLFETRTP";"BERLIET GBU 15"
"IFBUNNFFTV";"PEGASO 3046 ABAS."
"IFBXVBBNIX";"53rd Tac. Fighter Sq."
"IFCMKJOJDT";"BM27"
"IFDZSYISWH";"AB MP PATROL (M67)"
"IFFJJMDDPO";"TANKJAGERS"
"IFIQYIIMQQ";"III./MSR. 15"
"IFSVSCJRTO";"JEŠTĚRKA 30mm"
"IFV";"Infantry Fighting Vehicle"
"IFWNBIGUOA";"2e RHC"
"IFYTKHYQBH";"Infantry Squad"
"IGCANKFWPJ";"FAL Para."
"IGDLGUCSQI";"Pionier-Bat. 350"
"IGHSJXRXMA";"USMC M60A1"
"IGLOQSDQBM";"C.11 [RKT]"
"IGNFMRWPHX";"SPETSNAZ GRU (Stinger)"
"IGOVXYAUMV";"6-GV.MTSK. OFFICIAL BATTLEGROUP"
"IGQGTTKISX";"REZ. PULEMETCHIKI"
"IGQRABDQGJ";"PAR 66/79"
"IGRLUSCXIH";"M113A3 ACAV"
"IGVXRLXTFF";"2-27 pcz"
"IGWLPDMUPE";"M551 TTS SHERIDAN CP"
"IHAETYMXTX";"Panzer-Bat. 284"
"IHDCCVJOTX";"#RFA 71. Heimatschutz-Rgt."
"IHDRRGOBHX";"MAW"
"IHDUATWCTN";"MECH. RIFLES (DRAGON)"
"IHFAFENBIB";"Panzer-Bat. 21"
"IHIGGPOLLD";"L-39ZO [HE1]"
"IHISJKIHWN";"SAMP T25"
"IHJPQTAJCT";"This second-line infantry unit is only lightly equipped for combat, tasked instead with patrolling and securing the rear. These soldiers guard against enemy saboteurs and infiltration attempts."
"IHJVUCLQYH";"M998 AVENGER"
"IHOAEXTHSJ";"II./PR-15"
"IHQCJKUFPZ";"Galil"
"IHTITZMBOY";"#RFA 84. Heimatschutz-Rgt."
"IIKDOGVOYG";"Javelin LML"
"IIKNCTDICK";"Fallschirm.-Bat. 263"
"IILPHWNFSW";"Su-15TM [AA]"
"IILRZVSFBI";"39-YA GV. MOTOSTRELK. DIV."
"IINUPZTEYZ";"TERRIERS AT GROUP"
"IIOFNZRUIZ";"AIR-TO-GROUND ROCKETS"
"IIQRXKYKBI";"MTW M113A1G MILAN"
"IIWFXGZPKC";"AML-60 GENDARM."
"IIYNVHTJVK";"AIM-7F"
"IIZOIMNVGU";"SU-100"
"IJAHTVWOIR";"2-239-y Gv. Tank. Polk"
"IJAVFFOEQN";"#US  18th MP Brigade"
"IJHGESDSIS";"413-y otd. Zen.-Rak. Bat."
"IJHMIXERSD";"L94A1"
"IJHZMLJNSQ";"3-12th Field Artillery Rgt."
"IJICYPCUHN";"6-41st Field Artillery Rgt."
"IJKNHFXYZL";"GENIE CMG"
"IJPAVIRQVP";"LARO CMG"
"IJTTRYWYTF";"GBU-27"
"IJXCNENPJI";"USMCR LAV-C"
"IJZDSAJYMF";"1E DIVISION MECANISEE"
"IJZLBBPYGL";"2-211-y Gv. Tank. Polk"
"IKAUTRYXQQ";"#US 20th Tac. Fighter Wing"
"IKEZSANNEI";"PARACAIDISTAS"
"IKGEKVCQSZ";"T-72M"
"IKIWKAXKXP";"PIONIER (AGI)"
"IKJBNUMKDI";"RP-46"
"IKJENSMCJB";"3-MSR. 31"
"IKNJDIYKTV";"FUG"
"IKOTQKRPCH";"#SOV 11-ya Gv. Tank. Div."
"IKPLSZLDBQ";"F-16C [AA2]"
"IKQFWAYMOS";"MOT. RIFLES (Eryx)"
"IKRVFFTBUC";"4-199-y Art. Polk"
"IKTCMBPWFV";"DESANT. LuAZ-967M AGS-17"
"IKUTDAFXMN";"T813 MUN."
"IKZMLBRLJA";"5-8th Mech. Infantry Bat."
"IKZVMJBGAO";"L11A1"
"ILCIBKHTTG";"BKP B812"
"ILDFEDWFFP";"#RFA  34. Panzer-Brigade"
"ILGGAGZFFE";"Su-22M4 [UPK]"
"ILLMBWAFLS";"14 Painfbat"
"ILMKLOKRUL";"M256"
"ILUFLCHVZL";"F-4F [HE1]"
"ILUNBEOAMC";"9 pułk zmech."
"ILWKEVTDRC";"2-30-y Gv. Tank. Polk"
"ILZBTSJMDR";"#NATO  CENTAG"
"IMEJBBHLEO";"JAGUAR [AT]"
"IMGSINNETI";"40 Field Rgt. RHA"
"IMIZYVSSDJ";"9M53K"
"IMKSLBBJHY";"M47"
"IMLNMAADYR";"HQ-16e Division Mécanisée"
"IMMSZUAMEL";"1-28 pz"
"IMPUCMWMFT";"PZ.GRENADIER"
"IMPWPSFBVP";"#RFA  VBK 34"
"INBKGATSQR";"GVARDEITSY"
"INBSWDRRZV";"AIRLIFTER helicopters can transport light vehicles and equipment with the AIRLIFT trait. "
"INCNCOSXQE";"CLKA"
"INDMQHNPQG";"HOT-2"
"INGXXAKOPZ";"BRDM-2"
"INOTVBGWNA";"GUERRILLEROS"
"INRFJWWJIR";"PaK MT-12 100mm"
"INSLXJAXHR";"21 dar"
"INSTRCORPS";"This unit is composed of seasoned instructors and advisers, specialized in training recruits and other forces. This can range from basic military skills to the operation of advanced equipment such as main battle tanks, or even unconventional warfare tactics."
"INSTRHINTS";"Instructor units grant nearby units of the same type, either Infantry or Tank, +1 Veterancy level, while also removing any Reservist trait."
"INSTRTITLE";"Instructor"
"INWMPOGSDX";"3-504th PIR"
"INWNDUVEPG";"#SOV 221-y otd. Tank. Polk"
"INXKMOZRJY";"USMC LAV-L"
"INXZGLLSOG";"GAZELLE"
"INYMCTPYND";"3-8 pcz"
"INYWBVJDVF";"I,/AR-20"
"IOFBZGKMIC";"SEA KING Mk.48"
"IOGOGVXPUL";"I,/AR-8"
"IOIIIOUUNJ";"MIRAGE III EV"
"IOODOOKZPO";"PARAS MAG 7,62mm"
"IOOGFFKGMU";"3-8. MSP"
"IORROOQDQQ";"35e RAP"
"IOSIMQHWQT";"M113 C&V"
"IOTMVVJAKY";"TPz FUCHS MILAN"
"IOUVNPZMZJ";"SALH"
"IOYDNKQMEX";"Konkurs"
"IOYVUGZTAZ";"N.G. M150A2 TOW-2"
"IPBUTPGSED";"TRM-2000"
"IPCHWGEVNN";"3-64. TP"
"IPJRCEQQYG";"Panzer-Bat. 41"
"IPKQVKRCMT";"17e Artillerie à Cheval"
"IPMOXKAYKN";"JG-3"
"IPMUVXTAOV";"317th Engineer Bat."
"IPOJJDKMRV";"II,/AR-20"
"IPONEWLKLB";"MG3"
"IPXDAVWZWL";"GUN GROUP"
"IPZLEDGFPV";"T-72MK"
"IQAZIBVSQR";"S-5M"
"IQBGXZCRGB";"35TH INF.DIV. OFFICIAL BATTLEGROUP"
"IQBVVMYNIZ";"MiG-21bis [AA2]"
"IQDFIXWGVD";"N.G. TOW"
"IQDVKOMKRP";"R-3R"
"IQIVFIFDLD";"45 dar"
"IQKOPYVIYC";"SPW-60PUM"
"IQLMNYTIEU";"STRZAŁA-2M"
"IQOMKAOXWP";"M151A2 MUTT"
"IQQQZGHUDG";"StG 58 ZF-4"
"IQSCNXBDKH";"PSSE-B"
"IQVKWJHLNK";"25mm"
"IQWRIAVMIX";"BINC-300"
"IQYHRLEGVH";"10. Panzerdivision"
"IQZRCSFDXW";"MiG-21bis [HE]"
"IRGDSJMYLH";"DAF YA-4400 VRACHT"
"IRGTFTGTBK";"TRM-2000 PAMELA"
"IRLESSLPZL";"DANA"
"IRLSUJYNFQ";"AK-74"
"IRMEVJHEWC";"1-29 pcz"
"IRPHAJHQTZ";"M2HB 12,7mm M63"
"IRSCVGXXEK";"2-75 pz"
"IRSNMCJUQZ";"A submachine gun is a quick-firing, short-range firearm.
Submachine guns (SMGs) fire smaller cartridges, most often used in handguns, which allows for a more compact and easier to wield automatic weapon. This also means their stopping power and range are less than a heavier assault rifle. Rear-echelon troops or vehicle crews frequently field submachine guns as a personal defense weapon. "
"IRURZJFJHI";"54e Rgt. d'Artillerie"
"IRVCTJVQLU";"#SOV 200-y Gv. MSP"
"IRWCPMYERI";"le.GebH. M56 105mm"
"IRYBJWVIGF";"BERLIET GBU 15"
"IRZAMVOXRQ";"AZP S-60 57mm"
"ISAZCFMZYJ";"1-63. MSP"
"ISCUWYZDLK";"1-MSR. 31"
"ISDQZQPFVK";"Kh-29T"
"ISDYKPPVGJ";"I-HAWK"
"ISEKNPULFH";"2 gb 10 pz"
"ISFWRYPGBQ";"EC-90"
"ISHBTUPRWS";"M16A1"
"ISHYOFEPFT";"4e Cuirassiers"
"ISKWCYSAUO";"3. PPR"
"ISLJYZGBOX";"M48A5E2"
"ISMYHKBCPO";"2-17-y Gv. Tank. Polk"
"ISPYTLLSHC";"57mm APCR"
"ISQKOXNONE";"MOR. CHAIKA"
"ISXZRPLYLK";"#RFA  Territorialkommando Süd"
"ISYFRSRJEA";"1-286-y Gv. MSP"
"ITDLZXKBCE";"1 InfBevBat"
"ITEQFLMMFY";"Panzer-Bat. 141"
"ITHJWEACKZ";"#RFA  3. Pionier-Kdo"
"ITRSNOGIAV";"Mihanokínito Pezikó (APILAS)"
"ITUOXVTUHA";"ZU-23-2"
"ITYRAKQZRE";"MECH. FUSILEROS"
"IUACLYPWRR";"FNC"
"IUBYPMXKII";"3-241-y Gv. MSP"
"IUEMTJIMLZ";"Aviation Brigade-3rd Arm. Div."
"IUJJMLUOMW";"M47"
"IUKIQJHWFM";"4-693-y Art. Polk"
"IULQLPWGUY";"MARECHAUSSEE CMG"
"IUMSZSHCIR";"TOA-PC"
"IUNANPBNOS";"RES. VAB"
"IUNXJFRGUM";"M113 C&V KMAR"
"IURCVOMKLZ";"PZ.BEF. LEOPARD 1A5"
"IUSEJKKMDT";"GEPARD 1A1"
"IUSMDAYAXA";"68-y Razvedka Bat."
"IUTYWPWKEE";"M1A1(HA) ABRAMS"
"IUVXNMLCJQ";"T-72A Obr. 81"
"IUZMRUMOPY";"2A45"
"IUZWGNYNTZ";"#SOV 385-y Art. Polk"
"IVEEQGYMXG";"CN 90 F3"
"IVEXRHVFTA";"20. MSD"
"IVGDDGPOCZ";"CMDT RESERVISTES"
"IVGXYWFRGZ";"1-33-y Tank. Polk"
"IVLIXLYHJJ";"Sa Vz.58V"
"IVLWDIAZQJ";"3-20. TP"
"IVMWTUDWCW";"211-y Gv. Art. Polk"
"IVOQGNOYZG";"TOW 2A"
"IVPKNGEJZM";"KrAZ-255B ZAOP."
"IVRLPOUNAH";"RECOILLESS RIFLE"
"IVZGGMIBMR";"EM-11e DP"
"IWBYVSNMZG";"AIFV-B-50"
"IWDRQFXFRO";"UAZ-469 TAI"
"IWEHGSGKXF";"HQ-VII. Corps"
"IWJEDWMBTN";"Stab.-Rügen Gruppe."
"IWKJDYUIGN";"RPK"
"IWKYFNYHEG";"III./PR-15"
"IWLOLPLVXX";"RT RAZVEDKA"
"IWLPMEVBWG";"II./AR 10"
"IWMIMVZMWQ";"KONKURS"
"IWSGLIUFZJ";"SAPEURS (Flam.)"
"IWTAIFPZRW";"5 Dywizja Pancerna"
"IWUXAPJDCG";"W50 LA/A"
"IWVXOJXBGD";"AS Val"
"IWWPCFOISI";"Garand"
"IWXWVQONNE";"MARDER 1A2 MILAN"
"IXCTCRHFEP";"STŘELCI"
"IXDYXWUXIU";"DD-5 DPanc"
"IXDYYFYVOH";"LO-1800 ROBUR MUN."
"IXEQASWYLR";"H.D.R. LONDON"
"IXFSNFPSWP";"1-42 pz"
"IXJKLMXIFL";"MOTOSTRELKI (BMP)"
"IXLULHWLKB";"925kg"
"IXROATRAHV";"PzArtillerie-Bat. 45"
"IXTTNFDTEP";"409TFS"
"IXXRXXQOQY";"1-332. KDBr"
"IXYLBWXMOW";"BIN-375"
"IYBALLPIDE";"MOT. PRŮZKUMNÍCI"
"IYFPRYENDU";"I,/PWORY"
"IYIVLRZRAI";"#DDR 21. Panzer-Rgt."
"IYKOFTCWFO";"N.G. M110A2"
"IYLDXCKOJA";"3-308-ya Artilleri. Brigada"
"IYPDDLNNNJ";"F-16C [CLU]"
"IYQHKQXUGH";"#ESP Cuerpo Expedicionario"
"IYUJIRKSKU";"UH-60A SUPPLY"
"IYYBZLROCZ";"3-244-y Gv. MSP"
"IZCZQDYCHF";"SCOUT AH.1 HELARM"
"IZFZLDDISN";"2-16th Mech. Infantry"
"IZHGVXELTY";"Napalmbombe 200"
"IZICXSHMIJ";"900-y Otd. Gv. DSh. Bat."
"IZMFVLMIRX";"F-111F [LGB]"
"IZMVXNLSJD";"UAZ-3151 SPG-9"
"IZNUIPNRBO";"I,/AR-9"
"IZNYFFWCMZ";"RAZV. BTR-D"
"IZNZCVOFGP";"2-63. MSP"
"IZOKXELVEQ";"ALPHA JET E [NPLM]"
"IZRSGFDMKR";"AMX-30 B2 BRENUS"
"IZSUUWWBXG";"Zuni"
"IZTMYJPAVJ";"1-39th Mech. Infantry Bat."
"IZXPYEFWFD";"#SOV 17-y Gv. Tank. Polk"
"Inf";"Multiple Rocket Launcher Vehicle"
"JABJSLLBHB";"D-70"
"JAEBZDPLNB";"VKK 353"
"JAHRDSTUJT";"M3 Grease Gun"
"JALLRMHRQS";"Zuni"
"JAMRZOOMZF";"CENTURION Mk.V/2 DK"
"JANIIXWHDH";"Panzer-Bat. 564"
"JANRJOWTDS";"II,/AR-9"
"JAODKLPAYG";"Ka-50 AKULA [AT]"
"JAQBHEXHXO";"RES. SPW-60PA"
"JARVAEAPKU";"#UK  4th Armoured Div."
"JARVWNALIH";"2-210-y MSP"
"JAVABYHENM";"Blues & Royals"
"JBATBSKFQI";"PHANTOM FGR.2 [AA]"
"JBFDPJTSKR";"OT-64"
"JBFYHKHBHY";"Aviation Brigade-82nd AB Div."
"JBJLTGQMHJ";"I,/51st Highland Vol."
"JBLQEZSCVE";"2-41st Field Artillery Rgt."
"JBLXSXYSEP";"MOTOSTRELKI (RPG-27)"
"JBNGBDYNMP";"1-11th Arm. Cavalry Rgt."
"JBPOTBWQXU";"Kom.-CGV"
"JBYTLQTGWC";"MCC MILAN 1"
"JCAFPYGWIC";"OSORIO"
"JCATRNSIQV";"L7A3"
"JCBQCKASUB";"B-4"
"JCDVXTVVDQ";"3-20th Field Artillery Rgt."
"JCEQQMLNIJ";"2A29"
"JCFKXGSTCQ";"RWD-2"
"JCHCWFBRQX";"Geb.Pionier-Bat. 8"
"JCJCBVUGMZ";"454kg"
"JCKEGESFSQ";"(390th Cannon Art. Brig.)"
"JCKWIWSHOJ";"BAW-485 ZAOP."
"JCLVAKWHNV";"CHASSEURS ARDENNAIS"
"JCMBEQVPVG";"BM-14M"
"JCNEDMJUUR";"M38A1 CMG"
"JCTJZFTPCI";"M204 GK"
"JCWHSTBSAO";"DPM"
"JCZEFODGEO";"M107A2 175mm"
"JDAPLUAUJT";"421TFS"
"JDATTARWQI";"AIRBORNE (DRAGON)"
"JDBPOCZFMG";"AMX-30EM2"
"JDCMIVRUIQ";"1ste Grenadiers"
"JDDYDSYTXB";"Stgw 57"
"JDFLGADNQU";"PUMA KANGOUROU"
"JDFRYXSEAE";"Panzer-Bat. 363"
"JDHZAIXDDH";"NIEB. BERETY PT-76B"
"JDJCGOAHEZ";"VÝS. UAZ-469"
"JDMOHQVAUO";"CMDT CHASSEURS"
"JDRXGIETHV";"CANBERRA B(I).88 [HE]"
"JDTBZIADHA";"OT-810/R2"
"JDVHJZZYYR";"1 sbsz"
"JDYTTXBOSX";"2A70"
"JDZSZJLETZ";"#CZ 74. RMbr"
"JEAJDLRJZX";"GAZELLE AH.1 [RKT]"
"JECKTSLQMO";"157-YA MOTOSTRELK. DIV."
"JEEBNQCDWC";"35GvDShB"
"JEEYCUUBIY";"PSZH"
"JEFNHMECFG";"2-YA GV. MOTOSTRELK. DIV."
"JEGBIINTQS";"MOTOSTRELKI (RPG-22)"
"JEIATIESEP";"No. 19/92 Squadron"
"JEJEBCKYXZ";"Su-17M4 [HE]"
"JEJNXSHGVJ";"1-12. MSP"
"JEMMDBNSIO";"ZSU-23-4M2 (PSNR)"
"JEPESJCCHU";"DShKM"
"JERXIZEOHT";"4 Dywizja Zmechanizowana"
"JETNTSKPKA";"ATMP"
"JETRSMLRDX";"15 DYW. ZMECHANIZOWANA"
"JFAZZBOUVP";"M1 81mm"
"JFBDYLGGAX";"Escadre de Chasse 30"
"JFCHZIQMTW";"B-11 107mm"
"JFEPSBWPHZ";"1-249-y Gv. MSP"
"JFGXLNQJHO";"M wz.43 120mm"
"JFIJCHSTIA";"BM-21V GRAD-V"
"JFKSKTUKGF";"BRDM-2 KONKURS"
"JFNOCCUOIM";"3-96-y Art. Polk"
"JFQEAPFVQH";"134-y Razvedka Bat."
"JFYSXPTHRU";"R550 Magic II"
"JGCKTQDCBT";"M1 81mm"
"JGDZLTJKPF";"M230"
"JGEKAKPDYF";"1-YA GV. TANK. ARMYIA"
"JGHPSSTQWD";"SNIPER (M82)"
"JGKXEVCIXO";"MILITÄRSTREIFEN (l.MG)"
"JGPYENLFBO";"I./Royal Scots"
"JGUZBRSUYD";"C8"
"JGVBAZXAHZ";"BVP-2"
"JGVIMRAUBL";"II,/The York Volunteers"
"JGWJFMSWHX";"SPW-50PU"
"JHBONQJTBY";"MOTOSTRELKI (RPG-7VS)"
"JHCQJZIMFS";"L121 155mm"
"JHCRMHROFR";"T-72AK Obr. 81"
"JHECEMHKXB";"1096-y otd. Zen.-Rak. Bat."
"JHFZSFYTOF";"Su-22M4 [HE]"
"JHGARENHMS";"PULEMETCHIKI"
"JHHTEPVFSV";"LO-1800 ZPU-2"
"JHKBIZCQIO";"M40A1"
"JHKGZFRRHB";"BzK vz.59"
"JHMCTNHNRK";"53T2 20mm"
"JHMLERSOLQ";"MH-47D CHINOOK"
"JHSMFBNPOS";"RES. GENIE"
"JHSMWIYMRD";"L-39ZO [HE]"
"JHZKYLVLOE";"7ste Smaldeel"
"JIBWMKWWFM";"PLRK OSA-AKM"
"JICFKTTCXI";"32e Génie"
"JIEEDOLFDK";"5-5th Mech. Infantry Bat."
"JIEKCKMRAW";"M577 CPC"
"JIEOSHEEWC";"GSh-30-1"
"JIFGNFWSTL";"PALR3"
"JIFIJRHXRU";"3-17th Field Artillery Rgt."
"JIFQBJLVTY";"#SOV  20-ya Gv. MSD"
"JIFSIIRLVZ";"DSh. (RPG-22)"
"JIGUTLELPH";"F-4F [AA2]"
"JILSUNBDRQ";"Kom./16-ya Gv. Tank. Div."
"JIPAVCSEST";"MiG-21bis [AA]"
"JIPMSMTZYU";"PzGrenadier-Bat. 202"
"JISUJQWEXG";"M114/39"
"JIUNYRKVBK";"H.D.R. LONDON"
"JIVJLWGMJM";"Jäger-Bat. 842"
"JIWYSNJJIA";"Su-7BKŁ [RKT]"
"JIYMVCNDML";"2-17 pz"
"JJEWSJTDOG";"12e Rgt. d'Artillerie"
"JJGEAEWQVU";"PzArtillerie-Bat. 115"
"JJHSPGAWMA";"HS.30 PZ.MORSER"
"JJICIHJWSP";"FV120 SPARTAN MCT"
"JJINSJOTXA";"Sicherungs-Bat. 4453"
"JJIZQHGLOD";"Su-25K [AT]"
"JJMRVYZSZV";"Twin GSh-6-30"
"JJTHKZBDVR";"This unit is equipped with an Electro-Optical Dazzler. This is an active protection system designed to disrupt the guidance of incoming anti-tank guided missiles. "
"JJXAEWBFXJ";"GT-MU-1D SPG-9"
"JJXSZSZODB";"61-YA ZEN. RAK. BRIGADA"
"JJZJBPNEZH";"SPG-9"
"JJZJLCEEBN";"108-R"
"JKCLVWASVF";"USMC ENGINEERS LDR."
"JKDZTZUJQC";"Sicherungs-Bat. 4433"
"JKEHWEDZGI";"I-HAWK"
"JKESUZODUC";"F-111F [NPLM]"
"JKFPCKTTID";"1-MSR. 3"
"JKHZZJWCGR";"M109A3"
"JKJMTWRWMR";"Type 63"
"JKMLTNCXVK";"19. MOTOSTŘELECKÁ DIVIZE"
"JKMPOHCBVL";"730-y APIB"
"JKMZBJEZVK";"2-10. TP"
"JKMZECMVVY";"BM-43 82mm"
"JKNLQDIPDD";"4-117-y Art. Polk"
"JKOCJLQIRD";"GENDARMES MOBILES"
"JKSDQLOWXH";"MiG-23BN [NPLM]"
"JKWHXXDZHO";"DESANT. LuAZ-967M FAGOT"
"JKWKIZMYDZ";"19e Artillerie à Cheval"
"JKWKVBDOVL";"2A28 Grom"
"JKXJVSZWAM";"REZ. B-11"
"JKYFCWXGRL";"GAZ-66"
"JKYQXIOBQR";"LYNX MK.80"
"JKZIOVUGBV";"18 prplot"
"JLBHSCXFKK";"FV101 SCORPION"
"JLEMTCILBD";"57-YA GV. STRELK. DIV."
"JLEXSTFJKF";"3-332-y Gv. Tank. Polk"
"JLFAWVYJKY";"9. PANZER.DIV OFFICIAL BATTLEGROUP"
"JLGSSCJSVS";"MEDIUM MACHINE GUN"
"JLIGBPWELG";"RM-51"
"JLLHRURSFG";"Jäger-Bat. 56"
"JLPAAWRIEE";"N.G. FIRE TEAM (DRAGON)"
"JLPMOBGYKT";"GRENADE"
"JLPNMZRKME";"M270 MLRS"
"JLQTNYYRXU";"#US 86th Tac. Fighter Wing"
"JLSEPQCELH";"KSM-25"
"JLSQJFXHLI";"ZGU-1"
"JLTWCIAAGC";"GDF-003"
"JLUJWRDCUJ";"MT-LB STRELA-10M"
"JLUKOOMCFB";"A Gatling gun is a multi-barrelled automatic rotary cannon capable of shooting a massive quantity of rounds extremely fast.
Using an electronic firing mechanism, a modern Gatling gun (also known as minigun) can fire so quickly it is in danger of running out of ammunition within seconds. Gatling guns are often cumbersome weapons and are relegated to be used on aircraft or stable land platforms. They can be employed as a close-in defensive system to saturate a target area by throwing a hail of fire, an anti-aircraft gun, or even an airborne anti-tank weapon able to punch through the weak top plating of many armored vehicles."
"JLVDLVAQPZ";"TPz GREEN ARCHER"
"JLVICQOWNO";"3-244-y Gv. Tank. Polk"
"JLWUHUFTYT";"Nimrod"
"JLYVEITNSE";"GROUPE ANTICHAR"
"JMEYTQKVDC";"F-16A [HE/CLU]"
"JMFFCVKLUQ";"2A46-1"
"JMGNJPRYEX";"FRR-5"
"JMHUUZQJUQ";"Strela-2M"
"JMIXTXJBXC";"LARC-60 CARGO"
"JMJLDDYUBW";"GAZ-66B"
"JMWVTWMACJ";"M1025 HUMVEE TOW-2"
"JMXULYILXH";"3-360-y Tank. Polk"
"JNADZCJSNX";"Refleks"
"JNBAJWIDDU";"REZ. BRDM-2 MALYUTKA-P"
"JNBLXCKPOC";"AIM-7F"
"JNDEFMKAMB";"M101 105mm"
"JNGGBEQHUF";"Vz. 53/59"
"JNGTWPHGLN";"AH-1W SUPERCOBRA [RKT]"
"JNILTOIUOV";"PzGrenadier-Bat. 43"
"JNIRMMNOPI";"VÝS. PPLRK IGLA"
"JNLTHBNQJF";"5-332. KDBr"
"JNOQIJWHSK";"1-MSR. 2"
"JNQZJPHETQ";"Rh 202"
"JNSWTOBXHP";"Artillerie-Regiment 3"
"JNTFCEZOZP";"#RFA  53. Heimatschutz-Brig."
"JNVFODOVBO";"Pz.Gren.-Bat. 103"
"JNWISSLMCA";"#US  VII. Corps"
"JNWSUSSFBL";"15 Dywizja Zmechanizowana"
"JNYEYZEILQ";"ALOUETTE II"
"JOATZTOCLZ";"2B14"
"JOCJGQOIRO";"#DDR 16. Mot.-Schützen-Rgt."
"JODQKKBSDV";"AMX-30EM1"
"JODXHJATQC";"Uzi"
"JODYWCHYIK";"S-8KOM"
"JOFUNPIHHW";"Aufklärungs-Bat. 1"
"JOGFSBAZJK";"Velitelství a štáb 15. MSD"
"JOHDZYEMRR";"RAZVEDKA SAPERI"
"JOKMRRKXUR";"2-PR-20"
"JOLHSEBAIV";"2-724-y Gv. Art. Polk"
"JOLLIWCYFE";"3e Hussards"
"JOSGXSDKKV";"2-1st Attack Helo. Bat."
"JOSSGTFICR";"Resolute"
"JOSUVOJAPF";"M1040 FAV Mk.19"
"JOTCWGPMBO";"L86A1 LSW"
"JOTRKMLIVM";"#DDR  14. Mot.-Schützen-Rgt."
"JOWNYVHIBO";"M998T ISC AGL"
"JOZIAQIHDD";"#RFA  6. Panzer-Brigade"
"JPGSSGIHHN";"4 DYWIZJA ZMECH."
"JPHQIOKHTN";"OT-810D"
"JPHXZCCEIW";"#SOV  249-y Gv. MSP"
"JPJKFEQNPF";"PzArtillerie-Bat. 325"
"JPJSQJULAB";"2-841-y Art. Polk"
"JPKCMEELRJ";"RIFLES LDR."
"JPQQVXFAEE";"VOLVO N10"
"JPTEFCZGEF";"L7A3"
"JPZQSBXMHR";"PIECHOTA DOW."
"JQBFURWUJT";"VBL RECO"
"JQBZKNESTI";"D-20 152mm"
"JQCOPACRDQ";"MOTOSTRELKI (BMP)"
"JQCWCJYUJM";"LO-1800"
"JQDTSWFRMM";"INGENIØRERFØRER"
"JQEFMKHRFA";"1-153-y Tank. Polk"
"JQEMAWSOOB";"3-YA ARMYIA"
"JQMESDKEDM";"AIM-9J"
"JQNFRZEOXE";"R-3R"
"JQOYHWTTLF";"1-275-y Gv. MSP"
"JQPKTHFBKM";"GAZELLE AH.1 [RKT]"
"JQPYDHPUBZ";"#DDR Artillerie-Regiment 3"
"JQUQBATXIM";"VSS Vintorez"
"JQVLWKSHRB";"157-YA MOTOSTRELK. DIV."
"JQVMOJWBJR";"PM obr. 1910/41"
"JQXZAMUOQQ";"1-319th Field Art."
"JRDIXJFMZE";"KPz. T-72MÜV2"
"JRGOSWTYQD";"12e Cuirassiers"
"JRGZLFNAXI";"RAZV. BTR-80"
"JRJWRQPJZE";"MAG"
"JRKBEVJSPV";"PARA. LDR."
"JRKBRMOAKL";"RAZV. BTR-60PB"
"JRKXVMAMDV";"A-7D CORSAIR II [RKT]"
"JRNVALCUOA";"35e Infanterie"
"JROLSULVIH";"UAZ-469 FAGOT"
"JROQHVSIBZ";"PARA. GROUPE ANTICHAR"
"JRQMRSCPRI";"PANZERJÄGER"
"JRRBMIVKVA";"1. TANKOVA DIVIZE"
"JRSTHQBGYU";"M60A3 (TTS)"
"JRVFIXHPXC";"25e Rgt. d'Artillerie"
"JRXHJWAGUE";"A-6E INTRUDER [NPLM]"
"JRXIORJXXL";"3-MSR. 3"
"JRZXIBLYIW";"Teritoriální Prapor"
"JSBILEUYMF";"FAL"
"JSDATVVVQD";"#RFA Pionierkommando 2"
"JSEUYGTCCS";"PzArtillerie-Bat. 295"
"JSGOCUPBIT";"D-10T2S"
"JSIVJGQOIV";"AHS wz. 77 DANA 152mm"
"JSNAEEVVAC";"OT-62D"
"JSQNBMNRBC";"R-3S"
"JSRLDRXOTU";"2A33"
"JSZGIUXBJD";"I-HAWK"
"JTEMLFKQSG";"JÄGER"
"JTHDMWCKPY";"M114"
"JTIESMGNZL";"DShK"
"JTIZERVQPU";"MOTOSTRELKI KOM."
"JTOBSDJSON";"PRAM"
"JTOYRAARTS";"ANTI-TANK MISSILE"
"JTQMXSMIBW";"3-MSR. 35"
"JTTKJGVCBC";"2-73 pcz"
"JTUCUQAVZY";"#CZ 2. Motostřelecká Divize"
"JTULQXXBZR";"Su-15TM [AA1]"
"JTXMKMYWPL";"Shock units excel at close combat ranges, especially in woods and urban terrain. When fighting up close, they deal more damage and attack faster."
"JTYOXNLECC";"DESANT. 2S12 120mm"
"JUEKQRPGFA";"1-390-ya Gv. Art. Brigada"
"JUESKATQUG";"4-7th Mech. Infantry Bat."
"JUEURPSYWV";"#SOV 244-y Gv. Tank. Polk"
"JUMRXTOSSB";"AV-8B HARRIER II [HE2]"
"JUNEUOZGJK";"F-14A TOMCAT [AA2]"
"JUNINPZJMM";"T-72AV"
"JUPPOWGSZK";"LATAMB1"
"JUROFXDFQN";"#DDR Luftsturmregiment 40"
"JUTGDWVBXJ";"ZU-23-2S"
"JUWGRUTQVH";"#CZ 322. KDBr"
"JUZEHBQZEC";"SRN"
"JVANAKUCZS";"USMC I-HAWK"
"JVDDUIDGEI";"1-5 Baa"
"JVDQYEYGOE";"PARA. MISTRAL"
"JVDSPJUIFW";"MOR. BAV-485"
"JVEDODJPNM";"#up{LOW}"
"JVEQANEELY";"AH-1F HEAVY HOG"
"JVFWZOOMIF";"M103"
"JVJCBMYFGP";"440-y (MLRS) Polk"
"JVKNOGJAWR";"AIRBORNE (DRAGON)"
"JVORBKCZCQ";"8-YA GV. ARMYIA"
"JVQHLFQFIM";"#US 50th Tac. Fighter Wing"
"JVRSRRTJXZ";"SNIPER ESR"
"JVVPPBVQBV";"L21A1 RARDEN"
"JWDBEXJNEY";"Malyutka-M"
"JWEOASTLAJ";"ILTIS FÜHRUNGS"
"JWHMRYEPVK";"AA-52"
"JWIDITTVGH";"BMD-1P"
"JWITCRICMF";"7-y Gv. Razvedka Bat."
"JWKSZXQDJK";"Unguided air-to-ground rockets are fired from aircraft and helicopters at ground targets.
A common weapon, rockets normally lack an active guidance system, separating them from missiles. A simple and easy-to-use weapon - though not very accurate - rockets are convenient in a short-range or area saturation role. Carrying various types of warheads, rockets are frequently fired from rocket pods in devastating salvoes. "
"JWNCQZTDRN";"Mk 82"
"JWQVJMVEDL";"PIECHOTA ZMECH."
"JWUXUSULHD";"Place Holder"
"JWWSXTCGUZ";"4-32nd Armored Bat."
"JWYBJUUGUW";"L11A5"
"JWYMVFFMLC";"2-4-34-ya Artilleri. Div."
"JXINIYFNXC";"2e Bataillon Commando"
"JXKXBQGVLK";"KANON M/52 155mm"
"JXOUFBBROW";"1-95-y Gv. Tank. Polk"
"JXVLFHBHBG";"USMC LAV-AT"
"JXVNJNUPGI";"#SOV 77-y Gv. Tank. Polk"
"JXWKAKWCIV";"3e RHC"
"JXYINQBNZG";"3-74. MSP"
"JYCVOYNULN";"VKK 342"
"JYERBRUPHV";"FAB-500"
"JYIRBWIPXM";"PKM 7,62mm"
"JYMAZPREEE";"2-30th Mech. Infantry Bat."
"JYOKNUMQYK";"M109A3GA1"
"JYRAXTKUDR";"BAR"
"JYRLRLFNRL";"Carl Gustav M2"
"JYTDHHDPRP";"2-62. MSP"
"JYVVBSSMPB";"M/87 TOW-2"
"JYZFZVUCXI";"KS-19"
"JZHHCRALAM";"MOT. RIFLES LDR."
"JZIBNCSDKV";"1-145-y otd. Tank. Polk"
"JZIORHMJEB";"#RFA  VBK 24"
"JZQHMOIAHS";"BRDM-2U"
"JZRZXXULNA";"Mi-14PL"
"JZUBMPSCPA";"M201 PC"
"JZVAMGSSQU";"4-5th Field Art."
"JZZFNJHLNZ";"T-54BK"
"KAAFZOPCJU";"AH-1F COBRA"
"KACSQXOGGR";"M1 81mm"
"KADDENGJDS";"The level of Optics is indicated by the symbol next to the recon unit's name:
#RECO1: Good
#RECO2: Very good
#RECO3: Exceptional"
"KAHXYGZPZI";"MOTOSTRELKI KOM."
"KAJMOJNXHX";"2A20"
"KAJMXQIAVB";"1-35th Armored Bat."
"KAKZHBHBXM";"43 dar"
"KAOWXWQTKA";"1ST CAVALRY DIVISION"
"KAYOKAHKXF";"LEGION. MISTRAL"
"KAZQNRTKCN";"RPG-2"
"KAZRQJBHCP";"3-197-y Gv. Tank. Polk"
"KBKMQFBLMY";"L7A3"
"KBLHMBJOGB";"2-290-y Art. Polk"
"KBMOHBYJAG";"FLAK S-60 57mm"
"KBNCCRXYLY";"JÄGER FÜH."
"KBRNTHOWMT";"M114/39"
"KBTHAAOMAU";"451-y otd. TP Bat."
"KBXMXBJVTS";"F-117A NIGHTHAWK [LGB]"
"KBYFDCELPT";"Pz.Gren.-Bat. 222"
"KBZMWXKVGA";"BO-105 CB"
"KCDGBXHFKO";"An unguided or “dumb” bomb is an aerial explosive employed by aircraft or helicopters against enemy ground units. Simple and destructive, unguided bombs lack accuracy and need to be dropped over or near a target. They come in many shapes and sizes, from general HE bombs to napalm and cluster bomblets."
"KCJLIMWWCG";"Blindicide RL-83"
"KCTZSHBHES";"8 br"
"KCUJBTJLRK";"M1A1 ACAV"
"KCXXNUUKIF";"UNIMOG U1350L"
"KCZEGOIETY";"I./PR-4"
"KDABSEWMWA";"5-7 Bah"
"KDANAOXTTY";"MD-20F"
"KDBLUEQCBD";"LIVGARDEN"
"KDCKLHDUVQ";"JAVELIN"
"KDDVYKHFCY";"#NL 41 Pantserbrigade"
"KDEQDWGXZJ";"PZ.AUFKLÄRER"
"KDHJEARGXL";"3 gb 25 pz"
"KDNVBXRXKZ";"TIREUR D'ELITE"
"KDQLLRNFUI";"AGI 3X40"
"KDRLKEJSDR";"#RFA  8. Panzer-Brigade"
"KDVNGBFXAM";"MOT. RAZVEDKA"
"KDVQVVSLZN";"M-30 122mm"
"KDWXXYCHEY";"M1919A4"
"KEAOQOBUTH";"8 DYWIZJA ZMECH."
"KEEOVUHKED";"#SOV 286-y Gv. MSP"
"KEHHCGYDSB";"F-114-DE"
"KEICAXFPKR";"PaK ZiS-2 57mm"
"KEIQENBBVD";"SAMP T200"
"KELGQJZAWI";"AIRMOBILE TERRIERS"
"KESBTUAFFX";"AB M30 107mm"
"KEUAZUMCYD";"490-y otd. Vertolotnyy Polk"
"KEUSTJAEOS";"ZB-500"
"KEYBHYGJRW";"LRAC F1"
"KFANODFXND";"2-211-y Gv. Art. Polk"
"KFCADIVWMX";"ROLAND 2"
"KFEAGBUKCI";"PARA. MO-120-RT61"
"KFESFOPVLI";"MG-11 7,62mm"
"KFGIGDUXXL";"7. PANZER.DIV OFFICIAL BATTLEGROUP"
"KFGUNUSLDU";"FV432 RARDEN"
"KFJVLCTDZK";"Gunship Helicopter"
"KFLDLTEWFQ";"M151 MUTT CP"
"KFPTSFJTEY";"T813 MUN."
"KFPUGAGGJO";"Su-22M4 [RKT3]"
"KFQBAGHAHD";"4e Etranger"
"KFQORMCFMD";"1-61-y Gv. Tank. Polk"
"KFQRJNOLYG";"RAZVEDKA SAPERI"
"KFRTKTBJCG";"70mm"
"KFSEWKTXVZ";"1891/30 PU Mosin"
"KFSLDLHQES";"Special Forces"
"KFXNSMNHUC";"Panzer-Bat. 331"
"KFZOXHGLDX";"L42A1"
"KGAURUJZKE";"DESANT. GAZ-66 ZU-23-2"
"KGBUUUPZGO";"RESERVISTES (LRAC)"
"KGCAWUSHDB";"Dépôt de munition"
"KGCHFNWUUS";"15th/6th QRL "
"KGGRBOOWDE";"MiG-23MF [AA]"
"KGIXANKPNY";"2-27 pz"
"KGIXCIOPDG";"4de Lansiers"
"KGIXMQXMSX";"KAB-500Kr"
"KGJXGFJECE";"F-16C [HE2]"
"KGMEIXYURO";"UAZ-3151 AGS-17"
"KGODIAMQAG";"#UK RAF Wildenrath"
"KGRKWGJIWC";"2-126-y Gv. Art. Polk"
"KGTNHNSBMG";"II,/GeWR-5"
"KHAHTVVJFY";"GVARDEITSY KOM."
"KHFNGCDKBY";"VKK 242"
"KHFTRDJEVJ";"KHG-3"
"KHMNJBZYJK";"3-128-y Art. Polk"
"KHMYXBTTTE";"JAGUAR [SEAD]"
"KHRMPWTFER";"ASSAULT PIONEERS"
"KHROJLZLFD";"DRAGON-PARAS"
"KIGAJMAMQV";"JAGUAR [HE]"
"KIIQMOCHFC";"MOR. ZIL-131 SNAB."
"KIJCAROPLD";"PzArtillerie-Bat. 285"
"KIKUPFXIKH";"DIVISION DU RHIN"
"KILDVLYGWE";"27 pułk zmech."
"KINHZKDUXL";"SBAT-70"
"KINJJGOLIZ";"#CZ 9. Motostřelecký Pluk"
"KIQQQCPBQN";"MARINES M2HB 12,7mm M63"
"KIUKSQATFX";"USMC M1025 HUMVEE TOW"
"KIZQGSJELF";"EM-7e DB"
"KJBJRCGFMK";"TPz GREEN ARCHER"
"KJHYUGYGFA";"EPERVIER"
"KJIQJICXJS";"MARINES STINGER"
"KJIQVNXXFY";"UH-1H SUPPLY"
"KJKKBLUWFI";"2-79-y Gv. Tank. Polk"
"KJKMOQGWHI";"Assault Group"
"KJKZMDEJYE";"PANZERMATROSEN FÜH."
"KJLLCYRYQQ";"1-34th Armored"
"KJLZSUXHYN";"#US  197th Mech. Brigade"
"KJORYTXWEH";"JAVELIN"
"KJQKEWRRMU";"DESANT. SPG-9"
"KJSGFUPODM";"M47"
"KJSNIDBOXZ";"M1040 FAV M2HB"
"KJTLVPWAPM";"OH-58D KIOWA"
"KJWCMNACET";"MARINES GUNNER"
"KJZGYPGPLB";"3-28-y Gv. Tank. Polk"
"KJZKSDBDFG";"7 br"
"KKBNEMIDEX";"409TFS"
"KKBURWAXIX";"FV511 WARRIOR ICV"
"KKDIETPMEA";"PIONIER (CarlG)"
"KKFUANHAXJ";"AIR-TO-GROUND ROCKETS"
"KKMNMISNNT";"EM-4e DAM"
"KKNYPVAVTH";"4-6-34-ya Artilleri. Div."
"KKOPNGYEMT";"OTDELENIE PODDERZHKI"
"KKPCJPSBYV";"M163A1 CS"
"KKRPRYGAZE";"55 pułk zmech."
"KKTBRWDJIX";"1-3. MSP"
"KKUAHVOTCY";"AERO-RIFLES LDR."
"KKVYRDWVXV";"III,/GeWR-5"
"KKYQZLYQDI";"1-77-y Gv. Tank. Polk"
"KKZDHFFCTH";"HOWITZER"
"KLATDSDNPA";"2B8"
"KLDMSFJIJJ";"AMX-10 RC SURBLINDE"
"KLGKHIPTLF";"2-YA GV. TANK. ARMYIA"
"KLGMAWIHBK";"PAL BB 77 KAWEST II"
"KLGMFDPEWS";"513kg"
"KLKJQHJCRQ";"HARRIER GR.3 [RKT1]"
"KLKSVJARIM";"M252"
"KLLHCWSZPJ";"PZ.GRENADIER (CarlG)"
"KLLKYNLCQP";"PRŮZ. T-34/85M"
"KLOKKTEUUU";"M-46 130mm"
"KLOLNLSKFP";"2A18"
"KLPKHNDCAD";"Napalmbombe 200"
"KLPNZDGDQS";"MiG-23ML [AA]"
"KLQECFIVOV";"M110A2"
"KLQJDHRLKV";"VELITEL ZÁLOŽNÍKŮ"
"KLQRRWDWUP";"PZ.BEF. M48A2GA2"
"KLREKOFVQI";"22. výsadkový pluk"
"KLRKODZMIJ";"Mi-2URN ZMIJA"
"KLVVMWUCVT";"I,/AR-19"
"KLXIJDGSMT";"AUFKL. BMP-1"
"KLXJEHTDTE";"33e Génie"
"KLYJQSPZHR";"Fallschirm.-Bat. 251"
"KMAYEOASYM";"PzArtillerie-Bat. 365"
"KMGNTXQZFA";"3-227th Attack Helo. Bat."
"KMLPBLLLPT";"GEBIRGSPIONIERE"
"KMMAQOBPDS";"6th Armoured Brigade"
"KMNMDNASMY";"AMX-10 RC PC"
"KMPCNACPTQ";"3-65. MSP"
"KMUAKDGLZY";"HEIMAT-JÄGER"
"KMWLEKBPVE";"A tank gun is a large-caliber, high-velocity gun capable of firing various projectiles against a variety of targets.
A tank gun is the primary means of engaging other tanks or armored vehicles with direct fire. Featuring different calibers, between 90mm to 125mm, a tank gun is often emplaced in a turret, creating a flexible yet hard-hitting weapon. When assisted by advanced targeting computers and sights, a tank gun can engage almost any kind of unit, even airborne targets, regardless of the weather or time of day. A tank gun fires off a variety of different shells, at times supported by an autoloader, including armor-piercing kinetic (AP), armor-piercing, fin-stabilized, discarding sabot (APFSDS), high-explosive (HE), or high-explosive anti-tank (HEAT). Some guns can even fire specially adapted guided missiles. "
"KNAIQDMIVX";"CN-105 F1"
"KNBCEOXAAZ";"DD-16 DZ"
"KNEQSVCGBJ";"COUGAR CP"
"KNMYVMMYNC";"BMD-2"
"KNNMROAWHG";"33e Rgt. d'Artillerie"
"KNPFNTJCGC";"2 InfBevBat"
"KNQFXISJFI";"UAV"
"KNRDHFZVFA";"57mm"
"KNSFCILGQH";"M117"
"KNSSVGIZCI";"UH-1N DASIP"
"KNTPSKUYUA";"RANGERS LDR."
"KNWURQAQLM";"Jäger-Bat. 17"
"KNXJZRLFJK";"#RFA  II. WBK"
"KNXSXZCNAS";"2-42 pz"
"KNYUWNUCJK";"2-71. KDBr"
"KOCAVIFYAY";"RESERVISTES SAPEURS"
"KOGFRBNZHG";"Militärbezirk III"
"KOHJVCCNXQ";"M68A1"
"KOILAYXPHK";"PIONIERS (Flam.)"
"KOTGVLXXXA";"VKK 343"
"KOTSRDCECH";"5-322. KDBr"
"KOXFNHRRAA";"MOR. T-55AMD"
"KOXIOKCLGB";"#SOV 126-ya IAD"
"KOZHAIJGZA";"MOR. IGLA"
"KPAGLCOKAB";"M47E1"
"KPFYUVRPFC";"2A44M"
"KPGQMCYMEA";"500kg"
"KPHCZISCHL";"MAN 630 L2AE MUN."
"KPIUJCZXAU";"1-40-y Tank. Polk"
"KPIWTPJTQC";"Dual Auto. Gun M2A1"
"KPIYYDOQRW";"T-80U"
"KPNPIEVLAN";"B-11"
"KPOUTNSRHS";"REZ. T-55A Obr. 81"
"KPRYQZDZFR";"Token inexistant ZNAEKUOZJA dans SERIOUS_Localisation_Unites"
"KPUXBWAJTX";"M106A2 MORTAR"
"KPWYKYNDQE";"29-y Gv. Otd. Tank. Bat."
"KPZSAHTPJF";"Su-25 [CLU]"
"KQBFQIXBET";"MOT. RAZVEDKA"
"KQEADAIQYT";"6e RPIMa"
"KQGAEIXIXS";"SPzA1GrW"
"KQKMMFWNQU";"#UK RAF Germany"
"KQLWKRHSWI";"USMC M198 155mm"
"KQOVHTZKOW";"RAPIER FSB1"
"KQPZVAMOSB";"T-55AM1"
"KQVYAGWBOM";"2K11M3 KRUG-M3"
"KQYZKDFEAI";"The standard firearm for a large number of frontline soldiers during the early Cold War years, the battle rifle is effective against enemy troops at intermediate ranges. Battle rifles tend to be accurate and deadly, but also heavier, bulkier and more difficult to control when firing."
"KRBMMTXMSV";"#BEL  4de Pantserinfanteriebrigade"
"KRBWTBBVGP";"2. PZ.GRENADIER-DIVISION"
"KRCKEAMREZ";"2nd Royal Tank Rgt."
"KRCVPGSXQO";"M113 C&V"
"KRCZUTJZCH";"SUPER ETENDARD [RKT]"
"KRHQKWSGTE";"Zuni"
"KRJNTTLGMS";"#CZ 62. Motostřelecký Pluk"
"KRLTBROZGB";"#UK RAF Gutersloh"
"KRMQACEQWU";"M47 Dragon II"
"KRNSXMWFGU";"2-2. TP"
"KRSRLZGTNZ";"1-MSR. 27"
"KRUVTRGPZB";"T-55AK"
"KRZRTKIYCQ";"1er RCP"
"KSHAFTNVXM";"BEUTE BOFORS 40mm"
"KSIDGPOJGU";"M113A1"
"KSIPPUIXTO";"Command Unit"
"KSLAXRNYVF";"AIM-9J"
"KSPCZPGKBI";"S-5M"
"KSRGGCFJBW";"T-54"
"KSTUFLZHIQ";"1-23. TP"
"KSUDSSLQCU";"PANTSERINFANTERIE"
"KSUIYDGYUU";"Uzi"
"KSUUVGHFMK";"1-248-y Gv. MSP"
"KSYQVHFUAA";"M1919A4"
"KSZPNJSSXP";"M3A2 BRADLEY CFV"
"KTAZXALKHH";"AIRMOBILE GUN GROUP"
"KTEGDBCQIK";"M1025 HUMVEE AGL"
"KTESEXBNFI";"NONA-K 120mm"
"KTHSXAJKJB";"KANJPZ"
"KTHUSVYMGO";"Groep Volkel"
"KTJBNXHKDD";"KPz. T-72S"
"KTJQWSURVZ";"M67 RCL"
"KTKDDVJRTT";"II./MSR. 15"
"KTNKISBSCQ";"PJR-5"
"KTPEOYOPCW";"MiG-31 [AA1]"
"KTRZJRRNEX";"PzArtillerie-Bat. 315"
"KTTKVVCDXM";"HEMTT"
"KTUHRZWOLG";"ZÁSOBOVACÍ Mi-17"
"KUAJNYEVQX";"VBK 46"
"KUDNPIVCPK";"M998 HUMVEE DELTA"
"KUIVHYSQWY";"LEGION. AANF1 7,62mm"
"KUOCPCWNSN";"43 Tkbat"
"KUPNLKSDNF";"2A46M"
"KUVMTBLUQR";"2-333-y MSP"
"KUWJHMBETM";"ALOUETTE III"
"KUWXXROMAG";"9,/115-y otd. Tank. Polk"
"KUXCMHZMUQ";"M274 MULE M40A1"
"KVCRNXRUYX";"#DDR 15. Mot.-Schützen-Rgt."
"KVEFRNSQHD";"MARECHAUSSEE"
"KVFDWIOEXD";"94-YA GV.M.DIV. OFFICIAL BATTLEGROUP"
"KVGMHGQZZN";"VÝS. PTŘS KONKURS"
"KVHMEMJTYG";"MOR. PEKHOTA (RPG-22)"
"KVHNAXSIMR";"Dépôt de munition"
"KVHOSBOOSB";"Fla-SFL 57-2"
"KVIAOIHGOR";"T-55AM1"
"KVNSJHHNXS";"1er RHP"
"KVOMNGVYBX";"Support"
"KVQUPJOSEC";"FALLSCHIRMJÄGER (s.MG)"
"KVSOJFWWIX";"DShK 12,7mm"
"KVUOQYFUHG";"Mi-17Z2"
"KWAHZIIXXB";"Colt Commando"
"KWAPMSIDUY";"2 Dywizja Zmechanizowana"
"KWAQKZNMHE";"#CZ 49. Motostřelecký Pluk"
"KWCNZLCAPK";"2-168-y Gv. MSP"
"KWCWNKZABJ";"2-23-y Tank. Polk"
"KWEBROLPJF";"UAZ-469 FÜH."
"KWEWJULSTS";"#US 52nd Tac. Fighter Wing"
"KWIKOKSMNR";"#SOV 62-y Gv. Tank. Polk"
"KWJJLLZWFA";"VKK 441"
"KWLTZNNHAX";"2. PPR"
"KWNNMVMWCB";"CN 90 F2"
"KWNQZUGBQF";"MT-LB SHTURM-S"
"KWRXJSXCKM";"N.G. M151AC"
"KWTGUJRZZY";"M108A2"
"KWVHIMWGGV";"Aviation Brigade-3rd Inf. Div."
"KWXHUTVEXQ";"43 Afdva"
"KXCVFSDWKT";"MOR. T-55AM"
"KXDHOZGFIO";"41st Field Art. Group"
"KXGSXHYAAS";"7 Brygada Desantowa"
"KXHIZHGWTZ";"VKK 244"
"KXNZLCFFRB";"BERLIET GBU 15 LOG."
"KXOXVIWQIN";"MG-51"
"KXQSLZFLTG";"MK 20 Rh 202"
"KXRVNDAAUE";"FUNKAUFKLÄRER"
"KXRZMQLLCT";"HA.15 HOT"
"KXTKJESTAI";"GUARDS MILAN 2"
"KXTZRUTTSV";"M113 I-TOW"
"KXWEWFISWW";"VAB MILAN"
"KXWWKRHFBT";"3. Div. Protivzdušné Obrany"
"KXZYIRAGIJ";"DESANT. MOR. SPG-9"
"KYBIRLYMVI";"MILAN"
"KYCNUDEELL";"#RFA Panzerbrigade 24"
"KYDAIYGNGN";"17 br"
"KYEYSJEXZU";"PPS-43"
"KYGQUPOQYP";"GSh-30k"
"KYHVVCIZFD";"ALPHA JET A [CLU]"
"KYJKTYFCQX";"1-5th Field Art."
"KYKZWRLYZF";"3-67-y Gv. Tank. Polk"
"KYMFWGQTOF";"EM-6e DBL"
"KYOHKMIETZ";"MiG-27M [AT]"
"KYTFAVKRTT";"MAZ-535A SNAB."
"KYTIZGYYAM";"18-y otd. Tank. Bat."
"KYVJDSCQVK";"YP-408 PWAT"
"KYVWBRWGQM";"4. Pz.Gren.-Division"
"KYXBFABXDK";"#DDR 35. Mot.-Schützen-Rgt."
"KYYISZASWO";"MILAN 2"
"KYYOSWVIUQ";"M2A1-7"
"KYZQUSUOHU";"GAZ-66B"
"KZBUILSZHF";"M115"
"KZDMYSAHFH";"#DDR 7. Mot.-Schützen-Rgt."
"KZMOVVRNXG";"1-10. TP"
"KZQJKXKBFL";"1st Infantry Division (Mech.)"
"KZRKHUXCIE";"ECUREUIL"
"KZTHLSWJJM";"MARECHAUSSEE (MG)"
"KZUITWWMOQ";"AH-64A APACHE ATAS"
"KZWPUINYDR";"MIM-72A"
"KZZEPXYRLR";"130-JRROF"
"KZZRMASWOR";"ILTIS"
"L6";"PANZER L6(i)"
"LAAJKFQNTH";"UH-1H (cmd)"
"LADKNTTNZK";"Rügener Gruppierung"
"LAEBTYWIRI";"#RFA 2. Artillerie-Regiment"
"LAEXCHETPJ";"TANK GUN"
"LAFILSKGDX";"3rd Air Force"
"LAHISNLADK";"1-35-ya Gv. DShB"
"LAKMTFYLPJ";"49 Tkbat"
"LATRKFMFLO";"L96A1"
"LAW";"LAW"
"LAWZUBIGZP";"M60A1 RISE CP"
"LBALNAIYHV";"1-27 pcz"
"LBBIKKBUZY";"GIAT M621"
"LBCAKTMZWN";"#SOV 74-y Gv. Tank. Polk"
"LBEPNDBERN";"STRZAŁA-10M"
"LBEWNOLXDY";"Sicherungs-Bat. 300"
"LBFRPMYQQL";"125-ya ADIB"
"LBIAKWVUQN";"ODAB-500PM"
"LBIZMUTYTI";"III./AR-3"
"LBJZNGQLHP";"T-64A Obr. 81"
"LBRGMDXMTK";"152E INF. OFFICIAL BATTLEGROUP"
"LBRSVRHSNF";"CENTURION Mk.V"
"LBTFGASQMC";"MOR. KONKURS"
"LBUBZEGAWB";"1-99-y Art. Polk"
"LBVAOGGKGM";"GEBIRGSJÄGER "
"LBYPCBKEEF";"2-41st Infantry Rgt."
"LBYWMYYLHY";"MIM-23B I-Hawk"
"LCBHEWIPFC";"D-921"
"LCETMLEPEQ";"M9 81mm"
"LCHDBBKNHO";"#SOV 174-y Gv. MSP"
"LCPPCGYUZY";"MG M/62 7,62mm"
"LCPZKGJGUW";" PRŮZ. BVP-1P"
"LCQFJDIOLK";"340kg"
"LCSUUKZQKE";"9M27K"
"LCVRURPXLV";"4TH ARMOURED DIVISION"
"LDBYFEANQP";"PARA. MO-120-RT61"
"LDEJUUYYXC";"Su-24M [TRM]"
"LDHHHCLKHX";"MARINESICHERUNGS"
"LDJNOWOJCO";"M39/55 40mm"
"LDOYLKXTCY";"Carl Gustav (HE)"
"LDQIHFEARY";"M548A2"
"LDQWVTICQH";"BTR-40"
"LDXBGECPXP";"UK Vz.59L"
"LDYAXMPHWX";"420mm"
"LECBIJANOG";"RPG-2"
"LEENTZHCUX";"DESANT. MOR. RAZVEDKA"
"LEHYGCGEWJ";"M38A1 KMAR"
"LEUALDHBIO";"#CZ 20. Tankový Pluk"
"LEXPFXWCKS";"27 Field Rgt. RA"
"LFCUBIOZDJ";"A tank gun is a large-caliber, high-velocity gun capable of firing various projectiles against a variety of targets.
A tank gun is the primary means of engaging other tanks or armored vehicles with direct fire. Featuring different calibers, between 90mm to 125mm, a tank gun is often emplaced in a turret, creating a flexible yet hard-hitting weapon. When assisted by advanced targeting computers and sights, a tank gun can engage almost any kind of unit, even airborne targets, regardless of the weather or time of day. A tank gun fires off a variety of different shells, at times supported by an autoloader, including armor-piercing kinetic (AP), armor-piercing, fin-stabilized, discarding sabot (APFSDS), high-explosive (HE), or high-explosive anti-tank (HEAT). Some guns can even fire specially adapted guided missiles. "
"LFFRUDEPOA";"CROTALE"
"LFHSIKJSJW";"M167A2 VADS 20mm"
"LFKWBHPQUM";"#CZ 23. Tankový Pluk"
"LFQVZCMYRQ";"Colt MK.12"
"LFRESGQBYN";"3-23-y Tank. Polk"
"LFSBXJGIIH";"DESANT. STRZAŁA-2M"
"LFTDJTUPEQ";"FV432 CARGO"
"LFTMXLLGPG";"M270 MLRS [CLU]"
"LFVGHUHNID";"RES. C5 7,62mm"
"LFXGTYZECF";"RMP"
"LFZHQLAQMJ";"MILAN 1"
"LGBFOFIVUG";"BRP-250"
"LGFNPDZXHN";"SNAJPER"
"LGGHXHQIIO";"STRZAŁA-1M"
"LGHRMUGASZ";"3-56-y Gv. Tank. Polk"
"LGPZCVIJHH";"AKMS"
"LGVADKMAFW";"4de Pantserinfanteriebrigade"
"LGWINFFBYT";"359-y Zen. Art. Polk"
"LGXKUKMQZI";"2-361. DP"
"LGXXXGDGND";"1-MSR. 30"
"LGYLAFMITB";"2A46M"
"LHAWEIDBMJ";"F/A-18A [SEAD]"
"LHDUNFGAMF";"SSG 69"
"LHFHIPABSK";"A recoiless rifle is a lightweight crew-served weapon designed to provide fire support over short- to medium ranges. These weapons fire unguided rocket-propelled shells with reduced recoil, effective against enemy infantry or lightly armored vehicles.
Recoiless rifles are portable and cheap direct-fire weapons, best used in ambushes or from cover such as buildings or forests."
"LHMWFGSHDG";"35TH INFANTRY DIVISION (MECH.)"
"LHPBTFDAKU";"M167A1 VADS 20mm"
"LHQVKLYQMP";"ATMP CARGO"
"LHUJIGGYPU";"47e Rgt. d'Artillerie"
"LHVSJZHVKL";"1018-y Zen. Rak. Polk"
"LHYBEXTSJJ";"MiG-23MF [AA2]"
"LIBHYUCBUT";"CUCV BLOWPIPE"
"LIGCVZACRU";"HOT-2"
"LIHSWXIYHD";"3-MSR. 32"
"LIKJRVDBAH";"S-53"
"LIRZCNWQIY";"BEDFORD MJ2P SUPPLY"
"LITZYELOZO";"68e Rgt. d'Artillerie"
"LIUALNUVUI";"III./MSR. 43"
"LIVBJGHHPP";"9. PPR"
"LIVVDIWKZA";"Panzer-Bat. 293"
"LJAWTIMGTT";"DRAGON-PARAS"
"LJGIAEMRAW";"1er Lanciers"
"LJIYEHNXPY";"Fire Direction"
"LJJILIUDKJ";"2A46M-1"
"LJKNBGOPER";"#BEL  10de Pantserinfanteriebrigade"
"LJLRMOKVWE";"2-61 brop"
"LJNDERYOOX";"#CZ 3. Motostřelecký Pluk"
"LJNSCKCDVM";"2. PZ.GRENADIER-DIVISION"
"LJQSECQXEO";"Su-22M4 [CLU]"
"LJULKDGGNU";"AMX-13 T75/TCM"
"LJUSNWKGHP";"SNAJPER"
"LKCAQEFJUG";"3. div. protivzdušné obrany"
"LKDWCYXKQU";"PtK vz.52 85mm"
"LKKJEHNIPC";"Stinger Basic"
"LKMPJQDZEE";"PzArtillerie-Bat. 195"
"LKNAYFWPRE";"CEWI"
"LKRFOJTFXI";"Swingfire"
"LKSVNPCUYG";"5. PANZERDIVISION"
"LKTTCDMLTD";"BRDM-2 MALYUTKA-P"
"LKUNZSBLRT";"LEOPARD 1A5"
"LKUQSGAFBY";"#NL 5e Divisie"
"LKVSPWXOOL";"MECH. RECCE"
"LKYEGZULPA";"BEZPEČNOSTNÍ ODDÍL"
"LKYVXDGXQK";"FLAK KS-19M2 100mm"
"LLCCBNTLNV";"Su-22M4 [NPLM2]"
"LLCZHFTAWM";"VAB LEGION"
"LLDHOGFRHC";"M68A1"
"LLFLZRYZSZ";"2A36"
"LLGCIKVZTT";"PARA. ILTIS PC"
"LLGXRUJIAE";"LIDOVÁ MILICE"
"LLHXJTEQMJ";"TOW 2"
"LLJDPCKOEU";"M185 Copperhead"
"LLJTIGXVOR";"BAW-485 ZAOP."
"LLJYYLEZZW";"PANCÉŘOVNÍCI"
"LLKCNOHVFK";"OA-37B"
"LLQFPSYMBI";"MILAN 2"
"LLSEHADYLZ";"Kom./31-ya Tank. Div."
"LLWIGWLQMK";"1-243-y Gv. MSP"
"LLYQGMIEFE";"I-HAWK"
"LLZKCFRTSC";"M48A5E"
"LMBUNGDARI";"GLH-L"
"LMEQEVPICO";"Napalmbombe 200"
"LMNRNCMIRZ";"AMX-13 Mod.56 VCI"
"LMORWMWLYW";"KS-19"
"LMOSBLXSPY";"CN 90 F3"
"LMQAYMYAIP";"PRÉVÔTÉ"
"LMQZTUEIJH";"GAU-19"
"LMXEXFRVYJ";"2 DYWIZJA ZMECH."
"LNDXVAXWCM";"COUGAR"
"LNERIUFXEA";"MD JUPITER"
"LNIDIFADBK";"I-TOW"
"LNPWOCBMAU";"TPz GREEN ARCHER"
"LNRMKLMSOR";"MOTOSTRELKI KOM."
"LNTVEUSIYQ";"7. Dělostřelecká Divize"
"LNVMZGJMQZ";"AB M2HB 12,7mm"
"LNXOPMIBHC";"35TH INFANTRY DIVISION (MECH.)"
"LNYJHHJEKL";"AERO-STINGER"
"LNYXJEFJJI";"MiG-21bis [AA3]"
"LOBUPHFUFR";"#US  1st Armored Div."
"LOBZRRXTGX";"Aufk.-Bataillon 20"
"LOCHSGKRAZ";"BAW-485 ZAOP."
"LOERRRHLMS";"SEACAT"
"LOHXWYDELW";"GROUPE ANTICHAR"
"LOIHDSURXI";"#SOV 33-y MSP"
"LOMLCUWDBG";"RT RAZVEDKA"
"LOMOASTHVD";"MFG F-104G [HE]"
"LORHCUYOZA";"4-Air Defence Rgt."
"LPCRPUZJTW";"76-VOD.DESANT OFFICIAL BATTLEGROUP"
"LPCSNURGQE";"D-1"
"LPHMABSSHM";"M39A2 x2"
"LPJKGNZQCN";"VELITEL L.M."
"LPNADBRMOS";"BOFORS 40L70G"
"LPNDCYUZOM";"A tank gun is a large-caliber, high-velocity gun capable of firing various projectiles against a variety of targets.
A tank gun is the primary means of engaging other tanks or armored vehicles with direct fire. Featuring different calibers, between 90mm to 125mm, a tank gun is often emplaced in a turret, creating a flexible yet hard-hitting weapon. When assisted by advanced targeting computers and sights, a tank gun can engage almost any kind of unit, even airborne targets, regardless of the weather or time of day. A tank gun fires off a variety of different shells, at times supported by an autoloader, including armor-piercing kinetic (AP), armor-piercing, fin-stabilized, discarding sabot (APFSDS), high-explosive (HE), or high-explosive anti-tank (HEAT). Some guns can even fire specially adapted guided missiles. "
"LPPYALYINX";"UH-1H HUEY"
"LPQQTFPAPZ";"T-72AK Obr. 81"
"LPSXIBWUMF";"Type 56"
"LPUBQMILBV";"5E DIV.BLD. OFFICIAL BATTLEGROUP"
"LPUMMSQVPE";"81th Tac. Fighter Wing."
"LQBLNSHSNU";"SEA KING Mk.41"
"LQBTRUSZSA";"17-YA GV. TANK. DIV."
"LQDHGMNZXG";"#SOV 23-y Tank. Polk"
"LQDUDWKVCG";"P4 ANF1"
"LQGKZXOROL";"VKK 411"
"LQIINZIIER";"HQ-2nd Armored Div."
"LQLCGKARXU";"Eryx"
"LQLXLXTWFG";"Vz.52/57"
"LQMVDIGKQT";"2e Corps d'Armée"
"LQNLSMJLLG";"M39A2 x2"
"LQOOHVKRWH";"SOUTHAG"
"LQQAOEURIR";"6E DIVISION LEGERE BLINDEE"
"LQRSLESTRI";"DD-20 DPanc"
"LQTLSDQADI";"MOT.-SCHÜTZEN (SVD)"
"LQVYBFSVZE";"Vz. 53/59"
"LQWISTOXNN";"Jäger-Bat. 76"
"LQZLOXHLVA";"Panzer-Bat. 214"
"LRAUJTZSTY";"BEDFORD FIRLING 12,7mm"
"LRDJIMHJQV";"CN-105 F1"
"LRECILADAR";"T-72A Obr. 83"
"LREFGSIVGL";"F-16A [AA]"
"LRELUYUNRY";"57th Gv. MSD"
"LRGZRRMACZ";"R440"
"LRLJNDAMFZ";"1-PR-23"
"LROPAXEIMZ";"SBAT-70"
"LROWJHJDTY";"MOR. PEKHOTA KOM."
"LRPKMXHFZZ";"K31"
"LRRWPTQZBY";"75 SA 50"
"LRSDBIVKLA";"CH-135"
"LRSLYTTWOK";"ALOUETTE II"
"LRUHZJFJJJ";"MG m/62"
"LRVWFVHRGT";"FR-F2"
"LRXKIBEEGO";"Mi-8TV"
"LRXYSOHZQY";"DRAGON-PARAS"
"LRZKHPRLZY";"3-32 pz"
"LSBHESYHAT";"1-GV.MTSK. OFFICIAL BATTLEGROUP"
"LSDYSMTSPX";"AMX AuF1"
"LSENEJJAKZ";"RBS-70"
"LSFBBYAKHK";"MOT.-SCHÜTZEN (BTR)"
"LSHCZPRPRM";"Mk19"
"LSMFGCQSLK";"NR-23 x2"
"LSQABMOMSH";"BME-330 C"
"LSRQXGCIWY";"MARSOUINS"
"LSXHWRLFEM";"FÜPZ. T-55AK"
"LTDXRHQXGE";"M151AC"
"LTIFSDKDWE";"OA-37B"
"LTIKIIGCJT";"Staf-1 Divisie"
"LTJDNZCNAJ";"Pz.Gren.-Bat. 562"
"LTMLXRICID";"71. Heimatschutz-Rgt."
"LTMSGGNHXC";"Jäger-Bat. 942"
"LTMWHXRDRX";"ROCKET"
"LTOSDDBZWM";"ALPINI S.R.L."
"LTVACTPYTA";"MARINES LEADER"
"LTYWCCNKOO";"SMAW (HE)"
"LTYZKNZXPH";"Jäger-Bat. 116"
"LTZJAIZTVM";"M-24F"
"LUBWDWKLMU";"#SOV  302-y Gv. MSP"
"LUDUXRFARW";"LIGHT RIFLES (VIPER)"
"LUENBLPRLE";"DESANT. ROZP. SPECJALNE"
"LUJMNCAPAE";"#CZ 60. Tankový Pluk"
"LUJRXXZSKV";"#DDR 9. Mot.-Schützen-Rgt."
"LUTZYFMOCX";"BTR-70 S-8"
"LUVISVRXZX";"CMDT SAPEURS"
"LVAQSWFNMM";"DESANT. RAZVEDKA"
"LVHDNFYIJK";"DEFA 30 x2"
"LVHIBNMOIL";"Half-sized infantry squad with a reduced complement of soldiers."
"LVIQEPHCNT";"Heeresflieger-Rgt. 30"
"LVJEMGXZHY";"511th Tac. Fighter Sq."
"LVODICYNEO";"7e RHC"
"LVPUSECPON";"MiG-29 [AA3]"
"LVQOSNYLLT";"M47 Dragon II"
"LVROHPZDWF";"FN 4RM/62F MiMo"
"LVRVRIQTYN";"II./Artillerie-Brigade 40"
"LVWKCUVUCY";"12 Afdva"
"LVXBGFWAFW";"PARA. CMDT"
"LWBHQYSFCZ";"Airlifter"
"LWEHDVGSTR";"PzArtillerie-Bat. 85"
"LWEOQFYNJT";"VÝS. M vz.52 82 mm"
"LWIDGHSNTA";"#CZ 5. Motostřelecký Pluk"
"LWIZSBUYSH";"LEOPARD 1V CMG"
"LWKRUWGQFF";"RPG-18"
"LWLWHLSINA";"III,/AR-9"
"LWSGIHWDIN";"M168A2 Vulcan"
"LWSVXPXFJO";"OKHRANA"
"LWUHGAYLXM";"L2A3"
"LXGBGYDETH";"PT-76B"
"LXHBLLQUDL";"Special Forces units take less Suppression in combat and deal more damage - on top of the Elite Veterancy level."
"LXMNTKXFVH";"CETME L"
"LXNFRYRRJZ";"4 DIVISIE OFFICIAL BATTLEGROUP"
"LXSSGVFCZV";"2-29th Field Artillery Rgt."
"LXTYDFQNLM";"Mi-8T"
"LXTZFGKIYF";"1. Gebirgsdivision"
"LXVLEXAVFE";"A-6E INTRUDER"
"LXXABYEKYH";"HR.15"
"LXYCRHUCWB";"MAG"
"LXZCDGRBWL";"#TCH 1. Stíhací Letecká Divize"
"LYCBSYTNGC";"NF-5A [HE]"
"LYLIYNBWBN";"Fagot-M"
"LYLYZPUPVJ";"18 pułk czołgów"
"LYQBFIGOSX";"SPW-50PK(MRF)"
"LYRUEPXYZL";"JAGUAR GR.1 [HE2]"
"LYTILFQSZB";"MECH. FUSILEROS (AT-4)"
"LYTQXPNMTG";"79-YA GV. TANK. DIV."
"LYXCGEVYQW";"AML-60 GENDARM."
"LYXVWRMRNP";"1-361. DP"
"LYXWYFSTZY";"LAG-40 40mm"
"LZAICFEGHQ";"49th Field Artillery Rgt."
"LZCGDFYKKW";"PZ.BEF. M48A2GA2"
"LZDHOYDQRX";"#SOV 308-ya Artilleri. Brigada"
"LZDKZXGYXZ";"UNIMOG U1300L LOG."
"LZFIGCSZHX";"III./AR-7"
"LZHXNSTRTU";"VW T3 FELDJÄGER"
"LZMAHPAKHC";"Unguided air-to-ground rockets are fired from aircraft and helicopters at ground targets.
A common weapon, rockets normally lack an active guidance system, separating them from missiles. A simple and easy-to-use weapon - though not very accurate - rockets are convenient in a short-range or area saturation role. Carrying various types of warheads, rockets are frequently fired from rocket pods in devastating salvoes. "
"LZPGDIZNNG";"Fallschirm-Bat. 264"
"LZSKMVVCOD";"12,7&7,62mm"
"LZTJKYFJFO";"TOW 2"
"LZWNZTHEHP";"BM-30 SMERCH"
"LZXRDJAFJA";"2A44"
"LZYGQHYRNX";"#DDR 16. Panzer-Rgt."
"LZZCUILBCY";"Explosives can be encountered in many shapes and sizes, including hand-held anti-personal grenades, demolition or satchel charges, improvised explosives, and others. These are powerful but extremely close-range weapons, frequently used by assault troops to destroy vehicles or clear bunkers, obstacles, and enemy-held buildings.

Explosives are very effective against enemy infantry in ambushes and close combat situations, especially in forests and urban terrain. They can also be used against enemy vehicles straying too close."
"M2Brown_T";"M2 Browning - Turret"
"M47Dragon";"M47 Dragon"
"MAANDIVXNX";"MOT. AIRMOBILE LDR."
"MAAXUCNLIR";"1-2. TP"
"MABHAADXIE";"ZAPADORES"
"MACMQXHVSR";"#RFA  31. Panzergrenadier-Brigade"
"MAGHLFUQBV";"TERRITORIALKOMMANDO SÜD"
"MAGYTURMQV";"#UK  4th Armoured Brigade"
"MAHZBLGALV";"Mi-17 [RKT]"
"MANOOAHTHL";"MP5A3"
"MAQAFALXCP";"BRDM-1"
"MATOURVBOJ";"AIM-9B"
"MAWQBUBTXQ";"AC58"
"MAXIVWGAZW";"ZB-500"
"MAYDELVTSW";"REZ. OKHRANA"
"MBBLKCSHOY";"#CZ 4. Tanková Divize"
"MBETMUGGMY";"ZÁSOBOVACÍ BAV-485"
"MBHCRDRPBC";"M1041 FAV TOW-2"
"MBIZZPTSGO";"Fs-PALR FAGOT"
"MBOSKBWXFA";"BTR-80"
"MBOTYTYYUU";"Aufklärungs-Bat. 10"
"MBPZZMIUQY";"FALLSCHIRMPIONIER"
"MBQQCLZZPQ";"RPG-75"
"MBT";"Multiple Rocket Launcher System"
"MBTVXGPVKN";"RANGERS"
"MBXMVSZXHA";"CN-105 F1"
"MBXOQXDBPE";"2. PLRP"
"MBXYDRGMCS";"2-2nd Arm. Cavalry Rgt."
"MBYBCTBNVY";"MOTOSTŘELCI"
"MBYGVCKLPO";"83mm"
"MBZSYIIVKN";"Pz.Gren.-Lehr-Bat. 92"
"MCAGTUSFYL";"GATLING"
"MCAJJKOVRM";"2 gb 100 pz"
"MCCKZBSDGI";"Velitelství a štáb 4. TD"
"MCCRCEHFWN";"CL-89"
"MCDAJDQJZS";"MP-40"
"MCFRWYNNLR";"Raketenartillerielehr-Bat. 122"
"MCHROWGHUD";"T-8M"
"MCHUPCOTHR";"GAZELLE CELTIC"
"MCICPGSBZB";"SV 1891/30 PU Mosin"
"MCISVQOCYI";"M1 Carbine"
"MCLTGNPRGG";"2-JagdG 74"
"MCLXLYEQWE";"#CZ 9. Tanková Divize"
"MCMJWIGLPU";"Mi-6A ZAOP."
"MCMLICZCQT";"1-44-y Gv. Tank. Polk"
"MCOWHZVUJT";"M101"
"MCRJETTTTB";"T-72A Obr. 81"
"MDCAIFALFD";"Test_Unit"
"MDCVMQRRRA";"M1 81mm"
"MDDCUMPCOQ";"Pezikó"
"MDEHBBQZIB";"Jäger-Bat. 16"
"MDJVFZWLBF";"F-104G [AA]"
"MDKAYMXNLJ";"BWR-1D"
"MDMUZCOQJY";"15th/19th KRH"
"MDMYTKNBVP";"PARA. ENGINEERS LDR."
"MDRMTOLKGM";"Jäger-Bat. 47"
"MDSZNFNWIU";"FV438 SWINGFIRE"
"MDTWMPNMYH";"1075-y Zen. Rak. Polk"
"MDUFHZGUCM";"AS.11"
"MDVQMWBOBC";"T-55A"
"MEFJREEEDU";"#UK  2nd Infantry Div."
"MEGNWNUURX";"280 mm"
"MEITBYLAKO";"Luftwaffe"
"MEMWEKOWXV";"M45"
"MEMWTODRGA";"#CZ 1. Armáda ČSLA"
"MENVASJCTK";"3-8 Bah"
"MESIJBBFOO";"BO-105M FÜH."
"MEUTKUPSBN";"1-174-y Gv. MSP"
"MFBRYUDOGS";"Escadre de Chasse 3"
"MFDBYXZWQD";"KDM STINGER"
"MFDMGVDDXP";"PARAS"
"MFGOSVJQOC";" Feldführung 5. Armee"
"MFIGBHSTVT";"172-y otd. Vertolotnyy Polk"
"MFIMVFYCTX";"#SOV 245y Gv. MSP"
"MFJFLIMMKD";"KULOMETČÍCI"
"MFJZNDDGRP";"S-25O"
"MFSNNGYQQT";"BEVEILIGING CMG"
"MFSVQNUHLP";"520-y Otd. Zen. Rak. Bat."
"MFTHYAFPKR";"8 BRYG. ART. ARMAT"
"MFUMSADAWG";"TO-55"
"MFVTBCQKBP";"KPVT"
"MFYCRLTFAU";"This is an indication of the unit's value. 

The #pi3{Blue} label shows the unit's value as being part of the top 25%.

The #pi2{Green} label values the unit in the second highest tier.

The #pi1{Orange} label indicates that the unit is below average value.

The #score_05{Red} label marks the unit as being in the lowest price range.

"
"MGAMVWUHBZ";"PAR 70"
"MGAPVPPXBT";"MIRAGE IV [SEAD]"
"MGBRWNRTVC";"S-8KOM"
"MGCYHPDFXF";"4-Air Defence Rgt."
"MGEDQPDHMU";"Remington 700"
"MGFFZLTMBD";"C.14B [AA1]"
"MGGHQLKNDV";"LEGIONNAIRES (APILAS)"
"MGHQMWFIVS";"M113A1 RCL"
"MGMTHXMNTT";"SD-100"
"MGNGAIXNPT";"1ste Karabiniers"
"MGOMQJPALJ";"VPB"
"MGRECLTOAI";"Mi-8TB"
"MHDTYUFKDU";"AUFKL. Mi-8TB"
"MHFMWIELFI";"ZiS-3 76,2mm"
"MHGNTMLUFT";"BMD-1KSh SOROKA"
"MHJDUQIBCF";"2A46"
"MHMWPRFFSG";"9th/12th Royal Lancers"
"MHOMRQZWMQ";"PzGrenadier-Bat. 32"
"MHQTTGGPDC";"AS.11"
"MHXSMVUROG";"M2HB 12,7mm"
"MHXXMQCHVQ";"M-240 (3O8 Nerpa)"
"MICGDOSHSK";"MiG-23MLD [AA1]"
"MICXNIFZRN";"11 pułk zmech."
"MIDBWJWFZU";"2-49. MSP"
"MIDEZLEEGP";"L16 81mm"
"MIEPDDNSEV";"TORNADO GR.1 [SEAD]"
"MIGWPXRBVC";"1-60. TP"
"MIHDWGNTMH";"VLRA MILAN"
"MIJEMZJUQM";"2-5th Field Art."
"MINGNQHLTO";"COMRECCE"
"MINOBGNNQN";"3. PANZERDIVISION"
"MISPYPXCSH";"ILTIS MILAN"
"MIWSIDCLLW";"MARINIER M29 81mm"
"MJDHVPLRYN";"NR-30 x2"
"MJDTJXJLOP";"15 Painfbat"
"MJEGXMKEOY";"1-37 pz"
"MJELVVAKKS";"Howitzers occupy in name a specific niche as an artillery gun, historically firing shells at lower velocity but at higher elevation.
Over the years, the distinction between howitzers and regular artillery guns has merged, with both types of guns now featuring longer barrels, extended ranges, extra propellant charges, and higher elevations. Many modern artillery systems, including self-propelled ones, now carry the label howitzer. "
"MJFJKCWIAW";"Jaguar FR"
"MJGTCSNBYE";"GCT F1"
"MJKFJYGBOS";"GLADIO"
"MJLWWLUNKV";"Panzer-Lehr-Bat. 91"
"MJMLGHNZHN";"2ND MARINE DIVISION"
"MJTSKLVZNK";"AH-1F C-NITE"
"MJTYKXJPDQ";"2-14. TP"
"MJVJLXNITO";"#SOV 322-y MSP"
"MJWWGWRVHF";"TOA C/C I-TOW"
"MJYCVBYRJA";"Malyutka-M"
"MKCJTYDKDB";"GRENZ-FÜH."
"MKHREUVYBX";"PLAMYA 30mm"
"MKJXWFUEGH";"1-57. MSP"
"MKKCYUIFBN";"DESANT. 2S12 120mm"
"MKNBMYZSZR";"PzArtillerie-Bat. 355"
"MKNQYGBBZS";"78th Engineer Bat."
"MKPXMARWZO";"AMX-13 VCI 12,7mm"
"MKQYNBWDTU";"1-390-ya Gv. Art. Brigada"
"MKSDTRPBPU";"(1st Fighter Division)"
"MKYUCOFJOG";"Pionier-Bat. 110"
"MLCUGBKUWP";"10 (Vol.) Para Btn."
"MLDGUPKPKD";"AKS-74"
"MLEHSXDECR";"MiG-23BN [AT]"
"MLETWMWUAT";"AK-74"
"MLIGMJSOXP";"1-325th PIR"
"MLJIRDYOXA";"Security"
"MLJZQDFNHV";"Arkan "
"MLKGMGKBEQ";"2A46-2"
"MLMQXGCSJM";"SPW-40P2(K)"
"MLMSAOMADN";"1-PR-20"
"MLONFZRXVQ";"L2A3"
"MLOUTMLCKW";"AGM-65G Maverick"
"MLQNTFWCKY";"T-72M1K"
"MLRS";"Multiple Rocket Launcher System"
"MLRZVXIERN";"AJ.168"
"MLSEAMCQZT";"CBU-72"
"MLUSJYNEJD";"4-75. ThdBr"
"MLXJTHHTHI";"Token inexistant TSQUAAPXLS dans SERIOUS_Localisation_Unites"
"MLZZUVUCMO";"1-7-y Gv. Tank. Polk"
"MMAXBNZUZX";"JAGUAR GR.1 [CLU]"
"MMDRJOUIHY";"#RFA  2. Panzergrenadier-Division"
"MMHXGTGRDD";"ŽENISTÉ"
"MMQEQHXPPR";"MG-42/59"
"MMTDVAOCSW";"M40A1 RCL"
"MMTEMSQGXD";"MTW M113A1G"
"MMXOIFHJCS";"SS-30"
"MMYFVWZUMW";"Super 530D"
"MNBFDSCWNZ";"113-y Razvedka Bat."
"MNBODHVUJP";"1-211-y Gv. Art. Polk"
"MNBZBDXACZ";"A rocket is an unguided warhead-equipped projectile powered by a rocket engine. Amongst other things, it differs from missiles by the lack of active guidance systems.

Artillery units equipped with rockets compensate for a lack of accuracy with the ability to quickly saturate and destroy an area with a large number of rockets."
"MNCCTZCABH";"M577 QUEEN MARY CP"
"MNHDUKRMHA";"1-87-y Art. Polk"
"MNJUQKYWMU";"251. PLRP"
"MNKJFKTBAO";"CVR(T) SCIMITAR"
"MNNEIFTSAA";"F/A-18A [AA1]"
"MNOKRDGVCP";"MIRAGE 5 F [HE]"
"MNPZHFSOSA";"16th/5th QRL"
"MNQGKUBNLO";"LSV M2HB"
"MNRVVTMQMX";"Panzer-Bat. 194"
"MNSGAKYBGL";"84mm"
"MNUUYJSMWH";"3-47. DP"
"MNUVYUAHSF";"AZP S-60 57mm"
"MNXRQCDUND";"GAU-8/A Avenger"
"MOCUUQMJKE";"DESANT. M43 82mm"
"MOHWBUSSGH";"MiG-27M [NPLM]"
"MOKOYCDVFD";"PIECHOTA (SVD)"
"MOLWPVHPXS";"BUCCANEER S.2B [SEAD]"
"MOMTDYGNIS";"FRP ROLAND 2"
"MONMBOCOKH";"PaK57"
"MOQZGQRHUD";"GAZ-66 SNAB."
"MOSYIDFAAN";"L4A4"
"MOUWFQOAAF";"1-18th Field Artillery Rgt."
"MOVVNDQBSX";"#SOV 67-y Gv. MSP"
"MOXHFFJHJJ";"ZU-23-2"
"MOYJRXXCZG";"3-164-y Gv. MSP"
"MOYUPPRZOW";"W-3 SOKOŁ "
"MOZPWKLJDN";"MEDIUM MACHINE GUN"
"MPAKNTFQTP";"R-98MR"
"MPBDHGDDCQ";"2-49 pz"
"MPBZQQYQBJ";"FIM-92 STINGER"
"MPCOMBDHQU";"VÝS. PRŮZKUMNÍCI"
"MPEXTIENGT";"MiG-29 [AA2]"
"MPGAARYITE";"I./AR-7"
"MPICRFWCJH";"VBL MILAN"
"MPIWJFCLVE";"1-302-y Gv. MSP"
"MPJKQHJNMI";"#CZ 68. Motostřelecký Pluk"
"MPLCLKEEEB";"MFRW RM-70 [CLU]"
"MPNNQZQRRW";"LUFTSTURM-JÄGER (Metis)"
"MPOLZXWZBL";"M vz. 52"
"MPRDEUIZHM";"933-y Zen. Art. Polk"
"MPRDIBSLUL";"Velitelství a štáb 19. MSD"
"MPRVLPMVZK";"ASSAULT RIFLE"
"MPSYEUILQF";"1st Canadian Air Division"
"MPTRCNFPGI";"T-55A"
"MPUXSNOHQZ";"2-82nd Field Artillery Rgt."
"MPYEMKNRNP";"46 Painfbat"
"MPZUNNMWPM";"GENIE VERK"
"MQACNKVLUC";"NSV"
"MQFPVQLFNX";"18 bdes"
"MQHZDRVFJC";"DESANT. BELOZOR"
"MQLRQTFKHU";"D-30 122mm"
"MQLSAGQGDJ";"A-7D CORSAIR II"
"MQOZMVGKHB";"81st Tac. Fighter Wing"
"MQQECXCDPI";"PzGrenadier-Bat. 52"
"MQQITGYWUT";"L46"
"MQQJEEUSRB";"T-80U Obr. 89"
"MQRGWJFSVX";"Su-27S [AA]"
"MQSKCHLIPD";"FUSILEROS (BMR)"
"MQTTPDHFMV";"QF 25-Pdr"
"MQWCCDGSZL";"AML-90"
"MQXWVLXPFD";"K M-46 130mm"
"MQZRQMCFXG";"1er Escadrille"
"MQZWGTLZYQ";"USAF SECURITY"
"MRAJFTEOZC";"CERBERE 76T2 20mm"
"MRBOKCBPXP";"4E DIVISIE"
"MRBYJNLNAT";"MiG-21bis [HE]"
"MRCDZHQVYK";"#SOV  247-y Gv. MSP"
"MRCWGOVRZU";"EA-6B PROWLER [EW/SEAD]"
"MRCZBVKKVZ";"2A46-1"
"MRDBYNSEWB";"M60A1 RISE CP"
"MRGDDWWHJW";"2ND INF. DIV. OFFICIAL BATTLEGROUP"
"MRHAGHRCJK";"M114"
"MRMLUELRAX";"MP LEADER"
"MRNBDPFULI";"2-67-y Gv. MSP"
"MRNQEWIJPV";"UH-1D MUN."
"MROFZGCQCS";"Bombardement. Bombing runs can be carried out with a variety of guided or unguided bombs. The type of bomb can vary from the simple bomb with blast and fragmentation damage, to cluster bombs or even napalm."
"MRRMITRIFB";"UK vz.59T"
"MRSCPEFCNO";"2 Para Battalion"
"MRTGFHMJHS";"FLA-RAK. IGLA"
"MRVIDGIZSB";"Groep Eindhoven"
"MSCFCVKRRU";"AH-1F C-NITE"
"MSEDZHBGXB";"3-353-y Gv. Tank. Polk"
"MSEOJUVTFS";"114 Afdva"
"MSEOMZACEH";"OKHRANA"
"MSFMEONPUA";"A.109HA-1"
"MSFNAUPETG";"M115"
"MSHWVASPQJ";"11e Rgt. d'Artillerie"
"MSJHSIXKGJ";"RES. M113A1"
"MSKFFYIDSP";"3-62. MSP"
"MSKOXJAKKH";"C.14B [AA2]"
"MSMBAKRKMY";"REZ. T-55AK"
"MSNGLCZFKZ";"157-YA MTSK OFFICIAL BATTLEGROUP"
"MSNHCCEQDM";"GSh-30k"
"MSTBCUCXJI";"11 DPanc"
"MSUSPOJBYT";"PZ.GRENADIER"
"MSVFRQTFOD";"H wz. 1938/85 122mm"
"MSVIEZBTGS";"Queen's Own Highlanders"
"MSVXHLZCHZ";"119kg"
"MSWQNCKWQO";"Pionier-Bat. 310"
"MSWVAQKMDW";"2-81st Armored Bat."
"MSZAYXQBPC";"51 pułk zmech."
"MTAAFUTYTL";"4-211-y Gv. Art. Polk"
"MTBZDVOXFW";"M-46"
"MTEHADENDP";"30 RES. DYWIZJA ZMECH."
"MTFMIXTJID";"L44"
"MTFSHNYGEJ";"D-10T2S"
"MTGLPEEASU";"RÜGENER GRUPPIERUNG"
"MTHHHNGRRQ";"V-150 COMMANDO"
"MTIJVQOQZG";"495th Tac. Fighter Sq."
"MTJLNJJFYX";"M-24F"
"MTPFHRHZLA";"QF 20-pdr Mod. B"
"MTWNQQENGK";"2-278-y Gv. MSP"
"MTYIKSNMIW";"5 br"
"MTYISMQHVO";"1-10. MSP"
"MTZQJPHEVZ";"5-y Razvedka Bat."
"MUAPGAWOXM";"108mm"
"MUBTTZFJHU";"Tampella"
"MUEVDWBZLT";"S-24"
"MUGHIQBLCY";"T-72M1D"
"MUGMPUTSYS";"NIEB BER. TOPAS R-3M"
"MUHJCLJSOI";"Mi-24V [RKT2]"
"MUJDCTBJEV";"ALOUETTE III"
"MUMDMYRTRY";"Panzer-Bat. 533"
"MUPNDRZRUS";"BOFORS L70"
"MUUGHLYRWV";"1. LUFTLANDE-DIVISION"
"MUVUYARKER";"P4 PC LEGION"
"MUXJFZEAMP";"C.12 [NPLM]"
"MUYAMIWFVR";"ZGRUPOWANIE DESANTOWE"
"MUZFZIGPAJ";"EM-15e DI"
"MVBPFITIYU";"102 Infbat"
"MVCTIKTQKC";"M197"
"MVEBGIEAPQ";"MIRAGE 2000C RDM [AA1]"
"MVEFKZJLBE";"12e Ligne"
"MVEQJYSHWF";"L-10D3"
"MVHMXNZYXN";"LIGHT RIFLES (Dragon)"
"MVPFPJJNCL";"#RFA  3rd Heeresflieger-Kdo"
"MVPRVDFRNG";"Raketenrohr 80"
"MVPTZAGOHZ";"Velitelství a štáb 3. MSD"
"MVRDUELVUS";"CABALLERIA"
"MVRNOKKRTV";"1-1st Cavalry Rgt."
"MVSHTKGFVI";"Mi-14PS"
"MVSUERSJQA";"MG-42/58 7,62mm"
"MVUBDSQMBB";"5E DIVISION BLINDEE"
"MVUVRALVWU";"D-10T2S"
"MVVJSQZIYL";"VLRA PMB"
"MVXKWGESXW";"35-YA OG DESANTNO-SHTURMOVAYA BRIG."
"MVZTBWNAVK";"1-67. MSP"
"MWAKPLAFLY";"Hydra 70"
"MWBXWVKMUP";"4. PANZERGRENADIER"
"MWCCWPKTOX";"DIVISIÓN DE INF. MECA. 'GUZMÁN EL BUENO'"
"MWCNQIYIJN";"JÄGER (PzF)"
"MWCPVVGBAX";"L43A1"
"MWCWUNYGOM";"#SOV  241-y Gv. MSP"
"MWGJJWFZNG";"MIM-23B I-Hawk"
"MWIFRWQQLO";"ROVER 101FC"
"MWIWLCRORJ";"RES. C5 7,62mm"
"MWKVACPLQI";"Mi-8T MUN."
"MWPMGIXEBR";"PZ.GRENADIER"
"MWWYCVWTEY";"1-290-y Art. Polk"
"MWYVVQSETU";"DESANT. KOM."
"MWYXIVGYFT";"A-1A"
"MWZZVBTCYA";"FlaRak-Bat. 32"
"MXAYVIJZRD";"L46"
"MXCFHQFUOC";"1-74-y Gv. Tank. Polk"
"MXDSKSKQPY";"2-67. MSP"
"MXFABGTAQV";"LEOPARD 2A4(B) CMG"
"MXFMUMQPUU";"1-2 pa"
"MXHJHGKURY";"2A18"
"MXPDSUTTTO";"#CZ 51. Motostřelecký Pluk"
"MXTKDYIMOA";"1-PR-19"
"MXXBKAFNGG";"M103"
"MXZDRAZVYG";"FJB41-LStR40"
"MYDADHAUAP";"BOFORS 40L70G"
"MYFRUWNUCB";"AZP-23"
"MYFWHQVXOW";"11e Cuirassiers"
"MYIGLKYNHW";"MOT. RIFLES"
"MYJDLABFYK";"Flugabwehr-Rgt. 340"
"MYLSLOLEUP";"CMDT GENDARMES MOBILES"
"MYMSIAAGHQ";"#DDR Geschoßwerfer-Abt. 5"
"MYOGQXCIMR";"MiG-29A [AA]"
"MYOWSEXFKG";"183. PLRO"
"MYSCKYGCXD";"PANZER 57"
"MYTBPJFJIV";"3-1st Attack Helo. Bat."
"MYTVMZZZQR";"Panzer-Bat. 643"
"MYUEQEOTJD";"Assault Squad"
"MYWPHASGWX";"GAZELLE PC"
"MYWRZPGOVX";"TKA TIP-56 37mm"
"MYXDLHBHSO";"KPVT"
"MYXGOTDVOI";"#SOV 120-y Gv. MSP"
"MYZINGMDXL";"LANDWEHR"
"MZBRAOHOQW";"PANSERSPEJDERE"
"MZBXZQHKRR";"M41-DK1"
"MZDCJGQHCY";"GAZELLE CANON"
"MZDTUPPMNI";"#CZ 1. Tanková Divize"
"MZENEXRPWT";"3-7 Bah"
"MZGETGEFVD";"M114"
"MZMQKRNNNS";"Su-17M4 [TRM]"
"MZONZDXLPW";"RAF Germany"
"MZQGFAQPAQ";"SCOUTS (LAW-80)"
"MZQSNCVATG";"3-24 pcz"
"MZSCSFTUQN";"COMMANDOS"
"MZTLWYHGRJ";"s.Jäger-Bat. 532"
"MZURXCKKPZ";"Token inexistant MZURXCKKPZ dans SERIOUS_Localisation_Unites"
"MZUVMQWNBB";"Geb.Jäger-Bat. 233"
"NAKLSNJNPR";"PzArtillerie-Bat. 345"
"NALXQCOVPK";"1-67-y Gv. MSP"
"NANHRSDOEP";"1-239-y MSP"
"NAOILKROPM";"VBK 44"
"NAWBWHWUAR";"F-4E PHANTOM II [AA]"
"NAZRZXCSOA";"MIRAGE III E [SEAD]"
"NBETCNKODY";"11E DIVISION PARACHUTISTE"
"NBFEMQBNXJ";"#UK  49 Infantry Brigade"
"NBFYEXIKXF";"TOW 2A"
"NBGCMXIDXB";"1-MSR. 33"
"NBHILHMMKM";"GEB.JÄGER"
"NBITHCWALV";"MARDER 1A1"
"NBLCMUDIFX";"4-585-y Art. Polk"
"NBMVZGIYEN";"UAZ-469 KOMENDATURA"
"NBRCNGTKZY";"DESANT. ZWIADOWCY"
"NBSBDSSWDW";"Su-24M [LGB1]"
"NBXSIIIVRT";"MiG-21MF [AA]"
"NCCGXXQDUE";"3-119-y Otd. Tank. Polk"
"NCCUBOJCEK";"#RFA  62. Heimatschutz-Brig."
"NCGIBCDXZT";"Panzer-Bat. 151"
"NCKSQTGGCS";"PTŘS FAGOT"
"NCKYTLPTQA";"AH-1S COBRA"
"NCLATBNUQL";"GVARDEITSY (SVD)"
"NCMPKIEYFV";"BRDM-2U"
"NCNVQGBJJN";"Su-17M4 [AT]"
"NCQWFGIJYT";"4-41st Infantry Rgt."
"NCSBORBJRS";"TU-143"
"NCZUZVCDYT";"SAPEURS- PARAS"
"NDAGDIMWPK";"1ST CANADIAN DIVISION"
"NDAHZDMVYP";"#UK  1st Armoured Div."
"NDAJIQXRCL";"MD-3"
"NDBXIKNMIZ";"2A18"
"NDDEELDVZM";"4-6 Baa"
"NDDXQRQAOB";"N.G. RIFLES (DRAGON)"
"NDENWJCPEF";"FALLSCHIRM. FÜH. FF"
"NDFLXPXQME";"29 Engineer Brigade"
"NDFSNZDEFG";"C1 155mm"
"NDGECFHCRC";"#UK  24 Airmobile Brigade"
"NDGORAEJWA";"LuAZ-967M SPG-9"
"NDJVSDGXST";"FV105 SULTAN"
"NDJXXVEORP";"227-y Otd. Bat. Okhrany"
"NDLCBQSUKV";"LEOPARD 1A1A2"
"NDLCSJEWBC";"1 CANADIAN DIVISION"
"NDQWHTJXBX";"6 Brygada artylerii armat"
"NDTKLPZMDF";"2-JaboG 34"
"NEAGRZJWCS";"Mi-24P"
"NEAGXJTMBJ";"Refleks"
"NEDMARMUWQ";"6 bdes"
"NEDMXTNOPI";"PZ.GRENADIER (M113)"
"NEHKRYGFTM";"Jäger-Bat. 57"
"NEPNSDWJIX";"DESANT. MOR. PKM"
"NEPZAQDRRN";"21st Ind. Flame Batt."
"NEQACQADZR";"Cuerpo Expedicionario"
"NEQLHTDAXW";"Pz.Gren.-Bat. 302"
"NERFXFDURS";"PATHFINDERS"
"NETMBBFLLJ";"SAPERI (RPO)"
"NETWUCIPIT";"3-6 pz"
"NETYUZLWVX";"PzArtillerie-Bat. 135"
"NEYSUEZZGG";"M1IP ABRAMS"
"NEZXHQNZVO";"HQ-Brunete"
"NFAZDUTPUX";"1-74. MSP"
"NFBDENWBCH";"YP-408 PWRDR"
"NFDNIALHLO";"LEOPARD 1(BE) PC"
"NFDZSTFURE";"KPz. T-72"
"NFGHFZTQIQ";"1-68. MSP"
"NFGOAOHGHB";"#DDR Rügener Gruppierung"
"NFKPRNZSCY";"Token inexistant OCQPQBOMTV dans SERIOUS_Localisation_Unites"
"NFKWSFAIZJ";"GSh-6-23"
"NFMPDNWLKF";"T-34/85M"
"NFOCWVPHMM";"L7A3"
"NFPVGKOFNW";"M1025 HUMVEE M2HB"
"NFTDUDYCCT";"STOLLY"
"NFWANBEEGH";"53-ya Zen. Rak. Brigade"
"NFWPEQRTDW";"122mm HEAT"
"NFZDPAWUCG";"vz.59 82mm"
"NFZKIXLLNK";"ALOUETTE III AS.11"
"NGAXLQAYJK";"M40A1"
"NGBZWGBXNL";"3-14. TP"
"NGJHTYVTRB";"MAG 7,62mm"
"NGJLCKWKYK";"Mi-24V [RKT1]"
"NGJQMPOMMZ";"AERO-FIRE TEAM (DRAGON)"
"NGMDADQNEN";"Jäger-Bat. 841"
"NGVQRERCPW";"Panzer-Bat. 124"
"NGWTVMSKQS";"10th Tac. Fighter Sq."
"NGZISUDHPJ";"VKK 345"
"NHBQIRMXQX";"GÉP. LÖVÉSZ"
"NHBZESDHZQ";"2-5 Baa"
"NHCQSUJYSM";"ALASKAN SNIPER"
"NHDGLJAVWE";"Su-20 [CLU]"
"NHGLLDROVO";"SABRE-6"
"NHIFEVZLAQ";"AIRBORNE ENGINEERS"
"NHKOOQHRRZ";"84. Heimatschutz-Rgt."
"NHLHFNGEKM";"KS-30"
"NHMVEYAEVH";"#RFA  7. Pz.Grenadier-Brigade"
"NHSODBFVUU";"BVP-2K"
"NHTNIBFXMN";"PALR FAGOT"
"NHTQFFCCXW";"Raketenartillerielehr-Bat. 72"
"NHVJBYFGTT";"2-170-y Gv. MSP"
"NHVSISTXJV";"2K12 KUB-M1"
"NHXTYKQWNY";"PARA. M30 107mm"
"NIAUDOXOXR";"ANTI-RADIATION MISSILE"
"NIAZBELJCU";"3-PR-20"
"NIBFQWIJFB";"2-Royal 22e Rgt."
"NIFWOQWQUO";"Fallschirm.-Bat. 252"
"NIHKJBOHAE";"SPW-40P"
"NIIPZUXYGA";"2-199-y Art. Polk"
"NIJBXXKSCV";"OT-65A VYDRA"
"NIQPJFFGAB";"2de Artillerie"
"NISNFMUWMU";"4-74. RMBr"
"NIUIOXTVCH";"126e Infanterie"
"NIUOEKYAAW";"9mm"
"NIUPKGJFFE";"UAZ-452 TAI"
"NIVFJJNGRQ";"GROUPE ANTICHAR LEGION"
"NIVLYEYZZE";"T-55AD-1M MERIDA"
"NIVSTJEQPI";"Units that provide fire support or acting as a force multiplier on the battlefield. This also includes units not specialized for a specific combat role."
"NIWLYKOTJW";"5 Brygada artylerii armat"
"NIXXLDVKLR";"2S5 GIATSINT-S"
"NIZAYXAMPN";"7. PANZERDIVISION"
"NJBNYPCRGE";"CASCAD Mk.1"
"NJKMYXUGXV";"PARA. SAS"
"NJKOIIHDXZ";"AB M1025 HUMVEE AGL"
"NJKSMHWMZZ";"AR-70"
"NJNHCXUQQO";"1-166-y Gv. MSP"
"NJNNXLKKFH";"#US  V. Corps"
"NJRLVSWLBH";"J 35Ö"
"NJSLTPXVPI";"PT-76B"
"NJVOWGVKTN";"TYP 181 FELDJÄGER"
"NJWMWTFXKP";"#RFA  20. Panzer-Brigade"
"NJXSHENHOU";"3M9M3"
"NJZUTGFOFN";"L-39ZO [RKT]"
"NKACEACFEV";"9M53K"
"NKCVFXKVSR";"Su-22M4 [CLU]"
"NKDEFKPTGD";"18-ya Gv. MSD"
"NKEDKBQJUN";"CH-135"
"NKFKKEGAZS";"4-77th Field Artillery Rgt."
"NKGCZRPVTL";"C2"
"NKRXJPIBGZ";"KRAKA AUFK."
"NKUVPXPVAH";"SKOT R-2M"
"NKVEGAAMIZ";"USMC M198 155mm"
"NLBAUUQMWG";"HJV SPEJDERE"
"NLCTUERHNK";"#US  2nd Brigade"
"NLFBMSYBMH";"CENTURION Mk.V/2"
"NLHCPJYNPU";"Teile/Pionier-Regiment 2"
"NLHUVLOYMM";"#CZ 10. Motostřelecký Pluk"
"NLIAHQXVRR";"92e Infanterie"
"NLJLFQHTAN";"3-MSR. 27"
"NLJTYRZEMB";"1. CANADIAN DIVISION"
"NLJZYGFYQR";"SAPERI (RPO)"
"NLPGYZOJUT";"Svir"
"NLSUXBXSMQ";"#US  12th Aviation Brigade"
"NLYOEPIIHS";"1-26-y Tank. Polk"
"NLZKZZWMNJ";"4-126-y Gv. Art. Polk"
"NMGCDJVFPZ";"PAL BB 77 KAWEST II"
"NMHNCSAGUW";"F 35 WDNS [CLU]"
"NMNQXRFRVQ";"M30 107mm"
"NMOMTHLGMK";"A-12,7mm"
"NMTBZZBXKG";"1-1047-y Art. Polk"
"NMTDQAQIFX";"GeWa-7"
"NMTGUDCDKV";"FüPz. T-72M1K"
"NMWVUWXBVT";"TH89 (supply)"
"NMXKEWXSXC";"20th Tac. Fighter Wing"
"NMYWJNNABU";"OT PTRK KONKURS"
"NMZWEQMHWQ";"T-54B"
"NMZYYSMESB";"#CZ 21. Tankový Pluk"
"NNABVXOHMY";"TERRIERS PIONEERS"
"NNBJDPAHLP";"2-65-y Gv. Tank. Polk"
"NNBNAXPCNE";"NSV 6U6"
"NNDXMPWNVO";"M.T.T."
"NNFYUPXZKH";"RT-61"
"NNGNWDNYCU";"M728 CEV"
"NNHRUPOKKY";"47 dar"
"NNJOBZQRML";"LEGION. MO-81-61-C 81mm"
"NNKWDFPQUY";"3-MSR. 9"
"NNOYKLGAZZ";"MP5SD"
"NNRDHIJUUT";"Unguided air-to-ground rockets are fired from aircraft and helicopters at ground targets.
A common weapon, rockets normally lack an active guidance system, separating them from missiles. A simple and easy-to-use weapon - though not very accurate - rockets are convenient in a short-range or area saturation role. Carrying various types of warheads, rockets are frequently fired from rocket pods in devastating salvoes. "
"NNSYBMZAVW";"STINGER"
"NNTEADOHMS";"SPW-70"
"NNWIIYMZYG";"AIRBORNE ENGINEERS (FLASH)"
"NNXPDJWAYV";"Esc. de Chasse 1/30 Valois"
"NNXTVKUAJX";"3-73rd Armor"
"NOCGZPEXBC";"2-26-y Tank. Polk"
"NOCRXCNUCO";"M53"
"NOFXGHUZMQ";"Panzer-Bat. 204"
"NOJLHHLWFB";"Lim-6M"
"NOJXBJHJHH";"2S12 120mm"
"NOLQPQIRDP";"Grom"
"NOOJHLOUEE";"M114 155mm"
"NOOMPXRBRO";"3-60th ADA"
"NOSVOKMKGM";"Unguided air-to-ground rockets are fired from aircraft and helicopters at ground targets.
A common weapon, rockets normally lack an active guidance system, separating them from missiles. A simple and easy-to-use weapon - though not very accurate - rockets are convenient in a short-range or area saturation role. Carrying various types of warheads, rockets are frequently fired from rocket pods in devastating salvoes. "
"NOTAALARUG";"1-JaboG 35"
"NOVGSEAZZR";"11 DYWIZJA PANCERNA"
"NOXIRYAMLV";"Line infantry normally applies to regular combat troops or formations, without any specialization or specific combat role."
"NOXYKDGABP";"Su-25 [RKT1]"
"NPAVGUNVLE";"EM-14e DBL"
"NPEHCUCWLE";"3-239-y MSP"
"NPGKCWFKDR";"#SOV  51-y Gv. Tank. Polk"
"NPIPALETQH";"M38A1C M40A1"
"NPSVDGTTMT";"FlaRak-Bat. 37"
"NQBUIFYOCB";"DESANT. KONKURS"
"NQCIIGQNVE";"MAT-49"
"NQDCIXDURY";"MECH. RIFLES LDR."
"NQFNHFVZRL";"10ste Wing"
"NQHRHVMJSX";"vz.53 x4"
"NQIEUHAMNQ";"M16A1 DMR"
"NQNBPFCFFD";"3-5. MSP"
"NQNVLJVKQC";"Mi-14PL"
"NQNYASRKUT";"#CZ 103. Tankový Pluk"
"NQOTSYDVIX";"SEA KING Mk.41"
"NQSWNMCOMI";"85-y Gv. IAP"
"NQVFIONZKN";"KS-19"
"NQWCPSVLBQ";"Flugabwehr-Rgt. 130"
"NQYQOZJOZK";"SICHERUNGS"
"NRAIQUCKJX";"925kg"
"NRBVMYHCDT";"Panzer-Bat. 321"
"NRCSAGQCGP";"Flugabwehr-Rgt. 200"
"NRDOEGDUUE";"T-72"
"NRLIFYKELX";"#DDR 20. MSD"
"NRMQDFTFPN";"M81E1"
"NRQGAGBTFU";"AMX-30 EBG"
"NRRNTLDAPD";"GATLING"
"NRSJRXAMMO";"MAG 7,62mm"
"NRTIIGIGKP";"VW T3 RMP"
"NRUSWPLZUI";"Stab-III. Korps"
"NRVDAERVIF";"216-y Zen. Rak. Polk"
"NRVMRBXCMG";"3-7. TP"
"NRZSNFBYZC";"3-23 pcz"
"NSABRAQUMC";"BUCCANEER S.2B [AT]"
"NSFINIKJOC";"L96A1"
"NSGAFTSBIY";"#US  4th (Aviation) Brigade"
"NSGCMNTOKH";"USMC RIFLEMEN (Dragon)"
"NSJFUIJKMR";"108-R"
"NSKEHVIJOD";"KS-30"
"NSKPVDKLCD";"PERO"
"NSQJXWZOLK";"Aufk.-Bataillon 8"
"NSQYUDNYGV";"AIFV-B-CP"
"NSSFSBTYDR";"GAZ-66"
"NSTMCCXQAC";"2-245-y Gv. MSP"
"NSVXVXIJVT";"S-24"
"NSWTWGZWRY";"Sprengbombe 200"
"NSXUDAKUDG";"SAMP T25"
"NSYHIPSPNM";" PRŮZ. BVP-1"
"NSZCBJGOTI";"M201A1"
"NTAPFMTXET";"M2HB 12,7mm"
"NTARNBMXHT";"M32A1"
"NTBKZIUBDT";"#DDR 17. Panzer-Rgt."
"NTFQMEYVKT";"kbk AKM"
"NTIEFFYDGT";"REZ. RAZVEDKA"
"NTKOCVZKJA";"ZPU-4"
"NTLMWVVJPP";"TERRIERS SCOUTS"
"NTLTZAGYOK";"KPZ. T-34/85M"
"NTNGRCNPHJ";"ENGINEERS (FLASH)"
"NTQZEPLRGK";"M75 PC"
"NTUXYFLQWP";"I./MSR. 16"
"NTXSWQLPGP";"FlaRak-Bat. 31"
"NUEDMGUYEZ";"PZ.BEF. LEOPARD 2A3"
"NUHGVOCTGB";"Pz.Kan. 61"
"NUHKEGFHCY";"8 Dywizja Zmechanizowana"
"NUIGLEOJPG";"Mi-24V [AT]"
"NUPFNGLOIR";"DESANT. SPG-9"
"NUPSASZXQW";"BM59"
"NUSCSQBPMY";"3-12 pz"
"NUYPKHMLZP";"#SOV 12-ya Gv. Tank. Div."
"NUYVGVRDZY";"#US  XVII. Airborne Corps"
"NUZLEJKIVB";"2-11th Arm. Cavalry Rgt."
"NVCHTWNNGZ";"Units dedicated to replenish ammo and fuel. They can also perform repairs."
"NVDCZFXHTJ";"RES. PARA-COMMANDO"
"NVGFNTOKVC";"ARTILLERIE-BRIGADE 5"
"NVGQKAMKQP";"N.G. STINGER"
"NVJPVAXKFN";"Unguided air-to-ground rockets are fired from aircraft and helicopters at ground targets.
A common weapon, rockets normally lack an active guidance system, separating them from missiles. A simple and easy-to-use weapon - though not very accurate - rockets are convenient in a short-range or area saturation role. Carrying various types of warheads, rockets are frequently fired from rocket pods in devastating salvoes. "
"NVLKGTYNIB";"FlaRak-Gruppe 41"
"NVNDCVBNWF";"29 pułk czołgów"
"NVPELVMGDO";"3-390-ya Gv. Art. Brigada"
"NVSSHDLDND";"CATI"
"NVTRIJGIRC";"M551C Shillelagh"
"NVUHXNQOSB";"ALASKAN SCOUTS"
"NVUYDKCBKA";"150mm"
"NVZBOWGGNL";"Escadre de Chasse 11"
"NWFFRRBUDC";"FlaRak-Bat. 38"
"NWGMMOHLNW";"L11A5"
"NWGPGYFGEK";"Type 62-85TC"
"NWJKAYZQHS";"75-y Gv. Zen. Art. Polk"
"NWNEUMQHLF";"16-YA GV. TANK. DIV."
"NWNITCFPYJ";"#UK RAF Wildenrath"
"NWOXZZKBRD";"PSG-1"
"NWQHSCGPOG";"#NL 43 Pantserinfanteriebrigade"
"NWRIKXJLND";"Sigint"
"NWTHEBQODU";"BERLIET GBC 8KT M2HB"
"NWTRGAONXY";"3-8. DP"
"NWUARXVFDT";"An infantry squad with a regular complement of soldiers is highly versatile in combat. Depending on their intended combat role, soldiers field a range of small arms, from assault rifles and machine guns to additional armaments such as explosives, incendiary or anti-tank weapons."
"NXBNTFHZVH";"1-65-y Gv. Tank. Polk"
"NXBZKJDHDE";"AMX-13 VCI 20mm"
"NXCRNEQQZA";"LO-1800 ZPU-2"
"NXCXKNODKA";"6e REG"
"NXCZLVDXBM";"5-41st Field Artillery Rgt."
"NXEMGIIWJH";"4-29th Field Artillery Rgt."
"NXFXAIUTKR";"A-7D CORSAIR II"
"NXHLLCRFYB";"Panzer-Bat. 203"
"NXJDXGIPEZ";"1-4-34-ya Artilleri. Div."
"NXLBQMNYTI";"Unguided air-to-ground rockets are fired from aircraft and helicopters at ground targets.
A common weapon, rockets normally lack an active guidance system, separating them from missiles. A simple and easy-to-use weapon - though not very accurate - rockets are convenient in a short-range or area saturation role. Carrying various types of warheads, rockets are frequently fired from rocket pods in devastating salvoes. "
"NXNQFFTQWE";"III. Korps"
"NXNUHLJPAI";"MiG-23BN [RKT]"
"NXODSXDXFM";"Esc. de Chasse 2/2 Côtes d'Or"
"NXOQLGBVEA";"JÄGER FÜH."
"NXPXFNGLND";"EM-13e Génie"
"NXQPCKSNLM";"#SOV 204-y Gv. MSP"
"NXRXWMABSJ";"C.12 [AA]"
"NXSAJFPRZN";"18th MP Brigade"
"NXVHDYENIF";"FUCHS FÜ.FU."
"NXVLKGMQMI";"MT-12R RUTA"
"NXWNWLUUZS";"DESANT. UAZ-3151 KONKURS"
"NXYGEFYXVQ";"M126E1"
"NXYMOLLODD";"AMX-10 RC SB LEGION"
"NXZNMJHTEX";"492nd Tac. Fighter Sq."
"NYAANRRRGB";"Garand"
"NYBRKWILYU";"5-68th Armored Bat."
"NYBZOPZDST";"5E DIVISIE"
"NYCBAQYPYL";"FUSILEROS (BMR) MANDO"
"NYHAXGUZFE";"MARINES (AT-4)"
"NYLOPSFNAG";"EXPLORADORES"
"NYPGWBSBYP";"KONKURS-M"
"NYPNRWGUPP";"RF-4E [HE]"
"NYPVMNEYUQ";"T-55AM2K3"
"NYQJAZTLVX";"MOR. REOSTAT"
"NYTCPYZUFJ";"1-PR-22"
"NYUBYYWMHW";"2-275-y Gv. MSP"
"NYUKLXHLWQ";"1-103. TP"
"NYUWKHFRSU";"PIONIER"
"NYWFZTHNPG";"MFRW BM-21 [NPLM]"
"NYWNUWMIKA";"CAV. TROOPERS (AT-4)"
"NYXTELMHUW";"SPETSNAZ"
"NYYBSNJEYP";"MT-LB"
"NZFKDLJVDS";"MOT.-SCHÜTZEN"
"NZGQIAMLCO";"#RFA  26. Luftlande-Brigade"
"NZIJZUIXWN";"M68A1"
"NZSMCFNSCY";"FV721 FOX"
"NZWXQNJFDX";"ANTI-TANK ROCKET LAUNCH."
"NZZZQUFXTZ";"2. PANZERGREN "
"Napalm";"Napalm"
"OAAVHAUOJE";"3-199-y Art. Polk"
"OABBNLHTWF";"M728A1 CEV"
"OAECFSLOTG";"UH-1D"
"OAFBKOCXJS";"MOT.-SCHÜTZEN FÜH."
"OALPFFPKHI";"_DEPREC"
"OANMCKJMLG";"3-4-34-ya Artilleri. Div."
"OANSKBSUFI";"M113A3 DRAGON"
"OANWGSMZJO";"Plamen-A"
"OAPMIAVHMF";"TOW-2A"
"OAPNZQMLMD";"Stab.-19. MSD"
"OAPQNOUETO";"AKS-74U"
"OAQYKODKFQ";"SIGINT units will automatically detect enemy units within two separate detection ranges, even when lacking line of sight. A different label is shown depending on the range without revealing the type or exact location of the enemy unit. 

SIGINT units cannot detect enemy units featuring the Special Forces or False Flag trait."
"OATMQBEEHZ";"2-4. MSP"
"OAWFADJIZI";"37mm"
"OAZHUMLVDT";"MOTOSTRELKI"
"OAZOQIOGJD";"LEOPARD 2A1"
"OAZVXBNFZN";"3-33 pz"
"OBAZOESJOR";"A-19"
"OBBYLTPNHT";"PPK KONKURS"
"OBCJXLXRCB";"Type 59"
"OBCNNCFBQK";"75-y otd. Tank. Bat."
"OBLWKLLFEC";"MK-20 Rockeye II"
"OBOKXTNFNA";"CENTURION Mk.5/2"
"OBPBHVSCVY";"#POL 3. DLMB"
"OBRCUNGRKL";"PULEMETCHIKI"
"OBSQQPAYMY";"MG3"
"OBUJMSLAAU";"Counter-Battery Radar"
"OBUYRNPHXH";"30. Stíhací Bomb. pluk"
"OBVRBEEAVO";"I./MSR. 7"
"OBVTCZRHCR";"BMR-PP LAG"
"OBVTWTKERX";"FALLSCHIRM-RESERVISTEN"
"OCBSBJSAJZ";"Tampella"
"OCCTUGSZPQ";"MIRAGE 5 F [CLU]"
"OCFLQCXKGP";"24 pułk czołgów"
"OCGGESEPCA";"D-10S"
"OCGGIGRLZY";"3-36. DP"
"OCKGYSXDYE";"1-5. MSP"
"OCPFWAOBXG";"25e Rgt. d'Artillerie"
"OCPGDGZMSK";"Panzer-Bat. 241"
"OCQPQBOMTV";"AIM-9L"
"OCSFXTGKBN";"ASU-85 DOW."
"OCSZCDLSOJ";"BLOODHOUND MK.2"
"OCTKILDSRM";"#CZ 33. Tankový Pluk"
"OCVIBGJGNY";"FAB-500"
"OCWYUFOWDP";"M9-7"
"OCXEUDXHQY";"2-69th Armored Bat."
"ODABZEUXLL";"2-286-y Gv. MSP"
"ODGCIQBSGK";"CBU-72"
"ODHTTGZWMM";"I./PR-16"
"ODIDUFYKYK";"IRM ZHUK"
"ODLTYORIBR";"509th Tac. Fighter Sq."
"ODMFHTKFBW";"307-ya Gv. Artilleri. Brigada (-)"
"ODNBGQOEVY";"#RFA  3. Panzer-Brigade"
"ODNLEZAPMC";"Stab-1. Panzerdiv."
"ODPPNIUOYS";"UNGUIDED BOMB"
"ODRMQQJCWX";"UAZ-469 KPV"
"ODTFDYQAIB";"CM60A1 (smoke)"
"ODVUWCOSRB";"CN-105 F1"
"OEAADATIMV";"ZÁSOBOVACÍ T815"
"OEAXWCOZOU";"ZPU-4"
"OECGAKHGMT";"2B9 VASILEK"
"OECSBKWYZK";"BO-105M VBH"
"OEDXTFNTIW";"JBG-28"
"OEEQXOGQGQ";"3e Chasseurs"
"OEGMTGGSSE";"Mi-2"
"OEGRUZFHBR";"1-4th Cavalry Sq."
"OEGTIDUSSN";"STAR-266 ZAOP."
"OEHMZNHOWJ";"2-45-y Gv. Tank. Polk"
"OEJWFBMZES";"3M9M3"
"OEKJWNUAMU";"M2 BRADLEY IFV"
"OEMJIOCEXZ";"3-4 pa"
"OEQHEBBHRB";"ENGINEERS (M67)"
"OEQPYQKJYA";"RPG-76 Komar"
"OEVMDLFDUG";"SZVD"
"OEXFMFZBFF";"Stab./7. Panzerdivision"
"OEYCVOIQCQ";"3-9. MSP"
"OEYKIFZTHM";"BLU-95"
"OFLXWVUNGG";"REZERWISCI"
"OFMLPFCEUX";"Pionier-Rgt. 73"
"OFMNFDDNPZ";"Place Holder"
"OFPKMCPWNX";"USMC M110A2"
"OFRYKBDCLI";"Canadian Forces Europe"
"OFSFZJLADO";"Stab-11. PzGrenadier-Div."
"OFSXYEQCDF";"1-71. KDBr"
"OFVAOIVLRN";"Artillerie-Bat. 645"
"OFXXIRVVJL";"Mi-24V [AA]"
"OFYKLAIMJA";"M1919"
"OGBWGZBJQI";"MG3"
"OGCTSXJKVC";"AIM-9M"
"OGFVVQHJHL";"T-64A Obr. 83"
"OGHALCNRYG";"DShKM"
"OGIVZYRNWE";"ILTIS M2HB"
"OGNLNTGETI";"#RFA  3. Flugabwehr-Kdo"
"OGOTIKKOYZ";"#UK  12th Armoured Brigade"
"OGRDRQFQOG";"11. PZ.GRENADIER-DIVISION"
"OGRGURFNXU";"SHPz"
"OGTCGKSXPT";"SPETSNAZ KOM."
"OGUGFNADOR";"Su-22M4 [RKT]"
"OGUNVXTNLM";"This unit is equipped with advanced laser designators. This allows operators to “paint” targets within their field of view. These can then be hit with additional precision by laser-guided munitions."
"OHBCXMWFRF";"M68 (M833)"
"OHEMLXJBXZ";"B-10"
"OHESDACIOE";"A-6E SWIP [AT]"
"OHEYJWNBAH";"5 Hvy. Rgt. RA"
"OHHAUZRGMN";"DESANT. 6U6 12,7mm"
"OHINECYFHS";"STINGER"
"OHJMCUBTWS";"#DDR 8. MSD"
"OHLMHUGSZG";"Panzer-Bat. 364"
"OHLWYQMOWY";"OTDELENIE PODDERZHKI"
"OHMXMVNJOV";"#CZ 57. Motostřelecký Pluk"
"OHNFKPPUTD";"VBL PC"
"OHUUGRGMVF";"2A16M"
"OHVPIZZPET";"M101 105mm"
"OHWCGGHJGF";"#DDR 18. Mot.-Schützen-Rgt."
"OHWFBKFZVP";"M113A2 SUPPLY"
"OHZBQJCGKD";"KËMBËSORIA E MEKANIZUAR"
"OHZZUKXFXN";"AMX-10 RC LEGION"
"OIDATPJCUT";"I./MSR. 15"
"OIDUUIVSYW";"DESANT. BELOZOR"
"OIESDAEBCJ";"UNIMOG U1350L LOG."
"OIFBJPEKTP";"C.12 [CLUS]"
"OIFGDYQFKP";"Oerlikon KBA"
"OIFVOVUFYW";"MiG-21MF [RKT2]"
"OIGDOBGZNS";"SF.260W MAG"
"OIIYIAOOYG";"AMX-30 B2 PC"
"OIMFUULCGD";"4-4-34-ya Artilleri. Div."
"OINCVZREAT";"SPW-40P2"
"OINHAGVXHV";"Brigada de Cab. Jarama"
"OINSPOJLUB";"9M311"
"OIPAFBMIBL";"1-51-y Gv. Tank. Polk"
"OIRLNHCTNV";"MOTOSTRELKI (BMP)"
"OIWKELPGIY";"Drozd"
"OJBMVUIRGH";"#RFA  III. WBK"
"OJCVUVYNHK";"931-Y ORAP"
"OJERIJXEXJ";"MiG-23BN [HE]"
"OJIZIVMTFT";"Zwillinge MK 20 Rh 202"
"OJJNOMTAOX";"UNIMOG S404 LOG."
"OJKHAGCWRN";"#BEL Belgische Luchtmacht"
"OJLOPMCYUT";"122-JROF-L"
"OJPEJSQPXB";"SUPER PUMA"
"OJPVKSQXOU";"Su-7BKŁ [HE]"
"OJRDTXQHUA";"#SOV 16-ya Gv. IAD"
"OJVAKVAHDE";"#CAN Canadian Forces Europe"
"OJVDOMNSKH";"PLK KS-30 130mm"
"OJWMXBRPQJ";"12th Aviation Brigade"
"OJXJEQCKQP";"FlamPz. TO-55"
"OJXNWJBGGZ";"2-13 pz"
"OJYMAGOFJX";"1-308-ya Artilleri. Brigada"
"OJZIMECUCU";"56-YA OG DESANTNO-SHTURMOVAYA BRIG."
"OKATXSQZWS";"M2A2 BRADLEY IFV"
"OKBYHODGQG";"FIRE TEAM (DRAGON)"
"OKDLJCQZCI";"SANTANA PM"
"OKFPVTULZS";"1-104. MSP"
"OKHCGPJBHQ";"2-3rd Field Artillery Rgt."
"OKHYSASGMM";"2 ARMIA"
"OKKNBAPJCH";"CN 90 F3"
"OKKRUAGTYC";"Flugabwehr-Rgt. 100"
"OKNTMVGBET";"A RECOILLESS RIFLE is a shoulder-fired or crew served weapon designed to provide fire-support. It can engage armored targets or infantry.
These launchers fire an unguided rocket-propelled anti-tank projectile, giving the regular combat soldier an efficient, portable weapon to neutralize enemy tanks or infantry. They are short-range weapons, best used in ambushes or from cover such as buildings or forests. "
"OKPSZNGMPP";"LIGHT RIFLES (AT-4)"
"OKXRJCNNRE";"CH-54B TARHE SUPPLY"
"OKXYXLOMIR";"HEIMAT-AUFKLÄRER"
"OLBWROBQLW";"27 pułk czołgów"
"OLCXUCGJQC";"DESANTNIKI"
"OLFVZLWQDO";"HOT-1"
"OLJOLBCCKO";"5-16th Mech. Infantry"
"OLMZLRAENM";"BEVEILIGING"
"OLPZRHXAJQ";"D-44"
"OLSEBDKBLL";"ZÁLOŽNÍCI (T21)"
"OLVSMEBNEF";"GAZELLE HOT"
"OLWGKBGSMI";"Mk 83"
"OLWMISTTHC";"TAI"
"OLXFPQGKMB";"B16"
"OMFCQWORCN";"HU.21"
"OMFJWRFBEW";"BIN-375"
"OMFMTLIBHJ";"1-278-y Gv. MSP"
"OMJLECIVSH";"TOW"
"OMKIOHVTGU";"F-4E PHANTOM II [AT]"
"OMMEPXPUQA";"1-55. MSP"
"OMOOYNTJPA";"2-87-y Art. Polk"
"OMORVBNOLN";"AN/M3 Browning .50"
"OMRDTDBYQW";"Jammer units downgrade the optics of any enemy recon unit using radar, prevent GSR activation, and cancel artillery correction within their area of effect."
"OMTSJNEUSG";"VI,/Royal Rgt. of Fusiliers (V)"
"OMUDUAEVHN";"Jäger-Bat. 941"
"OMVDOYEZUP";"N.G. M29 81mm"
"OMWYSMREXP";"#CZ 13. Tanková Divize"
"OMXQHDVDMK";"TORNADO IDS [CLU]"
"OMYLLHPWYW";"FIRE TEAM (AT-4)"
"OMZLPYMNLL";"DESANT.  D-44 85mm"
"ONEJEZTOYS";"An infantry weapons team is built around a crew-served fire support weapon. A small number of soldiers operate heavy machine guns, ATGMs, automatic grenade launchers, and such."
"ONELGDGRMD";"PEGASO 3055"
"ONEMPEDRAG";"79th Tac. Fighter Sq."
"ONFTRLGGLG";"Stab./17. MSD"
"ONLIADMYGS";"20 DY. PANCERNA OFFICIAL BATTLEGROUP"
"ONLZIOEUKZ";"T-64AV"
"ONOPAICDEB";"2-204-y Gv. MSP"
"ONPMDEHEFM";"FUSILEROS MANDO"
"ONQOVZVANE";"BATTLE RIFLE"
"ONRBTPHSMC";"HSS.630-3 20mm"
"ONTSDVWKSR";"KrAZ-260"
"ONVSEHSAUM";"Pionier-Bat. 4"
"OOASVZATYX";"GEBIRGSJÄGER (PzF3)"
"OOAVGVKLLZ";"LAG-40"
"OODGMNOXEW";"SBAT-70"
"OOEOMNAVRC";"PLDvK vz.53 30mm"
"OOFRGCGELD";"M992A2 SUPPLY"
"OOGNUZZFZP";"19. Motostřelecká Divize"
"OOISKBLGRE";"VDAA"
"OOMLSYMGJE";"YPR-765 PRCO-C1"
"OOOBZATDWQ";"ZWIADOWCY"
"OOQNKQRAMY";"KCT VERKENNERS"
"OOQXZGFAMW";"31-y otd. Razvedka Bat."
"OOSPOJSMEG";"1-68th Armored Bat."
"OOUEIUMMOW";"ZPU"
"OOVPALVZHZ";"QF 25-Pdr"
"OOYPHQGRMN";"3-12. TP"
"OPDNDNPSNQ";"3-23 Baa"
"OPEZBRGHVX";"M1A1 ABRAMS CP"
"OPGKEFCATI";"DSh. RAZVEDKA"
"OPIKYFBZSX";"Transport units can carry infantry squads or weapon teams. Once at the desired location, the passengers can be unloaded. Empty transport units can be returned to the rear."
"OPIXCGQVVI";"T805"
"OPKCUGENUI";"M-30"
"OPKECWZYJH";"#SOV 16-ya Gv. Tank. Div."
"OPLAKOSHDB";"F-4F [AT]"
"OPMOGSOUGX";"SAURER 6DM"
"OPNEIDFJTN";"LYNX MK.90"
"OPRONSNCTO";"A multiple rocket artillery system is able to saturate a large target area with a massive volume of projectiles, making up a lack of accuracy with sheer firepower."
"OPSKECSVCI";"A heavy machine gun is a belt-fed crew-served weapon firing large caliber rounds. Useful in a variety of roles, be it against infantry, vehicles and even aerial targets, this bigger weapon needs to be operated on a stable platform or vehicle.

Heavy machine guns are likely operated by a small weapons team and effective at range against infantry and lightly armored targets."
"OPSUJEISNT";"AA-52 x2"
"OPSVOOEZTI";"PzArtillerie-Bat. 25"
"OPVLMWBKLV";"SPADOCHRONIARZE"
"OPXEEKKJIY";"A RECOILLESS RIFLE is a shoulder-fired or crew served weapon designed to provide fire-support. It can engage armored targets or infantry.
These launchers fire an unguided rocket-propelled anti-tank projectile, giving the regular combat soldier an efficient, portable weapon to neutralize enemy tanks or infantry. They are short-range weapons, best used in ambushes or from cover such as buildings or forests. "
"OPXIDESUWZ";"IV,/Royal Green Jacket"
"OQABMGQCSZ";"III./PR-4"
"OQASWTJNKE";"Raketenartillerielehr-Bat. 12"
"OQFDITNOKF";"SNAR-10"
"OQHQCRLPWM";"Fallschirm.-Bat. 261"
"OQIRARQHNU";"DESANT. AFGANTSY"
"OQJMRIFMMH";"MFRW RM-70"
"OQJYZPZEBE";"Panzer-Bat. 534"
"OQKLBKFWZW";"1-PPCLI"
"OQLFTLIEGV";"B-4"
"OQLQMRNVFP";"AIR-TO-GROUND ROCKETS"
"OQOQETNFYM";"Pionier-Bat. 320"
"OQOUKZEADL";"PzArtillerie-Bat. 55"
"OQSPSGQROY";"ILTIS"
"OQUDRGTTZU";"MP LEADER"
"OQXPFUJRIJ";"AUTOMOTEUR AU 50 105MM"
"OQYXUHMURC";"3-174-y Gv. MSP"
"ORAAYJZNCK";"III./MSR. 13"
"ORBQWJGETR";"3-41-y  MSP"
"ORBXLFOEUU";"MG74"
"ORCUEXYBJD";"AMX-10 PC"
"ORDLMLUOPJ";"SIATA 500 PM"
"ORGDSETYIC";"FlaRak-Bat. 39"
"ORGPISGMED";"1-39 pa"
"ORKTLODOSI";"PzGrenadier-Bat. 353"
"ORLLXVEQJE";"CMDT FUSILIER "
"ORMYAKKBYG";"Mountaineer units have no movement penalty in difficult terrain such as forests."
"ORNSTWORAZ";"BEUTE M35"
"ORONWWWXDY";"1-MSR. 34"
"ORVCUCHORX";"5-158th Aviation Rgt."
"ORWBVAGQDD";"ZÁSOBOVACÍ T815"
"ORXXEOMBIR";"3-63-y Gv. Tank. Polk"
"ORYZEUHFQC";"LEGION. ECLAIREURS"
"OSCAVADXLY";"3-74-y Gv. Tank. Polk"
"OSCZIOJFPU";"VAB"
"OSDRAFWVQV";"M16A1 LMG"
"OSFJFBXORB";"4-944-y Gv. Art. Polk"
"OSFWAYDNSI";"Pz.Kan. 61"
"OSHZLVTSDA";"Panzer-Bat. 244"
"OSLCXHLJSI";"3-15-y Gv. Tank. Polk"
"OSNCYBSETQ";"StG 941"
"OSSGDQJBRW";"MORSK. KONKURS"
"OSVHUQLOHB";"D-10T2S"
"OSWRRNBEPM";"12 dar"
"OSZTDUVGIB";"JINETES"
"OTADDBSKOK";"WP-8z"
"OTARYSDYLZ";"2-1. DP"
"OTAVOOQBHT";"MK66SPz"
"OTCBUVJGIF";"Mountaineer"
"OTFAOJIXSB";"2-57. MSP"
"OTFHKSWPLV";"OP_13_SURV_SOV"
"OTFYEPNMQB";"BO-105M VBH"
"OTHLANUYIM";"L65/81 81mm"
"OTIPLUYOVG";"M113A2 PNMK"
"OTIYUJKYGE";"PzGrenadier-Bat. 132"
"OTJHJARJFD";"L-39ZO [HE1]"
"OTMSMCPYER";"Stab-7. Panzerdiv."
"OTMYQRBCCX";"175mm"
"OTOKRYJVSL";"#NL 12 Pantserinfanteriebrigade"
"OTRORCSDUM";"DSh. (RPG-7)"
"OTVCAANUVN";"REZ. MOR. PEKHOTA"
"OTXYLCTVRH";"1 ARMIA"
"OTYNVXYRWN";"CAV. TROOPERS (LAW)"
"OUAPBNGQAW";"#RFA  Pionierkommando 1"
"OUEQGZLVJY";"AIR-TO-GROUND ROCKETS"
"OUETIQJRXA";"AS37 Martel"
"OUFYBKAIUB";"M30"
"OULHQITNSW";"Su-25 [RKT2]"
"OUPPZNAQNO";"IV,/AR-9"
"OURRVISPCX";"DSh. SAPERI (Rys)"
"OURVFVIYWM";"1-62. MSP"
"OUTIKXRJRP";"NOm placeholder"
"OUTOOXIKHS";"1-55-y Gv. Tank. Polk"
"OUTZOZIIKI";"2-265-y Gv. MSP"
"OUUBIKWNIO";"55 Painfbat"
"OUUPSEPRSJ";"HAWK T.1A [AA]"
"OUVOZHYDTV";"Maxson"
"OUWHZQQOZL";"SNAR-10"
"OVCDZGOZFO";"#US  3rd Brigade"
"OVCZOQOBFR";"JAGUAR [CLU]"
"OVJGAWPZVJ";"S-24"
"OVKYNTXWGA";"AIR-TO-GROUND ROCKETS"
"OVSWCYBYNH";"AB.212ASW"
"OVTASPJAEA";"BzK Vz.59 82mm"
"OVTTZVHVEA";"MIRAGE 2000C RDI"
"OVUSXCKAXI";"I-HAWK"
"OVWMHFFBFY";"12. PZ.GRENADIER-DIVISION"
"OVYVCMLGYY";"K.d.A. BEZIRK ERFURT"
"OWAGUNUXDI";"Mihanokínito Pezikó"
"OWFJHRFBLP";"35 Engineer Rgt. RE"
"OWFTBPDDLF";"M60E3"
"OWGQDCCZGB";"#DDR  11. MSD"
"OWGSTYRCTB";"ROLAND 1"
"OWHLYFNZMV";"CN-120 F1"
"OWHQDTEIAK";"RESERVE"
"OWJCAKZCQB";"C20/120 GAI-BO1"
"OWKHRHTFEJ";"T-64AM"
"OWQLCXWSLP";"4. PzGrd"
"OWSLOTVQRN";"Blindicide RL-83"
"OWSYYBDTAD";"Jäger-Bat. 46"
"OWVPBZRDHR";"Bofors M/54"
"OWXYUYWFNT";"G3A3ZF"
"OXAOICZCLA";"HEIMAT. M48A2GA2"
"OXCFZYBULI";"EE-15 (supply)"
"OXESIYJMLB";"Mk 83"
"OXFSGGBTNE";"N.G. UH-1M GUNSHIP"
"OXFSVPGOSO";"11ste Smaldeel"
"OXKRNTEWLF";"Mauser BK-27 x2"
"OXKXNFEOHH";"Igla"
"OXLGLTUVXH";"2-4th Attack Helo. Bat."
"OXMKSGPSCP";"RAF Gütersloh"
"OXTGFFVVDY";"#RFA 94. Heimatschutz-Rgt."
"OXUOPTTILX";"F-4E PHANTOM II [NPLM]"
"OXVFMWIOML";"K-52"
"OXWSLMZMYW";"L11A5"
"OXXWNPCQDS";"Strela-2M"
"OYAAQHJKYY";"AUFKPZ. FUCHS"
"OYEQPCEJNJ";"KS-19"
"OYGAKSCNWM";"S-8KOM"
"OYGUKIDLIR";"EM-5e DB"
"OYHJXXUKDU";"ZÁLOŽNÍCI (T21)"
"OYIWOTESEC";"41 pułk zmech."
"OYLKILGIWS";"#SOV 28-y Korpus"
"OYLYGJEFUN";"REZ. ML-20 152mm"
"OYNQLDCGSS";"Aufklärungs-Bat. 7"
"OYPIJOUWGR";"PARAS-MARINE (Eryx)"
"OYSSDXPNZZ";"9ste Wing"
"OYTKADQZYY";"#RFA  5. Panzerdivision"
"OYUBMMOFNI";"5-17th Field Artillery Rgt."
"OYWHBXENWF";"FAL"
"OZAEZQULPW";"PEGASO 3046"
"OZDHPWPBLI";"77th Tac. Fighter Sq."
"OZENETPPUO";"A RECOILLESS RIFLE is a shoulder-fired or crew served weapon designed to provide fire-support. It can engage armored targets or infantry.
These launchers fire an unguided rocket-propelled anti-tank projectile, giving the regular combat soldier an efficient, portable weapon to neutralize enemy tanks or infantry. They are short-range weapons, best used in ambushes or from cover such as buildings or forests. "
"OZHLLMQFTJ";"L7A3"
"OZIMLHHBYS";"M60A3 (TTS) CP"
"OZJAZXCMUU";"9M53K"
"OZKGJPRPGK";"M2HB 12,7mm"
"OZKUXKFCSO";"C.14A [HE]"
"OZNHXOPEWS";"#US  32nd Air Defense Group"
"OZTHORGUOE";"HS.831 30mm"
"PABOCIVXTV";"T-54B"
"PAHRYYTNTY";"AGM-65D Maverick"
"PAIVLIRDPQ";"CN-120 F1"
"PAPGLVWFKH";"Mauser BK-27"
"PAQCEIGNRS";"M48A5E2 MANDO"
"PAQDNADEVW";"293rd Engineer Bat."
"PAQHYTHAGW";"Mi-8MTV [RKT]"
"PATGVKTMDI";"2-332. KDBr"
"PAURZXKZNH";"CF-188 [AT]"
"PAUSJGTPDI";"[SHOCK#trait_SHOCK]: Generates suppression to any infantry unit that does not have the [SHOCK] ability.
[PARA#trait_PARA]: the unit can Forward Deploy
[SML#trait_SML]: the section has less than 6 soldiers"
"PAXDOARDFT";"antirad"
"PBEVXDEUDC";"VERKENNERS"
"PBGEAOASMG";"M36"
"PBHLRGBIDM";"GSh-23L"
"PBIBOGHPUU";"N.G. M106A2 MORTAR"
"PBILPNJQKQ";"T-54BK"
"PBIMLHQYFL";"PRWB OSA-AKM"
"PBJCOPWLNP";"3-385-y Art. Polk"
"PBJYEGALCO";"14,5mm"
"PBLVBBJTYK";"Panzer-Bat. 104"
"PBPBJPUWVO";"M2A1-7"
"PBUGFRQPUT";"T-80UD"
"PBVGGCENME";"MK 20 Rh 202"
"PBZAQJSCSR";"PZ.GRENADIER (M113)"
"PBZENFLZNF";"GREEN ARCHER"
"PCAQYNYSQJ";"PANSERVÆRNSSKYTTER"
"PCDACBGTTT";"MT-LB"
"PCDFIFUMLP";"1-113 pa"
"PCEKPTCSDX";"RPO Rys"
"PCERLWWWMI";"16-ya Gv. IAD"
"PCGDSXGXGX";"#CZ 82. PRBr"
"PCIMWMKNHW";"#RFA VBK 42"
"PCNFOXLFBL";"Jäger-Bat. 107"
"PCOXOMMRWI";"103mm"
"PCOYCDRMXA";"48th Tac. Fighter Wing"
"PCQPOXURUA";"VEC-25"
"PCRBZJOVCK";"REZ. DShK 12,7mm"
"PCWGWZBHDP";"AH-1F COBRA"
"PCWMGTULZI";"52 Tkbat"
"PCYBXXIDWK";"#SOV 1-y Gv. Tank. Polk"
"PCZHGIJYIH";"HJV"
"PCZPFKETVP";"MOTOSTRELKI (BMP)"
"PDAAWAVBMZ";"MG-42/58"
"PDCFZCVEPT";"M38A1 M/56 106 mm"
"PDCSKLULPL";"M901A3 ITV"
"PDDXBRLDKF";"Demolition charges"
"PDGOVCKXQT";"Panzer-Bat. 623"
"PDHCUOAART";"USMC STINGER"
"PDHGFSUBID";"3rd Rgt. RCHA"
"PDJIBQDGDG";"AERO-M252 81mm"
"PDKYUPDSPX";"1-16-y Gv. Tank. Polk"
"PDLASUACKN";"MOR. 2B9 82mm"
"PDOHARERCO";"YPR-765 PRRDR"
"PDOKDYDALD";"FAL"
"PDOUDVXPDP";"RAPIER FSA"
"PDRVIIYQAV";"Type 60"
"PDSNGMLODR";"HJ-8A"
"PDTGAWYJCK";"M151A2 M2HB"
"PDTIJUAQTZ";"DESANT. MOR. PEKHOTA"
"PDVGZATOLE";"MILAN 2"
"PDXHMXXYIT";"15 (Vol.) Para Btn."
"PDYTLCNQSR";"FORCE RECON"
"PEAZUDDDCP";"Feldartillerie-Bat. 21"
"PECGOOFFBO";"3-35th Field Artillery Rgt."
"PECQDPAIEZ";"AB STINGER"
"PEDZWHWPYI";"Anti-Air (AA) guns are weapons designed to take out fast-moving airborne targets.
These types of guns are frequently emplaced in quick traversing turrets with a high rate of fire and elevation. In this way, with more advanced systems using targeting computers and radar, they can track and shoot at aircraft and helicopters at a moment’s notice. AA guns are often found in dual or even quadruple mounts. In addition, these guns are frequently used for great effect in a direct-fire role against lightly armored ground targets.  "
"PEJIJOLVBD";"LARO KOMMANDO"
"PELGTHCREA";"130mm"
"PERMBGIQUR";"M24"
"PERRREOTMT";"Jäger-Bat. 521"
"PETNUYFLEX";"3-944-y Gv. Art. Polk"
"PEUTIUKFAY";"Kokon"
"PEVBTCJVAK";"TRAFIC GENDARMERIE"
"PEWGPPIUEF";"2-136th Mech. Inf. (NG)"
"PEWMCVDIOO";"AERO-FIRE TEAM LDR."
"PFABLPUSQA";"SHMEL-1"
"PFBDSSMLIZ";"Kh-29L"
"PFEYNGDKVR";"35-YA OG DESANTNO-SHTURMOVAYA BRIG."
"PFGKBJIMBQ";"#PACT Kom.-GSVG"
"PFKJGPLGKN";"1-29-y Gv. MSP"
"PFLXHQPZPP";"#RFA 2. Luftwaffendivision"
"PFMPJNZAXB";"27-YA GV. MOTOSTRELK. DIV."
"PFQAMEYXCU";"4TH ARMOURED DIVISION"
"PFSNPXDPNZ";"JAGUAR [LGB]"
"PFTATHDCER";"Reservist units have reduced weapon accuracy and take more suppression in combat."
"PFTFLCOGZP";"Unguided air-to-ground rockets are fired from aircraft and helicopters at ground targets.
A common weapon, rockets normally lack an active guidance system, separating them from missiles. A simple and easy-to-use weapon - though not very accurate - rockets are convenient in a short-range or area saturation role. Carrying various types of warheads, rockets are frequently fired from rocket pods in devastating salvoes. "
"PFTJXSGZTK";"LEOPARD 1A5-DK"
"PFTSLKXQFN";"6TH INFANTRY DIVISION (LIGHT)"
"PFUIGQRWVP";"MFG TORNADO IDS [CLU]"
"PFWJUTBNGI";"8TH INFANTRY DIVISION"
"PGADMNXTYN";"AZP S-60"
"PGBAFCGCMG";"Transport"
"PGBWNFIKZY";"RESERVE LDR."
"PGDNNFDCAX";"Utes-M"
"PGIEIPKORS";"A-7D CORSAIR II [AT]"
"PGKTTDRXER";"1-10th Armored Bat."
"PGQHMBBMIM";"BWP-1K3"
"PGRSDBDUYJ";"35TH INFANTRY DIVISION (MECH.)"
"PGRTRVFSDO";"Su-25 [HE]"
"PGRWEQBBCJ";"M113 LYNX"
"PGTTSRFGMH";"AIR-TO-GROUND ROCKETS"
"PGUMXHCRDE";"KS-30 130mm"
"PGVRYLHLPR";"L44"
"PGWKSMRNCM";"Paveway II"
"PHCCTQFNDB";"SPG-9"
"PHGSCYQOOI";"5th Royal Dragoon Gds."
"PHHDIGXBTS";"PZ.GRENADIER"
"PHHWJUIYKW";"Tanks with ERA have increased hit points and can take increased damage. This represents the vehicle's higher resilience against HEAT projectiles."
"PHJAWEUGBO";"KrAZ-255B SNAB."
"PHMEUZGBOA";"DA-2 Armia"
"PHNWZHUTQH";"SPEJDERE (DYKN)"
"PHONLEFTCT";"Su-7BKŁ [EW]"
"PHPYTDMWXB";"POHRANIČNÍCI"
"PHQOFRQKBD";"2S1M MORSKI GOŹDZIK"
"PHTFJUCOPO";"FV432 MILAN"
"PHUIVIQPYR";"HAWK T.1A [RKT]"
"PHUMLFNGAW";"FLA-RAK. STRELA-2M"
"PHXHSNOUBT";"VELITEL VÝSADKÁŘŮ"
"PHXXZWVFPY";"ALPHA JET [HE]"
"PHYDPGHHUU";"49 pułk zmech."
"PHZJILPCZI";"NAVY SEALS"
"PIAQOCVNIG";"HIBNERYT-KG"
"PICLQNHXCF";"KOMENDATURA"
"PIFQSXQYAZ";"A typical infantry squad numbers around a dozen soldiers, but depending on a nation's army can feature more or less."
"PIGGUYQCJE";"#RFA  54. Heimatschutz-Brig."
"PIGNWYDHJI";"5E DIV.BLD. OFFICIAL BATTLEGROUP"
"PIMRZEAWWP";"USMC M114 155mm"
"PINCMLVXVZ";"Escadre de Chasse 30"
"PINZYMRTQP";"#SOV 332-y Gv. Tank. Polk"
"PIOBDJVCMB";"MiG-21bis [RKT1]"
"PIODWXRAAB";"YPR-765 PRI.50"
"PIQDJIXNDD";"2-YA GV. MTSK. OFFICIAL BATTLEGROUP"
"PIQIZXKDWA";"Jäger-Bat. 713"
"PIUCTSHCZD";"HMG TEAM (M1919A4)"
"PIUUBDDLYS";"2nd Field Artillery Rgt."
"PIUYSMYOVD";"MiG-27K [SEAD]"
"PIVBTIZJRZ";"Mi-6A GRUZOVOI"
"PIVEGOVHQL";"OKHRANA VMF"
"PIVIKLFHZT";"R-27ER"
"PIZPMGRGQU";"2-MSR. 34"
"PIZYTUGIQX";"1.st Canadian Division"
"PJAKLSTUCH";"HEIMAT-JÄGER"
"PJAXKHPCLO";"4-82nd Field Artillery Rgt."
"PJBIHLLDTX";"NIEB. BERETY PKM 7,62mm"
"PJBQXFSLYM";"HQ-3rd Armored Div."
"PJEVQRHJJY";"SAPERI"
"PJEYRUWVEZ";"KMGU"
"PJGDEZKWPD";"1-36th Mech. Infantry Bat."
"PJIDKDDFHU";"MK-20 Rockeye II"
"PJIJPUPSLG";"1-28. DP"
"PJIWQTSYIZ";"FV432 SCAT"
"PJMMKCXWFW";"OP_13_SURV_BEL"
"PJMOVCTXZG";"BREDA/BOFORS L40/70"
"PJNPTODBQI";"MAN Z311 LOG."
"PJOGYPBWLG";"MiG-21bis [CLU]"
"PJPKSAQBWF";"M101 105mm"
"PJQELQWBBX";"TerrKdo SUD"
"PJRSZEHKAN";"TOA C/C MILAN"
"PJWNARUKTB";"II./MSR. 42"
"PJWQOQSZBH";"SPG-9"
"PJYQPFGQRI";"MFG TORNADO IDS [SEAD]"
"PKAENMQARS";"LEGION.-SAPEURS (Flam.)"
"PKBRELZBVX";"TRI HORS"
"PKDRBZONRY";"FLIEGERFAUST"
"PKHOCERPIW";"115-Y OTD. TANK. POLK"
"PKIJVHMFJK";"RBS56"
"PKIXZCLKDG";"EMFAR"
"PKKXUYTQEP";"#SOV 16-ya Vozdushnaya Armiya"
"PKKYIYMFCN";"R58 "
"PKOEWMXLJF";"RÜGENER GRUPPIERUNG"
"PKOLUEEPXT";"PARA. M167A1 VADS 20mm"
"PKVBONSKYF";"3-6 Baa"
"PKVEAHZLOL";"9M128 Agona"
"PKVWTJQPSA";"SPEZIALAUFKLÄRER"
"PKWRSHDACP";"Pionier-Bat. 3"
"PKXHATVWBN";"#SOV  95-y Tank. Polk"
"PLAELGTNOX";"DCA 11"
"PLBDPZFZIA";"16e Chasseurs"
"PLDWPZVFDV";"VBK 47"
"PLFQVYGSEW";"Hydra 70"
"PLHOFMNZLK";"DESANT. 6U6 12,7mm"
"PLHZIHOFJZ";"Panzer-Bat. 134"
"PLLFGZOHQN";"PzGrenadier-Bat. 313"
"PLLJZGFJMU";"Type 74"
"PLLMVQMOND";"1. TANK. DIV. OFFICIAL BATTLEGROUP"
"PLNGIGNGGM";"MiG-23BN [NPLM]"
"PLPDRDKJBT";"PUMA HC.1 SUPPLY"
"PLPEBBRYUG";"EF-111A RAVEN [EW]"
"PLQXJJSRBY";"#DDR  17. MSD"
"PLRSAZGPFC";"2-MSR. 33"
"PLSBNXSZEF";"Explosive Reactive Armor"
"PLUDJLKIDH";"An anti-radiation missile (ARM) automatically detects and homes in on enemy radar emissions. An ARM is typically launched at stand-off ranges used against active radar. This way, enemy SAM systems are neutralized, allowing follow-up aircraft to punch through enemy air defenses.

Anti-radiation missiles automatically lock on active radar systems, aiming to destroy the enemy air defense unit. ARMs typically have only a limited forward-looking engagement envelope."
"PLYUBBOYNT";"Esc. de Chasse 2/11 Vosges"
"PLZFPINRVW";"II./MSR. 43"
"PMACUEUVSH";"2-74-y Gv. Tank. Polk"
"PMDLZWVBCD";"Su-25K [RKT2]"
"PMECWCPUCZ";"N.G. M60A3 (TTS)"
"PMHWKFBDIN";"AN/MLQ-334 TACJAM"
"PMLDWPAASM";"Su-22M4 [NPLM]"
"PMNDXCSDST";"PANZERFAUST 44"
"PMPTRGMCKS";"AGM-114A Hellfire"
"PMSMFBGOVB";"HT.17 ABAS."
"PMUWHMETZF";"Sicherungs-Bat. 38"
"PMXNITAXWB";"Fallschirm-Bat. 263"
"PNCMGGTNRT";"46 dar"
"PNCSMBWMDW";"HAUBITS M114/39 155mm"
"PNFHHDFOUR";"ROZP. SPECJALNE"
"PNFYFXXOLT";"MILITANT Mk.3"
"PNGRSTRXNQ";"4 Field Rgt. RHA"
"PNHDVSWQOV";"C.14A [CLU]"
"PNJKIPWPEO";"T-72A Obr. 81"
"PNKHGOIJHO";"MK-20 Rockeye II"
"PNPKHMOXDE";"HSS.804 x3"
"PNRHZTQVAE";"MOTOSTRELKI (Metis)"
"PNSEWJWFMJ";"#CAN 1 Canadian Division"
"PNTOIBOCHI";"VKK 422"
"PNUDECNGYF";"2-3. DP"
"PNUOLNEACB";"1-PR-21"
"PNXRFPNXCN";"VII,/Royal Anglian Rgt."
"PNYWTPYVZI";"2-18th Mech. Infantry Bat."
"POBJWGVRXL";"N.G. ENGINEERS (Flam.)"
"POHGXHXUOL";"2-12. TP"
"POHKNTHWSW";"M163A2 PIVADS"
"POITIJYGQE";"FNC"
"POKHVHZQBM";"ROVER MILAN"
"POOUHMYKKC";"KPz. T-54AM"
"POSMNWFHJY";"3. Flugabwehr-Kdo"
"POWTNOZCWX";"3-49. MSP"
"PPDUSQLCIA";"3 RTR"
"PPFBGMSGYQ";"FUSILIEROS (M65)"
"PPFQOGQCKU";"DESANT. NSV 12,7mm"
"PPGRMAFTTS";"HJ-8A"
"PPHDBVAFKN";"OV-10 BRONCO"
"PPHRFSJBZP";"74. Pionier-Rgt."
"PPJNDZBDXN";"Tarasnice T-21"
"PPMEQSTOSB";"VAB PM-81"
"PPQXITMDXU";"This vehicle is equipped with defensive smoke launchers. They can deploy a smoke screen that temporarily masks the unit."
"PPRIJFVMKO";"Kom./57-ya Gv. MSD"
"PPUZQUWYFF";"GEBH. M56 105mm"
"PPYRYDDJRK";"11E DIVISION PARACHUTISTE"
"PPZEULMPRW";"UAZ-452 WSW"
"PQAWBEJVSY";"M41-DK1"
"PQAXWYVNWM";"USMC M1025 HUMVEE CP"
"PQCDPDZDGA";"MIRAGE 5BA [HE]"
"PQFLQXGSHW";"Gr.Wfr. M43 120mm"
"PQIVENMWSO";"R-13M"
"PQJGDTMCTS";"RT RAZVEDKA"
"PQKFIIMBRJ";"KRAKA MILAN"
"PQLCOEUDDN";"#NL 42 Pantserinfanteriebrigade"
"PQMXKNLAGJ";"AB M60 7,62mm"
"PQNTGIMBEF";"Flugabwehr-Rgt. 230"
"PQPIOHFAPQ";"2-33-y MSP"
"PQQWPQXKFZ";"MIRAGE IV [HE]"
"PQRPOYTAPE";"EMCFFA/2CA"
"PQTSKZXVBM";"MOTOSTŘELCI (RPG7)"
"PQZYDVUPFK";"Command Tank"
"PRBDKEAUZB";"IGLA"
"PRGOPTUKBT";"#SOV 333-y MSP"
"PRGVAGZOFX";"#RFA 10. Panzerdivision"
"PRLNYDKMNM";"UAZ-469"
"PRLRUNDHUF";"MAN Z311 HSS.630-3"
"PRMMIORSRS";"M151A2 I-TOW"
"PROANYPFDZ";"AMD-65"
"PRTCDCACMB";"1ST ARM. CAVALRY REGT."
"PRXAQJVVVR";"AMX-13 VCI 12,7mm"
"PRYVIALUSA";"1-6. MSP"
"PRZNVVSFFX";"1-9 pz"
"PRZVWHVBUK";"BLG66 Belouga"
"PSEQRBLFVL";"I./AR 17"
"PSEYOMNXDJ";"T-72S"
"PSPMNQQHAT";"AIM-7P Sparrow"
"PSSXFLHOWM";"2-99-y Art. Polk"
"PSVRGDCQPX";"#NATO SOUTHAG"
"PSVRNTGPRM";"III,/The Staffordshire Regiment"
"PSWXMIUVQE";"SBAT-70"
"PSXGGJVXIM";"K.d.A OFFICIAL BATTLEGROUP"
"PSYNQYRFOE";"BUCCANEER S.2B [SEAD]"
"PTAGBRTCDY";"115mm"
"PTBEIHGJMP";"M114/39"
"PTEYVQDEVI";"Unguided air-to-ground rockets are fired from aircraft and helicopters at ground targets.
A common weapon, rockets normally lack an active guidance system, separating them from missiles. A simple and easy-to-use weapon - though not very accurate - rockets are convenient in a short-range or area saturation role. Carrying various types of warheads, rockets are frequently fired from rocket pods in devastating salvoes. "
"PTHQFYEYNL";"1-60-y MSP"
"PTIHIMYPTS";"Pz.Gren.-Bat. 303"
"PTJDXRLRBE";"HK-11"
"PTKHDHINQK";"ZÁSOBOVACÍ V3S"
"PTOUDCFJXH";"18-ya Gv. MSD"
"PTQKBHZEAO";"3-10. TP"
"PTTOYHJNSW";"79-YA GV. TANK. DIV."
"PTVCKUKMBW";"GDF-002"
"PUASNWVYSA";"Su-25K [NPLM]"
"PUAXXIFIQR";"ZAPADORES (BMR)"
"PUCVEVFXZU";"I./PR-14"
"PUEGJLSZZH";"Stab-2. PzGrenadier-Div."
"PUFCKAPCNJ";"1079-y Zen. Art. Polk"
"PUHREDFXOM";"1 CANADIAN DIVISION"
"PUHZBDNUIH";"A222"
"PUIDGFFERO";"2-47-y Gv. Tank. Polk"
"PUKPKFEKCQ";"M129"
"PUKVPNXXHI";"Pionier-Bat. 1"
"PUSKTKJWSB";"#US 48th Tac. Fighter Wing"
"PUTYNTCHVS";"VAB MEPHISTO"
"PUXIECGBFS";"C7"
"PVACSIPJZG";"Mi-19"
"PVAHLUVNOU";"PaK K-52 85mm"
"PVDAFQDMXK";"LVK M/70 40mm"
"PVDNKZTCHM";"M101 105mm"
"PVDZAIMOLV";"Res. Mot.-Schützenbat. 23"
"PVEXJNPIAT";"2-280-y Gv. MSP"
"PVGMINWHUK";"SPETSRAZVEDKA"
"PVHTZLWRER";"VW T3 FELDJÄGER"
"PVPCOJYPAC";"409TFS"
"PVSPCTVSLY";"FV433 ABBOT"
"PVTDCCMMCQ";"T-64BVK"
"PVVYMVLVCV";"GAZELLE LBH.1"
"PVYMKZXNSK";"PzArtillerie-Bat. 245"
"PVYZMESBKB";"SNIPER (M82)"
"PWEZSYRWVJ";"3 gb 100 pz"
"PWFCUQKQBO";"T-55AD"
"PWFPWHOYJX";"BTR-40A"
"PWILGTKKKD";"#SOV 164-y Gv. MSP"
"PWIOCRQQLR";"ODAB-500PM"
"PWJZFHVHWI";"#US  VII. Corps"
"PWLFIKZVRL";"VOPOS FÜH."
"PWLQGRCLQB";"Team"
"PWMGFMXLIK";"MNAD"
"PWMNUJBFVZ";"RBS-70"
"PWRFMOCEGD";"1-37th Armored Bat."
"PWSLIOEIVH";"KS-19M"
"PWTVLIYEDA";"LVR M/73 HAMLET"
"PWURXHCXMU";"F 35 WDNS [HE/CLU]"
"PWVPHVVDWS";"M998 HUMVEE"
"PWWHJHNRZO";"2-128-y Art. Polk"
"PWWXJEDFOJ";"L1A1 12,7mm M63"
"PWXSUSOYWA";"M65"
"PWZUDTXGEV";"#NL 13 Pantserbrigade"
"PXDDUQGJES";"KAB-1500Kr"
"PXENQNXLDH";"Zf. Kar. 31"
"PXGJOSKYJD";"20 pappanc"
"PXGKGDVGJM";"Su-24MP [EW]"
"PXGZSHHKLL";"LEOPARD 1(BE)"
"PXLSQHOJNR";"2-249-y Gv. MSP"
"PXLUWKPFOQ";"Kar 98K ZF"
"PXPBWYDEUL";"NR-30 x2"
"PXRPGKAFTT";"2-16 pa"
"PYBSTDNLIP";"915-y Zen. Rak. Pol"
"PYCOSTVBLM";"M197"
"PYDKZGTUED";"FERNSPAHER"
"PYELJQXKNY";"S-61A SUPPLY"
"PYKRNCHMIR";"DESANT. ZU-23-2"
"PYPFITRARJ";"Kom./18-ya Gv. MSD"
"PYQFGUICLN";"110mm"
"PYRLFVYIII";"1-295-y Gv. MSP"
"PYRUNOMROM";"1-7th Mech. Infantry Bat."
"PYTCDZFAHM";"Sicherungs-Bat. 58"
"PYTEWMOHIB";"HEIMAT-JÄGER FÜH."
"PYUUQOJTWR";"G3A4"
"PYZPAARRBF";"M125"
"PZBGGAIVBY";"YP-408 PWCO"
"PZBVVMIGWZ";"8e RPIMa"
"PZEVQWHPFX";"ZÁLOŽNÍCI"
"PZEZOIINPD";"110e Infanterie"
"PZHMEGQDPS";"8TH INFANTRY DIVISION (MECH.)"
"PZHRXVMDUU";"Su-22M4P [SEAD]"
"PZIHENIWXG";"1-49. MSP"
"PZKMCADNSZ";"Mk 81"
"PZKSKJHZUQ";"M43"
"PZNMWBGXZY";"EC-90"
"PZOJGQYSQK";"#RFA Panzerbrigade 12"
"PZOXTCRFWJ";"AH-1F COBRA"
"PZQOPTPFDF";"RCLA Almansa"
"PZUKURRYXV";"L7"
"PZVBQOBKQI";"Mi-24D"
"PZWIPYNNRC";"REZ. D-1 152mm"
"PZYJOARQYL";"REZ. SAPERI"
"QAAALJYIJR";"4-290-y Art. Polk"
"QACOYAKMPX";"D-44 85mm"
"QAECDNSKDW";"FZAB-500M"
"QAEEWSPMRX";"Gv m/66"
"QAFHCYROEI";"DLWP"
"QAJVVUAFSQ";"Kom./21-ya MSD"
"QALZSXGAJU";"GF SHTURM-S"
"QAMNNBXTDI";"2-20th Field Artillery Rgt."
"QAOTEAHDKW";"DESANT. UAZ-3151 SPG-9"
"QAOYNKULWX";"SNIPER"
"QAQKVBZUFJ";"II./MSR. 24"
"QAQTPNGNAZ";"EBR 90"
"QARKMHLJIX";"Plamen-A"
"QASCTUZZWA";"#SOV 45-y Gv. Tank. Polk"
"QAULTYGPIU";"157-YA MOTOSTRELK. DIV."
"QAUUFZLBRJ";"MK-77"
"QAWYURCMNJ";"MiG-29 [AA2]"
"QAYHWXLBRP";"64. Heimatschutz-Brig."
"QBAUFFKAOD";"GBU-10"
"QBBUFBNBAB";"RBK-250"
"QBCHQEUYKE";"T-62M1"
"QBDIBHTMDV";"14th MP Brigade"
"QBDRDMDPHF";"vz. 53"
"QBEFHBIIMA";"83mm HEAT"
"QBEUHWDSIW";"MOTOSTRELKI KOM."
"QBFPFHGJEA";"Sprengbombe 400"
"QBIAPPHHHN";"BS-3"
"QBJJHVSKZX";"No. 12 Squadron"
"QBMVAHUSUT";"Aufk.-Bataillon 4"
"QBNDLNJBUW";"1-8. MSP"
"QBRYHJGJHN";"MT-LB SHTURM-S (Ataka)"
"QBSDOMYDBX";"39-YA GV. MOTOSTRELK. DIV."
"QBUCFZCLCQ";"Unsteady units take more suppression in combat."
"QBVDSBCSCD";"BUCCANEER S.2B [HE]"
"QBVOPRJHAQ";"HARRIER GR.3 [HE2]"
"QBYEIWANNM";"F-16A [HE/CLU]"
"QBZYHSMIUM";"2. MTSK. DIV. OFFICIAL BATTLEGROUP"
"QCENMCDBZU";"8e Chasseurs"
"QCFLBNZNHD";"5e Dragons"
"QCGBOEWRJB";"74. PIONIER-REGIMENT"
"QCJIPPSBHM";"XVII AIRBORNE CORPS"
"QCJWGAQXTI";"450kg"
"QCKDAHXHLT";"Su-25K"
"QCLKAQCDLJ";"AH-1F HEAVY HOG"
"QCLVIHDCRV";"N.G. M113A1 ACAV"
"QCRUOTOBPR";"Mi-24P [AT 2]"
"QCTFWEFUHX";"SF2 110mm"
"QCWAXQEMJF";"AMX-30EM2"
"QCZETROBKJ";"CMDT SAPEURS-PARAS"
"QDBZDPAAOI";"MOR. BRDM-2"
"QDFZMWBQTX";"GUV-8700-9A624"
"QDHLNICSUG";"MD-24F"
"QDHXJJFCJG";"77 da"
"QDIMQGFHSZ";"2-32nd Armored Bat."
"QDKASBGXSZ";"LEGIONNAIRES"
"QDNWIWNRLE";"#ESP División Meca. Brunete n°1"
"QDOVNCMORE";"2-74. MSP"
"QDOZYJWYYE";"KHG-5"
"QDQDEABDEJ";"#DDR  22. Mot.-Schützen-Rgt."
"QDSGLGLVMF";"PIONIER LDR."
"QDVOBWSZQW";"JAVELIN LML"
"QDYUWILHFN";"2B14"
"QDZGEILQOJ";"SAXON"
"QDZUTAOUFT";"WOMBAT"
"QEESNEJEIK";"SIG-540"
"QEKDXICYMS";"#SOV  28-y Gv. Tank. Polk"
"QEKNDONYUH";"SPETSGRUPPA ""A"""
"QEKPBDPURE";"M113 M/87 TOW-2"
"QEMHIAPSSI";"HARRIER GR.5 [CLU]"
"QERCZGUPTN";"Luftwaffe"
"QERLRKQBUW";"GR.-MG 30mm"
"QERXTOHUPK";"HS Mk.V"
"QERZSXSBDN";"MiG-23BN [RKT]"
"QFCZYYLANE";"M3A2 BRADLEY CFV"
"QFERPSBXYO";"3-375-y Tank. Polk"
"QFHNIPXRYL";"T-72AK Obr. 79"
"QFISRILZTY";"Su-7BKŁ [HE]"
"QFKDOQBFLA";"A missile fired at ground targets from aircraft or helicopters.
Air-to-ground missiles feature a large variety of propulsion and guidance systems, such as laser designation, infrared, optical, or satellite. Much like their air-to-air missile cousins, ground attack missiles can feature longer-range but slower jet engines or short-range, high-speed rocket motors with a considerable crossover between types and missions. Some are guided, such as anti-tank guided missiles, while others are fire-and-forget, allowing aircraft to fall back after engaging the enemy from a safe distance. "
"QFOJWUMNST";"Stab-TerrKdo Süd"
"QFPKXPEQHI";"#US  42nd Field Artillery Brig."
"QFQPVLHOCT";"M1025 HUMVEE CP"
"QFZABRULDF";"3-217. PTP"
"QFZNKGBDNT";"ASSAULT PIONEERS LDR."
"QGAQCDCRLH";"Bidons spéciaux"
"QGATEJXEUD";"MOTOSTRELKI CUBA (BMP)"
"QGDEDJWHYX";"PZ.GRENADIER (CarlG)"
"QGDRTWMQWB";"M16A2"
"QGFEQPEYHN";"ROLAND 2"
"QGGMTYDXVK";"FlaRak-Oerlikon (HE)"
"QGGNRDKKHW";"66mm"
"QGNJFRTTXD";"ŽENIJNÍ PRŮZKUMNÍCI"
"QGQUFSWFZB";"15e Artillerie"
"QGSQGXPNWY";"M103"
"QGUHEAAYWW";"119-Y OTD. TANK. POLK"
"QGVLDLRVHK";"MiG-25PD [AA]"
"QGWAROKRGN";"#RFA PzGrenadier-Brigade 22"
"QGYCLBZIWV";"BMR-PP RECO."
"QGZCVVPRTW";"RAZV. BMP-2"
"QHBPEXRTVU";"VÝS. ZÁSOBOVACÍ UAZ-469"
"QHCEPFJPEK";"I,/GeWR-5"
"QHCJJTIJAW";"Su-22M4P [SEAD]"
"QHDAXHDGDH";"1-283-y Gv. MSP"
"QHDNMBTAKU";"I-HAWK"
"QHDTKXELQT";"CENTURION Mk.5/1"
"QHIJIIXOTP";"3-MSR. 1"
"QHNGKSHNXQ";"Pionier-Bat. 2"
"QHOVTSDACL";"AA-1"
"QHPACMTOYD";"VII,/The Light Infantry (V)"
"QHPEBAKMJC";"CANBERRA T.17A [EW]"
"QHSSKTBWYF";"11-y ORAP"
"QHTRSMPDSZ";"HJV FØRER"
"QHUFTGVSXX";" PRŮZ. BVP-1"
"QHWKNJQAVD";"34. Stíhací Bomb. Letecká Divize"
"QHXGSTXDTE";"GIAT M693"
"QIHPZMMBOU";"17th/21st Lancers"
"QIKUVABKDH";"17th Air Force"
"QIKVIPSJXZ";"8th Infantry Division"
"QILZKONGTO";"SAXON CP"
"QIMQGOOPYV";"AV-8B HARRIER II [HE]"
"QIOAXNCXTO";"This vehicle is designed to operate both on land and water. Thanks to their waterproof hulls and dedicated propulsion, such as water jets or propellers, they can cross bodies of water."
"QIOGXDAULL";"Unguided air-to-ground rockets are fired from aircraft and helicopters at ground targets.
A common weapon, rockets normally lack an active guidance system, separating them from missiles. A simple and easy-to-use weapon - though not very accurate - rockets are convenient in a short-range or area saturation role. Carrying various types of warheads, rockets are frequently fired from rocket pods in devastating salvoes. "
"QIOZGELGNK";"Aufk.-Bataillon 19"
"QIQYAYMBRE";"Artilleriebataljon 62"
"QITRJLAGPA";"PzGrenadier-Bat. 133"
"QIUGJEGBGQ";"2-11. MSP"
"QIULDJAXXZ";"2e Rgt. d'Artillerie"
"QIVESQTKAD";"URAL-4320 METLA"
"QIWIETSCAN";"MLR BM-13"
"QIWWCVGZAX";"RES. AANF1 7,62mm"
"QJAQCHUGGS";"III,/AR-8"
"QJBOLBRHPM";"2M3"
"QJDCDAYHWK";"CATI"
"QJENYMPZWL";"43 Painfbat"
"QJGKKAGRYT";"20-y Gv. APIB"
"QJKSZMKHTR";"Mi-24D [AT 2]"
"QJLAMILWJX";"DESANT. IGLA"
"QJLHSNIKUZ";"2-33. TP"
"QJLTYSZYCR";"2-79. MSP"
"QJNSWISVWN";"L1A1 Scoped"
"QJOZJGFDOW";"Geb.Aufkl.-Bat. 8"
"QJPHRTRLEZ";"CUCV CFMP"
"QJPYQBIBBI";"2-MSR. 30"
"QJQGHOHITG";"FIRE TEAM LDR."
"QJRFMUUIXX";"vz. 53"
"QJTIQRPAZL";"UAZ-452 KOMENDATURA"
"QJUEJEYTYH";"K.d.A. FÜH."
"QJVMFRONCP";"M47E2 MANDO"
"QJWXBMLGAK";"BO-105 PAH-1"
"QJYBIKEMSZ";"SPETSNAZ SNAYPERI"
"QJZVGFHRJD";"3-2 pa"
"QKAJKQFAJA";"CN 90 F1"
"QKDFWPQHNZ";"TRM-2000 TARASQUE"
"QKEVPFJDLT";"Maxson"
"QKFAPUHRHU";"Mi-24D [AA]"
"QKGKCRGCEP";"1-11. MSP"
"QKLMUMVQOL";"UAZ-469"
"QKNAFCWDXP";"1-360-y Tank. Polk"
"QKNOFHGUSF";"JAGUAR [SEAD]"
"QKRPHCDANR";"401 Rgt. d'Artillerie"
"QKSHBSCKYG";"AIFV-B-C25"
"QKUDJOXGAH";"3-34th Armored"
"QKUJNRRLTQ";"M vz.82 PRÁM-L 120mm"
"QKXJISXYJR";"Heeresflieger-Rgt. 36"
"QKZVQLGAFC";"24e Rgt. d'Artillerie"
"QLAFMIKSJD";"G3A4"
"QLDBLGSRSB";"BEDFORD TM SUPPLY"
"QLGXTETAPH";"#CZ 14. Tanková Divize"
"QLIYADHREQ";"FITOW"
"QLKJNBXOWC";"16 Painfbat"
"QLNWUFSBYO";"OKHRANA VMF"
"QLQCATVUXU";"#CZ 20. Motostřelecká Divize"
"QLRYYHOPDV";"OTO Melara M56/14"
"QLSJEFMGRR";"3-29 pcz"
"QLTGGCHIZH";"1-30th Mech. Infantry Bat."
"QLUYYLPOHX";"19. MTSK. DIV. OFFICIAL BATTLEGROUP"
"QLVGIWPBNT";"A-10A [RKT]"
"QLVLGHQDJC";"VÝS. BzK Vz.59 82mm"
"QMARIMMYYB";"FASTA-4"
"QMBGWGVSYA";"BTR-152A"
"QMBWEKMQXT";"This unit is made up of former soldiers, National Guardsmen, or other types of reservists with previous military experience. Depending on age, they possess a degree of training and general familiarity with an army’s weapons, tactics, and equipment."
"QMBXXRWLNN";"#RFA Luftlande-Brigade 25"
"QMDCRMGRZE";"286-ya Gv. Artilleri. Brigada"
"QMEVIXAZQV";"RPG-7VL"
"QMFHMFIWSF";"MiG-23MF [AT]"
"QMHVFVAVLI";"SUBMACHINE GUN"
"QMJVQVCAIT";"2 br"
"QMLLWKYTIT";"R-60M"
"QMNZNDUMNZ";"12 Painfbat"
"QMOBJVPKMP";"Remington 700"
"QMUOEYZJUJ";"A-10A [AT]"
"QMWOVWRAPM";"SEA KING Mk.41"
"QMXXACACWB";"2-113 pa"
"QMYPZMVXBB";"#NL 52 Pantserinfanteriebrigade"
"QMYTTOVKOE";"MOT. RAZVEDKA"
"QNAHSKOJZQ";"#FR 7e Division Blindée"
"QNCCWWJMFW";"EM-6e DLB"
"QNDKORSWSA";"3-168-y Gv. MSP"
"QNJPPXQVCE";"MARINES Mk.19 40mm"
"QNLYJOPJYH";"VKK 453"
"QNOPRDJIAJ";"PtK vz.53 100mm"
"QNOTNESXIQ";"Felddepot"
"QNQGMNQKII";"MG 51"
"QNQQDSPARO";"F-111E [NPLM]"
"QNQTJKMAZX";"Lmg 25"
"QNRDEUIJMI";"YP-408 PWI"
"QNUOYXWGTG";"DB-6 Bpdes"
"QOAEINZSBK";"AERO-SCOUTS"
"QOHABCBPZC";"FOLT"
"QOIHLLPMDV";"KrAZ-255B MUN."
"QOJTMUFXFK";"PARAS"
"QOKQTNKWBN";"2-35-ya Gv. DShB"
"QOMULOAWDI";"AMX-10 VOA"
"QOOOLXBQVH";"HM2A1 105mm PARA."
"QORHZYANUM";"31-y Gv. IAP"
"QOUYWCGMFV";"KONKURS"
"QOVRQVZAOI";"50th Tac. Fighter Wing"
"QOWCXNHSTP";"10th Tac. Fighter Wing"
"QOWMHBAPBM";"PzGrenadier-Bat. 342"
"QOXZCACYZO";"2A38M"
"QOYCTTAUEL";"EXPLOSIVES"
"QOZTEYHQOW";"TORNADO IDS [LGB]"
"QPBIOVCYXF";"17 pułk zmech."
"QPIICXYCBU";"TRF1 155mm"
"QPIVHKRAZN";"1-45-y Gv. Tank. Polk"
"QPPSDTRRGO";"27-YA GV. MOTOSTRELK. DIV."
"QPRWFQKACS";"Malyutka-M"
"QPRWXMJHBG";"Stab-1. Luftlande"
"QPWYLUTPYN";"39-YA GV. MSD"
"QPYAJTGPPN";"12. Panzer"
"QQDHQSPZIM";"STRANDMEISTER "
"QQHIIBDQIY";"M-21OF"
"QQHRCABWAK";"REZ. Br-5M 280mm"
"QQKCVFWZMQ";"A wz. 1931/37/85 122mm"
"QQOFJMLASF";"1er REC"
"QQPLEPBINP";"SACLOS"
"QQRDORWUIK";"3-5 pz"
"QQRDVUPPNT";"PZ.VERNICHTUNGSGRUPPE"
"QQSDUKCNVD";"Sniper rifles can hit targets at longer ranges compared to regular small arms. Typically equipped with scopes, they often have a low rate of fire, but are powerful and highly accurate.
Sniper rifles are deadly against enemy infantry at long range, causing a large amount of Suppression."
"QQWTYWFVWB";"T-55AM2B"
"QQYUUBQMEO";"8TH INF.DIV. OFFICIAL BATTLEGROUP"
"QRBSQILGGO";"MOR. BRDM-2 KONKURS"
"QRHLEMQMUA";"CHIEFTAIN MK. 11 CMD"
"QRKXWKQFOH";"KG2,/5. ABr"
"QRLOQNOYVQ";"M2A1 BRADLEY IFV"
"QRMYBUXGVX";"PIONIERS (Flam.)"
"QRNZOXHCZD";"KALMAR"
"QRRGLUPGLA";"36 pułk zmech."
"QRWJBDUKLW";"POLICIA MILITAR"
"QRZDXGCNBP";"M50/63 155mm"
"QSCKRGZLMH";"AMX-13 T75/TCA"
"QSDGEWQCEA";"F-85 (cmd)"
"QSFBTAQAOA";"WIESEL TOW-2"
"QSHVHATIRZ";"Koninklijke Luchtmacht"
"QSHVRXXPSE";"AIM-7F"
"QSHYHEXBUZ";"PARA. SCIMITAR"
"QSKNUIMIEG";"M202 FLASH"
"QSLZFXXVBT";"Sniper"
"QSNGCRFTMT";"3-126-y Gv. Art. Polk"
"QSNGVKWJZQ";"#RFA 1. Gebirgsdivision"
"QSPUVFXCSH";"72nd Field Artillery Brig."
"QSQPSAKHIM";"AMX-13 Mod.56 Mortier"
"QSRBYMAYHS";"Teile/Pionierbrigade-5"
"QSTUNWYDRF";"3-MSR. 30"
"QSUQGZYXUT";"200kg"
"QSYTERXRQJ";"2-75. ThdBr"
"QTDGVCTZZX";"M2 BRADLEY IFV"
"QTEOMZACJF";"27-YA GV. MOTOSTRELK. DIV."
"QTFMYQUVED";"T-72M2 WILK"
"QTGUIZYVQA";"MOR. 2S9-1 SVIRISTELKA"
"QTINAGLCJB";"HIBNERYT"
"QTINUXENQG";"I./MSR. 17"
"QTJLQWWZPJ";"VBK 42"
"QTKEGHGGAG";"PANSERINFANTERI (LAW)"
"QTKFDSWRTX";"MiG-21MF [CLU]"
"QTLZNDFNJC";"4MSDChallenge"
"QTOISTTBFE";"M204 GK"
"QTOXSEPUGZ";"LYNX AH.1"
"QTPNZRCUUC";"GURKHA AT GROUP"
"QTQXWUYSZR";"AIFV-B-MIL"
"QTRYAQXPDY";"TU-143"
"QTSCQJHLRD";"BO-105 PAH-1A1"
"QTSJXWLYYM";"#DDR 3. Mot.-Schützen-Rgt."
"QTUEEAIITA";"(rifles APILAS)"
"QTUPYHEAQD";"Test_Unit"
"QTYATWRDBA";"1-11th ACR (Ally)"
"QUAMWPIMAI";"VEC-90"
"QUANLMLBFX";"6 BRYG. ART. ARMAT"
"QUIAFVKOLI";"#UK RAF Gutersloh"
"QUKFGLXYTE";"TOW-2"
"QUKHMZLSDY";"R-27R"
"QULEZMDXUU";"308-ya Artilleri. Brigada"
"QUNDDESWIY";"L96A1"
"QUNZGQUDOV";"#US  210th Field Artillery Brig."
"QUPJJNQJSS";"M2HB 12,7mm"
"QUQCFNVQPV";"GAZ-66B"
"QURHIAMQQQ";"82mm"
"QUVQMPKOYD";"1-164-y Gv. MSP"
"QUVWFQEJNU";"UR-67"
"QVBMDRSWKD";"BLU-95"
"QVDCGNHJOX";"Units specialized in capturing or contesting enemy-controlled Command Zones. They also boost nearby friendly units."
"QVGRIANMNQ";"26th Field Rgt. RA"
"QVHJQRENXW";"Mi-8MT GRUZOVOI"
"QVILELCVBU";"M1 ABRAMS"
"QVJLMZRPIR";"T-55AM-1K"
"QVJYWQWCAB";"ALOUETTE III"
"QVOABWGIMT";"M55 Maxson"
"QVPCNQNELR";"B.G.S. STREIFE"
"QVQRQJIPET";"2-9. MSP"
"QVQWWWWDOW";"III./AR 10"
"QVSEMMFCGA";"RPG-29"
"QVTKFFXVWB";"Otd. MSB"
"QVUXOPUSOL";"MB-240G"
"QVWGWTODLR";"2-YA GV. MOTOSTRELK. DIV."
"QVWMUZHLFN";"122-JROF-L"
"QVXJDDQWRD";"SPETSNAZ GRU"
"QVXMSHYRVX";"LYNX AH.1 HELARM"
"QVXTVLXLMN";"2A46-2"
"QVZGQCQYKK";"PZ.GRENADIER"
"QWAIDADWEG";"2-48-y Gv. Tank. Polk"
"QWBZQMWBGZ";"1-172-y Art. Polk"
"QWDNUEPXRO";"BEDFORD MJ2P"
"QWFNXPCIHH";"37 pułk zmech."
"QWHCAENHNS";"M65"
"QWIVSBYWMG";"#US  11th Aviation Brigade"
"QWIXUNMHBL";"M198 155mm (CLGP)"
"QWKHTNHKVL";"A-19"
"QWPEPQBPFZ";"VLRA"
"QWQGMIIRWN";"II./MSR. 14"
"QWQOSGUBFU";"401 Rgt. d'Artillerie"
"QWTAICBUYY";"GREEN ARCHER"
"QWTHRXQKMN";"RPG-7VM"
"QWVVUVUIUW";"2 Gurkhas Regiment"
"QWWMISARUH";"C.14B [AA1]"
"QWWPCCDOMH";"Militia units take longer to aim and reload compared to regular units."
"QXAPEHYSCW";"5e Chasseurs"
"QXAPHFZLIO";"G.91R/3 GINA [RKT]"
"QXDWDRPJQY";"FRR-4"
"QXIGORTEVM";"III./MSR. 7"
"QXJFJJQWME";"USMC I-HAWK"
"QXMKJKVIHC";"MOR. T-55AMV"
"QXNICWRSJI";"AB M1025 HUMVEE TOW"
"QXSBDJIKUG";"T-72 Obr. 77"
"QXSBMUZTUO";"99 paplot"
"QXSYUATSFI";"ALPHA JET A [HE]"
"QXUJYIAMFL";"Jäger-Bat. 943"
"QXWPXZLQZN";"BEDFORD TM"
"QXXHHKVCLA";"2-36 pa"
"QYGFCGYZWS";"1er Dragons"
"QYHEGLXRRO";"M901 ITV"
"QYLHXYGCQZ";"PZ.GREN. FÜH."
"QYLKTMDVXO";"Teritoriální Prapor"
"QYMNQJVVDI";"1. LUFTLANDE-DIVISION"
"QYORFUGMGS";"#BEL  12e Brigade d'Infanterie"
"QYRZWBPJAQ";"#SOV 48-y Gv. Tank. Polk"
"QYTPUERNHJ";"SANTANA MILAN"
"QYUSGEYEIS";"COMMANDOS"
"QYXMOZXNST";"Stab./11. MSD"
"QYXNVNJQTT";"DISMOUNT. TROOPERS"
"QZBPQCXUHF";"Esc. de Chasse 1/11 Roussillon"
"QZCWNYRKSE";"Unguided air-to-ground rockets are fired from aircraft and helicopters at ground targets.
A common weapon, rockets normally lack an active guidance system, separating them from missiles. A simple and easy-to-use weapon - though not very accurate - rockets are convenient in a short-range or area saturation role. Carrying various types of warheads, rockets are frequently fired from rocket pods in devastating salvoes. "
"QZCYRIVYAR";"GAZ-69 B-11"
"QZEKFZZRBA";"KRAKA"
"QZPGBGRANM";"CN-105-57"
"QZQYDPCPOC";"STRELA-2M"
"QZRWNTSIVD";"SPzA1Fü1"
"QZXWRYGGUC";"III./MSR. 24"
"RABFGNGKKT";"VKK 331"
"RACTEWGAJP";"F-4G WILD WEASEL V [SEAD]"
"RADMQGTEBT";"OH-58C/S"
"RAEPSGRBGW";"DESANT. KOM."
"RAFYDFROPG";"RAPIER FSB2 DARKFIRE"
"RAIWUACLLY";"N.G. FIRE TEAM LDR."
"RAKLFPTKNM";"FAP"
"RAKZZLEULZ";"#SOV 63-y Gv. Tank. Polk"
"RALIMFIPJL";"S-25O"
"RALWEQICQT";"DOW. SPADOCHRONIARZE"
"RANEGWEJUT";"RESERVE LDR."
"RAOSMJETSM";"#CZ 4. Armáda ČSLA"
"RARMEZYOUL";"#BEL  16de Pantserdivisie"
"RASWFMZMAN";"Panzer-Bat. 114"
"RAXQRKPWFQ";"23rd Tac. Fighter Sq."
"RAXZBVIIEZ";"Mi-17"
"RBCTAYLOXV";"BRDM-1 DShK"
"RBCYPUCWMW";"142mm"
"RBDFBRWIUU";"GATLING"
"RBGENQHGZM";"TIRADORES"
"RBGNOBHKKJ";"PW-ŁWD."
"RBJBLQADOH";"Infantry Group"
"RBKWFNAXBA";"PzArtillerie-Bat. 305"
"RBLZWQIRZO";"LEGION. MO-120-RT61"
"RBNPNWZIMF";"72nd Field Artillery Brig."
"RBWPYZNTVI";"ASU-85"
"RBXKNHBINM";"AMX-10 HOT"
"RBYTVWTHTY";"N.G. M113A1 DRAGON"
"RCOBMNQQAK";"2-8. MSP"
"RCOKXLVFFS";"L-39ZO [NPLM]"
"RCPYJPQIII";"T-55AM MERIDA"
"RCRUTTFFSF";"450kg"
"RCUXZYXOTD";"207-YA STRELK. DIV."
"RCWOLXEMXP";"MQM-105 AQUILA"
"RCWOZKHCQK";"vz. 53"
"RCXKWCSNXQ";"1-11. TP"
"RDCLMXSIZI";"56-ya OG DShB OFFICIAL BATTLEGROUP"
"RDESYSXKVJ";"Vz. 52/57"
"RDFYXBRXMU";"UH-60A BLACKHAWK"
"RDHZLCYGPG";"Howitzers are artillery guns capable of firing shells across long distances. Historically, howitzers fired low-velocity shells at higher angles than other artillery pieces. This distinction has faded over the years. Many modern howitzers are either self-propelled or towed, firing a variety of projectiles across extended ranges.

Howitzers are artillery units capable of indirect fire across long distances. Caliber indicates the relative firepower, rate of fire, and range of a howitzer."
"RDJRULYVYM";"PW-ŁWD."
"RDLOBTRYXO";"DIVMOB OFFICIAL BATTLEGROUP"
"RDNBULDSSX";"6E DIVISION LEGERE BLINDEE"
"RDNHPSVRER";"HAUBITS M/55 203mm"
"RDVIQUPFAU";"2-20. TP"
"RECHYMUGHR";"REZ. SAPERI"
"REDMPHOPRH";"MiG-23BN [HE]"
"REFLKIJAEM";"N.G. RIFLES LDR."
"REIDQXMIMJ";"This Command unit does not only feature commanders and officers but also critical command-and-control equipment, including radio and other communication devices. This allows for more effective tactical leadership on the battlefield."
"REIPBYYOHB";"RPK"
"REOWPRPQBC";"ADEN Mk.4 x2"
"REPMDTMKUL";"Panzer-Bat. 201"
"REPOMYEXZK";"2ND MARINE DIVISION"
"RESSOZQFCG";"PPSh-41"
"REXJHSKSKY";"42 pułk zmech."
"RFBSOOKCDK";"N.G. M60A1 RISE"
"RFCTJMFTXJ";"3-77-y Gv. Tank. Polk"
"RFGGRBKFVL";"2-29-y Gv. Tank. Polk"
"RFHYYFMTNB";"#SOV 207-ya MSD"
"RFIEYZQQMX";"CMDT LEGION.-SAPEURS"
"RFJGEFODES";"LPO-50"
"RFJMWUDIAO";"PARA. MANDO"
"RFUAXPYURJ";"BVP-1P"
"RGAHSNEABX";"Guided Munition"
"RGAZFHDAHW";"#SOV 47-ya Gv. Tank. Div."
"RGBCWAAIRF";"V,/Royal Rgt. of Fusiliers"
"RGLLIUGYIX";"SPG-9"
"RGMLNQSXIP";"3-170-y Gv. MSP"
"RGMPMPMVCQ";"#SOV 265-y Gv. MSP"
"RGNGLOCYSX";"Panzer-Bat. 314"
"RGUHEGFUDW";"SURFACE-TO-AIR MISSILE"
"RGYZNMWWMH";"UNIMOG S404 FK-20"
"RGZDPHIMPH";"M48A1 CHAPARRAL"
"RHBBZHQOCP";"L96A1"
"RHJMPKOYAD";"MiG-21bis [HE]"
"RHLDPTKJEQ";"M.T.T. (mando)"
"RHLLXQRFXV";"ROVER 101FC SUPPLY"
"RHMZRWZTCG";"3-21. TP"
"RHNLLLUNIX";"MARS"
"RHNYICEWGX";"1-247-y Gv. MSP"
"RHOEMJRPWS";"MOTOSTRELKI (Metis)"
"RHPRPHYVOO";"1-168-y Gv. MSP"
"RHQTSGVXIH";"439TFS"
"RHRBIPUIMD";"M134 Minigun"
"RHYGEJJPEJ";"K.d.A. SCHÜTZEN."
"RIDAXGRPXD";"Velitelství a štáb 20. MSD"
"RIEKNTYYEY";"SKOT-2AP"
"RIGAODRUBD";"MARINES STINGER"
"RIGGYFKMKC";"P4 GENDARMERIE"
"RIGGYXBEBA";"32 br"
"RIGSXZHWUF";"Token inexistant VKUNRCJBPL dans SERIOUS_Localisation_Unites"
"RIHTCYVPQW";"9K33 OSA"
"RIIUPCFXHL";"M109A2 (CLGP)"
"RIJJGBGTZM";"kbk AK"
"RINXOHGJUE";"Mi-2D PRZETACZNIK"
"RIPEIWBORS";"FV603 SARACEN"
"RIQLNYTBHG";"10 DYWIZJA ZMECH."
"RIRVMEJIAN";"L7A2"
"RISEYHTMGA";"1. LUFTLANDE-DIVISION"
"RIUGWMBDFT";"M2A2 BRAT"
"RIUNQZUNEV";"VAB RASIT"
"RIXYIPFMUR";"SMAW"
"RIYRUHLJIQ";"Stab.-20. MSD"
"RJFQVFKKEU";"SPz BMP-1 SP1"
"RJIMHKRHZR";"TANK HUNTERS"
"RJJGNUEUQO";"USMC LAV-25"
"RJJHYVFWRU";"ROVER CP (Berlin)"
"RJLKRJGMBV";"M256"
"RJMMUZYDGT";"Kom./94-ya Gv. MSD"
"RJPABQTPTU";"MOTOSTRELKI"
"RJPPWHGTIF";"BVP-1"
"RJRKKBUMHP";"REZ. T-54B"
"RJSSGXYYVK";"L42"
"RJTMBDDQVN";"PzArtillerie-Bat. 335"
"RJWPMRKACS";"1-16th Mech. Infantry"
"RKGCLFAHKD";"3-1-y Gv. Tank. Polk"
"RKGOEFANGI";"FAL Scope "
"RKGUWYDEPE";"CRAP"
"RKLFGKDOCR";"4 (Vol.) Para Btn."
"RKWEEECVXD";"HSS.43/57 x3"
"RKZERQGOLD";"BRDM-2 KONKURS"
"RKZMPLFBFE";"SUPER ETENDARD [CLU]"
"RL50";"Royal Laboratory"
"RLCRLENSBV";"2-164-y Gv. MSP"
"RLCYZZLWUN";"M577 PRCO"
"RLEWBJSMTQ";"VKK 412"
"RLFOUKYOUN";"F-16A [AA2]"
"RLJFEIREQO";"GC45"
"RLKLOWRBYC";"I-HAWK"
"RLLKWZAJPU";"45-y otd. Razvedka Bat."
"RLRTEGUMHP";"2-10th Armored Bat."
"RLRVQSHSUV";"ZfK-55"
"RLXCMHDSHA";"CAA 20/120 GAI-BO1"
"RLYOMURBXH";"CHALLENGER MK.2"
"RLYSDYZWDU";"HUA.10 ARTILLADO"
"RMBXRIRHEY";"73mm HEAT"
"RMDZVAHQQU";"13e Génie"
"RMEEPFBUDL";"CH-47C CHINOOK"
"RMMOALXKXU";"Mistral"
"RMSZXSXZDX";"1-MSR. 29"
"RMTQXFYCHD";"S-25LD"
"RMWKWBVAIE";"MAN KAT 6x6 MUN."
"RMWQCPXOFC";"VLRA .50"
"RMWWPIEKBR";"This unit contains highly trained sharpshooters who excel in infiltration tactics, camouflage, and reconnaissance. Equipped with powerful scoped sniper rifles, these specialist soldiers can engage targets at long ranges without being seen. "
"RNDOEJRIWS";"USMC AAVP-7A1"
"RNHHBPCVBP";"VKK 312"
"RNLMDDRGDU";"TPz FUCHS"
"RNSNWTZMYC";"M63 120mm"
"RNSZELWZMG";"1-22 pa"
"RNTUCEONDD";"N.G. M42A1 DUSTER"
"RNUSQKBDNV";"19th Field Rgt. RA"
"RNVOGKYKCA";"Mk 83"
"RNVVQFXLMV";"REZERVISTI KOM."
"RODNJCSZLJ";"WACHSCHÜTZEN FÜH."
"ROEOFYGXRA";"Kom.-3-ya Armiya"
"ROIIJFFNLT";"CHALLENGER MK.2"
"ROKLQJBLZS";"VKK 452"
"ROLJWREWRD";"III./Artillerie-Brigade 40"
"ROMQTEBLUO";"1-240-y MSP"
"RONVIXSUYA";"M40A1 RCL"
"ROSVKOOSJY";"3-74. RMBr"
"RPCHGNXVDV";"N.G. M125 MORTAR"
"RPEDYNISZM";"1ste Wing"
"RPGUDLLPPH";"2. PZGRENADIER. OFFICIAL BATTLEGROUP"
"RPJSGCNOOJ";"7.92mm"
"RPMEJCNTTH";"MOTOSTRELKI KOM."
"RPMUZIWFNV";"3-283-y Gv. MSP"
"RPNBOROUDT";"Fire Direction units reduce the aim time of nearby artillery units on top of granting +1 Veterancy level."
"RPOYYKFYWV";"PANZERMATROSEN"
"RPPYCMSVYM";"2-1047-y Art. Polk"
"RPQTAKCUAL";"F2"
"RPQTVZECXH";"Mi-14PS"
"RPRVBGAWDQ";"2-11 pcz"
"RPTIYNRJNL";"GAZ-66"
"RPWCUELTIT";"3-5th Field Artillery Rgt."
"RPWIIUXMPW";"13 prplot"
"RPXROOVEDA";"CSR-106"
"RPYUNDSQSC";"BRP-250"
"RPYVRYKSNV";"KPVT Berkut-2"
"RPZVLOJMAT";"2ND ARMORED DIVISION"
"RQADGVVVMH";"Su-7BKL [RKT]"
"RQCIXXRXOP";"#SOV 119-y Otd. Tank. Polk"
"RQFANWIXRN";"23 BRYG. ART. ARMAT"
"RQHCDGPKBL";"#SOV 30-y Gv. Tank. Polk"
"RQIITYHMKE";"#RFA PzGrenadier-Brigade 30"
"RQLFKSIAKH";"TORNADO F.3 [AA]"
"RQLXAVVLPU";"2-117-y Art. Polk"
"RQMAQMNDUS";"Su-22M4 [HE2]"
"RQNXYIATHG";"SVD"
"RQOOFHTRFO";"REZ. ISU-152K"
"RQSAMGLOVH";"I,/Scots Guards"
"RQSQCBGVBT";"#CZ ČSLA"
"RQUOXRLQBR";"153e Infanterie"
"RQYMEKQIKU";"194th MECH. BRIGADE"
"RQYMRAWBMD";"1. Armáda"
"RQZNWYZXAA";"3-37th Armored"
"RRAKKLVRJR";"6. PZ.GRENADIER-DIVISION"
"RRDBOGXDYK";"MOR. PTS-2"
"RRFLLCJIQN";"Su-22M4 [RKT]"
"RRHMHSTGDC";"FUZILEIROS (M18)"
"RRHWVVGHPW";"Mi-8T"
"RRNQMQCAEB";"DAF YHZ-2300"
"RROQVZMEEI";"4-54-y Art. Polk"
"RRRFVTBHYB";"#RFA  1. Artillerie-Regiment"
"RRWBAGODKI";"F-16A [AA3]"
"RRWLDBAEUA";"17-YA GV. TANK. DIV."
"RRYQLPJPFH";"MIM-72F"
"RSBNOPEQAR";"2A46-1"
"RSCRPKGAUQ";"Geb.Jäger-Bat. 231"
"RSDZDOYVFP";"MiG-29A [AA1]"
"RSEACNWCQI";"3RD ARMORED DIVISION"
"RSHCWWDTKV";"PKT x2"
"RSHNPQWTHK";"M-55"
"RSIUYDSXND";"2ND INFANTRY DIVISION"
"RSLOTCIYSH";"Res. 23 MSB"
"RSOGMAYVCK";"2PzGrenChallenge"
"RSRZIWXRCP";"SANTANA CSR-106"
"RSYULRFSXS";"O.P. SPETSNAZ "
"RSZDMEHMRG";"2-288-y Gv. MSP"
"RTAOFUEFNE";"I-HAWK"
"RTAWYHRDOM";"2-385-y Art. Polk"
"RTBZCZKWFC";"DRAGOON 300"
"RTCWHXDGXR";"#CZ 11. Motostřelecký Pluk"
"RTDFSMVHHI";"VELITELSKÉ UAZ-469"
"RTFARJXWXT";"#SOV 390-ya Gv. Art. Brigada"
"RTFQOLNVSW";"MOT. RIFLES"
"RTGNGNPSPC";"Feld-Art.-Bat. 41"
"RTIPQYJAEV";"Suppression of Enemy Air Defenses (SEAD) aircraft are specialized in searching and destroying enemy anti-air units. Typically used during a first wave or as bait to elicit a response from enemy air defenses, SEAD planes are fitted out with potent electronic counter-measures and anti-radiation missiles, which home in automatically on active radar emissions."
"RTJCLLDRVW";"MOR. 2S1 GVOZDIKA"
"RTKDYEROWT";"F-16C [CLU2]"
"RTRBUAAJDH";"ShK 2S7"
"RTRWYGQVPP";"M/87 TOW"
"RTSVOCIPHT";"Zuni"
"RTTEPKRHPK";"3-290-y Art. Polk"
"RTVXXKKQXH";"#SOV 211-y Gv. Art. Polk"
"RTWQFPEGNH";"2A42 "
"RTYPADTLQH";"BzK Vz.59 82mm"
"RTZWKYXTXR";"100 Field Rgt. RA (V)"
"RUBCYBNRSQ";"709th MP Battalion"
"RUBMFOCSHC";"KORPUS DESANT. OFFICIAL BATTLEGROUP"
"RUEHBCHVYT";"BTR-D"
"RUESIVVHXS";"CUCV"
"RUFEJFBNGY";"VÝSADKÁŘI"
"RUFEJTPMHC";"3-307-ya Gv. Art. Brig."
"RUFFQYBTAT";"GAU-12"
"RUHLTGNORD";"#US 36th Tac. Fighter Wing"
"RUHVMAWZMM";"Jäger-Bat. 117"
"RULRPUXOXO";"AERO-SCOUTS (GSR)"
"RUPEQMNWUI";"Su-24M [SEAD2]"
"RUQSHJBFXZ";"Mi-4B [RKT2]"
"RUQWSOTQFG";"R-23R"
"RUQWYEZIVC";"LIGHT RIFLES (RCL)"
"RUREOKPJHU";"USMC M252 81mm"
"RUUZLRHFIO";"QF 25-Pdr 87,5mm"
"RUVGMDDGAY";"AS.30"
"RUXHDBZLWC";"BTR-152A ZPU-2"
"RVGOHTWWQU";"14th/20th King's Hussars"
"RVGUXYXZJF";"M1 81mm"
"RVLTECHNQR";"Panzer-Bat. 543"
"RVMIEIYZSL";"1-13th Mech. Infantry Bat."
"RVMZYXPTQA";"1st QOH Rgt."
"RVPQWZJHZR";"s.Jäger-Bat. 542"
"RVQFDFNHDQ";"M3 Grease Gun"
"RVWYXACJOI";"249th Engineer Bat."
"RVYHAOZATF";"#DDR  Artillerie-Brigade 40"
"RWCCZWKHZX";"CRV-7 FAT"
"RWCNPSDSTL";"OH-6"
"RWDOQDPYGT";"AERO-RIFLES (DRAGON)"
"RWEZENMLFH";"M113A1"
"RWFHASWMIL";"BMP-1K SP2"
"RWHWJMVXLO";"SPEJDERE"
"RWHYMULRHO";"CANBERRA B.2 [HE/CLU]"
"RWJUTISBZH";"Kh-23M"
"RWJVIOGDKN";"Mi-8MT ESKORTNIY"
"RWLJKSWFWU";"M259 Hydra (WP)"
"RWMXROUAOO";"Aviation Brigade-1st Arm. Div."
"RWNWCHKDPU";"M113B"
"RWOVGMCHIY";"Bloodhound"
"RWRGSDITUR";"2-4 pa"
"RWRTPNWAXC";"35e Special Challenge Group"
"RWTEGLZANR";"3-13 pz"
"RWTNJOPXGO";"75 pułk zmech."
"RWVRKQOEEO";"TANK GUN"
"RWWFRJIGQF";"M151 MUTT CP"
"RWXFPWNYFI";"PIONIER"
"RWYDPUJFRK";"MORTER M/57 81mm"
"RXAOLWUJVK";"BS-3"
"RXBHHBPKXM";"Stab-I. Korps"
"RXEZQEKRFU";"BRDM-2 R-5"
"RXGSZTOGKN";"2-55. MSP"
"RXINMVMAYA";"M1 81mm"
"RXIPONRWEU";"EM-1ère DB"
"RXLEVWTMWO";"PzGrenadier-Bat. 322"
"RXSDYLGPJX";"AERO-M60 7,62mm"
"RXULWQICMT";"DIV. DU RHIN OFFICIAL BATTLEGROUP"
"RXUZMATIID";"M68A1"
"RXWEVEKXHG";"Mi-9"
"RXZAHDZNXY";"EM-3e DB"
"RXZANFRIIU";"Colt M635"
"RXZHDQQXVX";"Velitelství a štáb 2. MSD"
"RYBYXTXRGK";"L/39"
"RYCCBQIHXK";"M68A1 (XM900E1)"
"RYCODAAPCL";"HJV DYKN M/56"
"RYEXVNAZSC";"PANTSERINF. CMG"
"RYHEICFCRL";"Luftwaffe"
"RYKCDUBACL";"GUARDS MAG 7,62mm"
"RYLBGXQYTS";"1er Chasseurs"
"RYLKUHVSVZ";"Type 65"
"RYNANCSADA";"GeWa-11"
"RYNKTMJJZK";"CENTURION Mk.13 CMD"
"RYRSQNOOEC";"PARA. 53T2 20mm"
"RYRVTKNPAV";"RAF Gutersloh"
"RYTYXPJEGM";"9TH INFANTRY DIVISION (MOT.)"
"RYUOWJYXGW";"A Gatling gun is a multi-barrelled automatic rotary cannon capable of shooting a massive quantity of rounds extremely fast.
Using an electronic firing mechanism, a modern Gatling gun (also known as minigun) can fire so quickly it is in danger of running out of ammunition within seconds. Gatling guns are often cumbersome weapons and are relegated to be used on aircraft or stable land platforms. They can be employed as a close-in defensive system to saturate a target area by throwing a hail of fire, an anti-aircraft gun, or even an airborne anti-tank weapon able to punch through the weak top plating of many armored vehicles."
"RYXQUBRXWZ";"M-14OF"
"RZDCXOVNNO";"W50 LA/A"
"RZDHPSVRJA";"VW T3 KMAR"
"RZDTFVPCTO";"MIRAGE IV [HE]"
"RZEFZPWROZ";"Javelin"
"RZEKCRJCMN";"3-15. TP"
"RZEPXEKHWE";"This large helicopter is capable of lifting heavy cargo, vehicles, or towed guns. This can be done either inside the fuselage or slung underneath."
"RZGZOKGEIF";"M77"
"RZLHWZTTAW";"UK Vz.59L"
"RZLOWPQXRU";"43e RAMa"
"RZMUAMLMCM";"M1025 HUMVEE TOW"
"RZRPDDGIES";"24TH INF. DIV. OFFICIAL BATTLEGROUP"
"RZSVDSAMCK";"MiG-23MLD [AA2]"
"RZTJXRMROF";"Br-5M"
"RZTPZPTBLG";"Régiment Para-Commando"
"RZXAVLSDOW";"BRDM-2 MALUTKA-P"
"RZXUGSLTTL";"FV1611a KREMLIN PIG"
"RocketDes";"A rocket is an unguided warhead-equipped projectile powered by a rocket engine. Amongst other things, it differs from missiles by the lack of active guidance systems.

Artillery units equipped with rockets compensate for a lack of accuracy with the ability to quickly saturate and destroy an area with a large number of rockets."
"SAAGGANQTR";"11. PARACHUTISTE"
"SABQIWVNCH";"MOTOSTRELKI"
"SACJPDEQLT";"16 Dywizja Zmechanizowana"
"SAEFFGTXVW";"MFG BOFORS 40L70G"
"SALOBQDEUJ";"MECH. FUSILIER "
"SAMGMQJEHJ";"CH-147 SUPPLY"
"SANJZXSUTI";"20 GMRD"
"SANOGZARHQ";"9K33M3 OSA-AKM"
"SAUQOJRWYD";"Su-22M4P [SEAD2]"
"SAVWOJIMLD";"Mi-8MT [GUV]"
"SAXSUETPGQ";"WP-8Z"
"SAYGCRWEDF";"FRR-10"
"SAZXVQGZRH";"HSS.820 x2"
"SBABROEOVK";"2A65"
"SBBEVYARPL";"Stab/Militärbezirk III"
"SBJIHSGMHB";"Su-22M4 [HE]"
"SBLGBPYCPB";"GUZMAN EL BUENO OFFICIAL BATTLEGROUP"
"SBPOEVCPQN";"TOW-2"
"SBRRVRCWCC";"SAPERI"
"SBZAKJGPMY";"T-10K-3"
"SC1000";"SC 1000"
"SC250";"SC 250"
"SC50";"SC 50"
"SC500";"Mk82"
"SCAWNORWBJ";"3-48-y Gv. Tank. Polk"
"SCAZDZQHPN";"1097-y otd. Zen.-Rak. Bat."
"SCLDDYKNAB";"JAGUAR GR.1A [HE]"
"SCNMAOBXWD";"EM-7e DB"
"SCRHCEACUR";"42 Tkbat"
"SCTHYUDZFC";"M43 82mm"
"SCUVPDRICB";"DO-28D-2"
"SCUZDQQVSD";"6-29th Field Artillery Rgt."
"SCYWXGGKSO";"M60D"
"SCZZFDSCUS";"AERO-RIFLES"
"SD70";"SD 70"
"SDAXEGHHZO";"FALLSCHIRM-AUFKLÄRER"
"SDAXMOGHOX";"AZP-23"
"SDEDTIYZXQ";"F-16A [AA]"
"SDGIGWLZFP";"2-54-y Art. Polk"
"SDGKLDUPCP";"USMC LAV-MEWSS"
"SDPCWWCAHJ";"#ESP Brigada de Cab. Jarama"
"SDQTSPQMIQ";"6E DIVISION LEGERE BLINDEE"
"SDQVDXFHNG";"PaK57"
"SDSRWKJJQC";"T-55AM-1"
"SDTDGFUTEL";"VBK 41"
"SDVRWUCHMV";"I./Queen's Own Highlanders"
"SDWMIYSGUN";"ADATS"
"SDWVADHXZC";"M40A1"
"SDYXATQGGV";"144-y Zen. Art. Polk"
"SDZXYUYRYN";"ANTI-AIRCRAFT GUN"
"SEAAOYXNCJ";"STADION"
"SEAD";"SEAD"
"SEBFUFCNIX";"DD-11 DPanc"
"SEGMXQFLEH";"6. PZ.GRE.DIV. OFFICIAL BATTLEGROUP"
"SEGYMINWIW";"HVAR"
"SEIUYQLHGT";"REZ. BRDM-2 MALYUTKA-P"
"SEJQZSUCFE";"9M27F"
"SEJXFSVZJW";"MOT. AIRMOBILE"
"SEKEIWQTSA";"PRŮZ. L.M."
"SENFZPAPMX";"MiG-27M [CLU]"
"SEOVGNUUTK";"W50 LA/A 25mm"
"SEPQVPDLJX";"L2A3"
"SESTPVYQLP";"FUSILEROS (C90)"
"SEUJKGWFEN";"Su-24M [HE]"
"SEVCTQDLDQ";"4th/7th Royal Dragoon Gds."
"SEVUYTTDDS";"M167A1 VADS 20mm"
"SEWVMLWHTM";"148mm"
"SEXSOLPKLY";"Mw. 74"
"SFCDICIELT";"JG-7"
"SFDDIFKTWY";"VKK 334"
"SFEUPRYQDC";"MFG FRR ROLAND"
"SFOOHNQGZA";"MOT. RIFLES"
"SFURJYVFLE";"AH wz. 1937/85 152mm"
"SGEEXVOOPI";"56-YA OG DESANTNO-SHTURMOVAYA BRIG."
"SGGDGYLPQD";"4. MSD OFFICIAL BATTLEGROUP"
"SGHCDQINPI";"Sicherungs-Bat. 4321"
"SGJBCKDPGY";"PTŘS KONKURS"
"SGJUCNASKH";"CM60A1"
"SGNRKTDKIN";"Unguided air-to-ground rockets are fired from aircraft and helicopters at ground targets. Simple weapons with a variety of different warheads, they are often used in devestating salvos. Rockets typically lack an active guidance system, separating them from missiles.

Rockets are short- to medium-range weapons, effective against any kind of target, but especially infantry. Being inaccurate, air-to-ground rockets are best used while saturating a target."
"SGRFSHHZJC";"AAM MG-42/58"
"SGXGLZBAFC";"9M41"
"SHBINZZBDX";"M242 Bushmaster"
"SHEBACKTMB";"DESANT. 2B14 82mm"
"SHGXIDGTGG";"3-1047-y Art. Polk"
"SHHUWHORMM";"MOT. GRENZER"
"SHKAZGYXRW";"MARSOUINS MILAN 2"
"SHKPQBMKXN";"#US  7th Engineer Brig."
"SHMXFYGRWE";"2. Luftwaffendivision"
"SHNXMSBQAB";"TOW-2"
"SHOPGELWAY";"FLA.KOMMANDO 1"
"SHPBXWBNBX";"232-y otd. Okhrany Bat."
"SHPNDIROUT";"BMP-2D"
"SHRRVDPNWR";"BVP-1"
"SHRYTJRPIR";"#FR 12e Div. Légère Blindée "
"SHUINZTHWB";"MiG-23ML [AA]"
"SHUWFDYZUR";"AMX-13 Mod.56 MILAN"
"SHVNHJXRDE";"#US  3rd Armored Div."
"SHYGRGGFHZ";"#SOV 197-y Gv. Tank. Polk"
"SHZZBVUZIT";"2-504th PIR"
"SIDAGVNMPB";"2A46"
"SIHQPRGNKW";"False Flag"
"SIIKMAYMOU";"USMC M60A1 CP"
"SIIXPSVCPJ";"FV432 MORTAR"
"SINCVDVRRF";"T-34/85M"
"SIQAIYGATL";"230kg"
"SIQEHZMAGN";"15-ya Gv. Tank. Div."
"SIUQLRWSES";"FUSILIER "
"SIVRNRCCAM";"1. Stíhací Letecké Divize"
"SJCKTFPSLA";"Kom./30-ya Gv. MSD"
"SJDDOZQJTP";"REZ. PULEMETCHIKI"
"SJEMRJORKA";"ECLAIREURS"
"SJEUSVHJRF";"#UK RAF Laarbruch"
"SJEVNFTNCM";"III./MSR. 41"
"SJFNWPLEMY";"M113A1"
"SJHDEOEELU";"A-19 122mm"
"SJLQUEIPXU";"JBG-37"
"SJMGUNHMQG";"T-34A MENTOR"
"SJOBDAFEHE";"HQ-8th ID"
"SJOVWSADJC";"79.Gv TD"
"SJSZDOOHXY";"240-y otd. Okhrany Bat."
"SJUDEPLDMU";"Airborne units can deploy further ahead using Forward Deployment. This ability only applies during the initial deployment phase."
"SJYWSLSPAM";"COUGAR RECCE"
"SKBEKQUOWJ";"IFV Infantry"
"SKDIIFQTJX";"SPW-152K"
"SKEMOLPXVJ";"56 pśb"
"SKIMAPNRMZ";"#RFA  13. Panzergrenadier-Brigade"
"SKJEJEXFQH";"1-17. TP"
"SKJMBBRIBT";"PzGrenadier-Bat. 351"
"SKNOKFFZJC";"119-Y OTD.TNK OFFICIAL BATTLEGROUP"
"SKRAADNFML";"PzArtillerie-Bat. 155"
"SKTPTAFFML";"T813"
"SKVZGZFPDS";"2-61-y Gv. Tank. Polk"
"SKZVZQETZP";"12th Engineer Bat."
"SLBMBEATWL";"I-TOW"
"SLCWQKUGRI";"PLK čs"
"SLDTKIMDPF";"HS 3-14 HA CH 20mm"
"SLKQDCXPZR";"49 pśb"
"SLLOUYGFRM";"N.G. REDEYE"
"SLMRJGERQC";"vz.61 Škorpion"
"SLORWJJOPE";"ALOUETTE II FÜH."
"SLTDPKXWYS";"115 Afdltlua"
"SLTGDKRXSV";"AERO-M252 81mm"
"SLVLWCGBAA";"M106A2 MORTAR"
"SLWWBDRKKD";"S-24"
"SLXNURPJTI";"Stgw 90"
"SLZBFVOBQW";"GREN.-VOLTIGEURS (APILAS)"
"SMCCXZONFP";"PRÉVÔTÉ"
"SMCSLEKRJN";"DESANT. SAPERI"
"SMFGSUGTHV";"Twin L37A2"
"SMHTPJXZQC";"Mi-2D"
"SMMDZUVZWR";"G3A4"
"SMNJWOVMTN";"M201 MILAN"
"SNAPPXBTUK";"79th Engineer Bat."
"SNBVEPLBVL";"2e Chasseurs Ardennais"
"SNEGMQAFIJ";"3-5th Mech. Infantry Bat."
"SNFJJJHKNS";"GeWa-19"
"SNGEGDGJIQ";"M36"
"SNHCNRTDLC";"SAW FALO"
"SNMNABOTZQ";"M109A2"
"SNQIPBPAEC";"42 Afdva"
"SNROVWLCDD";"P4 GENDARMERIE"
"SNTEKRYWSF";"68 pułk czołgów"
"SNYBHRGJKH";"M1008 CUCV GLH"
"SNZBAZOXRQ";"USMC LAV-C"
"SNZRXWKBHX";"l.MG-K"
"SNZSVZXGUS";"PIONIER (Flam.)"
"SOCPGGFBNE";"32th Tac. Fighter Sq."
"SODIRKGQKY";"#CZ 63. Motostřelecký Pluk"
"SOGEAUKRKN";"19. PPR"
"SOIGEMBFGS";"DOW. KOMANDOSI"
"SOLWZUYKAC";"MB 1017 MÜN."
"SOMGJFUDRY";"PARA. MILAN 2"
"SOPQEOVMKR";"101ST AIRBORNE OFFICIAL BATTLEGROUP"
"SOPTZYMAMY";"#BEL  17e Brigade Blindée"
"SOUGIMRNCM";"M125 MORTAR"
"SOYIURQRYF";"ANTI-AIRCRAFT GUN"
"SOZSQRHTUP";"19. MOT.-SCHÜTZEN-DIVISION"
"SPEYVKUVSN";"4-390-ya Gv. Art. Brigada"
"SPHMTRBICC";"GUERRILLEROS"
"SPMYMXSJTU";"CN-105 F1"
"SPNKOHGVBI";"139-y Zen. Art. Polk"
"SPPVUGHCVH";"12 DYWIZJA ZMECH."
"SPTPUCUXQK";"A tank gun is a large-caliber, high-velocity gun capable of firing various projectiles against a variety of targets.
A tank gun is the primary means of engaging other tanks or armored vehicles with direct fire. Featuring different calibers, between 90mm to 125mm, a tank gun is often emplaced in a turret, creating a flexible yet hard-hitting weapon. When assisted by advanced targeting computers and sights, a tank gun can engage almost any kind of unit, even airborne targets, regardless of the weather or time of day. A tank gun fires off a variety of different shells, at times supported by an autoloader, including armor-piercing kinetic (AP), armor-piercing, fin-stabilized, discarding sabot (APFSDS), high-explosive (HE), or high-explosive anti-tank (HEAT). Some guns can even fire specially adapted guided missiles. "
"SPXLKSXYFW";"Mi-26 GRUZOVOI"
"SPZUNHQJFJ";"Explosive Reactive Armor (ERA) is intended to counteract HEAT anti-tank munitions. It provides a boost in the survivability of the tank and its crew."
"SQDNBBELEN";"McMillan TAC-50"
"SQGGESRTLQ";"HAUBITS M/51 155mm"
"SQGTKLAUHF";"Zwillinge MK 20 Rh 202"
"SQHJNTTJAD";"#RFA  VBK 35"
"SQLGOZNIMP";"Mi-17MTA"
"SQMZCDLRBC";"1-385-y Art. Polk"
"SQNKAAFWCE";"N.G. AH-64A APACHE"
"SQOGSBDNJJ";"AGS-17"
"SQOJROBTET";"#SOV 67-y Gv. Tank. Polk"
"SRCEHVIUIK";"2A42 "
"SRDOSGDIWA";"VERKENNERS (AT)"
"SRGUECEQSX";"RIFLES LDR."
"SRJOOCOUGP";"SUPER PUMA"
"SRNIPMIGYA";"TK Nord"
"SRQHPENQST";"DESANT. RAZVEDKA"
"SRTPUYMZPL";" ROZP. BWP-1 "
"SRTVMYFVPK";"HQ-2"
"SRVECFEBWK";"D-20 152mm"
"SRZGLULFQL";"1 gb 10 pz"
"SSEJVMQPBN";"Pionier-Rgt. 72"
"SSFKRWGMJT";"VKK 221"
"SSHARNYATQ";"SBAT-127"
"SSMGTPZOFC";"2-1st Cavalry Sq."
"SSQBBDOQLO";"MOT. RAZVEDKA"
"SSSIABNVRC";"40mm"
"SSUQLSIEOQ";"3-60. TP"
"SSUSFSRKEO";"CENTRAL ARMY GROUP"
"SSVYVMHOZM";"52nd Tac. Fighter Wing"
"SSZCKARBQI";"2-9 pz"
"SSZDIDPZYJ";"FRØMÆND"
"STEFHLUAEC";"ILTIS PC"
"STERFGXKYX";"KSK"
"STGYDWQLIP";"3-79-y Gv. Tank. Polk"
"STGZZASYDS";"NIEB. BERETY SAPERZY (LPO-50)"
"STLWWVKKRX";"(scout)"
"STNHNGZICX";"LC-T1-M1"
"STNIPUTOQH";"Pz.Gren.-Lehr-Bat. 212"
"STOXFKZFDR";"Token inexistant LLQFPSYMBI dans SERIOUS_Localisation_Unites"
"STQZWDNINA";"MK-77"
"STUMGQCUVD";"USMC LAV-M 81mm"
"STYBNFYSZO";"197th MECH. BRIGADE"
"STYCCXKNOJ";"K.d.A. BEZIRK ERFURT"
"STYMYCSNJD";"2A20"
"STZMBXXVND";"D-1"
"STZNJWODUX";"2-5 pz"
"SUBZCHCRXV";"DIVISION ACORAZADA 'BRUNETE'"
"SUCPTZLIAG";"Tampella"
"SUEIKAPKZJ";"K.d.A. AUFKLÄRER"
"SUJFTVYPPZ";"M2HB"
"SUKUMKDISS";"Type 59"
"SUMBEL16PD";"A light armored division with affordable Leopard 1 tanks, mechanized infantry, and IFVs. This Belgian battlegroup can strike early and often, but might struggle against heavier opponents."
"SUMBELDIMO";"Airborne infantry and ATGM teams, backed by large numbers of older armored vehicles, can tip the scales for this Belgian division. This rear-area mechanized battlegroup lacks helicopters and relies on a vintage arsenal, but is still a force to be reckoned with thanks to its artillery and anti-air units. "
"SUMCAN1ID";"Plentiful infantry and state-of-the-art Eryx and ADATS missiles form the core of this mobile Canadian mechanized division. Backed by a massive fleet of modern F-18s, it might struggle in a head-to-head fight if its air cover is neutralized."
"SUMCZ19MD";"This well-rounded motorized rifle division can be used for a variety of offensive and defensive tasks. Capable Czechoslovakian special forces, recon, mechanized, and airmobile infantry are supported in the field by an impressive artillery arsenal."
"SUMCZ1TD";"This offensively-minded Czechoslovakian tank division is well equipped with mechanized infantry and tanks. Notable is its numerous artillery, including the short-range SVO demining vehicle, which can be used to obliterate entrenched enemy positions."
"SUMCZ2MD";"This well-balanced Czechoslovakian motorized division comprises a large contingent of infantry and border guards, supported by an array of ATGM-armed T-55AM2B tanks. This gives it a potent long-range punch, further backed by decent recon forces and artillery units."
"SUMCZ303TD";"A reserve tank division relying on older equipment, this Czechoslovakian rear-area formation is best used on defense. However, thanks to its numerical superiority and the support of a handful of modern units, the division can pose quite a challenge."
"SUMDKJyske";"This Danish mechanized infantry division relies on older-generation armored vehicles for its punching power. Air cover is plentiful, as are its artillery and infantry forces."
"SUMDKOstre";"A well-trained reservist division, this Danish Home Guard formation acquits itself well in a defensive fight. While the equipment might be old, American USMC air support is powerful."
"SUMFR11DP";"Airmobile infantry with Forward Deployment and hard-hitting recon are the hallmarks of this light airborne division. Using superior mobility, the French paratrooper battlegroup keeps the enemy off-balance with ground ambushes and pinpoint air strikes."
"SUMFR152DI";"This French stronghold division, with a diverse selection of elite special forces, is backed by a large number of reservists. Flexible and mobile, with powerful anti-air defenses and air cover, this defensive battlegroup keeps its opponents on its toes."
"SUMFR5DB";"Rapid and mobile, this French armored division uses its wheeled tanks and strong IFVs to wreak havoc in ambushes and lightning-fast screening operations. Excellent infantry and artillery give support, but avoid going head-to-head against heavier adversaries."
"SUMFR6DLB";"Exceedingly rapid on the battlefield, this French light division leverages its fast wheeled tanks and recon for a powerful opener. Legionnaire infantry can be employed in a layered defense, but avoid being pinned down by heavier opponents."
"SUMFRDdR";"A Franco-West German rear-area division, defensive operations are this battlegroup's strong point. Older armored vehicles are backed by numerous combat engineers, reservists, well-equipped Jäger infantry, and an array of specialized weaponry."
"SUMNL4D";"An armored spearhead used for heavy-hitting breakthrough operations. This Dutch division can muster a powerful combination of modern tanks, IFVs, and tank destroyers, but lacks vigorous air cover."
"SUMNLCLKA";"This second-line Dutch division features plenty of well-trained reservists, managing to execute capable combined arms operations on the battlefield. This includes American air support and the modern Leopard 2A4 tank."
"SUMPOL15DM";"This Polish mobilization division contains a small body of professional soldiers, supported by plentiful reservist units. East German naval infantry and Soviet air power boost the formation’s fighting power."
"SUMPOL20PD";"A strong recon force, together with cost-effective armored vehicles and infantry, enables this Polish tank division to perform well in all types of combat. Care should be taken against heavy or high-tech adversaries, however."
"SUMPOL4DM";"This flexible Polish mechanized division is well suited for combined-arms operations, from aggressive opening moves to massed offensives. The battlegroup is most comfortable in the early to mid-battle, thanks to its cheap tanks and mechanized infantry."
"SUMPOLKD";"A unique half-airborne, half-naval infantry formation, the Polish battlegroup’s well-trained soldiers are specialized in fast assaults. Heavy artillery, helicopters, and air cover should deal with whatever ground threats the enemy can muster."
"SUMRDA20MD";"This East German motorized division deploys a varied array of mechanized infantry, artillery, and T-72 Tanks. Soviet armor beefs up the formation’s largely reservist core."
"SUMRDA4MD";"This East German motorized division is capable of sustaining a high tempo of combat operations. Elite airborne troops can take the ground early, with the battlegroup then switching to a defense-in-depth with its upgraded second-generation armor, helicopters, and infantry."
"SUMRDA7PzD";"Closing the distance and fighting as a brawler is this East German armored battlegroup’s specialty. While the air force provides top cover, this tank division relies on superior numbers of the basic but capable T-72 to overwhelm the enemy at close range."
"SUMRDA9PzD";"The favored child of the East German army, this armored division features a wide array of capable T-72 tanks and IFVs. Infantry is limited, but this tank-heavy battlegroup fights best across open terrain with its long-range missile-firing tank destroyers, artillery, and aircraft."
"SUMRDABerl";"This division excels in high-intensity urban warfare, with some of the East Germans’ finest infantry and artillery spearheading the fight. An older arsenal means this mixed formation will have only limited options in open combat."
"SUMRDAKdA";"A rear-area defensive formation with a large number of cheap reservists and militia at its disposal. This East German division counts on excellent artillery, anti-air, logistics, and additional Soviet support, including air cover."
"SUMRDARug";"A mobilized East German and Polish battlegroup with numerous anti-air options. Plentiful infantry allows it to fight well when under cover, as the division can direct powerful air strikes and specialized artillery to clear out entrenched enemies."
"SUMRFA1LLD";"A unique mixed air assault division with a sizable number of West German mountaineers. This formation excels in early-battle action, as well as fighting in rugged terrain, but features minimal anti-air defenses."
"SUMRFA2PzG";"Strong across the board with numerous capable units, this West German mechanized infantry battlegroup includes Forward Deployable Fallschirmjägers. Counting on multinational NATO support, the battlegroup’s vulnerable to SEAD strikes, making air superiority imperative."
"SUMRFA5PzD";"The pinnacle of Bundeswehr tank technology, this armored division is geared for offensive operations. Some of the most modern West German panzers, including the Leopard 2A4, can be deployed by this powerful combined-arms battlegroup."
"SUMRFA6PzG";"A supersized mechanized infantry battlegroup with substantial West German Navy support. Lacking modern armor and artillery, it compensates with plentiful naval infantry and Danish air cover."
"SUMRFATKS";"A rear-area defensive division, with West German reservists joined by French airmobile and American special forces. Powerful anti-air units and artillery, plus a unique mix of aircraft, compensate for the battlegroup’s older equipment, tanks, and ATGM troops."
"SUMSO119OG";"An unstoppable juggernaut late in the battle, this armored spearhead is built for high-intensity tank warfare. Its expensive state-of-the-art Soviet tanks, air, and special forces take time to build up in sufficient numbers."
"SUMSO157";"A Soviet mobilization division based in the Crimea filled with mothballed equipment and reservists. An eclectic mix of weaponry, including Soviet Navy assets, can give this defensive battlegroup’s untrained mass of infantry a surprising punch on the battlefield."
"SUMSO17TDG";"A Soviet reservist mobilization division with an eclectic arsenal of older tanks, artillery, and even World War II-era assault guns. Best used in close-range defensive fights,"
"SUMSO25TD";"Armored superiority for this Soviet tank division comes in the form of massed T-64s. A unique but unbalanced organization results in deficiencies in logistics and infantry, which are offset by artillery and heavily armored recon troops."
"SUMSO27G";"With the latest Soviet Army equipment at its disposal, this modern combined-arms battlegroup merges plentiful mechanized IFVs and infantry with potent artillery. Its high-end units are powerful, but limited in number. "
"SUMSO2G";"This honorific Moscow-based formation is a highly motivated infantry division with access to some of the most advanced units of the Soviet Army. The straightforward combined arms approach sees its well-trained Gvardeitsy squads team up with state-of-the-art T-80U tanks."
"SUMSO31TD";"An arsenal of T-72s, along with numerous infantry, allows this Soviet tank division to hold any territory it gains comfortably. Air and helicopter support might be meagre, but artillery more than compensates."
"SUMSO336";"This elite Soviet naval infantry division excels at spearheading amphibious assaults on contested shores. Strong “Black Death” infantry, capable tanks, and potent air support make up the division’s offensive firepower on the battlefield."
"SUMSO35VDV";"This well-trained Soviet air assault division excels in fast-moving operations and aggressive opening attacks. It contains a high ratio of Forward Deployable mechanized vehicles, light but heavily armed, supported by special forces and advanced Ka-50 attack helicopters."
"SUMSO39G";"An archetypal Soviet motorized rifle division, with a balanced arsenal across its armored, helicopter, and mechanized infantry forces. This battlegroup performs equally well in offensive and defensive operations."
"SUMSO56VDV";"A versatile half-mechanized Soviet air assault division with numerous veteran soldiers, Spetzaz special forces, and a host of unorthodox field-modified vehicles. With unrivaled battlefield mobility, this battlegroup's arsenal is equally colorful as it is powerful."
"SUMSO6GOB";"A Soviet combined-arms battlegroup with key East German support. An array of cheap bombers and infantry, with a few airmobile troops, allows it to fight well in urban or rugged terrain. Air defense, with its long-range AA units and interceptors, is another strong point."
"SUMSO76VDV";"With an emphasis on mechanization, this Soviet airborne battlegroup relies on its state-of-the-art armored vehicles and air cover for its battlefield firepower. Light but hard-hitting, the battlegroup lacks in air assault capabilities and helicopter gunships."
"SUMSO79G";"A top-notch armored division capable of brute-forcing its way through stiff opposition. From main battle tanks to heavy bombers, this Soviet battlegroup takes time to build up its strength on the battlefield."
"SUMSO94";"A lavishly equipped Soviet mechanized infantry division deploying earlier variants of the T-64s in great numbers. Further backed by powerful recon and combat engineers, the battlegroup lacks in supporting arms, critically so in helicopter and air support."
"SUMSOV1G";"A renowned Soviet Army formation in which regular and reserve forces work in close cooperation. Cheap T-72s and infantry shield the division’s arsenal of powerful anti-tank units, but with few ways to mask an attack, care should be taken on the battlefield."
"SUMSPA1DM";"This Spanish light cavalry division relies on its fast recon forces to aggressively seize territory early in a battle. Hold gains with cheap armor and wheeled tank destroyers, backed by capable supporting arms and air cover."
"SUMSPA2DM";"This light Spanish motorized division is centered around the BMR APC and fast infantry units. The lack of forward deployment options is compensated by a plethora of light armor and recon, backed by a well-balanced selection of artillery."
"SUMUK1AD";"A heavy brawler, this British armored division deals damage with its advanced long-range ATGM carriers, while its more than capable tanks advance under fire. Air cover is likewise formidable, from air defense to closer air support."
"SUMUK2ID";"This British division is strong in the early battle due to its airmobile troops and powerful SAS special forces. Battlefield mobility is excellent, as is its infantry, which should be used to create a long-lasting defense in depth."
"SUMUK4AD";"This British armored formation has a well-balanced arsenal of competent infantry, armor, and air support. It can outlast the enemy in any scrappy brawl, as long as the division’s mix of older equipment is put to good and careful use."
"SUMUKBerl";"This multinational infantry division under British command is honed to fight on urban battlefields. Strong in early recon pushes, defense is the battlegroup's strength, with stealthy strikes and massive raids by its potent bomber force keeping the enemy at bay."
"SUMUKHDR";"The Queen’s Guard is one of the many unusual units in this unique composite but highly motivated London-based defensive garrison, which also includes counter-terror SAS squads and ceremonial artillery guns."
"SUMUKMNAD";"The multinational mix of various NATO airmobile units, each with a well-balanced roster of paratroopers, infantry, and vehicles. This light but flexible airborne division is equally comfortable in close-combat operations as in long-range defense."
"SUMUS101AB";"An excellent roster of airmobile infantry and special forces form the beating heart of this hard-and-fast American airborne battlegroup. Favoring early aggressive pushes, a powerful flying arsenal of helicopters, gunships, and aircraft backs up the boots on the ground."
"SUMUS11ACR";"With excellent recon, tank, and air units, this mechanized battlegroup is best used offensively. Aggressive tactics early on can derail enemy plans, all the while the division builds up to unleash scores of M1A1 Abrams for a mighty late-battle armored push."
"SUMUS1CAV";"The distinguished American division fields a wide array of capable tanks, further bolstered by British armor. With few infantry, this Anglo-American battlegroup deploys several unique Abrams and Bradley variants, dominating the open range."
"SUMUS24ID";"Bolstered by a core of regulars, this American mechanized infantry division can also deploy National Guard units, giving commanders access to numerous cheap but strong forces. Air power is especially formidable, with the F-15E Strike Eagle more than capable of picking off high-value targets."
"SUMUS2MAR";"An uniquely distinct American battlegroup, the iconic USMC expeditionary task force fields a potent mix of marines, air, recon, and helicopter forces. Logistics and heavier arms, such as artillery and tanks, are on the light side, however."
"SUMUS35ID";"A well-rounded National Guard battlegroup, in which numerous second-generation M60A1 main battle tanks can be deployed en masse. Excellent air defense and ground strike aircraft act as potent force multipliers. "
"SUMUS3AD";"The tip of the spear, this offensively geared American division contains powerful high-end armor, IFVs, and aircraft. Slow to open, expensive to deploy, and with small infantry squads, the battlegroup's full potential typically unlocks late into a battle."
"SUMUS6LID";"A mix of airborne and reserve infantry fills up the ranks of this defensive-minded Arctic Warfare battlegroup. Lacking heavy armor, the American multi-service division’s very powerful air support is the ticket to victory."
"SUMUS82AB";"First to fight, this American airborne division prides itself on opening strong with Forward Deployed paratroopers and excellent recon vehicles. Supported by top-end aircraft and helicopter forces, this light battlegroup should avoid being cornered by combined-arms opponents in unfavorable terrain."
"SUMUS8ID";"A strong combined-arms American battlegroup, with an edge in infantry and Ranger squads, supported by potent artillery and air units. While the division lacks speed, its firepower is more than capable of bleeding the enemy dry over time.  "
"SUMUS9Mot";"This high-tech American motorized division dominates the fight with hit-and-run attacks and ambushes. Mobile wheeled ATGM destroyers allow the versatile but light battlegroup to fend off enemy armor, with its National Guard contingent providing additional staying power."
"SUORAXRAFL";"I./Artillerie-Brigade 40"
"SUPFWZYTJK";"MARINIER CMG"
"SUQBCGIDAE";"M70"
"SURTQEQWEO";"4-11th Arm. Cavalry Rgt."
"SUTZHQKJQP";"T805 vz.53"
"SUVJICIZWT";"Kobra"
"SUXOGRJEPT";"BLG66 Belouga"
"SUYFIUOPKW";"3-103. TP"
"SVBDRQTFJY";"#US  41st Field Artillery Brig."
"SVCKWDTODY";"3M9M3"
"SVEHBMUYZL";"19. MOTOSTRELECKA DIVIZE"
"SVHMUBUEGP";"DESANT. SAPERI"
"SVIFBYYFQL";"2-MSR. 2"
"SVRKQGDWAZ";"AKM"
"SVTLKFSYHP";"VKK 421"
"SVVHZSLYZY";"AUFKLÄRER"
"SVVTOBCRXD";"#PACT Kom.-CGV"
"SVYYFITWJW";"M1025 HUMVEE G/VLLD"
"SWAEPDCBHE";"4 DIVISIE OFFICIAL BATTLEGROUP"
"SWBUVULVYM";"A-37B [NPLM]"
"SWBVZQWSYI";"R-73"
"SWFVZJBLNA";"NIEB.BERETY PT-76BD"
"SWJKNGDPFW";"Flugabwehr-Rgt. 300"
"SWLKBORADJ";"T-64RK"
"SWOESKMZMF";"5E DIVISION BLINDEE"
"SWOMKRBJGK";"L7A3"
"SWOMPRVSIW";"CN-105 F1"
"SWPIKAMRSW";"1ST ARM. DIV. OFFICIAL BATTLEGROUP"
"SWQQOCWMZO";"3-166-y  Gv. MSP"
"SWRZNPQPMT";"LEOPARD 1A5-DK"
"SWTGFKUZYN";"EMCFFA/1CA"
"SWTSBGQWBZ";"No. 3/4 Squadron"
"SWTZRHPAPQ";"2-7 Bah"
"SWWJNYPSSG";"PzGren.-Bat. 301"
"SWXBETIJON";"T148"
"SXATWWYSVI";"9. PANZERDIVISION"
"SXEKPTNVKC";"M113 I-TOW"
"SXHAPEUTBA";"W-3W SOKOŁ [AA]"
"SXHFUVVURL";"An infantry assault squad is specialized in close-range combat in urban or built-up terrain."
"SXHHEDZUGP";"MARSOUINS (APILAS)"
"SXJRJLZBUU";"10-YA GV. TANK. DIV."
"SXJXLURWNC";"M109G"
"SXLPEXVKMR";"JYSKE DIVISION"
"SXLPYGVLUU";"2. Motostřelecká Divize"
"SXNTUDPRXR";"#CZ 7. Tankový Pluk"
"SXPFPGCVZJ";"V,/AR-9"
"SXSXPGRRRN";"DSh. PKM"
"SXTHSHXDHW";"III./MSR. 23"
"SXTSOSXZSZ";"KS-23"
"SXWFBSEISC";"F-104G [AA]"
"SXXCJMPXYU";"Esc. de Chasse 4/11 Jura"
"SXZMBFTTEK";"VELITEL MOTOSTŘELCŮ"
"SYAYVGVIND";"1st Engineer Bat."
"SYCITRERCJ";"Type 69"
"SYEDXXBNYM";"3-52-y Gv. Art. Polk"
"SYEPXJWRGN";"AB M1025 HUMVEE CP"
"SYFFZPWMBM";"PIONIERS"
"SYHCNYOVQU";"An incendiary rocket launcher is a specialized man-portable weapon capable of firing incendiary or thermobaric warheads. The warhead is often confused for napalm, but the incendiary rocket launcher in many ways better resembles a stand-off flamethrower. 

Incendiary rocket launchers are effective against enemy infantry and buildings."
"SYHHJLJCYQ";"ARM. RIFLES"
"SYJDEQLTMI";"MFRW BM-24M"
"SYKVIGDFAL";"K.d.A. SCHÜTZEN."
"SYNKVSSECA";"D-10T2S"
"SYPQEANAOT";"27-YA GV. MOTOSTRELK. DIV."
"SYREKLYUHQ";"PZ.BEF. LEOPARD 2A4(C)"
"SYSCKXSEWJ";"Groupement Génie"
"SYWMFZFABK";"WACH. AUFK."
"SYWQWSGCDP";"S-25LD"
"SYXUQAABLS";"1 gb 100 pz"
"SYYAPKUVBI";"FELDJÄGER"
"SYYSZROGDK";"#SOV 40-y Tank. Polk"
"SYZSSZLBUZ";"4-2nd Arm. Cavalry Rgt."
"SYZVJEYQBN";"A-222"
"SYZVWQXMOY";"AH-1F COBRA"
"SZCOCRJKDU";"T-80B"
"SZDBRMISSA";"25-YA GV.TD OFFICIAL BATTLEGROUP"
"SZDWBVLOSV";"RAPIER FSA"
"SZEGMYMNCK";"UH-1N ACP"
"SZENGXUDAU";"2-103. TP"
"SZEQLVMKJW";"DSh. FAGOT"
"SZGENWCFTK";"2S9 NONA-S 120mm"
"SZHRKYDDXU";"USMC AAVC-7A1"
"SZJIYJDBEF";"Kh-28"
"SZKLCJLYOW";"Prime Mover"
"SZNGAXYVQO";"DESANT. UAZ-3151 SNAB."
"SZPNANMQNB";"SS.11"
"SZQCDJMZPU";"M270 MLRS [CLU]"
"SZRRFAFANC";"AUVERLAND A3 MILAN"
"SZSRQJBSTK";"CENTURION Mk.V/2 DK"
"SZZOYBFKQW";"2-375-y Tank. Polk"
"Supply";"Supply Truck"
"Support";"Multiple Rocket Launcher System"
"TACIIIHFDV";"C1"
"TAIKJUKLBK";"CETME C"
"TANGJJSVLC";"79-YA GV. TANK. DIV."
"TAOTTFDDYH";"TOPAS-2A"
"TASQETNXGQ";"Token inexistant JMHUUZQJUQ dans SERIOUS_Localisation_Unites"
"TATYSJKHOO";"84 pz"
"TATZFZUVYM";"82ND AIRBORNE DIVISION"
"TAWKNWKNGS";"BFA-230"
"TAYHMMFFLW";"VOLVO N10 LOG."
"TAirport";"Airport"
"TBBGZWPFZM";"SPETSRAZVEDKA"
"TBDVAQNIUS";"AMX-13 VCI 12,7mm"
"TBFULWVLEP";"MOR. BTR-80"
"TBIGFRMHUM";"2ND MAR. DIV. OFFICIAL BATTLEGROUP"
"TBIUXUJVYU";"2. PZ.GRENADIER-DIVISION"
"TBIYTNTIRI";"VAB PM-81 LEGION"
"TBKUZXLSFO";"DESANT. PLAMYA 30mm"
"TBNHPJVDDO";"Panzer-Bat. 544"
"TBOFTRMBDK";"DESANT. ZUR-23-2S JOD"
"TBPLXSHYFD";"13. Tanková Divize"
"TBTVOBCLLJ";"SKOT-2AM"
"TBVHXOETBF";"#RFA  III. Korps"
"TBYNORYZUL";"CH-47C SUPPLY"
"TBYUAZUNIF";"M2HB x2"
"TCAQZQTJFP";"2-34th Armored"
"TCCSPCCCXE";"AIRMOBILE LDR."
"TCEDOVSSZC";"Mi-22"
"TCFHROTETO";"4-35-ya Gv. DShB"
"TCMATFCCCY";"KS-19M"
"TCQEKUTDHB";"MT-LBu"
"TCRXEWZJHN";"TOA RECO."
"TCTIULMKUD";"247mm"
"TCVOWLUINV";"CHAIKA"
"TCWVXUOPPG";"R-330T TARAN"
"TDAUQLMVEA";"M47E1"
"TDBQUOJHKD";"13-y Razvedka Bat."
"TDBZVHATMX";"2-32 pz"
"TDCHZBFXCF";"WP-8Z"
"TDCLAEMRHO";"CATI"
"TDDGXDWPZW";"SRAAW (M)"
"TDFBGEUHCX";"#SOV 375-y Tank. Polk"
"TDGDWOXFKY";"144 Afdva"
"TDHSIYEHBT";"SPW-40P2 STRELA-1"
"TDIPGUVQKM";"UNIMOG U1300L"
"TDJKFNVBQG";"BK90/L40"
"TDKEIAGNOM";"M249"
"TDKVFJUYNE";"UPK-23-250"
"TDMRSLJMHK";"PzArtillerie-Bat. 75"
"TDMXQNZSDA";"MECH. FUSILEROS"
"TDOFATBEMC";"M72A1 LAW"
"TDPWNDUBQL";"9e Génie"
"TDRFFPDZVU";"DELTA"
"TDRVJSGIAS";"I./PR-15"
"TDUKGTUFXN";"1-151st Attack Helo. Bat. (NG)"
"TDZAGQFYFL";"GRENADIER-VOLTIGEURS"
"TDZJXLGAIA";"SAXON"
"TDZSQVHZVK";"AZP-23"
"TDZTXSDBRI";"M113A1 MUN."
"TEAJXOCGBZ";"BEDFORD MJ SUPPLY"
"TEAYAKVMTY";"ZPU-2"
"TEELHVUVHO";"2A17"
"TEFUQAIOXF";"FJB40-LStR40"
"TEKFWEHYOI";"Su-22M4 [RKT2]"
"TEKKARDQIY";"D-10T2S"
"TEKNKRNBGD";"2-295-y Gv. MSP"
"TEMPAXBQFK";"AB FIRE TEAM (DRAGON)"
"TEPJPKKGDC";"M109A2"
"TESTSTRAT1";"TEST STRATEGIC"
"TESTSTRAT2";"TEST STRATEGIC PLANE"
"TETINRLNHI";"MOBILIZED"
"TFGFFGPIYS";"FIRE TEAM (DRAGON)"
"TFLUMDMELP";"GREEN BERETS LDR."
"TFMEVJEBRO";"EM-12e DBL"
"TFMLUTSUPX";"Madsen"
"TFNZGZCBBT";"PARA. ECLAIREURS"
"TFPCYMKWWK";"BTR-40B"
"TFUJKVLWOI";"MiG-29 [AA1]"
"TFXVJDBDSQ";"VBRG"
"TFYRMCEOYF";"INGENIØRER"
"TGEPUJDPFL";"1-332-y Gv. Tank. Polk"
"TGESJOVAWL";"Fs-FÜHRUNGS ILTIS"
"TGGLXTAMXF";"ECLAIREURS"
"TGHFGIYGKI";"MOR. SAPERI KOMROTI"
"TGHPBFCRAP";"HSS.804 20mm"
"TGITLCGGCD";"Assault squads are infantry specialized in short-range combat, particularly in urban terrain."
"TGJLFHMDKK";"Jäger-Bat. 541"
"TGOGHJFJSA";"ZSU-23-4M1 SZYŁKA"
"TGOLAVPBVF";"#DDR 22. Panzer-Rgt."
"TGPOAOEPFM";"20. PPR"
"TGTOBDIDKN";"LATAMB1"
"TGWFHGAVAR";"1er RCAM"
"TGWJCWRLFR";"78th Tac. Fighter Sq."
"TGWXACQYYJ";"2A64"
"TGXKUUMJEM";"M168A1 Vulcan"
"THADLQVNDQ";"MT-12"
"THDEIKSMEB";"ALPHA JET A [RKT]"
"THDEWVKNZI";"Security units increase their Optics and spotting abilities to Good when not moving. They remain classified as Infantry. "
"THFMHCDEIO";"Mortar"
"THLUJELDMC";"1-JagdG 74"
"THOCKLGISD";"PLK čs 57mm"
"THRUBJLEUJ";"BATTLE RIFLE"
"THVXBQRFVN";"3-51-y Gv. Tank. Polk"
"THWOAZQTOB";"5. Panzer Challenge"
"THYOSIEJSZ";"2-38. DP"
"TICVSKKWIS";"#SOV 240-y MSP"
"TIDKVZHKFD";"15. RESERVE-PANZER6RGT."
"TIIZGHKMLO";"L7A3"
"TIJGYQWXNO";"CH-136"
"TINTBPVBZT";"USMC ENGINEERS"
"TINVGNLPBH";"ROVER KMAR"
"TIOSKIDJIC";"D-20"
"TIWJVGOAJQ";"PzArtillerie-Bat. 35"
"TIWQILOHJT";"#RFA VBK 45"
"TIWSIKZLPV";"PANCÉŘOVNÍCI"
"TJAMALBZZP";"Zgrupowanie Desantowe"
"TJCCTSTKWI";"BVP-1K"
"TJCECMYBFH";"HUSSARDS-PARA."
"TJCEIFEHYT";"SUBMACHINE GUN"
"TJEIZZAGIM";"DESANT. PULEMETCHIKI"
"TJFOATBNKZ";"H.D.R. LONDON OFFICIAL BATTLEGROUP"
"TJGBDKOZNS";"M151 MUTT CP"
"TJMQDBXFVX";"Esc. de Chasse 3/3 Ardennes"
"TJPLYJKDPC";"CH-135"
"TJPOUGQZCB";"Fs.-WOLF FÜH."
"TJQIVKWGYE";"M-30 122mm"
"TJRVFXGQDQ";"32nd Air Defense Group"
"TKAFADKEIB";"I./PR-10"
"TKARFLBMOU";"M693 F1"
"TKDWJLNERL";"#DDR  Militärbezirk III"
"TKFPINZRWP";"2-52-y Gv. Art. Polk"
"TKJYFCDDME";"#CZ 8. Tankový Pluk"
"TKKLQQMFDL";"F-16A [HE]"
"TKKLRUDJJK";"2-390-ya Gv. Art. Brigada"
"TKNJLGNUTX";"103 Verkbat"
"TKODTUYNUF";"MiG-23BN [KMGU]"
"TKOHPJWBRH";"RAZVEDKA"
"TKPHCIVHWN";"FK20-2 20mm ZWILLINGE"
"TKPXWLNVCG";"EERSTE LEGERKORPS"
"TKRSAVHTKZ";"9M14P Malyutka-P"
"TKTCPLHXXC";"Python 3"
"TKTPFOEHYG";"FLAMETHROWER"
"TKXMVXFSOH";"M68A1 (XM900E1)"
"TKYCQOXMIT";"Armored vehicle designed to carry infantry into battle and provide direct-fire support. The Infantry Fighting Vehicle (IFV) is typically armored and armed with potent weapons, including ATGMs. This allows them to be effective against an array of ground targets, from enemy infantry to tanks."
"TKYDIUKJZV";"D-30 122mm"
"TKYHJNTIJG";"2-50 pz"
"TKYZTXRYWS";"34 pdes"
"TLCHPBTRPF";"2S12 120mm"
"TLDNSESSBS";"AH-1F TOWCOBRA"
"TLGQFELWXB";"3-95-y Gv. Tank. Polk"
"TLKJMAZYKI";"A.109HA-1"
"TLLQGGIMGQ";"FRR-7"
"TLPQIPWMHE";"TOW"
"TLRHDVQNGX";"32-y otd. Tank. Bat."
"TLWXLTXOPH";"SVO"
"TLXIWJKWEJ";"I./MSR. 18"
"TMDDJFRVCG";"Malyutka-M"
"TMGZDTBMCH";"Sa Vz.58P"
"TMIWDGIPVC";"MiG-23BN [CLU]"
"TMJINUJQHK";"171. Plrp"
"TMQNGCDEVK";"421TFS"
"TMRLYZQNJW";"LEGION.-SAPEURS"
"TMSATJEDJS";"C.12 [CLUS]"
"TMTERLOSCQ";"DESANT. GAZ-66 ZU-23-2"
"TMWQFFIFMS";"SCHWIM.PZ. PT-76B"
"TMZRWIXZWI";"DA-Zgr. Des."
"TMZXDBVSDY";"OTDELENIE PODDERZHKI"
"TNBEULDFOG";"248-y (MLRS) Polk"
"TNGVVXGGHC";"MOR. STRELA-10M"
"TNMOJAMIRF";"35TH INFANTRY DIVISION (MECH.)"
"TNOZENIXHA";"TRM-2000 TARASQUE"
"TNUHRQNZBF";"REZ. BS-3 100mm"
"TNWIYYSRTM";"ASh-78-3"
"TOAGVNJXPI";"104 Verkbat"
"TOBEDPXBXD";"409TFS"
"TOBPXEUXZE";"Su-17M4 [RKT]"
"TOCQBCTZUP";"BM-43"
"TOCZLPKMIM";"BMD-2K"
"TOESQGZLAD";"ASPIDE TOLEDO"
"TOFHWGIMZX";"FR-F1"
"TOFZIZMLWF";"1-8 pcz"
"TOHHRCNZLE";"11 prplot"
"TOLPYDJMQX";"OT-65 RL"
"TOMGLEJKRZ";"4-68th Armored Bat."
"TOVCKJKZIO";"CLKA"
"TOWEHUBUYP";"M198"
"TOXPDIIVGF";"MB 1017"
"TPBTLSBOKN";"Aufk.-Bataillon 17"
"TPIXUWGYJL";"UNGUIDED BOMB"
"TPKLTVMNCS";"III./MSR. 16"
"TPNDHLQAYO";"#RFA  15. Panzer-Brigade"
"TPNMSQRTJR";"Reservist"
"TPNOOEQZDA";"RIFLES PATROL"
"TPSHPLBYJX";"12 Tkbat"
"TPUTQGEHNV";"Kar 98K ZF"
"TPWGORIIPD";"CL-289"
"TQALOBBCQT";"vz. 53"
"TQATCLYPLW";"3-62-y Gv. Tank. Polk"
"TQDXQDMIFZ";"300mm"
"TQEYORJHEU";"2A45M Sprut-B"
"TQFYOEIPLP";"15 DYWIZJA ZMECH."
"TQGCLPAQXJ";"AUFKLÄRER"
"TQGOYIBOPP";"4-4th Cavalry Rgt."
"TQIINIQSZN";"M113A1 VERK."
"TQJQTUJYUD";"AML-90"
"TQKWIGBXUL";"JOH-58C"
"TQMSAOOKAT";"URAL-4320 ZU-23-2"
"TQNEOVJBFS";"BTR-50PK"
"TQNHPRVXEO";"1-66th Armored Bat."
"TQNVBKFDPT";"2A36"
"TQPBIFCLHA";"MAG"
"TQRHCLPRRJ";"25 pcz"
"TQTFTRFOWZ";"BERLIN RIFLES"
"TQUMUBRSBF";"20 DIV. PANCERNA"
"TQVNNJWLUA";"TOPAS-2AP"
"TQXOUBMPUD";"1 Para Bataillon"
"TRHPSBZSRZ";"PALR MILAN 2"
"TRICEUGFKK";"S-13"
"TRLMPSIPFC";"Fs-EINSATZGRUPPE"
"TRMFZAFGLF";"AMX-30EM2 SABBLIR"
"TRMXXAUDCM";"M462 (supply)"
"TRRMZKUOLC";"Bofors L/60"
"TRTDVWKQUB";"Invar"
"TRWGBWMTEA";"Flugabwehr-Rgt. 230"
"TRWZTXYOHF";"FORMOZA"
"TRYTEHDJSR";"3-2nd Arm. Cavalry Rgt."
"TSHOGYCOOK";"GAZELLE AH.1 CP"
"TSQTHTXUJO";"GAZELLE HOT 2"
"TSQUAAPXLS";"Eryx"
"TSRDYOQFEI";"FÜPZ. T-54AMK"
"TSSTHAFZVN";"L7A3"
"TSULIAWOVS";"1-73 pcz"
"TSVSKLPAXI";"M-109A1B"
"TSVZPHOVBU";"Electronic Warfare"
"TSWJDEDBGQ";"AV-8B HARRIER II [TRM]"
"TSZUBGAFHW";"Jäger-Bat. 77"
"TTDTYJMPZJ";"S-53"
"TTHFPULZNS";"This unit is composed of law enforcement, civilians, or paramilitary personnel, raised to active duty to support a nation’s regular military. While trained, they typically lack front-line combat experience or instruction in heavy weaponry and equipment."
"TTJSAFIGSN";"M47 DOZER"
"TTKKJMWGPA";"This unit is composed of soldiers who are highly motivated, well-drilled, or politically indoctrinated. Going into battle with plenty of enthusiasm, these eager troops will endure even the hardest battlefield conditions in stride."
"TTLFBSXFFG";"#SOV 138-y otd. Tank. Polk"
"TTLFGHGBHA";"BRDM-2U"
"TTRBSAYZQM";"BERLINER GRUP. OFFICIAL BATTLEGROUP"
"TTVEYMBZFB";"BMD-3"
"TTWARAVBFQ";"N.G. REDEYE"
"TTYQBAIHUI";"Bombs"
"TTYXGDLYCT";"CG2CA"
"TTZKUNQXKJ";"Su-27S [AA2]"
"TUAUFUMNKN";"R-13M1"
"TUHFRAMZXN";"FK20-2 20mm ZWILLINGE"
"TUHGUOLNXZ";"6-YA OG MOTOSTRELK. BRIG."
"TUKAFNJTOD";"M-46"
"TUMXAZOPFO";"GAZELLE CANON"
"TUQYSHXIIU";"Mi-2"
"TUTSOGFLCK";"3-67. MSP"
"TUUXRFRGCU";"TOW-2"
"TUVQGSSLVV";"Stab-5. Panzerdiv."
"TUWBRUTMXR";"AIRMOBILE"
"TUZAMVZNFC";"PARA. M40A1"
"TVABMECNRW";"PIONIER"
"TVDJXAMVCL";"M21"
"TVFYQTBVDC";"cas"
"TVHOYVUTSY";"JÄGER AUFKL."
"TVIMMLBMOM";"4-385-y Art. Polk"
"TVKFDZLZYB";"Mi-24D [AT]"
"TVLMXNVGIF";"1-33 pz"
"TVOAHYRTTO";"1-27 pz"
"TVODWBMGQZ";"(1-8th GA MLRS)"
"TVQLARLEKW";"DD-10 DZ"
"TVTAHXGQLR";"MOR. 9K55 GRAD-1"
"TVVATXCNPV";"III./AR 17"
"TVXDETKWEV";"A small, hand-held explosive that can be thrown by an individual soldier.
Grenades can be encountered in many shapes and sizes, including fragmentation anti-personal, smoke grenades, gas, or even anti-tank grenades. As extremely close-range weapons, they are used in various combat situations, including clearing houses or bunkers, thrown into vehicles, or as boobytraps. Due to proximity and sometimes large blast radius, grenades are often equally dangerous to the user as to the enemy. "
"TVXZDGMUSM";"9A51 PRIMA"
"TWAKYXXWFE";"FALLSCHIRM. FÜH."
"TWAVATUXYX";"PZ.AUFKLÄRER"
"TWBSNJRXIG";"K.d.A. AUFKLÄRER"
"TWEITWICZD";"I-HAWK"
"TWGUQYHYIZ";"#CZ 3. Motostřelecká Divize"
"TWHRTATZZG";"N.G. OH-58A"
"TWMUDEUBXJ";"CHIEFTAIN MK. 10"
"TWMUJDXNDF";"A submachine gun is a quick-firing, short-range firearm.
Submachine guns (SMGs) fire smaller cartridges, most often used in handguns, which allows for a more compact and easier to wield automatic weapon. This also means their stopping power and range are less than a heavier assault rifle. Rear-echelon troops or vehicle crews frequently field submachine guns as a personal defense weapon. "
"TWNQWAQLEZ";"SAS"
"TWPJEPNNUZ";"AIM-9N"
"TWRXOGEVSY";"DESANT. 2B9 WASILOK"
"TWUGIFYFQE";"MK-77"
"TWUMKONBDV";"1er Chasseurs Ardennais"
"TWUNXZAQWO";"TOW 2"
"TWXTEEYLYD";"M-43"
"TWYXBMZMDI";"4-308-ya Artilleri. Brigada"
"TWZUBLSWRO";"LuAZ-967M AGS-17"
"TXBMHTUBJH";"1-199-y Art. Polk"
"TXBPFWKNIJ";"M106 MORTAR"
"TXCGUDJXQD";"HARRIER GR.3 [AA]"
"TXELYJDQUL";"I,/KORB"
"TXFQBVMTIM";"19e Génie"
"TXHJLKHJIS";"N.G. XM1058 US-ROLAND"
"TXHSOEGRJP";"T-54BK"
"TXJSUWVGLD";"VBK 45"
"TXOHYUYGBY";"28 pułk zmech."
"TXTNNGPIUS";"4. DYW. ZMECH. OFFICIAL BATTLEGROUP"
"TXVMCBTAVP";"R-33S"
"TXVNGZJZXD";"II./AR 11"
"TXVWSNVWAC";"DESANT. LuAZ-967M KOM."
"TXWOJQJRNA";"GEBIRGSJÄGER "
"TYEQYUJZYH";" PANTSERINF. (LAW)"
"TYFZTSCTCE";"MiG-21MF [AA2]"
"TYHGEVOHRI";"3e Lanciers"
"TYHPDRYJCO";"61e Rgt. d'Artillerie"
"TYKEYRZBGH";"AKM"
"TYMBFIYWOP";"CHINOOK HC.1 SUPPLY"
"TYMUJKSIYL";"PARA. MO-81-61-C 81mm"
"TYRAVVVEMV";"BOFORS L70"
"TYRMBBMXYR";"#SOV 16-y Gv. Tank. Polk"
"TYRTAKRFGF";"HSF"
"TYTOKZEVTR";"M1025 HUMVEE CP"
"TYTUCNYMSY";"VKK 241"
"TYWIABCWNT";"AB TOW-2"
"TYXGMWOIXI";"1-288-y Gv. MSP"
"TYYFBMIUBJ";"JÄGER AUFKL."
"TYZSWZCDJY";"MOTORISED SCOUTS"
"TZAGIEZTDW";"93mm"
"TZDPQTYDWM";"2S1 GVOZDIKA"
"TZHTWRWBRV";"DESANT. GAZ-66 ZU-23-2"
"TZJDSMYTVR";"SPETSGRUPPA V"
"TZJSHPCMWY";"#DDR  24. Mot.-Schützen-Rgt."
"TZKTOQPNQO";"YCQM-121A PAVE TIGER [EW]"
"TZLQFSVFZF";"#RFA Panzerbrigade 29"
"TZNVYASNET";"JG-8"
"TZQISBSXKT";"2-PR-22"
"TZYDAWEUWA";"ROVER MILAN"
"TZYGPKVMOG";"Pz.Gren.-Bat. 223"
"Test_Unit";"Test_Unit"
"Test_Weap";"Test_Weapon"
"UABBGGZOTN";"ERC-90 SAGAIE RECO"
"UADCONRXIM";"Jäger-Bat. 621"
"UAEHSXFGOJ";"DESANT. WD-43"
"UAFRPKMNYM";"Su-22M4 [RKT]"
"UAGIRXLVGM";"M-46 130mm"
"UAGXQEOSKO";"UH-1N SCOUT"
"UAHDUUOKXH";"KPz. T-55AM2B"
"UAMGREVPNN";"Otd. Tank. Bat."
"UAMMWKEQDW";"6E DIVISION LEGERE BLINDEE"
"UAPBPYLZZW";"F-4F [HE1]"
"UAQVVCWMTP";"3e Carabiniers"
"UASLZYOQCE";"RM vz.70"
"UAUAEBTRJR";"2-29-y Gv. MSP"
"UAWPPSCRQP";"DESANT. KOMANDOSI"
"UAYWMIJBXA";"REZERWISCI (SVD)"
"UBAYQRBFSB";"SAPEURS"
"UBERKKDTZG";"5-8 Bah"
"UBKUBJIPRS";"BDX"
"UBMMIYRTRN";"M551 ACAV"
"UBMQUMRRZK";"Uru"
"UBOLQTFSXU";"#SOV  211-y Gv. Tank. Polk"
"UBPZXRXKCY";"1-13th Armored Bat."
"UBRGWBZRIL";"#US  82nd Airborne Div."
"UBRJWXTLYH";"BHELA I"
"UBVUTHGMOA";"F-104G [AA]"
"UBZBSTTMEG";"3-63rd Armored Bat."
"UBZGSSLRPM";"GSh-23L"
"UCBKVJLHZL";"2e Etranger"
"UCFLJNECST";"2A65"
"UCGDEZLION";"KPz. T-72M"
"UCGQCGMQCZ";"2-6 pz"
"UCGZPYTWLX";"3-PR-19"
"UCHGNEBJWY";"9-YA GV. TANK. DIV."
"UCIIGXTHXP";"Mk 83"
"UCJUEMXRPX";"GVARDEITSY (BMP)"
"UCKJFZDBLF";"MAS-49/56"
"UCLMNRLCFV";"CMDT PARA-CMDO."
"UCOTFNGVUG";"AR-70/90"
"UCPMYNEDLH";"SKYGUARD CV 35mm"
"UCSQRNUMQQ";"2A42 "
"UCTMMCSHFO";"3-249-y Gv. MSP"
"UCTWUPUWTZ";"MOTOSTRELKI CUBA (BTR)"
"UCUMUYKNQB";"787-y IAP"
"UCVXXLOUBF";"Belgische Luchtmacht"
"UCZAIMKBRA";"R550 Magic"
"UDBTXIUIJW";"3-3 pcz"
"UDCMJEPIPT";"SCHMEL-1"
"UDCQRBNBVH";"DESANT. 2B14 82mm"
"UDDLMZTPUV";"Br-2M"
"UDFHVBDJZV";"PRŮZKUMNÍCI"
"UDQQSBAMNH";"PHANTOM FGR.2 [CLU]"
"UDTENMIYDD";"SUPER ETENDARD [AT]"
"UDUBUDNOAU";"2-68. MSP"
"UDUKUYUNGJ";"Mi-17 [RKT 1]"
"UDVSSVFHLQ";"AIR-TO-GROUND ROCKETS"
"UDWBWSNGIK";"#RFA  64. Heimatschutz-Brig."
"UDWNOMPYUJ";"Mi-8T"
"UDXYROJWVH";"Amphibious"
"UDZAXXDQUX";"OT-62/R4MT"
"UDZHTMAJML";"3-52nd ADA"
"UEAGAZCLDQ";"1. TANKOVÁ DIVIZE"
"UEDNMGQMZQ";"SCOUT AH.1"
"UEGFXOIFUD";"Mi-24V [AT]"
"UEGOUMRDSY";"1-1054-y Art. Polk"
"UEGUTODADY";"21-YA STRELK. DIV."
"UEIECTIVYC";"VKK 333"
"UEJEWHWCWV";"RIFLES"
"UENDXQIXJE";"3-44-y Gv. Tank. Polk"
"UENUNAIAAY";"1-24 pcz"
"UEOMCLDZIL";"MT-LB"
"UEWKHDZDEU";"MAN 630 L2AE"
"UEWYSVTASC";"1-70-y Gv. Tank. Polk"
"UFAZWXEZZG";"1-211-y Gv. Tank. Polk"
"UFCUPPXLZW";"3-PR-23"
"UFDAONQWSI";"FAL Scope "
"UFDOJXCGFV";"PzGrenadier-Bat. 131"
"UFDYZWLRWU";"R-3R"
"UFFGOEKOYL";"L7A3"
"UFFUEBRKXZ";"1-29-y Gv. Tank. Polk"
"UFILMATBGZ";"HQ-CFE"
"UFMXXVQJJS";"V-600"
"UFOXNABUBL";"CHIEFTAIN MK. 10 CMD"
"UFPJTIQCLR";"Su-24M [AT1]"
"UFSVPYGJWE";"11 Afdva"
"UFTBEDMXWO";"KAB-500L"
"UFTQXABKWD";"III./MSR. 22"
"UFWSWUSZWD";"PINZGAUER 712M JAMMER"
"UFWUXIBVOT";"138-y otd. Tank. Soviet Polk"
"UGCLICQOVN";"JAGUAR [AT]"
"UGCMOMNCHK";"1-1-y Gv. Tank. Polk"
"UGDHLAULRO";"1-41 pz"
"UGEVLKUHID";"Artillerie-Bat. 535"
"UGIDVVTZZQ";"TORNADO IDS [HE]"
"UGJUUYNPLY";"1. MSD"
"UGKDOPAYTF";"25-YA TANK. DIV."
"UGLJLVWDED";"100 pułk zmech."
"UGONPYOPAA";"#RFA Artillerie-Regiment 10"
"UGORSJDJKL";"REZ. PM-43 120mm"
"UGQBHDXNMT";"RakArt.-Bat. 42"
"UGSNXKABCG";"5-3rd Field Artillery Rgt."
"UGTDJDEYGQ";"1-32 pz"
"UGVXNXMIFC";"AH-1W SUPERCOBRA [AA]"
"UGYAVPKQHC";"MiG-23BN [RKT]"
"UHCUPMBZET";"T-34/85M DOW."
"UHCYBLIEFI";"División Meca. Brunete n°1"
"UHJYCWXIWL";"The standard weapon for a large number of frontline soldiers, the battle rifle is effective against enemy troops at intermediate ranges.
Heavy and powerful, battle rifles are very accurate and deadly when the shooter is immobile, but quite less than an assault rifle on the move, especially since it uses smaller magazines. Most assault rifles can be modified with accessories such as scopes, foregrips, night vision devices, or single-shot grenade launchers."
"UHOUTPMSAL";"M58 MICLIC"
"UHPTVZIXCH";"[SHOCK#trait_SHOCK] [PARA#trait_PARA] [SML#trait_SML]"
"UHTWRUOZUB";"B-4"
"UHWWTTDLBF";"1-322-y MSP"
"UHYSDMAWEG";"GROUPE ANTICHAR"
"UIAUCMJBUY";"HQ-2"
"UIDVNVKPJG";"VKK 352"
"UIEVELUDYK";"2-51. MSP"
"UIIWQKDOSO";"Aufklärungs-Bat. 5"
"UIJCKEIBIP";"#CZ 64. Tankový Pluk"
"UIMCPUMZUX";"2e REP"
"UIPJANMGQT";"#RFA  19. Panzergrenadier-Brigade"
"UIQVSYZEVI";"102 Verkbat"
"UIRROWGHJV";"L8A2"
"UITXMSCJZS";"DRAGON I"
"UIVUFFCOJT";"BM-14M"
"UIYBROWPRB";"OT-65VP"
"UJABTWUSMV";"3. DLMB"
"UJCATGRFNM";"4-1054-y Art. Polk"
"UJDOKDZXAV";"R-13M"
"UJGHYBRNRS";"#RFA VBK 47"
"UJHGPIYARA";"2K22 TUNGUSKA"
"UJHXVAUFTT";"AGM-65E Maverick"
"UJIRMSRMDF";"#SOV 153-y Tank. Polk"
"UJISDDTCIQ";"170e Infanterie"
"UJJPWHMYIO";"2A44"
"UJKJRPMDFA";"AMX-30EM1 RECO."
"UJLWJJWOHX";"FALLSCHIRM.-MG-3 7,62mm"
"UJMGSUXVSE";"#FR 15e Division d'Infanterie"
"UJMWGQIZDB";"7. PANZERDIVISION"
"UJOGQCZKUZ";"AGM-65E Maverick"
"UJOKCIQLZX";"PARA. ROVER CP"
"UJSYLVNMMT";"JG-1"
"UJUVGOZYIV";"CH-53G"
"UJUVNYYFIF";"M113A3"
"UJUZXXUCSF";"ADEN Mk.4 x2"
"UKBJIMWOHT";"III./PR-10"
"UKEWNSDWXA";"Swingfire"
"UKHSEKPKYG";"AB M1025 HUMVEE CP"
"UKISMQORGW";"BOFORS 57mm m/54"
"UKLNNEMOYK";"This unit is an Unmanned Aerial Vehicle, a drone piloted from a the ground by an operator and used for reconnaissance. Small, slow & silent, it is hard to spot by the human eye and intended to be discarded as a bird by radars."
"UKMPLYOTKP";"This unit features the oft-detested military police. As law enforcement, they ensure order behind the lines and instill harsh discipline within an army’s ranks."
"UKTYPNFRTY";"84mm HEAT"
"UKXNXWVBUY";"2e Bataillon Commando"
"UKXZSGTSGU";"#NL 11 Pantserinfanteriebrigade"
"UKZNORQUZM";"M577GA2"
"UKZPABUVIO";"VKK 245"
"ULCDJWYJNA";"HMG TEAM (M1919A4)"
"ULDZAKQCDL";"SEA KING S-61A."
"ULFNHFCZSB";"#RFA  5. Panzergrenadier-Brigade"
"ULGFRKUUXH";"BTR-60PBK"
"ULHDKRSWKK";"Panzer-Bat. 344"
"ULHJBRGNRG";"N.G. SCOUTS"
"ULHXKDCTDR";"RPG-26"
"ULJGHMIFYI";"Pz.Gren.-Bat. 122"
"ULKJHHZSMS";"1-505th PIR"
"ULKNQKHABB";"B-10"
"ULNKNYJFXO";"5 prplot"
"ULQLTFSKIY";"3-33-y MSP"
"ULRWFVPWMD";"Mk.18 RET"
"ULXGADAURW";"An air-to-ground missile (AGM) is designed to be launched from aircraft against ground targets. Depending on the combat role, various propulsion, warheads, and guidance modes are available. Most AGMs are fire-and-forget, while some require active or semi-active guidance onto a target.

Air-to-ground missiles are potent stand-off weapons. They are useful in surgical strikes against spotted high-value targets such as main battle tanks, air defense systems, artillery, and command units. Older-generation AGMs might lack accuracy."
"ULYXYIJWQL";"MiG-23BN [KMGU]"
"ULZETPDUFP";"F-16A [CLU]"
"UMAONRMPZB";"HU.10 MANDO"
"UMFQTYMPQM";"ILTIS MILAN 2"
"UMHBRYJSCG";"OH-58C Scout"
"UMMTERLFHP";"F3 AUTOMOTEUR 155MM"
"UMODVHEHSF";"MIRAGE 5BA MIRSIP"
"UMPVBDYXCY";"PIONIERKOMMANDO 1"
"UMQWGHESBS";"#SOV 3-ya Armiya"
"UMRHYSTFGG";"#SOV 283-y Gv. MSP"
"UMWQYAACAK";"AUFKL. Mi-14PL"
"UMYPTQHMSD";"2A72"
"UMZDUYMDLM";"M-30 122mm"
"UMZKDUMTNU";"4 DYW. ZMECHANIZOWANA"
"UNAMBVGKHY";"REZ. BTR-60PA"
"UNCZVMGPSQ";"3RD ARMORED OFFICIAL BATTLEGROUP"
"UNJKRZAULJ";"Tampella"
"UNKVNHDVKQ";"45 Painfbat"
"UNNQTESFQS";"1-400-y MSP"
"UNOZVVHXPD";"19-y Gv. APIB"
"UNPERXCQJZ";"Anti-Tank"
"UNTBRWWSBX";"WESSEX HC.2 SUPPLY"
"UNUFWDPFDW";"UH-1N SUPPLY"
"UNXEWCOFPO";"TOPAS SPG-9"
"UNXZVVDUXW";"N.G. SCOUTS"
"UNZEGKAIRG";"D-25T"
"UOAAHWXNSK";"9F53"
"UOGLWCZBQK";"PANZERMÖRSER"
"UOHMUEQDBK";"M1 81mm"
"UOIUADXWWO";"MOT.-SCHÜTZEN (BTR)"
"UOIYAANQXO";"EE-15"
"UOQDJFTBUM";"Air-dropped explosive weapon that ejects small unguided cluster bombs."
"UOSOPWRCIF";"6 Brygada Powietrznodesantowa"
"UOTDVWSPZR";" RT PRŮZKUMNÍCI"
"UOTPORVZZA";"L37A2"
"UOUBCWQKET";"3M9M1"
"UOVUFPAFSA";"MiG-21bis [NPLM]"
"UPAGROBMEC";"MT-LBu"
"UPCNPMGYLD";"BTR-70 S-5"
"UPCXZZDTII";"DShKM"
"UPDRXREJUY";"DM34 HAFLA"
"UPIDCEQJOE";"MARINES TOW-2"
"UPKIJCLXVJ";"A submachine gun (SMG) is a quick-firing, short-range firearm. This type of weapon fires smaller caliber rounds, which allows for a more compact automatic weapon. SMGs are frequently fielded by assault infantry or rear-echelon troops and vehicle crews as a personal defense weapon.

A submachine gun's range, accuracy, and damage are less than that of an assault rifle. The rate of fire is higher, making them better suited for close or urban combat. "
"UPNLAHYUUS";"FÜPZ. T-72"
"UPVIJMRTDF";"M201 AA52"
"UPYSVAUCZQ";"GPU-5/A Pave Claw"
"UPZGYQWIYB";"#UK  3rd Armoured Division"
"UQAPNJQHPU";"142 Painfbat"
"UQBXPWSTLN";"2-6 Baa"
"UQCNWGUXTN";"81,/115-y otd. Tank. Polk"
"UQCTRBWSWG";"3. LVD"
"UQDZSKKTZF";"CH-135 [AT]"
"UQGGMOVSXC";"Su-24 [SEAD]"
"UQJBVCGSOQ";"#CAN 1 CMBG"
"UQLDXSXEGZ";"EM-1ère DB"
"UQMDGUJBNP";"HQ-1 (BE) Corps"
"UQMSVYKMIO";"138-Y OTD. TANK. POLK"
"UQMTDTXFXO";"RAZVEDKA"
"UQMVBWUAJB";"ROLAND 2 CAROL"
"UQNJNJDIKF";"1ST LLD. DIV. OFFICIAL BATTLEGROUP"
"UQNWNEMPKY";"OT-62/R4MT"
"UQNZJCRJTK";"9K115 METIS"
"UQODQNBBAM";"StG 77"
"UQQWJAKEXF";"GeWa-20"
"UQQWRMNYWW";"1-12 pz"
"UQRDAOFRUY";"KRAKA FÜH."
"UQTQOEWSSE";"MG3"
"UQXQMFNUDU";"2A51"
"UQXTZFHCHJ";"Su-22M4 [AT]"
"URDXTPMJRD";"Pod ADEN Mk4"
"URFJILETYJ";"L6 WOMBAT"
"URGWDXPBBL";"#RFA 74. Pionier-Rgt."
"URJLOCZIZC";"L4A4"
"URMQZIHLJF";"R-77"
"UROCHVUSYE";"3-362. DP"
"UROZEQOXAY";"DD-12 DZ"
"URPLGOTLTH";"RM vz.51"
"URQVCIEAYV";"486-y Otd. Vertoletniy Polk"
"URSFOAHGNN";"FR. POLIZEI-RESERVE"
"USHXILZCQF";"439TFS"
"USLHXCVPHJ";"F-85 M40A1"
"USLRGXMTIA";"DESANT. UAZ-3151 AGS-17"
"USNCXPWZOJ";"1-119-y Otd. Tank. Polk"
"USPJXQKSDW";"MIRAGE 2000C RDM [AA2]"
"USPXRRBPHO";"WP-8Z"
"USQJPKRLLN";"9-y Razvedka Bat."
"USQQXYJOKA";"PHANTOM F.3 [AA]"
"USTVGTBHPR";"32 pułk zmech."
"USUXFAVOYQ";"INGENIøR"
"USVRBEFYKF";"M1 ABRAMS"
"USWQVHDRYY";"ALPHA JET [HE2]"
"UTAVFJMDZZ";"Oerlikon KBA"
"UTGBWYJOYH";"M14"
"UTKHOTNKZA";"EM-15e DI"
"UTLFYBXZUW";"Falanga-P"
"UTMAFZEWHI";"Royal Scots Dragoon Gds."
"UTMJLVVNDC";"Panzer-Bat. 633"
"UTNBRCIWMT";"JRROF"
"UTNPWYVTOT";"TORNADO GR.1 [HE]"
"UTTAKVWLJR";"(Crimean Defence Force)"
"UTUDSOVAEO";"4-8 Bah"
"UTZRHTSPNX";"AML-60-12"
"UUFHCLNQIB";"Jäger-Bat. 106"
"UUHBZNQZBM";"AK-74"
"UURHECKSYM";"4-724-y Gv. Art. Polk"
"UURIZKJXEE";"Mi-24D DESANT"
"UURTIPQZNY";"TRM-10000"
"UUUZXXSGLH";"Esc. de Chasse 1/3 Navarre"
"UUVEBCYZUK";"#SOV 166-y Gv. MSP"
"UUWOVZUMOZ";"8TH INFANTRY DIVISION (MECH.)"
"UUXJYTZNGV";"#DDR 30. Mot.-Schützen-Rgt."
"UUYSETCGTJ";"Barret M82"
"UUZTNDTOUK";"R-98MT"
"UVANJEDFEA";"PARA. SCOUTS"
"UVBTMEUSOK";"2A19"
"UVDUFSEEQV";"BTR-70 RYS"
"UVKGREJKZY";"HS-831A"
"UVKUHQFBYB";"2de Lansiers"
"UVLZJZOSUV";"TOS-1 BURATINO"
"UVPTRTEEDZ";"Panzer-Bat. 153"
"UVQROIZSGJ";"3-38. DP"
"UVRAKNXRQG";"AIR-TO-GROUND ROCKETS"
"UVSUWQHIVC";"GACA ATP XI"
"UVUCAJSXYT";"#RFA  11. Artillerie-Regiment"
"UVUNYGBORW";"Mi-24D [AT2]"
"UVYFKYAMJV";"4-71. KDBr"
"UVYYPMGYZR";"9. Stíhací Letecké Pluk"
"UVZJJMLJDS";"Sicherungs-Bat. 4452"
"UWBNCTSOUZ";"#SOV 278-y Gv. MSP"
"UWDQWNQYQB";"R-60M"
"UWFITUIDDO";"L65/120 120mm"
"UWQWEZOGAV";"M12"
"UWRZUZZYGA";"CENTURION Mk.V"
"UWYFLHJYPV";"Pionier-Bat. 210/250"
"UWZJQVJVFI";"5 pułk zmech."
"UXDHRJQVSG";"AMX-13 Mod.56 PC"
"UXDTZFMKZD";"M55 Maxson"
"UXFYDBEDPF";"FRP ROLAND 3"
"UXIQOKYDLB";"FH155-1 155mm"
"UXKABOEGMH";"2-6-34-ya Artilleri. Div."
"UXLJFURKKB";"BLG66 Belouga"
"UXMSZDAZDC";"CMDT MECH. FUSILIER "
"UXNKEXMRMZ";"OBÚS 203/25 M115"
"UXPHICGLYS";"AMX-13 DCA"
"UXPMHETMAX";"ECUREUIL"
"UXRLWYNPUE";"Panzer-Bat. 54"
"UXSDAOQEDQ";"AB MP PATROL "
"UXUIBSNNNJ";"BS-3"
"UXVHJORDPX";"SAS PATROL"
"UYATSIXAFW";"Stab-12. Panzerdiv."
"UYETZGOFIX";"USMC LAV-25"
"UYEUXQQBOG";"III./PR-16"
"UYFGNSBJAW";"#CAN 1st Canadian Air Division"
"UYIYEYCCSG";"An air-to-air missile (AAM) is one of the primary weapons aircraft use to destroy airborne targets. Optimized for a specific range envelope, these sophisticated weapons feature different propulsion methods, warheads, and guidance modes, such as radar or heat-seeking.

Some AAMs are designed for long-distance combat with a preference for speed and range. Short-range missiles emphasize maneuverability and are most often used during dogfights."
"UYJALNLOYI";"AIR-TO-AIR MISSILE"
"UYJKSPHOKS";"Mi-8TARK"
"UYMLKZXCRJ";"Strela-3"
"UYMTMOLREJ";"TERRIERS PARAS"
"UYOJGNSKWW";"MILITARY POLICE"
"UYQUZFRKTZ";"16 bdes"
"UYUJRDJGGN";"BK90/L40"
"UYWCQNITED";"Mini-Uzi"
"UYWJOMFBHS";"PLRK S-10M"
"UYYFMAMVHS";"ILTIS CP"
"UZAFWOMUBS";"2-227th Attack Helo. Bat."
"UZBIRPDEJO";"SNIPER"
"UZCBVZIGWN";"BTR-40B"
"UZCDOMCAQF";"101 Tkbat"
"UZFBDTGRIW";"I,/The York Volunteers"
"UZIAYMXFZZ";"N.G. RIFLES (M67)"
"UZKFJANVFY";"27-YA GV. MOTOSTRELK. DIV."
"UZKJUPNFLB";"7.62mm"
"UZOWQUVILK";"M59 155mm"
"UZSEOTPZYB";"47-YA GV. TANK. DIV."
"UZSGGHUQPL";"USMC RECON"
"UZUPQEBUYZ";"7e Blindee"
"UZUXPNUGSM";"HARRIER GR.3 [HE1]"
"UZVBJFBSZR";"#ESP Brigada Mecanizada 11"
"UZVQLQKVPP";"Token inexistant PAHRYYTNTY dans SERIOUS_Localisation_Unites"
"VAATGIMUGQ";"CERBERE 76T2 20mm"
"VAAZYOGSYP";"CH-53E SUPPLY"
"VACGQKJLMG";"Geb.Art.-Bat. 235"
"VAFLSUNPTO";"Heimatschutzbrigade 64"
"VAGSBBYCRK";"HR.15 MANDO"
"VAGXYMMFAI";"MOR. PLAMYA 30mm"
"VAJTRMPDUU";"I-III./Artillerie-Brigade 40"
"VAKPWVTUYW";"#SOV  34-ya Artilleri. Div."
"VALBSFPXUZ";"SRAAW (L)"
"VALPBMQZBM";"MG3"
"VAOASKFAGT";"NIEBIESKIE BERETY"
"VAPJIZAXNY";"LYNX AH.7 CHANCELLOR"
"VAQCERVWDC";"227mm"
"VASOZMZJWK";"REZ. STRELA-3"
"VATQGXHMHY";"KPz. T-72S"
"VAWJXCZVJV";"3-265-y  Gv. MSP"
"VAXNBTTGDI";"M3 BRADLEY CFV"
"VAYDXHBMMQ";"AM50"
"VAYGMOZAXX";"An Unmanned Aerial Vehicle (UAV) is a remotely piloted drone. UAVs fly reconnaissance missions, providing battlefield surveillance without putting a human pilot at risk."
"VBDTMOEDIP";"92nd Tac. Fighter Sq."
"VBFAVTUKLA";"PARA. JAVELIN"
"VBIOESGPNX";"#US 10th Tac. Fighter Wing"
"VBIRXDYEPR";"This unit is composed of soldiers trained to fight with an Infantry Fighting Vehicle (IFV). Following an army's mechanized infantry doctrine, the troops work closely with an IFV once dismounted. This way soldiers take full advantage of the vehicle's armor, weapons, and sensors."
"VBRIURMRDF";"REZERVISTI"
"VBRZSOVOYZ";"SFl M107 175mm"
"VBSYVUKFST";"#SOV  35-ya Gv. DShB"
"VBZDWOUGIC";"#UK  5 Airborne Brigade"
"VCABHLDIFJ";"3-61 brop"
"VCAKDRNOTR";"PzArtillerie-Bat. 145"
"VCBNKOYMVJ";"RAZV. BMP-2"
"VCDLVRCXJI";"526th Tac. Fighter Sq."
"VCGMJUQTTY";"AS.11"
"VCGMMVUDFB";"CF-188 [CLU]"
"VCGQAVQWUZ";"SCOUTS"
"VCLUPYKWYB";"FALLSCHIRMJÄGER (Metis)"
"VCNJWGKRQF";"AIR-TO-GROUND MISSILE"
"VCOZHJWSWA";"3-68-y Gv. MSP"
"VCTAJSNKPP";"MAPATS"
"VCTDZFEIMO";"MOT.-SCHÜTZEN (Metis)"
"VCTRKCRYUA";"1ste Jagers te Paard"
"VCUEEGSQBW";"4-99-y Art. Polk"
"VCYONNASZY";"TORNADO IDS [AT]"
"VDECPFNWJD";"GAZ-69"
"VDEYZCUJAE";"TOA-PC"
"VDGRYCZXSK";"#DDR 5. Armee"
"VDJJJCJCMZ";"17 Painfbat"
"VDNCQMNBVI";"AERO-FIRE TEAM (AT-4)"
"VDOZXYKNBR";"AMX-10 P"
"VDRLKWBGRW";"USMC M252 81mm"
"VDSQIYHFYO";"Mortars are indirect-fire crew-served infantry weapons capable of lobbing shells in high trajectories across medium distances.
Mortars come in various calibers, from 50mm to 120mm to the occasional massive 240mm. Caliber size determines their range, how easily they can be transported, rate of fire, and destructive power. Some larger units are vehicle-mounted on dedicated carriers, allowing quick displacement after shooting. Capable of firing off different types of rounds, from high-explosive to smoke or illumination, mortars provide indispensable organic fire support on the battlefield."
"VDSVYAWTEK";"R-330 RAMA"
"VDUIXDZGDH";"ROLAND 3"
"VDUVHREUIU";"PARAS-MARINE"
"VDVAXRSDYG";"EF-101B ELECTRIC VOODOO"
"VDVBZUNHPV";"MOR. ZU-23-2"
"VDXYWRPWZA";"TPz FUCHS RASIT"
"VEBJUQIQPB";"KPz. T-55A"
"VEDDVQMTOI";"2-sMSR. 25"
"VEGEGJZNIQ";"M185"
"VEGLJSLJPY";"MIRAGE III E [SEAD]"
"VEGLMBKIUB";"S-60"
"VEHAIXSFRI";"Su-22M4 [NPLM]"
"VELRPEIJXG";"103 Field Rgt. RA (V)"
"VEOIWARPBE";"KMGU"
"VEOXCBWAVA";"1-117-y Gv. MSP"
"VEREPDDWCU";"Panzer-Bat. 121"
"VESBBEJAJQ";"GV. NSV 12,7mm"
"VETEQONZST";"3-210-y MSP"
"VEVZEQKNZD";"Mi-8TV [RKT 2]"
"VEXFEGHKYW";"440-y otd. Vertolotnyy Polk"
"VEXUQNTGLG";"Mk 82"
"VFCLVJTJJU";"3-280-y Gv. MSP"
"VFDWDVGFLR";"61 BRYG. ART. WOJSK OPL"
"VFETSMVFOQ";"264kg"
"VFFWEPTDJT";"JYSKE DIVISION"
"VFJEZVGMXY";"M55"
"VFJREXLYCH";"2-325th PIR"
"VFNCIHYIGC";"DShKM"
"VFNPGPROFP";"#SOV 105-ya ADIB"
"VFPHRLPUXK";"Panzer-Bat. 143"
"VFRYOOJRJZ";"Pz.Gren.-Bat. 561"
"VFWYHJIORZ";" M1008 CUCV AGL"
"VFZMXXNYHO";"1-6 Baa"
"VGDKUJXMCS";"L19"
"VGENQTGLTO";"CHINOOK HC.1"
"VGFYTMOXMM";"1-48-y Gv. Tank. Polk"
"VGJUQVKDNN";"GEPARD B2"
"VGLLALZUFC";"MISTRAL"
"VGPCMMZNFF";"3-7-y Gv. Tank. Polk"
"VGPVYQIZXE";"NR-30 x3"
"VGPYDVCXFP";"CMDT AEROMOBILES"
"VGUBMRIROU";"MOTOSTRELKI KOM."
"VHBESECAPJ";"T-80BV IZD. 29"
"VHJUQNCNLV";"3-66th Armored Bat."
"VHKOYGJMBL";"M1919"
"VHKTUVVLBV";"45 Afdltlua"
"VHMMCZQHEA";"Bloodhound"
"VHOGRPMGDQ";"#RFA VBK 46"
"VHOWMVZSQN";"FRR-20"
"VHQFNCQBHB";"13. PLP"
"VHQMMDXDKP";"6TH INFANTRY DIVISION (LIGHT)"
"VHSMVQRRUC";"L-39ZO [RKT]"
"VHSPJBVLJK";"T-72B1"
"VHSWQPONZC";"M102 105mm"
"VHTISIWXQF";"1. CANADIAN DIVISION"
"VHTJSGAIEK";"N.G. M30 107mm"
"VHTOGGOSSQ";"ASh-78-1"
"VHVFXTAPXH";"USMC M109A2"
"VHVVMXBTGL";"5-6 Baa"
"VHWFVTKJBF";"#DDR 28. Mot.-Schützen-Rgt."
"VHWOMSDWUB";"SNEB"
"VIBGPOEQPA";"MiG-21bis [AT]"
"VIBLGXKYOY";"BL 5,5-inch"
"VIDTXOMVMP";"M249"
"VIFCZPOOHH";"An Laser Guided Bomb (LGB) is an explosive employed by aircraft against enemy ground units.
Simple and destructive, guided bombs are also known as GBU(Guided Bomb Unit). A disadvantage is that bombs dropped as a payload need to have the user fly over a target, but are rather accurate. Guided bombs can come in many shapes and sizes. "
"VIGMPCKHPE";"2ste Jagers te Paard"
"VIHBYIAHTG";"11. MOT.-SCHÜTZEN-DIVISION"
"VIISHCSUVY";"AIR-TO-GROUND ROCKETS"
"VIKLVOBBXC";"DA-1 Armia"
"VINSKPQBTA";"RPK-74"
"VIPFZTMKZL";"1-13. TP"
"VIQRPJLJLK";"9M27F"
"VIRZVJXXKY";"31-YA TANK. DIV."
"VITHKMNLKR";"Stab-1. Gebirgsdivision"
"VIWDBFBYNI";"31-ya Tank. Div."
"VJDQLBCXJO";"MOTOSTRELKI (RPG-26)"
"VJEYMXXXCX";"20.MOT.SCH.DIV. OFFICIAL BATTLEGROUP"
"VJFTVGVOBE";"A-6E INTRUDER [SEAD]"
"VJHPQIEVKF";"9M37M"
"VJIHKERECW";"13. PPR"
"VJITWRXFLN";"M38A1 NEKAF"
"VJJHXFYLWD";"24 Brygada moździerzy"
"VJMEJCSLJF";"Half Team"
"VJOECHDJUM";"JAGUAR GR.1 [HE1]"
"VJTAEUTVWC";"BELOZOR"
"VJZVUNOUWJ";"M3A1 BRADLEY CFV"
"VKCDALTGWV";"RT-61"
"VKFVCNHBGN";"F-6C [AA]"
"VKHXIAXGZW";"Panzer-Bat. 283"
"VKKGFLIIRC";"CAV. TROOPERS (DRAGON)"
"VKPNQYHZZN";"6-YA OG MOTOSTRELK. BRIG."
"VKQJEIYRGN";"Su-22M4 [RKT]"
"VKTJBTRJKM";"GeWa-17"
"VKUNRCJBPL";"Strela-2M"
"VKUQPZIGQM";"#CZ 2. Tankový Pluk"
"VKUQQFBOGN";"MSS 1.2AC"
"VKVPVORMUG";"RAPIER FSB2"
"VKXINRFXQR";"CH-54B TARHE"
"VLBLJXYQKF";"AGM-88 HARM"
"VLBMYLZRFS";"Unguided air-to-ground rockets are fired from aircraft and helicopters at ground targets.
A common weapon, rockets normally lack an active guidance system, separating them from missiles. A simple and easy-to-use weapon - though not very accurate - rockets are convenient in a short-range or area saturation role. Carrying various types of warheads, rockets are frequently fired from rocket pods in devastating salvoes. "
"VLDANEBZYU";"PARA. ECLAIREURS"
"VLDVAOPKRE";"Feldjäger-Bat. 741"
"VLFCRFKXSL";"#RFA  3. Panzerdivision"
"VLJDHLPYBQ";"RECOILLESS RIFLE"
"VLKKIVYNEJ";"CN 90 F3"
"VLKLTCQYNT";"USMC LAV-MEWSS"
"VLPSJBWVQH";"M1919A4"
"VLTIKYMQOY";"MARINIER DRAGON I"
"VLVRZIJQII";"BERLIET GBC 8KT LOG"
"VLWYTQISQQ";"PARA. MISTRAL"
"VLWZFYIUCL";"PzGrenadier-Bat. 71"
"VLYGCDSRHV";"Units equipped with Smoke Launchers can create a single-use smoke screen by pressing B or SMOKE in the order panel."
"VLZCYKIFPB";"101ST AIRBORNE DIVISION"
"VLZYDRDJFL";"PZ.GRENADIER (CarlG)"
"VMAHCCFQDN";"2-8. TP"
"VMANCFGYYW";"AH-6F LITTLE BIRD"
"VMBZQTBUBH";"3-5 Baa"
"VMEAXRAZRV";"Feldjäger-Bat. 743"
"VMERUWYGEL";"INFANTERI (PNÆV)"
"VMIJORBSUI";"9M28F"
"VMMLVVKGDF";"M25 SWS"
"VMNECAOXSZ";"3. PLP"
"VMNJAAEWVB";"1-64. TP"
"VMNNOLOWFW";"2A17"
"VMOCYGJTZY";"ENGINEERS"
"VMQBEUHOYV";"MO-120-RT61"
"VMUQJHAQVW";"V,/Royal Anglian Rgt."
"VMVNCBZOSJ";"NSVT"
"VMXDBISFNZ";"M-24F"
"VMXEVKGADW";"2-302-y Gv. MSP"
"VMZMLOYMTM";"3-138-y otd. Tank. Polk"
"VMZNMHIHNS";"CATFAE"
"VNAXEYPXAO";"AIM132 ASRAAM"
"VNEJPLFRJV";"N.G. ENGINEERS"
"VNESCWGHBV";"GENDARMES DE L'AIR"
"VNEYDODKEK";"F-16C [AT]"
"VNFHVZJAEG";"M1 81mm"
"VNHPMSAWYT";"9TH INF. DIV. OFFICIAL BATTLEGROUP"
"VNIRCHTLWT";"SPW-50PK(MRF)"
"VNJBVVLDEX";"MIRAGE 5BA [NPLM]"
"VNKYLMTQEO";"MOTOSTRELKI (BMP)"
"VNMTBOZWBW";"FLAB KAN 63 35mm"
"VNNKPHIDTM";"MiG-23MF [AA]"
"VNOKDJPJPS";"Aufklärungs-Bat. 11"
"VNPBNBSTHH";"UAVs are immune to Suppression."
"VNSYGTBZMQ";"#BEL  1 BE Corps"
"VNTEVZCFTH";"Squad"
"VNTFUAHOBH";"P4 PC"
"VOABZRHHEC";"#DDR 1. LVD"
"VOANMLMCUU";"Groep Leeuwarden"
"VOPMOJNHUC";"MOR. PEKHOTA (SVD)"
"VOTWCMQUIT";"EE-11 URUTU"
"VOUOWFYMKG";"Wz. 43/52"
"VOWRGPFURS";"M201"
"VOZLTPKYJQ";"L65/81"
"VPCJCVWFBQ";"Pionier-Bat. 220/240"
"VPDDDOVABW";"An autocannon can rapidly fire medium-sized caliber rounds, including HE and armor piercing. This weapon is devestating against infantry and lightly armored and soft-skinned vehicles. Different types of autocannons can be found as the primary armament on a host of vehicles, from armored personnel carriers to helicopter gunships.

Autocannons are effective against an array of targets."
"VPJYNZCJHO";"Pz.Gren.-Bat. 113"
"VPLLJPCXFM";"F-4F [AA]"
"VPMZSAGHJV";"D-10T2S"
"VPNTZVNBVN";"Mistral"
"VPQKVRDDWT";"46-YA ZEN. RAK. BRIGADA"
"VPQLLXHZLD";"PzArtillerie-Bat. 105"
"VPRNQGZXXS";"BATTLE RIFLE"
"VPUGAKJCSA";"56-YA DSHB OFFICIAL BATTLEGROUP"
"VPVXVYXHHE";"#US 17th Air Force"
"VPWVXBNOVI";"3-1. DP"
"VPXBRECGRM";"PKM 7,62mm"
"VPYYLEXVEE";"FASTA-4"
"VQANILXUIN";"Mi-8T [RKT]"
"VQBABFKYQD";"Tarasnice T-21"
"VQDMCZQONS";"M109A2"
"VQFIOVHKIQ";"VLRA PAMELA"
"VQFMBRMYFB";"4-16th Mech. Infantry"
"VQFNHKUAIX";"L13A1 "
"VQOTVJWZGM";"2S3M1 AKATSIYA"
"VQSLNDARHK";"STAR-266"
"VQTNFJGLNV";"MiG-27M [RKT]"
"VQWZRGHIBJ";"MOTOSTRELKI KOM."
"VQXWLEPQOL";"2-239-y MSP"
"VQYJJVPYZA";"C9"
"VRBICSRIUX";"Falanga-P"
"VRFMVEYFJA";"6-52nd ADA"
"VRHIUPVROI";"Laser Designator"
"VRISPQAWWU";"IS-2M"
"VRJXKUNUOO";"MARINIER"
"VRLBPGHSLS";"Vz. 52"
"VROIVTFTCO";"AIM-9L"
"VRUEQTHLJD";"M-46"
"VRUWBTPNHX";"JAGUAR 1"
"VSAHFESFIM";"Fla-Gruppe Rügen"
"VSBQHNXAIS";"PTS-M"
"VSDWLUMFWF";"Staf-4 Divisie"
"VSFGFVRUXV";"Artilleriebataljon 43"
"VSKQKNONVY";"75mm"
"VSPIHJDIZB";"ECLAIREURS PROV."
"VSSINOXCHM";"MORTAR"
"VSSIOALNBO";"Su-22M4K [AT]"
"VSSSQJJANV";"III,/AR-1"
"VSVDTKRLNT";"1-353-y Gv. Tank. Polk"
"VSVYGADTIB";"UPK-23-250 x2"
"VSZWOECRUX";"I./Grenadier Guards"
"VTHPJEDPLT";"SAPERZY SZTURMOWI"
"VTIGLKKKDS";"12 br"
"VTJNOFEYUV";"JAVELIN LML"
"VTQBDKPSFY";"Military Police units grant a suppression regeneration bonus to nearby allies and remove any Reservist traits from them."
"VTQQALLRTW";"SAS"
"VTQTIQUQBD";"A-222 BEREG"
"VTSPVENLIS";"OB 105 Mle 50 TF"
"VTVHHJKQQF";"M981 FISTV"
"VTVLOPVRYW";"Kb m/85"
"VTXIAEZFXA";"SRAAW (M)"
"VTYBQBGFPC";"81mm"
"VTYJMLKITI";"3-211-y Gv. Art. Polk"
"VTZBEJHWQK";"3-75 pz"
"VUCIBCPPAV";"Jäger-Rgt. 72"
"VUFKHFXYYL";"M185"
"VUGVXOLKIS";"FV107 SCIMITAR"
"VUHCMBLZYJ";"20e Rgt. d'Artillerie"
"VUKHMOMLXU";"76T2 Cerbere 20mm"
"VUNOTYWCDV";"1309-y otd. Zen.-Rak. Bat."
"VUPNBIUIDB";"AIR-TO-GROUND ROCKETS"
"VUQHWQLMWN";"#DDR 42. Mot.-Schützen-Rgt."
"VUUHSJOECF";"#DDR 23. Panzer-Rgt."
"VUUJLBQGHD";"UAZ-452 KOMENDATURA"
"VUVDBNFDYX";"#up{HIGH}"
"VUYGJRGJKM";"658-y otd. Zen.-Rak. Bat."
"VUZSWYXACI";"MiG-21bis [AA]"
"VVADMPKGNQ";"M60C x4"
"VVAIUEDVXR";"L7A3"
"VVCCHVDMZH";"PzGrenadier-Bat. 62"
"VVFOOJECBT";"#SOV 29-y Gv. Tank. Polk"
"VVKSTSYFCC";"Geb.Jäger-Bat. 86"
"VVLHPQWGTD";"D-3"
"VVNVYPENPM";"27-YA GV. MOTOSTRELK. DIV."
"VVOSWDHCRZ";"FV510 WARRIOR MILAN"
"VVVNNEOHGF";"5e RHC"
"VVXKLEMBXC";"Panzer-Lehr-Bat. 93"
"VVYVHJMFIS";"BMP-1PG"
"VVZKHQGBBZ";"SAPEURS-PARAS (Flam.)"
"VWBYHJWNED";"33 pułk zmech."
"VWDATUPMAK";"2-8 Bah"
"VWDEJXEHLF";"PSG-1"
"VWGZDEJNRV";"F-15E STRIKE EAGLE"
"VWJCOZNSZZ";"2-33-y Tank. Polk"
"VWLBCLSVSN";"1-322. KDBr"
"VWLBMCXOPV";"MiG-21bis [AA]"
"VWMAQFSIOT";"USMC LAV-AT"
"VWMNPXFNRP";"86th Tac. Fighter Wing"
"VWNTLZGOKD";"Starstreak"
"VWOCMNWZOM";"Dépôt de munition"
"VWPNGBJSAH";"OBUZ D-1 152m"
"VWQEQPLMVF";"3-54-y Art. Polk"
"VWRAJNCMOS";"3-PR-21"
"VWRJNGVYDO";"F/A-18A [AA2]"
"VWRVQKNFEL";"Artillerie-Regiment 3"
"VWSQOXTSQL";"I./MSR. 41"
"VWUGTZITZY";"GRENZER"
"VWUOOBXPNL";"ML-20 152m"
"VWWLSONJPD";"AMX-30 B2"
"VWWUHDAPCV";"1st Rgt. RCHA"
"VWXQVNCBZE";"4-24 Bm"
"VWZDKJPNGG";"2-172-y Art. Polk"
"VWZWTLRMLP";"1-4. MSP"
"VXCXJSJMWT";"NIEB. BERETY TOPAS JOD"
"VXDZCJGGJK";"#SOV 40-y Gv. MSP"
"VXEDDWCPBE";"3-117-y Gv. MSP"
"VXJMVTRDUH";"1-11th ACR"
"VXLXPRWXQO";"REZ. DESANT. MOR. PEKHOTA"
"VXPQKUCQRK";"12. PZ.GRENADIER-DIVISION"
"VXPXCPSVHB";"A half-sized infantry squad. They specialize in close-range combat in urban terrain."
"VXQNXNYVPP";"1-33-y MSP"
"VXUJCJPNDE";"Su-24M [CLU]"
"VXXYPZNDNF";"94-YA GV. MOTOSTRELK. DIV."
"VXZDHQVOAX";"TPO-50"
"VYDDYTTMRU";"M18"
"VYEPALFSME";"B.G.S."
"VYMAEFQAGZ";"M61A1 Vulcan"
"VYMQMINNFG";"Main Battle Tank"
"VYQPXSSPFM";"AIM-7M Sparrow"
"VZAAACLRWI";"Fs-le.GebH. M56 105mm"
"VZBJZIQJBH";"CVR(T) SCORPION"
"VZCBEYSPBA";"Transport"
"VZDKGGNTYH";"OT-65"
"VZHBNBFMSR";"BTR-ZD SKREZHET"
"VZINJWEMIF";"CENTURION Mk.5 AVRE"
"VZJONFKWAX";"ALPHA JET A KWS"
"VZMWUFFWTV";"15-ya Gv. Tank. Div."
"VZOBUPGQWE";"This unit is equipped with an Active Protection System, designed to intercept incoming guided missiles with hard-kill defensive charges. The device’s narrow engagement envelope and number of charges limits the system's effectiveness, and its reaction time prevents it from intercepting supersonic missiles.

Active Protection System protects its host unit only against guided missiles within a short interception range in a narrow 180° forward arc. The defensive charges can damage nearby friendly infantry."
"VZOYGKYTDT";"H vz.38/74 122mm"
"VZPEYRGDRE";"MNAD"
"VZRWVXGGRI";"26. Luftlandebrigade"
"VZSIHSDYMP";"MCC I-TOW"
"VZUAFUNKAV";"VKK 313"
"VZULSBVXGC";"T-72MK-E2"
"VZWIDBIQGR";"679-y Otd. Zen. Rak. Bat."
"VZWRUDGVZJ";"UNIMOG S404 LOG."
"VZYJFWBHXI";"AMX-30EM1 (cmd)"
"VZZBUUBAVN";"RECCE (GSR)"
"Vehicle";"Multiple Rocket Launcher System"
"WAENGGQGDD";"MiG-27K [SEAD2]"
"WALSMCNZFM";"Raketenartillerielehr-Bat. 32"
"WALYTGGKYP";"2-166-y Gv. MSP"
"WAMSWJEMPM";"MAN Kat 6x6 SUPPLY"
"WAPBTXFSWS";"M60 7,62mm"
"WAPEQNULDE";"FUSILEROS"
"WASHONQEWW";"VKK 451"
"WAZMKLKMLI";"#CZ 7. Dělostřelecká Divize"
"WBCLTPSGVN";"M1025 HUMVEE MP"
"WBETXMKAEI";"AIM-9L(i)"
"WBJCCKXAZX";"AR-70/90 SCP"
"WBOGMMWBON";"#SOV 65-y Gv. Tank. Polk"
"WBOTROMNAV";"Hydra 70"
"WBRENLIEEI";"27-YA GV. MOTOSTRELK. DIV."
"WBTLAXGKCI";"D-30 122mm"
"WBVQHPHGAE";"AIM-7F"
"WBZVKLQSBF";"MECH. RIFLES (DRAGON)"
"WCDTEUHMRW";"#CZ 65. Motostřelecký Pluk"
"WCEBRVJMXX";"UH-1D"
"WCFGYJDLEF";"MARDER 1A3 MILAN"
"WCKMJGGIEO";"17-YA GV. TANK. DIV."
"WCMAEMLYUA";"2-693-y Art. Polk"
"WCMKOZAWFU";"3. Pionier-Kdo"
"WCQPCYFEMG";"2-248-y Gv. MSP"
"WCSKVKBAKU";"#FR Force d'Action Rapide"
"WCTENNJLUE";"LYNX AH.7 HELARM"
"WCWCVKTBJW";"HANDFLAMMPATRONE"
"WCYEIWLNNZ";"KRAKA 20mm"
"WDAADXFTBJ";"MOR. PEKHOTA (PTS)"
"WDAGKYPCCQ";"CAV. SCOUTS"
"WDBCQXPXSW";"C7A1"
"WDBRRFLVTX";"G.91R/3 GINA [HE]"
"WDEBARWMHZ";"PIO.AUFK.-TAUCHER"
"WDEIAEIGGS";"M29A1"
"WDFXQZTTRH";"NR-23 x3"
"WDGEFABLMC";"PPS-43"
"WDIUDEBYAI";"M1025 HUMVEE CP"
"WDTBOOFWDE";"M113A1"
"WDVCBSVTOD";"S-13"
"WDVHIUEEAE";"I-TOW"
"WDVSVHKWEJ";"60mm"
"WDXFZKMTHW";"DOW. DESANT. SAPERZY"
"WEEVADSUTN";"6TH INF. DIV. LIGHT OFFICIAL BATTLEGROUP"
"WEKPZZNNIY";"112mm HEAT"
"WEOWPSOBMV";"OMG"
"WEQBAOVKWV";"2A65"
"WERFZOETSM";"PLAMYA 30mm"
"WETULNEDLM";"HMP-400"
"WEUYZEQFKH";"2-12 pz"
"WEVWTUMRXP";"Mk.18 RET"
"WEXODYESUG";"2A33"
"WEXTLPXVLY";"#SOV  39-ya Gv. MSD"
"WFADBAQNDP";"CHEETAH PRTL"
"WFDQQPKCLN";"This light vehicle or towed gun is designed to be airlifted by large helicopters as part of tactical air assault operations."
"WFEBAOKXSV";"FRR-9"
"WFESOPMIBO";"PKT x4"
"WFFKPJSBZL";"1-245y Gv. MSP"
"WFFODCIIAN";"Mi-24VP"
"WFHAVKHAAT";"N.G. UH-1M GUNSHIP"
"WFKTQFAXPN";"CHASSEURS"
"WFOIKRXMPZ";"PzGrenadier-Bat. 193"
"WFOTHHQMGU";"UH-1H (cmd)"
"WFQXHKTCBD";"SUBMACHINE GUN"
"WFSDRVXLZI";"412-y otd. Zen.-Rak. Bat."
"WFSEMAGFDS";"HJV M/10"
"WFTVCYUXNH";"3-278-y  Gv. MSP"
"WFUBBWEGKS";"T-72M"
"WFUCXFNJLZ";"Minimi Para"
"WFUTUSBIJF";"II,/Royal Anglian Rgt."
"WFVLELNJDL";"MiG-23MF [HE]"
"WFWJQBMCCA";"2-60-y MSP"
"WGBSUFICOZ";"3-67-y Gv. MSP"
"WGEDBRJVDZ";"#DDR 33. Mot.-Schützen-Rgt."
"WGENHUZGCG";"MiG-21bis [AA2]"
"WGFXVLRJZQ";"3-57. MSP"
"WGNEASZEDF";"#RFA  Luftwaffe"
"WGONTUEVWT";"GebH. M56 105mm"
"WGQBEVRVEB";"VKK 253"
"WGRNPUPFDK";"CENTURION Mk.12 AVRE 105"
"WGSDOZZYSR";"M38A1 CMG"
"WGSQFUPRQG";"M198 155mm"
"WGTUVQYDKY";"6th INF. LIGHT OFFICIAL BATTLEGROUP"
"WGUFKXNBCM";"ALPHA JET A [HE]"
"WGXHLIIUJX";"3-40-y Tank. Polk"
"WGYGKANJZG";"PELOPES"
"WGZGVSYKHK";"III,/Royal Anglian Rgt."
"WGZYCIPRRF";"3-13. TP"
"WHAEOSKZFY";"Pz.Gren.-Bat. 282"
"WHAUUEBTYH";"HJV INGENIØRER"
"WHBDJXOLTQ";"MiG-25BM [SEAD]"
"WHGSWUGKNY";"CVR(T) SULTAN"
"WHLEIZAZOF";"#US 2nd Arm. Cavalry Rgt."
"WHMXQNKCMH";"(3rd Fighter Division)"
"WHOHCKMOET";"MNAD"
"WHOZZUTKGV";"#SOV 26-y Tank. Polk"
"WHREPCWXVW";"INGENIØRER (CarlG)"
"WHSHTAVQLZ";"Stab.-9. PD"
"WHTCQODBUQ";"Tauroggen"
"WHUUPSTPIZ";"VKK 314"
"WHXBXIENCF";"39-YA GV. MOTOSTRELK. DIV."
"WHXUONTJCV";"T-55AD"
"WIAEHIMAJG";"II,/Royal Irish Rangers"
"WICHPZDMNC";"2-104. MSP"
"WIEVGTWBYQ";"1-69th Armored Bat."
"WIIVJTHEFV";"M274 SUPPLY MULE"
"WIKTGFKAAE";"MOR. SAPERI"
"WIPELYEGTV";"A surface-to-air missile (SAM) is launched from a ground platform at airborne targets. Like other missile families, SAMs are designed around an effective engagement envelope, using different types of warheads, propulsion methods, and guidance systems to track, intercept, and destroy airplanes. Surface-to-air missiles are fired from a mobile platform typically housing radar and tracking equipment.

SAMs are designed to be effective at various targets and ranges. Some use active radar, while others home in automatically using infrared."
"WIQLOZNVGC";"SONDERWAGEN 4 AUFKL."
"WIQNOZNQZV";"CF-116 [HE]"
"WISLJSXOHW";"#SOV 290-y Art. Polk"
"WISNKTMCGD";"C1 SMG"
"WJDKBOTBDQ";"TU-143"
"WJEBYZICJR";"2-60. TP"
"WJEPUEYMNL";"Punkt Zaopatrzenia"
"WJFMTSPRRO";"M110A2"
"WJGXHSPMPZ";"L4A4"
"WJIWZEREHI";"Luftwaffe"
"WJKOXDBJSZ";"CF-188 [HE]"
"WJNFVCGXIG";"Infantry Fighting Vehicle"
"WJPDVYUGXV";"Bidons spéciaux"
"WJRHNBPQIP";"FV1612 HUMBER FFR"
"WJTWZNXFKL";"AIR-TO-AIR MISSILE"
"WJWZIOYWEN";"USMC M60A1 ERA"
"WJYOWCWOUX";"BTR-152A ZPU-2"
"WJYQEDYBTH";"UAZ-3151"
"WKACMJVPML";"SCOUT AH.1 HELARM"
"WKAKSHHFIH";"#RFA HSB 56"
"WKEJMZFIVT";"BS-3"
"WKFPLPTFEG";"RAZVEDKA PV KGB"
"WKHJDSOXDM";"GESCHOSSWERFER-ABTEILUNG 5"
"WKKAVPSZCS";"RPG-7VM"
"WKLRFCVPAQ";"#SOV 29-y Gv. MSP"
"WKMJISUHYF";"15. PPR"
"WKNHUXNZIA";"XM85 T-CHAP"
"WKOKVVSDOZ";"24 BRYG. ART. ARMAT"
"WKTJKOFTQS";"M113A1G AUFKL."
"WKWLHLXZOY";"2-7. TP"
"WKXFTJGFNW";"2-8. DP"
"WKXNEJLPOR";"R-60"
"WKXSEODETI";"RESERVISTES (FR-F1)"
"WKYGGWDXIQ";"4. MOT.-SCHÜTZEN-DIVISION"
"WKYXNTZGPF";"SPz BMP-1P(C)"
"WLANUJQYQO";"N.G. M113A3 ACAV"
"WLAZQTOXVH";"#FR 3e Division Blindée"
"WLBSBJZXOB";"RPG-2"
"WLBTIUJEAX";"2A33"
"WLBTLZOTGL";"DSh. 2S12 120mm"
"WLCBCGAHFP";"MiG-21bis [RKT2]"
"WLDOTDMMJB";"T-72MK-E3"
"WLHMVLPNVR";"1-17-y Gv. Tank. Polk"
"WLHNKKSVVB";"NAVY SEALS"
"WLKYYUOZIE";"2-39 pa"
"WLMZFRQQBG";"PzGrenadier-Bat. 22"
"WLOLVWLFIE";"MiG-21bis [RKT2]"
"WLOSWERVJY";"DESANT. LuAZ-967M SNAB."
"WLPMYCCIMG";"F-15C EAGLE [AA]"
"WLRFAFOZNT";"USMC RIFLEMEN (LAW)"
"WLRLMZZEJA";"2-5. MSP"
"WLVPMPCKGN";"#UK  I British Corps"
"WLVRSVDQCW";"1-217. PTP"
"WLXKSWIEPO";"1-41-y MSP"
"WMJOFNLSNW";"Blindicide RL-100"
"WMPBNPLAGU";"9M31M Strela-1M"
"WMQDEAQOLS";"RANGERS"
"WMQVTLEDEJ";"Jäger-Bat. 26"
"WMRGOURTYJ";"V-600"
"WMRWUQRORS";"296-y APIB"
"WMXJACHBOW";"2de Karabiniers"
"WNBCASMQQC";"Aircraft specialized in electronic warfare. This unit is equipped with countermeasures and powerful devices to detect or jam enemy radar and signals. They are employed near or over enemy territory, locating and disrupting radar-equipped units."
"WNBIDGFXHW";"I-TOW"
"WNCCKDAWBI";"DSh. (RPG-16)"
"WNDBFPGQEI";"F-4F [LGB]"
"WNEJBQTZRD";"1. TANKOVA DIVIZE"
"WNEZVXTWTJ";"53T2"
"WNFVKGIHNQ";"2-74. RMBr"
"WNMCNYBTLU";"VKK 322"
"WNMOMXMVNE";"305kg"
"WNOVRXTCAT";"CMDT PROVINCIAUX"
"WNPUDKBCXJ";"M693 F1"
"WNRNPJGPRI";"GENIE"
"WNSLGDKHFI";"439TFS"
"WNVXZYMHDB";"MK-20 Rockeye II"
"WNWIQAZPEO";"Reservist"
"WNZFNUWEWU";"I./PR-17"
"WOEQADLOKM";"5. PANZERDIVISION"
"WOORQPTBVB";"Kar 98K ZF"
"WOPRSKVLZA";"M114/39 155mm"
"WOQQWUDPXH";"#DDR 32. Mot.-Schützen-Rgt."
"WPAPQRTROO";"Stinger POST"
"WPBBKVYHLR";"DESANT. OCHRONA"
"WPCQSKVFNO";"2-66th Armored Bat."
"WPFYBMHLWI";"PKT x3"
"WPJQSVNXQW";"#US  4th (Aviation) Brigade"
"WPJZHDNRXF";"FERN. SCHARFSCHÜTZE"
"WPNCAPGTBJ";"4-37th Armored"
"WPNIIUDWBK";"9M55K5"
"WPNUPSSDSV";"#US  14th MP Brigade"
"WPRVWEXYPR";"MOT.-SCHÜTZEN (RPG-27)"
"WPWYSLMKAO";"PUNTO DE ABASTECIMIENTO"
"WPYPRVBAUV";"2-585-y Art. Polk"
"WQBDVOZKXS";"PzGrenadier-Bat. 73"
"WQBTUQQVGL";"3-145-y otd. Tank. Polk"
"WQEYYEBLDI";"2A31"
"WQJARCDCBV";"93rd MP Battalion"
"WQMSYBIMXK";"#BEL  1ere Division d'Infanterie"
"WQQGXSLPRK";"MOT. AUFKLÄRER"
"WQRUTTWSNT";"GATLING"
"WQSGVNOASB";"D-56T"
"WQTJYGRRSX";"VKK 432"
"WQUVINEYZT";"M113 I-TOW"
"WQWAOLHXGL";"3-55 pz"
"WQWDVZUKBJ";"MECH. RECCE"
"WRJHZRMFRI";"D-30"
"WRJYXEDJKO";"This unit is armed with precision-guided munitions, such as Laser-Guided Bombs (LGBs) or Cannon-Launched Guided Projectiles (CLGPs). Highly accurate, these ranged weapons can be guided onto a target with a laser designator."
"WROLYFZHOD";"MOTOSTRELKI"
"WROUYSKZMJ";"PzGrenadier-Bat. 152"
"WRQDRAKLOG";"MiG-23BN [CLU]"
"WRQZKAVCCY";"S-53"
"WRXFAKHAHH";"STRIM-65"
"WRXSCSRSJT";"Assault"
"WRYDHVWUFR";"VBK 44"
"WRYKWBIIXJ";"F-5"
"WRYTBUFYEX";"ROLAND 3"
"WSCUXCZRWA";"NF-5A [CLU]"
"WSEWIPXCZG";"HQ-1st Armored Div."
"WSFTTJSLVP";"12 pułk zmech."
"WSIOWLNQMX";"GeWa-9"
"WSJLFBKCUH";"WACHSCHÜTZEN (RPO)"
"WSTFRVHJLB";"3-693-y Art. Polk"
"WTBFSKGFVK";"HU.10"
"WTGXXOVUMB";"POTOK-2"
"WTHMVRYYRU";"KS ILTIS MILAN"
"WTJCRUQZZZ";"Kh-66"
"WTJUMUNFZE";"MARINES SNIPER"
"WTKKGZRIEH";"MOR. MT-12 Rapira"
"WTLSEGAFZW";"44 Painfbat"
"WTMWQRBZDP";"SKOT-2A"
"WTMWVCYVNT";"SAW FALO"
"WTNCGVCNCT";"M101 105mm"
"WTNNPYKYTO";"#DDR 10. Panzer-Rgt."
"WTRYMPMCKD";"Tauroggen Bat."
"WTULRKFEEK";"PRŮZ. BVP-1P"
"WTWJBFONFG";"PANTSERVERKENNERS"
"WTYCONNHZQ";"SPW-60PU"
"WTYGWYWGJR";"S-25OFM"
"WTYHLTWHIW";"LAR-160"
"WUDRFIKNTK";"2A46"
"WUDSACQWCO";"7. PANZERDIVISION"
"WUERIMSHHI";"BMP-1P INSTRUKT."
"WUHLYOHAMO";"2PzGrenChallenge"
"WUIXSCWZZI";"85mm"
"WUKGHFQGIV";"Mi-24D [AT 2]"
"WURNOJAGAT";"Luftsturmregiment 40"
"WUSDSPXWGV";"Infantry"
"WUSQXOVRXW";"PVH FENNEC"
"WUUFGMUDGT";"AERO-RIFLES (AT-4)"
"WVADNMKBLQ";"#BEL  1ste Pantserinfanteriebrigade"
"WVCCLATBZT";"P4"
"WVDWWMYSJC";"M39A2"
"WVHPSORMHR";"Fsg m/85"
"WVMQNEXFPJ";"ILTIS MILAN 2"
"WVNKPOWYVC";"LYNX AH.7 CHANCELLOR"
"WVQNNWKFSH";"VSOT-64/R2M"
"WVRDWMFFIQ";"T-55AD-1M MERIDA"
"WVRFFCMJQN";"PzGrenadier-Bat. 142"
"WVYGNUOIFG";"DESANTNIKI (METIS)"
"WWDYKBJTSB";"3-35-ya Gv. DShB"
"WWECSXRTFH";"BzK Vz.59 82mm"
"WWFXBMKOZR";"OT-62B"
"WWLRQBBCHG";"ZAPADORES MANDO"
"WWQICVFGFH";"W48 nuclear artillery shell"
"WWSXEWFCHD";"M67 RCL"
"WWVMKEKHNI";"3-400-y MSP"
"WWWIZOBAUN";"2-7-y Gv. Tank. Polk"
"WXBOTYNGDL";"BICC Wad Raz"
"WXDHIYJXLP";"Mi-2T"
"WXFANYQLFS";"35TH INFANTRY DIVISION (MECH.)"
"WXLEEMFHBN";"1-670-y Art. Polk"
"WXNQKZCMHU";"2A37"
"WXOYIAIPXB";"Token inexistant JQNFRZEOXE dans SERIOUS_Localisation_Unites"
"WXUSKVGFJA";"3-17. TP"
"WXUWANMTWW";"HFB-320/ECM"
"WXVFJPZNXR";"1-49 pz"
"WXVIDTIYTK";"2-6th Air Cavalry Sq."
"WXWLGURWUX";"16 DYWIZJA ZMECH."
"WXYMBFGUPG";"AUFKLÄRER"
"WXZXHREWYL";"M998 HUMVEE"
"WXZYFRYVRE";"BRDM-2 STRELA-1"
"WYASBJIOUB";"Meteorit"
"WYCKPZGHAJ";"#SOV  172-y Gv. MSP"
"WYDURBRWGS";"PIONIER"
"WYEBMOJFGG";"CH-46E SUPPLY"
"WYGVUINOFD";"BICC León"
"WYKPHFJMRP";"N.G. OH-58A"
"WYKRZPYATT";"KSM-65 100mm"
"WYNOTADMUW";"79-YA GV. TANK. DIV."
"WYQDUTFWRO";"ROCKET"
"WYRBDMBXJV";"#TCH 3. Div. Protivzdušné Obrany"
"WYTSQGRETY";"COLT"
"WYUYTYZAHE";"Mortars are crew-served indirect-fire weapons. While capable of engaging targets rapidly, mortars do not have a great range and lack accuracy."
"WYVPYYZGJZ";"LANDWEHR (Lmg 25)"
"WYXPFUBRJA";"MT-LB VASILEK"
"WYXZDGXWYA";"A.109HA-1"
"WYYEOUASGF";"225-y Otd. Vertoletniy Polk"
"WZCVDBUWVU";"PZ.GRENADIER (M113)"
"WZHCMQOZUT";"(scout)"
"WZIIVZBBQL";"INCENDIARY ROCKET LAUNCH."
"WZKCKKJKFS";"GRIZZLY"
"WZLHBVNAWD";"BMR-PM-81"
"WZLWOGCTJS";"2S12 120mm"
"WZNMLFWWMH";"2-40-y Tank. Polk"
"WZOQHHOJVN";"MP PATROL (M67)"
"WZOTWQYGCR";"LARO M/87"
"WZUJWXIOGY";"Artillerie-Bat. 635"
"WZVEMZOVSU";"Counter-Battery Radar units feature an Area of Effect, which reveals an enemy artillery unit the moment they fire, regardless of the terrain. The location is lost once the enemy unit ceases firing."
"WZVMBUJEPH";"CHIEFTAIN MK. 6/2"
"WZYAHIUJKH";"480th Tac. Fighter Sq."
"WZZGTCBWWT";"PzArtillerie-Bat. 565"
"WZZJMNYYQG";"#NL 1e Divisie"
"XAFMTEFGOU";"LEOPARD 2A4(C)"
"XAMZOZEKYY";"Panzer-Bat. 333"
"XAQTRFQYKR";"VLRA LOG."
"XARQSRSXNK";"Supply"
"XATYRZWGQT";"14. PPR"
"XAXOZGHWGF";"5-5 Baa"
"XAXSYHKYVD";"T-54BK"
"XAZCXDWCPJ";"1-59 pz"
"XAZRSRXGOP";"4TH ATAF"
"XBBFWXYCQP";"Panzer-Bat. 154"
"XBCABPJSYN";"2-247-y Gv. MSP"
"XBDGDXJJNS";"RPG-22"
"XBGDEXISMG";"GAZ-66 ZAOP."
"XBIKYOETVK";"Su-24MP [EW]"
"XBLYMOBVHU";"Anti-Air (AA) guns are weapons designed to take out fast-moving airborne targets.
These types of guns are frequently emplaced in quick traversing turrets with a high rate of fire and elevation. In this way, with more advanced systems using targeting computers and radar, they can track and shoot at aircraft and helicopters at a moment’s notice. AA guns are often found in dual or even quadruple mounts. In addition, these guns are frequently used for great effect in a direct-fire role against lightly armored ground targets.  "
"XBNBUWPTVT";"WIESEL MK20"
"XBOBQGPHEC";"Mi-8MT [RKT 3]"
"XBRLINNVJX";"GeWa-1"
"XBTUQQGRDW";"#RFA PzGrenadier-Brigade 10"
"XBWNLHRSQP";"MOR. PTS-2"
"XCGWAZHLJU";"USMC M110A2"
"XCLOCNIXLD";"R-40RD1"
"XCMCRVJEYX";"PM Vigneron M2"
"XCMTQJYMKM";"M2"
"XCNXKKMUIS";"M-30"
"XCPSRXUBDL";"Panzer-Bat. 343"
"XCQFPSMXAK";"3-PR-1"
"XCQTBWSISY";"C3 81mm"
"XCRWGFUKUR";"UPK-23-250 x2"
"XCTBAWTFTF";"UH-1H SUPPLY"
"XCTVDHRNIK";"Su-15TM [AA2]"
"XCTZQENRQM";"M2 BRADLEY SFV"
"XCWFVNDNHL";"PUMA PIRATE"
"XCZZQBMCFH";"1-12. TP"
"XDAOPEOAWP";"9M330 "
"XDBCLRZYDY";"1-11 pz"
"XDBIFUBQVD";"Mi-4B [RKT1]"
"XDEASQVMSZ";"#DDR 1. Panzer-Rgt."
"XDHCWYLGSX";"AERO-M30 107mm"
"XDIKQEJPUG";"SAPERZY"
"XDJTMFDPVW";"2S3M AKATSIYA"
"XDOERGLLYF";"#SOV 68-y Gv. MSP"
"XDOHPLLXEH";"33-y IAP"
"XDPWJLDACG";"Bofors L/70+"
"XDQVIUMCYP";"PaK T-12 100mm"
"XDSLEELHMX";"FÜPZ. T-54AMK"
"XDTPVISAXU";"AIM-7E"
"XDWSQTFKXQ";"OP_02_TRG_Player"
"XDZBPCDWEH";"GeWa-10"
"XEDPNDQJLJ";"44 Afdva"
"XEEJUWISYI";"MOR. BELOZOR"
"XENCKWVTRB";"1. Tanková Divize"
"XERNOZREUP";"An Anti-Tank Rocket Launcher is a shoulder-fired weapon designed to take out armored or reinforced land targets.
These launchers fire an unguided rocket-propelled anti-tank projectile, giving the regular combat soldier an efficient, portable weapon to neutralize enemy tanks or vehicles. They are short-range weapons, best used in ambushes or from cover such as buildings or forests. "
"XEWCASEICM";"ALOUETTE II"
"XEXFODXTTZ";"L-39ZO [RKT]"
"XEXZHTKFXP";"M1025 HUMVEE M2HB"
"XEYLYWUMKC";"#US  2nd Armored Div."
"XFBPGNUAOL";"HOWITZER"
"XFDPEISLKG";"1-914-y Art. Polk"
"XFEKDNTPBL";"AH-64A APACHE [RKT]"
"XFETXSAPBR";"3-55. MSP"
"XFMKISDQJF";"M68A1"
"XFMVNQBPAP";"USMC M1025 HUMVEE TOW"
"XFNPQTAXXH";"54. Heimatschutz-Brig."
"XFRJRDRIOS";"DESANT. UAZ-469 FAGOT"
"XFRMLMCNLT";"REZ. DShK 12,7mm (AA)"
"XFSSQNATYL";"CN 90 F1"
"XFYHWZFLSA";"AERO-M167A2 PIVADS 20mm"
"XFYJENSRIQ";"136mm"
"XGEAHJWWUM";"KS-19M"
"XGFLVBYCGN";"1-244-y Gv. MSP"
"XGFPRELCFG";"VKK 461"
"XGHMZRJMGL";" INFANTERIE (DRAGON)"
"XGHWQJXRSN";"2-28 pcz"
"XGMXCCSDRM";"FUSILEROS (C90)"
"XGNYFLUPVZ";"KAB-1500L"
"XGUUTUIFKF";"M168 Vulcan"
"XHBFJBQVGL";"2-36 pz"
"XHCMNLMVHJ";"MECH. CP ESCORT"
"XHESCTRDCL";"AZP S-60 57mm"
"XHFJWISYZQ";"M3P"
"XHIFILPXWH";"MARINIER (CarlG)"
"XHIWHPEQAC";"25 pułk zmech."
"XHJEDPCWBQ";"1-17 pz"
"XHJRNEHUTT";"2-MSR. 1"
"XHRJHERZPE";"M75 AIV"
"XHTPVEGVQY";"M/87 I-TOW"
"XHUWNTCQBP";"BMR C/C TOW"
"XHXBKKVJFL";"PM-41"
"XHXVLLBNZL";"BMP-3"
"XHZHLDKEMF";"#DDR 17. Mot.-Schützen-Rgt."
"XIDDVOBBAD";"1143-y Zen. Art. Polk"
"XIFVCZXVJC";"V. Corps"
"XIGLNUDIWS";"3rd Armored Division"
"XIGMFIRPLP";"OP_13_SURV_DDR"
"XIGSHQUSBL";"MiG-29 9.13"
"XIIGRZPQEH";"Jäger-Bat. 711"
"XIIHHXUPBT";"L46"
"XIJLDYHRLH";"R.A.F. BERLIN"
"XIJUZPKBAE";"SEK"
"XIKNHIBGPL";"TERRIERS LDR."
"XIKSLUAHJC";"#DDR 31. Mot.-Schützen-Rgt."
"XIKWLQTMHI";"BRDM-2 FALANGA-P"
"XIMSUZPTKT";"Panzer-Bat. 64"
"XIOUNHPLNQ";"2A46"
"XISXFNJMBV";"RakArt.-Bat. 102"
"XJCBZFBHMA";"358-y Gv. Zen. Rak. Polk"
"XJCHCCJWEC";"M114"
"XJEANPNPRF";"Recon units have excellent Optics and Stealth. This allows them to scout the battlefield and spot enemy targets, while trying to remain undetected."
"XJGEDXGCAU";"GUV-8700-9A624"
"XJIQNQIMND";"BIMZ Alcantara"
"XJLGSDOSDL";"3-117-y Art. Polk"
"XJMDESILIJ";"#US 81st Tac. Fighter Wing"
"XJMQBNGHTX";"MNAD Flying Column"
"XJOHJQAQUP";"LIGHT RIFLES LDR."
"XJOOXBTCRO";"1-77th Field Artillery Rgt."
"XJOPVDGSZH";"MG1SA3"
"XJPFPPLRLH";"M256"
"XJRZQPCFTU";"1e Corps d'Armée"
"XJTAWJBJGT";"18-ya Zen. Rak. Brigade"
"XJVITOMZCG";"20e Artillerie"
"XJVSZXBYEQ";"1-33. TP"
"XJYGGPHRXP";"PzArtillerie-Bat. 225"
"XJYOEUPBUY";"DD-4 DZ"
"XKAFYZLHWN";"IFV Infantry units take less Suppression in combat when near an Infantry Fighting Vehicle."
"XKBHMKQQVU";"GT-MU-1D"
"XKGQJMZFJL";"NATRES"
"XKIIATCHXB";"FV433 ABBOT"
"XKKOQLYPWM";"FLA-MG ZPU-4"
"XKNCAIONQF";"2-55-y Gv. Tank. Polk"
"XKNLFKIZGQ";"6 BRYG. P.DESANTOWA"
"XKQTYLFGKG";"VAB RATAC"
"XKRAHADQAE";"1. TANKOVA DIVIZE"
"XKRUIQFQUA";"LVTP-7"
"XKTLBIYCNX";"Su-22M4 [CLU]"
"XKTQNIPIYM";"A-6E INTRUDER [NPLM]"
"XKURYBRYXP";"TIRADORES"
"XKWFOJGBCW";"AS-90 155mm"
"XKWJADEBQQ";"1-68-y Gv. MSP"
"XKXLYPTQFD";"WP-8Z"
"XKYVHEFNED";"2. PZ.GRENADIER-DIVISION"
"XKZDTTRTLS";"HOT-2"
"XLDVSULPGX";"G3A3ZF"
"XLFSOHIFFT";"Jäger-Bat. 622"
"XLFUITCYRZ";"I./AR-4"
"XLHEVXRLNP";"StG 58"
"XLKQCMOVRG";"N.G. AH-1F TOWCOBRA"
"XLMGPYYSEK";"II./MSR. 17"
"XLOSPPNCHB";"#SOV 7-ya Gv. Tank. Div."
"XLOYNOTMXX";"Mi-24D [AT]"
"XLVCNVJYVN";"59 pułk zmech."
"XLZRJLMPFC";"Fs-MRS. 120mm TAMPELLA"
"XMBBDQFZHT";"#SOV 5-y Zen.-Rak. Brig."
"XMCUIBDHSY";"EXPLORADORES"
"XMDPANJXJY";"GDF-005"
"XMEEBDXOOV";"2-3 pcz"
"XMIJYQCDLR";"This specialized leader unit is equipped with fire-control systems, sensors, communication devices, and other equipment to improve the indirect fire of subordinate artillery guns."
"XMLAHYKUBR";"2-MSR. 28"
"XMLZFSIANL";"AT-F-5E [AA]"
"XMPEHKSGGF";"Queen's Own Highlanders"
"XMPLDJCNIF";"2. PZ.GRENADIER-DIVISION"
"XMPRQYOERW";"2-362. DP"
"XMQYPCOXKV";"11-YA GV. TANK. DIV."
"XMTOWAOZRA";"BVP-1P (Fagot)"
"XMTRHRVEBQ";"M67 RCL"
"XMVUENVYCM";"B-10"
"XMYNREYEHZ";"Groep Twenthe"
"XMYWYIYCFE";"M-46"
"XNAEDHRKUE";"B-4M 203mm"
"XNAZEVQJVS";"MOR. ZIL-131 SNAB."
"XNBGIMWRSY";"Jäger-Bat. 127"
"XNBOPTXRVD";"9M217"
"XNCGHXGBEQ";"KPz. T-54AM"
"XNCHNOFMEC";"INGENIØRER"
"XNCPDIWVMZ";"SPz BMP-1 SP2"
"XNEYPNTARL";"2. MOTOSTŘELECKÁ DIVIZE"
"XNJTNISHSC";"ALPHA JET E [CLU]"
"XNPILPPLHT";"USMC M1025 HUMVEE AGL"
"XNQTIXVWXE";"2-353-y Gv. Tank. Polk"
"XNROZDGSOU";"2A28"
"XNRSFVIBPP";"Infantry "
"XNRSYNCYMC";"USMC LEADER"
"XNTLITOUUB";"FERRET MK2"
"XNUYGDKPUU";"124 Afdva"
"XNVABLSJIE";"FV1611 HUMBER PIG"
"XNWXSAXZBC";"AERO-ECLAIREURS"
"XNZDRWTWIT";"76,2mm"
"XNZUXSOXVG";"Gr.Wfr. M-43 82mm"
"XOGHLZYOEB";"3-17 pz"
"XOHDFIPBNW";"VKK 254"
"XOIEYPHIKL";"USMC LAV-M 81mm"
"XOJJVGFZWP";"Su-22M4 [CLU]"
"XONEWDTTUU";"2-PR-19"
"XOPABZQTUK";"Teritoriální Prapor"
"XOPPSRYKUJ";"Dual Auto. Gun M2A1"
"XORHMOYRRX";"PANTSERINF. (DRAGON)"
"XOSJFICSHR";"ERC-90 SAGAIE PC"
"XOSVHVGPQI";"HOT-2"
"XOTPKDQYIC";"MARINES LEADER"
"XOYCKYZAKT";"3 pułk czołgów"
"XOYKKXINKN";"SUPER PUMA"
"XPADRQQGCJ";"M40A1"
"XPCSQCLEJA";"1-100-y Tank. Polk"
"XPDIHRTKKQ";"PM-43"
"XPFFTIVJAD";"AUFKL. PT-76B"
"XPFQAEKCDS";"1-126-y Gv. Art. Polk"
"XPGBQJHLXB";"Escadre de Chasse 2"
"XPMUMJRAEB";"20 dar"
"XPRQPWGXED";"TOA-LAG"
"XPVYAYFLPT";"FÜPZ. T-72"
"XPXHEQABVZ";"4. MOT.-SCHÜTZEN-DIVISION"
"XPYSPBEZYC";"NSV 12,7mm"
"XQCVWMVOGE";"PzArtillerie-Bat. 65"
"XQCYGRTULZ";"M219 x2"
"XQDQXJKTDV";"Mw. 74"
"XQDXPVPSCR";"RES. MARINES (AT-4)"
"XQGTPUFCQE";"PIONIER"
"XQHIVTIGSK";"2-3. MSP"
"XQHVVUGIJV";"1-333-y MSP"
"XQLIUJARME";"11E DIVISION PARACHUTISTE"
"XQLSHXIOJV";"#US  194th Arm. Brigade"
"XQQBVTTXBK";"TERRIERS PARAS (CarlG)"
"XQSJEKJCWA";"Smoke Launchers"
"XQTSCLYHJK";"1-40-y Gv. MSP"
"XQZMZXMMFR";"#BEL 2ste Wing"
"XRCQKFFSZH";"MiG-21bis [HE]"
"XREYZDDUZD";"DESANT. LuAZ-967M SPG-9"
"XRFQPMPIYO";"BRM-1K"
"XRFZXCBASB";"SEA KING Mk.48"
"XRHHQRXRWL";"PALR KONKURS"
"XRHKAMDMUB";"AIM-120A AMRAAM"
"XRHZZMOVXQ";"L4A4"
"XRLNEUUHFW";"76T2 Cerbere 20mm"
"XRLSIFQAMK";"Force d'Action Rapide"
"XRRLMCAVAO";"1-3 pcz"
"XRSYLQBGQE";"64-YA RES. TANK. DIV."
"XSBPWEAGBB";"JÄGER (PzF)"
"XSBREXNVLK";"F-16C [SEAD]"
"XSCKHOKXSY";"RT-61"
"XSCQLCTFZZ";"54th Engineer Bat."
"XSENGPKHLP";"M2HB 12,7mm"
"XSIGXLWYKE";"31-YA TANK. DIV."
"XSIWHLXYCV";"M35"
"XSKHLYWRKM";"3-237-y Tank. Polk"
"XSOFLBIFYD";"F-6A"
"XSPSWTNWEQ";"Heavily-armed plane"
"XSQOUZQCEO";"TU-22 [HE]"
"XSUQSOOYBR";"IMKA-4"
"XSVFGKHHMT";"SVD"
"XSVKHJZPIH";"Su-17M4 [SEAD]"
"XSVQFAWCPP";"1-79. MSP"
"XSWZUSWQFA";"18e Artillerie"
"XSZZQFMIYD";"101ST AIRBORNE DIVISION (AIR ASSAULT)"
"XTIUQZNDPR";"170mm"
"XTSBLHGOHD";"3-49. DP"
"XTTYSPOTQP";"M113 ADATS"
"XTUVTNRFAD";"Mi-8T [RKT]"
"XTXQCMYMWU";"Jäger-Rgt. 83"
"XTXUVMCXNF";"C1 155mm"
"XUCTJAKVLP";"30 Res. Dywizja Zmech."
"XUDPWLYANA";"Sicherungs-Bat. 4431"
"XUGDYJBYRX";"2-332-y Gv. Tank. Polk"
"XUGVJWKVLA";"M-46 130mm"
"XUKFFZHWPO";"RESERVE PIONIER"
"XUKYDBROJP";"2-13. TP"
"XUQUQFDEOR";"M998 HUMVEE"
"XUSIEMYAMQ";"BL 5,5-inch 140mm"
"XUTVWWNOTF";"5,45mm"
"XUUQODRYXY";"#UK  22nd Armoured Brigade"
"XUYELWFUHY";"3-286-y Gv. MSP"
"XVBLOPBBJK";"CN-105 L/57"
"XVBOBVGXZD";"2-241-y Gv. MSP"
"XVGUKJKSAL";"Mi-2US"
"XVIOGZOERI";"ARMAT"
"XVIUMHJXAR";"M59 155mm"
"XVJUBETOUQ";"Jäger-Bat. 733"
"XVMIZXCKAT";"DESANT. SAPERZY (LPO-50)"
"XVORYURNNI";"F-8P CRUSADER [AA1]"
"XVPCXOITMI";"The tank is a heavily armored vehicle, effective against any type of ground target. "
"XVPONBIGUX";"55th Tac. Fighter Sq."
"XVPZEUVQNO";"DESANT. PKM 7,62mm"
"XVSTGJSUXI";"M201 RASURA"
"XVTGEMUZHI";"Mi-24P [AT2]"
"XVWKEFMSBV";"F-4G WILD WEASEL V [SEAD]"
"XVYRJSYPZQ";"RESERVISTEN FÜH."
"XWAETHXNYG";"82ND AIRBORNE DIVISION"
"XWAPRGYCBZ";"2A37"
"XWETVBBVLP";"2-360-y Tank. Polk"
"XWFKRKSKEC";"GC45"
"XWHKYFQEAG";"EM-11e DP"
"XWRWNCCCJQ";"M50/63 155mm"
"XWSMLGUDIJ";"RESERV. ECLAIREURS"
"XXDVCALEZS";"S-5M"
"XXFKYMLVGH";"VELITEL ŽENISTŮ"
"XXFQONNBQN";"ROVER CP"
"XXKDIWFSQA";"AH-6G LITTLE BIRD"
"XXKQXNPTEO";"ZU-23-2"
"XXLEUYEFHK";"Mk 84"
"XXLUMOQPRN";"Type 54"
"XXOBOVBGRJ";"T815 MUN."
"XXOIOGHXTY";"MiG-23MLA [AA]"
"XXOZCHQPWB";"L46"
"XXTZPAWQVT";"Mi-2"
"XXUGFUDGFA";"2-744-y Art. Polk"
"XXZBQGCMLY";"2-68th Armored Bat."
"XYBJLLDPZX";"RES. GENIE"
"XYCGCFGHRD";"V,/Queen's Rgt."
"XYFEWOZIKF";"MT-LBu"
"XYHVGGEVJC";"2-15-y Gv. Tank. Polk"
"XYIQTGQPUD";"AMX-13 VCI 20mm"
"XYKDTYPBZB";"R530"
"XYKYOXJBAV";"SANTANA RASURA"
"XYLWQYFRSU";"L16"
"XYMUOBHXJR";"2-63-y Gv. Tank. Polk"
"XYPHXWFAKI";"BRDM-2 KONKURS-M"
"XYPTNBVOKV";"GURKHA ROVER WOMBAT"
"XYUDXKRHRO";"Kom./10-ya Gv. Tank. Div."
"XYWBABLQQJ";"BTR-80K"
"XYWXTGJRHE";"CMDT PARA. SAS"
"XYYEKBNOSB";"#SOV 237-y Tank. Polk"
"XYZIHEOOLF";"MILAN 2"
"XYZPPNZEHG";"107mm"
"XZGNYYVKEG";"Pionier-Bat. 12"
"XZGWLAIXMQ";"2-23. TP"
"XZIMFELUID";"ZU-23-2"
"XZISNZEDEX";"HQ-3rd ID"
"XZJSRJKTOB";"Mi-2P"
"XZKZWNXTPR";"M998 HUMVEE DELTA"
"XZOABYJASD";"T-72M-E2"
"XZPSNORAYW";"R-77"
"XZQVWCRPAO";"AMX-13 T75 PC"
"XZTLIEIEHN";"3-100-y Tank. Polk"
"XZZROHBDLX";"Reservist"
"YAOBDDWREX";"AIR-TO-GROUND ROCKETS"
"YAOHQBWUVR";"303. TANKOVÁ DIVIZE"
"YAPVXISUZL";"SMAW"
"YARQLJAUXC";"LARS 2"
"YASKUWIHQT";"GBU-24"
"YATDSGEXSM";"#UK RAF Laarbruch"
"YAUFHEXQWO";"66mm HEAT"
"YAWNOTIEYR";"R-27T"
"YAXNZEAKUV";"KAMPFSCHWIMMER"
"YAYBBUFSKS";"DANA"
"YAYBMJPTED";"BTR-152"
"YAYEHVIPJI";"Kh-25MP"
"YAZBMBSUQL";"AIRBORNE SCOUTS"
"YBAVRPKZPO";"#CZ 74. Motostřelecký Pluk"
"YBBFTABAXY";"T-34/85M"
"YBCCIBIQXU";"17th Field Artillery Brig."
"YBFANDJRCL";"RES. KPz. T-54AM"
"YBFCTJBASQ";"USMC M1025 HUMVEE M2HB"
"YBHFKUEGOU";"349ste Smaldeel"
"YBKIBFHYCX";"MG3"
"YBLRJJCLKR";"Mi-8T [RKT]"
"YBMFDZDAKJ";"HS-831A"
"YBNBULLUQC";"ECUREUIL 20mm"
"YBQORWXSJS";"K.d.A. FÜH."
"YBUKXYPNCQ";"Sicherungs-Bat. 200"
"YBVZMYWDVD";"1-MSR. 35"
"YCABTWYEMX";"2A42 "
"YCBEYUSCBD";"Heeresflieger-Rgt. 26"
"YCFNPGQQRC";"#RFA  VBK 31"
"YCMRTIJZLN";"2B9 Vasilek"
"YCPONUZYRL";"M230"
"YCQJZGLCZU";"Fs-SPG-9"
"YCQRBQVSTK";"6E DIVISION LEGERE BLINDEE"
"YCSRMDAKHP";"MISTRAL"
"YCSTIBQORK";"Fs-SCHARFSCHÜTZE"
"YCTTMAAJJB";"Satchel Charge"
"YCVGEVDIZS";"M551 TTS SHERIDAN"
"YCYLPDRGYH";"HEIMAT-JÄGER FÜH."
"YCYZERNXSW";"PIONIER (Flam.)"
"YCZQWYLXRB";"#DDR 20. Panzer-Rgt."
"YCZZASAZNW";"M198"
"YDBIZCFQKL";"F-16CG [LGB]"
"YDBLCPLHVO";"T-72MD"
"YDBZJBWSUN";"LuAZ-967M"
"YDEMOHGNCL";"M3A2 BRAT"
"YDEPSQUBVA";"KRAKA M40A1"
"YDGXWMGADS";"2-16-y Gv. Tank. Polk"
"YDJGLUZRBT";"AKM"
"YDJJUCWYMK";"L-39ZA"
"YDJUCZBCSW";"332. Kanónová Dělostř. Brigáda"
"YDTHELFELP";"EXPLORADORES"
"YDTQMBDJKS";"ZU-23-2S"
"YDUURHYDEA";"AS.37"
"YDVHQEIVXU";"S-25O"
"YDVVHOXHEZ";"4-5 Baa"
"YDWRGQLHYI";"A tank gun is a large-caliber, high-velocity gun capable of firing projectiles against ground targets. A tank gun fires off a variety of different shells, including armor-piercing kinetic (AP), armor-piercing, fin-stabilized, discarding sabot (APFSDS), high-explosive (HE), or high-explosive anti-tank (HEAT). Some guns can even fire specially adapted guided missiles. A tank gun's caliber determines range and firepower. 

The tank gun is the primary means of engaging infantry, other tanks, or armored vehicles with direct fire."
"YEBFGLYLOY";"HEIMAT-JÄGER FÜH."
"YECPWZEIKQ";"#US 3rd Brigade (Forward)"
"YEENKYKBZI";"Mi-8MT [UPK]"
"YEKMWFEREZ";"The assault rifle is the standard combat firearm for the vast majority of soldiers. Effective across short- to medium-range, a great variety of assault rifles have developed, from compact variants to more accurate semi-automatic or burst-fire and automatic rifles. Different calibers affect mobility, range, and firepower. 

Assault rifles are effective against enemy infantry and certain lightly armored targets."
"YELICYNRVE";"SFL-H 2S3M 152mm"
"YEMCRFVOCE";"MiG-23BN [HE]"
"YENNEVSYDD";"Panzer-Bat. 14"
"YEOHSHNSTU";"3 gb 51 pz"
"YEOLSSDIML";"MOR. ZIL-131"
"YEQKGAOIAK";"AMX-30RE"
"YESDTHHAMI";"ROVER"
"YEZLYLESMP";"SAS 'G'"
"YFEUQMDEAF";"III./AR-4"
"YFISGCQGRM";"MOR. T-55AMDK"
"YFMDGZHGPQ";"GATLING"
"YFMUDGQHSF";"II./AR-4"
"YFMXFHSSQR";"1er Spahis"
"YFSFZCQMKT";"1-138-y otd. Tank. Polk"
"YFXMMZXILW";"2PzGrenChallenge"
"YFYSJYVWII";"#UK  19th Armoured Brigade"
"YFZECUDDOB";"M1 Long Tom"
"YFZNYLTAYD";"MOTOSTRELKI (BMP)"
"YGFQHBUXRR";"HJV CENTURION Mk.3"
"YGIMKMPKCY";"VW T3 FELDJÄGER"
"YGIRMVNBSW";"TOW-2A"
"YGJJAOMYSO";"2-67-y Gv. Tank. Polk"
"YGJLRBJDEJ";"GUARDS (CarlG)"
"YGNHDMJUJE";"F-16A [AA]"
"YGNHEZWSIN";"2-308-ya Artilleri. Brigada"
"YGNPNLKSJR";"M55 75"
"YGUBGUGKFA";"34-y otd. Razvedka Bat."
"YGUGARCKQF";"Pionier-Bat. 10"
"YHBWXLMHGX";"II./PR-10"
"YHDXMDGJQP";"L-39ZO [CLU]"
"YHEBHRIIKU";"SIG-543"
"YHGTQYBXDU";"#SOV 79-y Gv. Tank. Polk"
"YHHSJATYLU";"152E DIVISION D'INFANTERIE"
"YHIOZTAXIT";"PPLRK S-2M"
"YHKVFMIOWW";"2A46"
"YHLTTNPTBN";"M252 81mm"
"YHMEJWPVZU";"7,65mm"
"YHOMJQAEQA";"10. PLRP"
"YHRAPPZEST";"PZ.GREN. FÜH."
"YHTLBOKHNW";"LYNX AH.1 [RKT]"
"YHTNNXACCP";"USMC SCOUT SNIPERS"
"YHXEPLAGZP";"9M38M1"
"YHXWORNERU";"BTR-70D"
"YHYAZULUUF";"1-172-y Gv. MSP"
"YHZLIXYYTN";"MiG-23ML [AA]"
"YIADMUSDOK";"HEIMAT. M48A2CGA1"
"YIAHNCVTZG";"#DDR 27. Mot.-Schützen-Rgt."
"YIARUBTJRC";"#DDR 3. LVD"
"YIBQYHFGYV";"LAV-C"
"YICIJCJTKU";"M35"
"YICKROCGIJ";"M117"
"YIEHAXEUSU";"V,/Royal Green Jacket"
"YIEWWNOGAG";"DESANT. SAPERI (RPO)"
"YIEZAZAAYY";"507e RCC"
"YIGQXLAAKW";"INFANTERIE CMG"
"YIMMOVATBS";"#US 11th Arm. Cavalry Rgt."
"YINGLZSRLH";"AIM-7M Sparrow"
"YIOPMEDIBJ";"AUVERLAND A3 PC"
"YIWXLXVNIA";"F-16A [AA]"
"YIWZAIBPKB";"BMP-1"
"YIXLGACUEP";"MIRAGE 2000C RDI [AA]"
"YIYIKRQBLN";"6E DLB OFFICIAL BATTLEGROUP"
"YJCUQQNSDA";"GRENZER (Flam.)"
"YJGVQTMEZZ";"ASTROS II [HE]"
"YJIXVZMIID";"M67 RCL"
"YJJBQAYWLG";"Kom.-1st Gv. Tank. Armiya"
"YJNGRYTFYG";"MOTOSTRELKI (BMP)"
"YJNJOKJFFO";"BTR-RD ROBOT"
"YJUVMWMHNT";"RPG-16"
"YJVNEBEWPF";"MARINES ENGINEERS"
"YJWCBWNQOY";"#RFA  4. Panzergrenadier-Brigade"
"YJYGMBXPDZ";"Stab-3. Panzerdiv."
"YJYWPRLVBY";"#SOV 56-y Gv. Tank. Polk"
"YKCADHNWBB";"PT-76B"
"YKCBOWWRFL";"TERRIERS "
"YKDVBQITDV";"1-693-y Art. Polk"
"YKEKLZUXWM";"2-40-y Gv. MSP"
"YKFIQHZDSL";"VW T3 GENDARMERIE"
"YKHABCBEAT";"Viper"
"YKHUXVJLQH";"3-51. MSP"
"YKMNOPTYHE";"6E DIVISION LEGERE BLINDEE"
"YKNHPSMKID";"RBS56"
"YKOXTNOAFR";"The anti-tank rocket launcher is a shoulder-fired weapon designed to take out armored vehicles. These launchers fire unguided rocket-propelled projectiles, which can feature a variety of warheads, including HE and HEAT. This is an effective stand-off weapon, great at neutralizing tanks or other ground targets.

Due to its short range, anti-tank rocket launchers are best used in ambushes or from cover. More advanced models have better armor penetration and destructive power, including tandem-warheads."
"YKQKDGOLXN";"PZ.GRENADIER (PzF3)"
"YKRIMJUWJP";"122-JROF-L"
"YKRSDUMUNU";"RESERVISTEN (S.MG)"
"YKRVQCVRML";"UK Vz.59 7,62mm"
"YKSFLSJCWC";"JÄGER (PzF)"
"YKUEKXIGYN";"F-4E PHANTOM II [HE]"
"YKVOJVWJMQ";"M901 ITV"
"YKXBMCZGOT";"JAGUAR GR.1 [RKT]"
"YKXEIVKYJO";"82. Protiletadlová Raket. Brigáda"
"YKXJNLQTCS";"Mi-17 [RKT 2]"
"YLAFTODRPI";"MW-1 KB44"
"YLERMYZNEG";"#SOV  57-ya Gv. MSD"
"YLFHPAAUQR";"Kh-25ML"
"YLHUNJGZVW";"2-21. TP"
"YLIMMVCHDY";"ODSTŘELOVAČI"
"YLKLDVBXLR";"L5 105mm"
"YLOAWIGFUZ";"SPW-40P2 MALYUTKA-P"
"YLOOZYMCWO";"Refleks"
"YLPGDWJIEE";"DESANT. LuAZ 2F62 ZENITCHIK"
"YLTFYMHLTV";"M113A1 RECCE"
"YLYXQXKJOP";"ShKH DANA 152mm"
"YLZONFRFTS";"[CMD#trait_CMD] [SHOCK#trait_SHOCK] [PARA#trait_PARA] "
"YMFLAGHXMM";"35-ya GvDShB"
"YMIDZMALHD";"MECH. FUSILEROS MANDO"
"YMJAQGIYVI";"LYNX AH.1 HELARM/LBH"
"YMKBXMSCZG";"MiG-21MF [HE2]"
"YMPMHSWZBX";"34 Afdva"
"YMQRWZKBGL";"IGLA"
"YMSZIZLUXF";"3-172-y Art. Polk"
"YMTAJLSRKE";"HEIMAT-JÄGER"
"YMTNDSGPMT";"Mi-24V [AA2]"
"YMVYEELSTX";"Command Helicopter"
"YNBCXMAERX";"M/37"
"YNDLJFDBIK";"ANTI-AIRCRAFT GUN"
"YNEDNHMJWH";"MiG-23BN [HE]"
"YNGJOKMHRA";"USMC RIFLEMEN (AT-4)"
"YNGTWKCQMJ";"AML-90 INSTRUCT."
"YNHNVJJEXQ";"M113A1-B-MIL"
"YNKYLBXYRM";"Units designed specifically to engage and destroy enemy tanks and armored vehicles."
"YNKZWZNLDT";"Leader"
"YNNTEQYYKK";"G.91R/3 GINA [NPLM]"
"YNOBHGFLQD";"AIR CAV. TROOPERS"
"YNSVXOCNPM";"WP-8z"
"YNSWLWBFZE";"ASh-78-2"
"YNSYUERUAM";"#RFA  35. Panzergrenadier-Brigade"
"YNUTASHOHT";"This unit is trained to be inserted onto the battlefield through the air. Highly mobile but lightly equipped, airborne troops can rapidly deploy ahead of the regular army."
"YNZLQYXPCL";"#SOV 243-y Gv. MSP"
"YNZLWTGOZU";"M1 81mm"
"YOEFRSROTK";"GV. PLAMYA 30mm"
"YOFKANTGIH";"BMP-1K3"
"YOFWDQAPUB";"MARSOUINS"
"YOGYWBAPXZ";"FAL"
"YOJBQBMOUS";"Sicherungs-Bat. 78"
"YOMAUDTCPM";"KRAKA MUN."
"YOMEDOOTJA";"N.G. M40A1"
"YOMEOMAVIL";"S-8KOM"
"YOMVVHXJBJ";"T-62MDK"
"YONTJMFBDD";"KËMBËSORIA E MEK. (ldr)"
"YOTAQAJQEW";"AANF1"
"YOTUMPCYEK";"AML-90 CP"
"YOTVEXDGMJ";"Aufklärungs-Bat. 12"
"YOVKUSKBLB";"1-7. TP"
"YOWBMGVFWE";"I British Corps"
"YPCCEHNKJR";"9. PLRP"
"YPCVOTOPWT";"PIONIER FÜH."
"YPEMXPWDPL";"1. TANKOVA DIVIZE"
"YPITWQCMPV";"1-54-y Art. Polk"
"YPLEEDFUUG";"FAL Scope "
"YPNDOXTAZS";"M1 ABRAMS CP"
"YPQADIBPGG";"Kom./27-ya Gv. MSD"
"YPTRZFEWZY";"REZ. T-55A"
"YPUIEGDPJD";"1ST ARMOURED DIVISION"
"YPUWRBQXWP";"3 gb 10 pz"
"YPVEXLHXAN";"Queen's Own Yeomanry"
"YPVMSEYNIP";"ZSU-23-4M3 BIRYUSA"
"YPXMWNQODK";"94. Heimatschutz-Rgt."
"YPXOPAOLOG";"PARA. MILAN  1"
"YPYILHAARE";"Tampella"
"YQAGXZWXVO";"MO.1.01.04"
"YQBSRWMUUE";"20. MOT.-SCHÜTZEN-DIVISION"
"YQEMCHNNLT";"DESANT. MOR. FAGOT"
"YQFBYMMROI";"III,/The Light Infantry"
"YQFDLLJSET";"AUFKLÄRER"
"YQHNARCEJM";"AB M998 AVENGER"
"YQIWZBIDYO";"42ste Smaldeel"
"YQJIZJRNSS";"Zwillinge MK 20 Rh 202"
"YQJJOWEPKB";"MiG-21MF [HE1]"
"YQJZZYSHVO";"OT-810"
"YQQHTOWLXS";"2-9 pa"
"YQROOSLZHC";"I./Queen's Dragoon Gds."
"YQTAIDPRSU";"REZ. SAPERZY"
"YQULHDMPMX";"M85"
"YQWIXXZDXL";"Catatumbo"
"YRBNGVACKT";"3-216. PTp"
"YRCCRXFSIR";"3-172-y Gv. MSP"
"YRGNIUGSNF";"494th Tac. Fighter Sq."
"YRHRJXUIBR";"HQ-2-ya Gv. Tank. Armiya"
"YRJEEMMWWP";"35TH INFANTRY DIVISION (MECH.)"
"YRMELBOLPD";"CAVALRY SCOUTS"
"YRMTQMKCPN";"T-72"
"YRNEKRFKAZ";"2. PZ.GRENADIER-DIVISION"
"YRPYIWVCNW";"DIV.ACOR. BRUNETE OFFICIAL BATTLEGROUP"
"YRTXPLIUYN";"MiG-23BN [NPLM]"
"YSBUWVYAYN";"MLVW"
"YSLEYULPVD";"LIGHT SUPPORT WEAPON"
"YSLJFYTPGM";"1-17th Cavalry"
"YSNVNECBJR";"512th Tac. Fighter Sq."
"YSPNDCTXOL";"Resolute units take less Suppression in combat."
"YSPZTECEMB";"11E PARAS OFFICIAL BATTLEGROUP"
"YSRLSRZHVW";"GRENZER"
"YSSCMQVTWR";"AUTOCANNON"
"YSUGYZPBFD";"716-y Zen. Art. Polk"
"YSVBQNJFUH";"79-GV.TD OFFICIAL BATTLEGROUP"
"YSVUHGKNSI";"Yak-B"
"YSXBEBYFTH";"#DDR  41. Mot.-Schützen-Rgt."
"YSXMAIZLDP";"DSh. SAPERI"
"YSZCSIONJL";"ROCKET"
"YSZKUFMXJY";"Velitelství a štáb 9. TD"
"YTBTEBWJYA";"FÜPZ. T-55AM2K3"
"YTCWTSAIQA";"S-125 NEVA"
"YTCWZCWQPI";"Breda/Bofors L40/70"
"YTCXJJAMGM";"3 Regiment AAC"
"YTFJFDVBQQ";"2-390-ya Gv. Art. Brigada"
"YTGEUPHVLD";"9K37 BUK-M1"
"YTMZHIDDFK";"CLKA OFFICIAL BATTLEGROUP"
"YTPIUOZSMW";"Feldartillerie-Bat. 31"
"YTPSMJMGQL";"LRM"
"YTVFZXRPMS";"MIRAGE III E [AA]"
"YTVNQMDPKA";"CN 90 F4"
"YTWUMUKSKF";"NF-5A [NPLM]"
"YTYAYADNZI";"Skyflash SuperTEMP"
"YUDJRIGYBP";"SNIPER SAS"
"YUEMHRPJCM";"USMC ASSAULTMEN"
"YUFGEVJZRQ";"HQ-1st Infanfry Div."
"YUHNIGINKZ";"1st Battalion, Parachute Regiment"
"YUIEPJIYCS";"HM2A1 105mm"
"YUIXEXNNZW";"2A65 Msta-B 152mm"
"YUJKFMIJOF";"36th Tac. Fighter Wing"
"YUJVQMDJDA";"AMX-30 B"
"YUKUKBJXUZ";"F/A-16 [AT]"
"YUMNHEPZFG";"Vz. 53/59"
"YUVJRZUCUG";"MILAN"
"YUXKKMYORO";"UH-60A CO"
"YUYKDVUNZE";"ALPINI CMDO."
"YVBMEDJUWZ";"M118 105mm"
"YVBOZTXVUK";"INFANTERIE"
"YVDBOWDLEL";"#SOV  79-ya Gv. Tank. Div."
"YVGZVXTPSW";"HEIMAT-AUFKLÄRER"
"YVHZKWLLJR";"GAZ-69"
"YVLMVYSOCN";"39-YA GV. STRELK. DIV."
"YVSTUIGJFO";"REZ. M wz. 1943 160mm"
"YVVUDUEKYP";"II./MSR. 23"
"YVWBVDGDGZ";"104 Afdva"
"YVXBMWRXMG";"IFA W50"
"YVYCXWUNYE";"2A20"
"YWAAPIIFRO";"64-YA RES. TANK. DIV."
"YWBHZRGVPD";"Fallschirm.-Bat. 253"
"YWCAUHJJBK";"N.G. M60A1 RISE"
"YWCBVGTTYJ";"TOW 2A"
"YWCYOPHSYI";"MOR. BTR-60PB"
"YWEQJURVFY";"ALOUETTE III"
"YWFAIXZHZG";"Kom./11-ya Gv. Tank. Div."
"YWFMBNSXOW";"Mortars are crew-served indirect-fire weapons capable of lobbing shells in high trajectories across short- to medium distances. Simple breach-loaded weapons mortars come in various calibers which determine range, mobility, and destructive power. Some larger units are vehicle mounted.

Mortars can quickly fire off different types of shells, from HE to smoke. They provide vital close-fire support on the battlefield."
"YWGFAJMSSM";"CN-105 F1"
"YWIOENPTLP";"496th Tac. Fighter Sq."
"YWJMKHUVCW";"GT-MU-1D AGS"
"YWLFEQEERH";"MILITÆRPOLITI"
"YWMEHFUEVZ";"#RFA II. Korps"
"YWMTQHJAFI";"RPG-7VS"
"YWRPFVXUDD";"I./MSR. 24"
"YWRZLMPTCK";"Ka-29TB"
"YWSYQJUYPZ";"SPW-40P2 KONKURS"
"YWTBQABJRS";"13 pułk zmech."
"YWTLIMRYEZ";"Su-7BKŁ [NPLM]"
"YWVLNTAVEU";"USMC TOW-2"
"YWVLPCXJDP";"Bantam"
"YWVUOEEDJW";"BRDM-1 DShK"
"YWVWEUPASH";"WSW"
"YWYMJGNXSV";"9M8M3"
"YWYPJDTIGI";"WP-8Z"
"YXAXXWZPRE";"M40A1 RCL"
"YXCIVWATGF";"GEB. MISTRAL"
"YXEBMECZRE";"Tampella"
"YXHMYZFMYY";"EC-90"
"YXIJHQJPZE";"Su-24M [LGB2]"
"YXNJZTVVDJ";"Panzer-Bat. 31"
"YXNOPQAYCA";"ENGINEERS (DRAGON)"
"YXPMZEJCPW";"Su-22M4K [AT]"
"YXTAJAKIUB";"BFA-920"
"YXVSTRHOIL";"BLG-252"
"YXWTUHHSFN";"I./MSR. 42"
"YXXCVRAMGI";"ZiS-3 76,2mm"
"YXYOVUPIWN";"VERKENNERS"
"YYAWSSUYKP";"PIECHOTA ZMECH. (SVD)"
"YYECLSNIGN";"MARDER 1A1 MILAN"
"YYFGJTMUQN";"MOR. SPETSNAZ"
"YYFTUTDNAH";"QF 17-pdr"
"YYIIVEBHYL";"2-914-y Art. Polk"
"YYJBNFONGN";"AFMS-10"
"YYKHCMNZSW";"L7A3"
"YYQFUAGSJO";"1-82nd Attack Helo. Bat."
"YYRXCLSMDP";"2-11. TP"
"YYTZVUQJXB";"Raketenartillerielehr-Bat. 52"
"YYUEMVKTMI";"MAG"
"YZAIVIXFCA";"A-109A HIRUNDO"
"YZAQKEGJBR";"PRŮZ. BVP-2"
"YZDEOETJLL";"3-PR-8"
"YZGYYQNMXJ";"#SOV 47-y Gv. Tank. Polk"
"YZHKUSLPSF";"KG1,/5. ABr"
"YZJRANZZYR";"T-72K"
"YZKHWTHHAY";"Jäger-Bat. 732"
"YZLQKBONQG";"GSh-30-2"
"YZONDYIJDC";"III./MSR. 18"
"YZOXCWZFWE";"3-153-y Tank. Polk"
"YZQRQUWKHE";"105-ya ADIB"
"YZTEIWBJTO";"2-33 pz"
"YZVDZJLDCS";"4-52-y Gv. Art. Polk"
"YZVHGRXJVH";"M36"
"YZVWFACIGJ";"SPG-9"
"YZWKHTGFOO";"PLČK vz.53 12,7mm"
"YZYRDMDSPQ";"TERUEL"
"ZABFXVLPSZ";"I./AR 10"
"ZABMWOVCIJ";"RBK-500"
"ZACFQQYBDW";"USMC M151A2 FAV"
"ZACREVWWAF";"#SOV 18-ya. Zen. Rak. Brigada"
"ZACWQHTLYT";"F-16C [HE]"
"ZADWXNWCXK";"294-Y ORAP"
"ZAEBDNBQGE";"Flugabwehr-Rgt. 140"
"ZAEHWWMFRT";"Kom./48-ya MSD"
"ZAIIQFITDK";"9. Tanková Divize"
"ZAISYHYCQQ";"HQ-5A"
"ZAIXTFIPTB";"MIM-23B I-Hawk"
"ZAJVQCGFWF";"#DDR 14. Panzer-Rgt."
"ZALUICYXNX";"2-JaboG 35"
"ZAMAREAPZY";"OH-58D KIOWA Wr."
"ZAOBITCILW";"CFMP"
"ZAOJOGKHVB";"P4 PC"
"ZAONRFZKRX";"Vz.59"
"ZAOYCKIUQO";"MISTRAL"
"ZAVZODSCGR";"Fagot-M"
"ZAXMKTZEXG";"MCC MILAN 2"
"ZBBGYQLSCB";"G3A3ZF"
"ZBCSVVSAAI";"FORCE RECON"
"ZBGGCTXDMH";"FALLSCHIRM. FÜH."
"ZBLANEDHJD";"2-400-y MSP"
"ZBLBCIYQJJ";"GEBIRGSJÄGER (PzF3)"
"ZBNXYPDUQX";"TRM-10000 Log."
"ZBOTDYDLCV";"MARINIER-COMMANDO"
"ZBQHUTUFIY";"BTR-50PU"
"ZBRQNFZUEI";"SIG-543"
"ZBSSDVHYAO";"MiG-23BN [CLU]"
"ZBTYQDKGDQ";"11th Aviation Brig."
"ZBVONGJNPJ";"Panzer-Bat. 523"
"ZBWBSUANSQ";"BM-24M"
"ZBWLELTGKC";"Fs-FLA-RAK. STRELA-2M"
"ZBYMXDHVBB";"LPO-50"
"ZCEDMTQXEM";"BM-21-1 GRAD"
"ZCFUJKPDEO";"CL-89"
"ZCGUPLGXDA";"B1000 MILITÄRSTREIFE"
"ZCKIDIENSW";"527th Aggressor Sq."
"ZCLOVFVCCH";"IMKA-2"
"ZCRZFHFXWJ";"282-y Zen. Art. Polk"
"ZCSEJWFIII";"2-PR-23"
"ZCXOOIMJBX";"AB M1025 HUMVEE AGL"
"ZCXYEIVJDO";"BTR-40"
"ZCYLMJQBFJ";"2K12 KUB"
"ZDATBLTZKN";"#US  18th Engineer Brigade"
"ZDEJINIVLD";"KS-19 100mm"
"ZDHZNBWLVF";"A half-sized infantry squad with a reduced complement of soldiers. This smaller infantry unit is easier to transport but has less firepower and strength."
"ZDLGRLXGKP";"AUFKL. LEOPARD 1A5"
"ZDRKECBNQC";"DESANT. GAZ-66B SNAB."
"ZDWFWHBFDO";"385th MP Battalion"
"ZDYVQTOFHH";"2-18. TP"
"ZEBWIQAQYU";"FV721 FOX ZB298"
"ZEIDLJEHKJ";"A-37B [HE]"
"ZEKSSWHRUW";"Panzer-Bat. 144"
"ZELEKBHFBU";"ZSU-23-4M1 SHILKA"
"ZELQCTBCRU";"MiG-31B [AA]"
"ZENBXLZZTR";"USMC GUNNER"
"ZENOKFNDJY";"N.G. M2HB 12,7mm"
"ZEYGYQXZVP";"1-3rd Field Artillery Rgt."
"ZFEFPKAIEW";"Mi-19"
"ZFEOVHFJND";"OH-6"
"ZFFKLKTDQO";"1-28 pcz"
"ZFGBXESWSS";"HONKER 4011"
"ZFJECSJMHR";"Kh-31P"
"ZFJUSSGJXR";"This unit features hardened soldiers specifically trained and equipped for close-quarter battles, assault operations, and hand-to-hand combat."
"ZFNFKMXDBY";"SAPEURS (Flam.)"
"ZFOFUASZID";"PEGASO 3046 BITUBO"
"ZGBVCSPKWN";"ARM. RIFLES"
"ZGDXFDNGBF";"Jäger-Bat. 36"
"ZGEORIVEPL";"DIVMOB"
"ZGFZONUVUL";"#CZ 1. Tankový Pluk"
"ZGIOBXAPEL";"DOW. REZERWISCI"
"ZGJDVSBASK";"INFANTERIE (LAW)"
"ZGMDXTMKTF";"Su-22M4 [HE]"
"ZGMUYTUUSP";"A fast-flying missile launched from an aircraft or helicopter for the purpose of destroying airborne targets.
Air-to-air missiles can be broadly divided into two categories: those designed to engage hostile aircraft at very short range, also known as within visual range missiles; and those that fly far and neutralize targets beyond visual range. Short-range missiles frequently feature rapid rocket motors and heat-seeking guidance systems. Long-range missiles often use slower jet engines and radar guidance to engage hostile aircraft across considerable distances. "
"ZGNGGEQMYD";"AUFKL. SPW-60PB"
"ZGOKRQILBR";"SCHWIM. PTS-M MUN."
"ZGOQHIBMEJ";"GT-MU-1D ZU-23-2"
"ZGPLUNKUFX";"M-13"
"ZGQFENWCLG";"ŽENISTÉ (LPO)"
"ZGQTXCBTTS";"3-8th Mech. Infantry Bat."
"ZGTUVPAGFD";"110mm HEAT"
"ZGUMEDAGQD";"MAT-49"
"ZGWDDNLTKM";"II./MSR. 13"
"ZGXEVRDDFA";"2-77-y Gv. Tank. Polk"
"ZGZQBTWEAA";"#RFA  21. Panzerbrigade"
"ZHASEMAJGA";"BUCCANEER S.2B [HE]"
"ZHAWUBRCUK";"DD-2 DZ"
"ZHKGOTWQWA";"LUFT.-GEBIRGSJÄGER"
"ZHKSAJBBMK";"#CAN 5 CMBG"
"ZHKTLUUYOJ";"ROVER 101FC"
"ZHNFLGNWWD";"#SOV 280-y Gv. MSP"
"ZHOVVXEYQL";"94-YA GV. MOTOSTRELK. DIV."
"ZHWAHMBMTI";"GSR"
"ZHYQHRZHSN";"3-120-y Gv. MSP"
"ZHZQTGNAJR";"#CAN 4 CMBG"
"ZIGUTRWPTD";"1. PLP"
"ZIJBGPJKVX";"31-YA TANK. DIV."
"ZIKLNTTEUY";"AERO-ENGINEERS LDR."
"ZIKOHOEMWZ";"#POL 1 Armia"
"ZIOKRKERDH";"HJV RESERVISTER"
"ZISLOENAJS";"Panzer-Bat. 44"
"ZITCGJHGNQ";"VLRA 20mm"
"ZIWLTGIHOD";"MORSK. AGS-17"
"ZIXDUNHQCK";"II./AR-3"
"ZIZOZBOTOR";"RM vz.70 [CLU]"
"ZIZXJFLNRH";"CH-46E SEA KNIGHT"
"ZJCYCITSYX";"PPK FAGOT"
"ZJEEFSNJSE";"3-8th Arm. Cavalry Sq."
"ZJLGOKBHZK";"OERLIKON GDF 005"
"ZJMKSQOKDB";"#SOV 1-ya Gv. Tank. Armiya"
"ZJMNLLSHIU";"5-211-y Gv. Art. Polk"
"ZJQCIJREVP";"ROTARY CANNON"
"ZJUCBYQPXO";"A-19"
"ZJXWUWPXVP";"3-70-y Gv. Tank. Polk"
"ZKDQRMSOFA";"1-sMSR. 25"
"ZKHIFVJGNY";"SPG-9"
"ZKHVBXNVCI";"AB ENGINEERS LDR."
"ZKIBPJRVBA";"BO-105 CB"
"ZKODYULIRW";"M1038 HUMVEE"
"ZKOZHNOCWZ";"682-y Otd. Zen. Rak. Bat."
"ZKPQWFEVWW";"NIEB. BERETY STRZAŁA-2M"
"ZKPVTLHZKK";"M30 107mm"
"ZKRSXZTEJE";"PSSE-B"
"ZKTAVNQDXG";"DESANT. UAZ-469 SPG-9"
"ZKTOTVTJQN";"BMP-2 INSTRUKT."
"ZKTYBLYCJW";"GAZ-66"
"ZKVGGKWDZC";"Su-22M4 [KMGU]"
"ZKXKXCUJVZ";"1-8. DP"
"ZLDKYSDRBP";"CHINOOK HC.1B"
"ZLEOCTUZPH";"T-55A"
"ZLEZNNDLIZ";"EF-111A RAVEN [EW]"
"ZLJPXLCVRO";"2-37 pz"
"ZLTXCFPNGE";"PARA. LDR."
"ZLUDBGPRMA";"4de Pantserinfanteriebrigade"
"ZLUYWKLRTN";"AMX-13/90"
"ZLWCRBMUYR";"PZ.GREN. FÜH."
"ZLXGORWQSI";"A medium machine gun is a crew-served infantry weapon capable of automatic fire at intermediate ranges.\This type of belt-fed machine gun is light enough to be transported by individual soldiers, but most often needs a small crew to be operated effectively. Medium machine guns fire, almost in all cases, 5,56mm (NATO) or 7.62mm (Warsaw Pact) rounds, which can also be used in other small arms. Medium machine guns are frequently featured as primary weapons on soft-skinned and lightly armed vehicles or as coaxial armament in heavier units. "
"ZLZBCAUWBB";"ALASKAN CAV. SCOUTS"
"ZMAAUKQBFH";"ZUR-23-2S JOD"
"ZMBHODSRXY";"1er Guides"
"ZMBXFOWYLL";"3-4th Attack Helo. Bat."
"ZMEHPJSVDS";"L23A1"
"ZMGHDEOURW";"No. 16/20 Squadron"
"ZMHWOABKWB";"2A46"
"ZMKXTIWCGA";"23rd Engineer Bat."
"ZMLYQNIJIH";"Raketenartillerielehr-Bat. 22"
"ZMOOTCKFRH";"LUFTSTURM-JÄGER FÜH."
"ZMRGNABKYX";"DESANT. GAZ-66 ZU-23-2"
"ZMRQMSTUED";"157-YA MOTOSTRELK. DIV."
"ZMSEOCXAMK";"Anti-Aircraft Artillery"
"ZMSQCRDOLH";"1-54th Mech. Infantry Bat."
"ZNAEKUOZJA";"M47 Dragon"
"ZNAWQHPZOJ";"C-3464"
"ZNJAYZDCZG";"124 prplot"
"ZNJBULQTRU";"PARA. FV102 STRIKER"
"ZNKJHMKXTX";"Stab./4. MSD"
"ZNLPSOWROR";"Panzer-Bat. 563"
"ZNNEJZPGYX";"1-21. TP"
"ZNSGIVQXAS";"T-62MK"
"ZNTCXNXZQX";"RPS-6 VEKTOR"
"ZNTHZNUEEA";"MG3S"
"ZNWQMYUIPU";"#RFA  7. Panzerdivision"
"ZNYORQSSFQ";"12-y otd. Razvedka Bat."
"ZOAFMTOFFW";"HJV"
"ZOBACJQFMU";"ECLAIREURS PARA-CMDO."
"ZODFVYJKTL";"AA-52"
"ZOFNMITFEB";"2-14th Field Artillery Rgt."
"ZOFVOELGYZ";"AKM"
"ZOILQKAWKQ";"2-23 Baa"
"ZOKEHXMWBU";"L3A4 7,62mm"
"ZOLCQBQLJV";"ZAPADORES (M65)"
"ZOLUFWHHRZ";"SKS"
"ZOOTFFPZQX";"M9 Bazooka"
"ZORMAZFEBR";"23 pułk czołgów"
"ZOSUQWVHAT";"AAVP-7"
"ZOUJTPMPAE";"BEUTE I-HAWK"
"ZOVPVRUZQO";"MOTOSTRELKI (BMP)"
"ZOYTJWEFTE";"II./MSR. 41"
"ZOZYRYPBVJ";"53e Rgt. d'Artillerie"
"ZOZZGXUIWT";"M1C"
"ZPANFVEZEW";"L11A5"
"ZPETGWUEAX";"RCLAC Villaviciosa"
"ZPFUVMDBEK";"M3A2"
"ZPGIUYYTAQ";"[CMD#trait_CMD] [SHOCK#trait_SHOCK] [PARA#trait_PARA] [SML#trait_SML] "
"ZPHUMDLTWK";"15 pułk czołgów"
"ZPJXBANFLM";"1-128-y Art. Polk"
"ZPMRMPMXLQ";"Stab./10. MSD"
"ZPNTYRBLEX";"Pionier-Bat. 120"
"ZPQHGGLEQJ";"Stab.-8. MSD"
"ZPRIRYGLPM";"AMX-30E MANDO"
"ZPTZVDYROA";"#RFA Panzerbrigade 28"
"ZPUGBKSWEO";"75e Rgt. d'Artillerie"
"ZPYBSBSSML";"VKK 323"
"ZPYWEWKUQJ";"1. TANKOVA DIVIZE"
"ZQABDDEOOP";"BEVEILIGING MOBIEL "
"ZQDLRPZCNP";"#SOV 61-y Gv. Tank. Polk"
"ZQOBHEFLUF";"MOT.-SCHÜTZEN (Strela)"
"ZQONCSLHBG";"#CZ 8. Motostřelecký Pluk"
"ZQPJFZGGLX";"#SOV 31-ya Tank. Div."
"ZQVPARJJKB";"11 Painfbat"
"ZQVPVQPPMM";"RES.-AUFKLÄRER"
"ZQVRHVVCHE";"UAV"
"ZQZHCKWYRT";"ANTI-TANK ROCKET LAUNCH."
"ZRBOMIIKBS";"USMCR AAVP-7"
"ZREGBUOFQC";"AB ENGINEERS LDR."
"ZRJRUMJGBG";"421TFS"
"ZRSBCQFVLX";"LPO-50"
"ZRTHKYBFXS";"#RFA  11. Panzergrenadier-Division"
"ZRXRZDILSJ";"PARA. P4 MILAN"
"ZSBYQNCFSH";"I./MSR. 23"
"ZSCPSPQXQJ";"4-1047-y Art. Polk"
"ZSGYIWTPRT";"CMDT PIONIERS"
"ZSLEUVFFQE";"N.G. M60A1 ACAV"
"ZSLJMVHGDE";"18-y Gv. Razvedka Bat."
"ZSMUOLMLYI";"MIRAGE 5BA [CLU]"
"ZSPWBUMCTJ";"Sicherungs-Bat. 441"
"ZSUJLXKCRQ";"M2A2 BRADLEY IFV"
"ZSXCVBMDOQ";"HQ-V. Corps"
"ZSZHHUXOEY";"58mm "
"ZTBBSLJYEI";"JAGUAR [RKT]"
"ZTBHUCXBLS";"INFANTERIFØRER"
"ZTHJVCWVQY";"A-19"
"ZTKEUAWMBA";"3-99-y Art. Polk"
"ZTKHWWMFHP";"III. CORPS"
"ZTLZRQZZQU";"KS-19"
"ZTNGXPEPAJ";"M29 81mm"
"ZTNSWPWQCP";"3-55-y Gv. Tank. Polk"
"ZTTKRNNAIX";"3e Dragons"
"ZUAAWCVZLU";"216. PTP"
"ZUBRHBWJIU";"F-16A [AA2]"
"ZUEBKPHKGX";"SDRA 8"
"ZUEPVKIICZ";"SU-22M4 [KMGU]"
"ZUETIMIDWW";"ILTIS"
"ZUFYSTIZQW";"I. KORPS"
"ZUGVGPQFLP";"PzGrenadier-Bat. 191"
"ZUHOPJJXCI";"GshG-7,62"
"ZUHOXNQXIR";"M39A2"
"ZUIJYUBKPY";"1. PANZERDIVISION"
"ZUKAJADDDO";"T-54BK"
"ZUKCEMVRCC";"AKM"
"ZUMMTSYACK";"PZ.BEF. LEOPARD 1A4 FÜH."
"ZUNSDUYFVD";"KPz. T-55A"
"ZUQGNADRUQ";"CAA 40/70 P-87"
"ZUSWSUXZMX";"UAZ-469 FAGOT"
"ZUUGLPODEE";"LYNX AH.1"
"ZUVJJLUYYJ";"16 Air Defence Rgt. RA"
"ZUVPETGOPD";"PtK vz.52 85mm"
"ZUVXERKJBU";"Super 530F"
"ZVABZWVPIX";"3-42 pz"
"ZVDAIEOWFF";"3-41 pz"
"ZVDSNNSFCQ";"1. PPR"
"ZVGUFIYCVA";"2-24 Bm"
"ZVJPHODORW";"Artillerie-Brigade 40"
"ZVMOOSXXDU";"4. PLRP"
"ZVOEIXLKXZ";"M63"
"ZVPMIHUTIG";"ODAB-500PM"
"ZVXSHDXJZE";"I(BE) Corps"
"ZWARDKULQA";"3-Royal 22e Rgt."
"ZWBYCOADSY";"1-24 Bm"
"ZWCNXCSUMJ";"L4A4"
"ZWDVXKKBBH";"#FR 5e Division Blindée"
"ZWEXFHOKZU";"H wz. 1943/85 152mm"
"ZWEYXLNGZT";"#DDR 19. MSD"
"ZWFLPEONIP";"2-100-y Tank. Polk"
"ZWFOXLPRMO";"1-4 pa"
"ZWJHQYHOVG";"CETME C"
"ZWPNMMRHTI";"39th Heavy Artillery Rgt."
"ZWUIXMDBBK";"Aviation Brigade-8th Inf. Div."
"ZWVMBWAQZD";"FAL Scope "
"ZWWEXVLTIH";"SCHWIM. PTS-M MUN."
"ZWXASCCTIJ";"74de Artillerie"
"ZWXIJNGPWW";"R-27T"
"ZWXOYEEFDX";"3-30-y Gv. Tank. Polk"
"ZXBFCYYXIG";"LEOPARD 1NL"
"ZXFAXDDRJE";"KRAKA MUN."
"ZXFAZHZEPD";"MECH. FUSILIER (RL-83)"
"ZXGSSKFTFF";"AB M167A1 VADS 20mm"
"ZXIKZINOED";"LEOPARD 1A2A1"
"ZXJAHEZCZF";"T-64B1"
"ZXKHFVAVFF";"MOR. SPG-9"
"ZXLJMLCJFP";"TRI HORS"
"ZXLQGQXOBH";"AMX-10 VOA"
"ZXLQJWEQYF";"REZERVISTI"
"ZXQASPTCKQ";"II./PR-17"
"ZXQAWPZJSZ";"M30 107mm"
"ZXQUAUNHDS";"MARINES ENGINEERS"
"ZXRBOEEYUK";"DIVISIÓN ACORAZADA 'BRUNETE'"
"ZXUJYEKQWY";"2-MSR. 31"
"ZXWJGAAMIA";"Panzer-Bat. 81"
"ZXWNCKMMKL";"AS.11"
"ZYAQRCGNPE";"#SOV  15-y Gv. Tank. Polk"
"ZYAWQTHPLI";"I./MSR. 22"
"ZYBMVPCHAU";"M47"
"ZYDAXZYUTB";"SCHWIMMWAGEN MAV"
"ZYDLOLRPAZ";"RPS-6 VEKTOR"
"ZYEOIIPOAF";"L7A3"
"ZYGJBHWQHW";"4 DYW. ZMECHANIZOWANA"
"ZYGMKTWNUA";"Oerlikon GDF"
"ZYJIROKDLN";"RPG-7VR"
"ZYKHMNJQXP";"MARDER 1A2"
"ZYNYVVWPCS";"Su-22M4P [SEAD]"
"ZYRSQXHLXJ";"CN-105 F1"
"ZYTMFRPZFS";"COMMANDO"
"ZYUFCQXGWL";"PPS-43"
"ZYVKRYUBCR";"2A46M1"
"ZYXHCMLPUP";"T-64B"
"ZYYGBZIEQE";"16E PANTSERDIVIE OFFICIAL BATTLEGROUP"
"ZZCYUCBAMS";"FFAR"
"ZZEUOLLMCU";"II,/A&S Highlanders"
"ZZFOSQKDCB";"ALPHA JET A [NPLM]"
"ZZJMGSPPCW";"HK21"
"ZZOMNNCUPY";"M61A1 Vulcan"
"ZZQVWUNEHB";"76 pcz"
"ZZTUINPRSB";"Pz.Gren.-Bat. 102"
"ZZVPTGOWGM";"#UK RAF Bruggen"
"ZZWRLLSPKK";"#BEL 10ste Wing"
"ZZYZFZSGRU";"Feld-Art.-Bat. 101"
"_124RBombG";"124th Gds. Bomber Rgt."
"frag";"Frag"
"smoke";"Smoke grenades"
"test";"used for display of test unit in the armory"
"vide";"vide"
